ok  	github.com/rcarmo/go-ooxml/internal/losslessxml	(cached)
ok  	github.com/rcarmo/go-ooxml/pkg/packaging	(cached)
ok  	github.com/rcarmo/go-ooxml/pkg/document	0.725s
--- FAIL: TestAcceptance (0.08s)
    acceptance_test.go:138: Godog failed (1): [
            {
                "uri": "../features/implemented/package/io-safety.feature",
                "id": "archive-intake-and-failure-safe-package-delivery",
                "keyword": "Feature",
                "name": "Archive intake and failure-safe package delivery",
                "description": "  Ambiguous archive names and failed writes must not produce a successful edit.",
                "line": 2,
                "tags": [
                    {
                        "name": "@implemented",
                        "line": 1
                    },
                    {
                        "name": "@go",
                        "line": 1
                    },
                    {
                        "name": "@package",
                        "line": 1
                    }
                ],
                "elements": [
                    {
                        "id": "archive-intake-and-failure-safe-package-delivery;unsafe-archive-names-refuse-before-package-parsing;;2",
                        "keyword": "Scenario Outline",
                        "name": "Unsafe archive names refuse before package parsing",
                        "description": "",
                        "line": 13,
                        "type": "scenario",
                        "tags": [
                            {
                                "name": "@implemented",
                                "line": 1
                            },
                            {
                                "name": "@go",
                                "line": 1
                            },
                            {
                                "name": "@package",
                                "line": 1
                            },
                            {
                                "name": "@IO-001",
                                "line": 5
                            }
                        ],
                        "steps": [
                            {
                                "keyword": "Given ",
                                "name": "a synthetic archive with \"duplicate\" member names",
                                "line": 7,
                                "match": {
                                    "location": "io_test.go:131"
                                },
                                "result": {
                                    "status": "passed",
                                    "duration": 70037
                                }
                            },
                            {
                                "keyword": "When ",
                                "name": "I attempt to open the synthetic archive",
                                "line": 8,
                                "match": {
                                    "location": "io_test.go:154"
                                },
                                "result": {
                                    "status": "passed",
                                    "duration": 17109
                                }
                            },
                            {
                                "keyword": "Then ",
                                "name": "archive intake fails without changing the source bytes",
                                "line": 9,
                                "match": {
                                    "location": "io_test.go:155"
                                },
                                "result": {
                                    "status": "passed",
                                    "duration": 94258
                                }
                            }
                        ]
                    },
                    {
                        "id": "archive-intake-and-failure-safe-package-delivery;unsafe-archive-names-refuse-before-package-parsing;;3",
                        "keyword": "Scenario Outline",
                        "name": "Unsafe archive names refuse before package parsing",
                        "description": "",
                        "line": 14,
                        "type": "scenario",
                        "tags": [
                            {
                                "name": "@implemented",
                                "line": 1
                            },
                            {
                                "name": "@go",
                                "line": 1
                            },
                            {
                                "name": "@package",
                                "line": 1
                            },
                            {
                                "name": "@IO-001",
                                "line": 5
                            }
                        ],
                        "steps": [
                            {
                                "keyword": "Given ",
                                "name": "a synthetic archive with \"collision\" member names",
                                "line": 7,
                                "match": {
                                    "location": "io_test.go:131"
                                },
                                "result": {
                                    "status": "passed",
                                    "duration": 75270
                                }
                            },
                            {
                                "keyword": "When ",
                                "name": "I attempt to open the synthetic archive",
                                "line": 8,
                                "match": {
                                    "location": "io_test.go:154"
                                },
                                "result": {
                                    "status": "passed",
                                    "duration": 31382
                                }
                            },
                            {
                                "keyword": "Then ",
                                "name": "archive intake fails without changing the source bytes",
                                "line": 9,
                                "match": {
                                    "location": "io_test.go:155"
                                },
                                "result": {
                                    "status": "passed",
                                    "duration": 15640
                                }
                            }
                        ]
                    },
                    {
                        "id": "archive-intake-and-failure-safe-package-delivery;unsafe-archive-names-refuse-before-package-parsing;;4",
                        "keyword": "Scenario Outline",
                        "name": "Unsafe archive names refuse before package parsing",
                        "description": "",
                        "line": 15,
                        "type": "scenario",
                        "tags": [
                            {
                                "name": "@implemented",
                                "line": 1
                            },
                            {
                                "name": "@go",
                                "line": 1
                            },
                            {
                                "name": "@package",
                                "line": 1
                            },
                            {
                                "name": "@IO-001",
                                "line": 5
                            }
                        ],
                        "steps": [
                            {
                                "keyword": "Given ",
                                "name": "a synthetic archive with \"traversal\" member names",
                                "line": 7,
                                "match": {
                                    "location": "io_test.go:131"
                                },
                                "result": {
                                    "status": "passed",
                                    "duration": 52175
                                }
                            },
                            {
                                "keyword": "When ",
                                "name": "I attempt to open the synthetic archive",
                                "line": 8,
                                "match": {
                                    "location": "io_test.go:154"
                                },
                                "result": {
                                    "status": "passed",
                                    "duration": 16403
                                }
                            },
                            {
                                "keyword": "Then ",
                                "name": "archive intake fails without changing the source bytes",
                                "line": 9,
                                "match": {
                                    "location": "io_test.go:155"
                                },
                                "result": {
                                    "status": "passed",
                                    "duration": 14167
                                }
                            }
                        ]
                    },
                    {
                        "id": "archive-intake-and-failure-safe-package-delivery;unsafe-archive-names-refuse-before-package-parsing;;5",
                        "keyword": "Scenario Outline",
                        "name": "Unsafe archive names refuse before package parsing",
                        "description": "",
                        "line": 16,
                        "type": "scenario",
                        "tags": [
                            {
                                "name": "@implemented",
                                "line": 1
                            },
                            {
                                "name": "@go",
                                "line": 1
                            },
                            {
                                "name": "@package",
                                "line": 1
                            },
                            {
                                "name": "@IO-001",
                                "line": 5
                            }
                        ],
                        "steps": [
                            {
                                "keyword": "Given ",
                                "name": "a synthetic archive with \"absolute\" member names",
                                "line": 7,
                                "match": {
                                    "location": "io_test.go:131"
                                },
                                "result": {
                                    "status": "passed",
                                    "duration": 63690
                                }
                            },
                            {
                                "keyword": "When ",
                                "name": "I attempt to open the synthetic archive",
                                "line": 8,
                                "match": {
                                    "location": "io_test.go:154"
                                },
                                "result": {
                                    "status": "passed",
                                    "duration": 22684
                                }
                            },
                            {
                                "keyword": "Then ",
                                "name": "archive intake fails without changing the source bytes",
                                "line": 9,
                                "match": {
                                    "location": "io_test.go:155"
                                },
                                "result": {
                                    "status": "passed",
                                    "duration": 15156
                                }
                            }
                        ]
                    },
                    {
                        "id": "archive-intake-and-failure-safe-package-delivery;unsafe-archive-names-refuse-before-package-parsing;;6",
                        "keyword": "Scenario Outline",
                        "name": "Unsafe archive names refuse before package parsing",
                        "description": "",
                        "line": 17,
                        "type": "scenario",
                        "tags": [
                            {
                                "name": "@implemented",
                                "line": 1
                            },
                            {
                                "name": "@go",
                                "line": 1
                            },
                            {
                                "name": "@package",
                                "line": 1
                            },
                            {
                                "name": "@IO-001",
                                "line": 5
                            }
                        ],
                        "steps": [
                            {
                                "keyword": "Given ",
                                "name": "a synthetic archive with \"backslash\" member names",
                                "line": 7,
                                "match": {
                                    "location": "io_test.go:131"
                                },
                                "result": {
                                    "status": "passed",
                                    "duration": 52576
                                }
                            },
                            {
                                "keyword": "When ",
                                "name": "I attempt to open the synthetic archive",
                                "line": 8,
                                "match": {
                                    "location": "io_test.go:154"
                                },
                                "result": {
                                    "status": "passed",
                                    "duration": 16913
                                }
                            },
                            {
                                "keyword": "Then ",
                                "name": "archive intake fails without changing the source bytes",
                                "line": 9,
                                "match": {
                                    "location": "io_test.go:155"
                                },
                                "result": {
                                    "status": "passed",
                                    "duration": 14552
                                }
                            }
                        ]
                    },
                    {
                        "id": "archive-intake-and-failure-safe-package-delivery;stream-finalisation-failure-is-returned-to-the-caller",
                        "keyword": "Scenario",
                        "name": "Stream finalisation failure is returned to the caller",
                        "description": "",
                        "line": 20,
                        "type": "scenario",
                        "tags": [
                            {
                                "name": "@implemented",
                                "line": 1
                            },
                            {
                                "name": "@go",
                                "line": 1
                            },
                            {
                                "name": "@package",
                                "line": 1
                            },
                            {
                                "name": "@IO-002",
                                "line": 19
                            }
                        ],
                        "steps": [
                            {
                                "keyword": "Given ",
                                "name": "a small new Office package",
                                "line": 21,
                                "match": {
                                    "location": "io_test.go:156"
                                },
                                "result": {
                                    "status": "passed",
                                    "duration": 19759
                                }
                            },
                            {
                                "keyword": "When ",
                                "name": "I write it to a stream that fails during finalisation",
                                "line": 22,
                                "match": {
                                    "location": "io_test.go:157"
                                },
                                "result": {
                                    "status": "passed",
                                    "duration": 330406
                                }
                            },
                            {
                                "keyword": "Then ",
                                "name": "the write reports the injected failure",
                                "line": 23,
                                "match": {
                                    "location": "io_test.go:158"
                                },
                                "result": {
                                    "status": "passed",
                                    "duration": 16574
                                }
                            }
                        ]
                    },
                    {
                        "id": "archive-intake-and-failure-safe-package-delivery;a-serialisation-failure-preserves-an-existing-destination",
                        "keyword": "Scenario",
                        "name": "A serialisation failure preserves an existing destination",
                        "description": "",
                        "line": 26,
                        "type": "scenario",
                        "tags": [
                            {
                                "name": "@implemented",
                                "line": 1
                            },
                            {
                                "name": "@go",
                                "line": 1
                            },
                            {
                                "name": "@package",
                                "line": 1
                            },
                            {
                                "name": "@IO-003",
                                "line": 25
                            }
                        ],
                        "steps": [
                            {
                                "keyword": "Given ",
                                "name": "an existing destination and an unserialisable package",
                                "line": 27,
                                "match": {
                                    "location": "io_test.go:164"
                                },
                                "result": {
                                    "status": "passed",
                                    "duration": 126676
                                }
                            },
                            {
                                "keyword": "When ",
                                "name": "I attempt to save over the destination",
                                "line": 28,
                                "match": {
                                    "location": "io_test.go:165"
                                },
                                "result": {
                                    "status": "passed",
                                    "duration": 43265
                                }
                            },
                            {
                                "keyword": "Then ",
                                "name": "saving fails and the destination and package state remain unchanged",
                                "line": 29,
                                "match": {
                                    "location": "io_test.go:166"
                                },
                                "result": {
                                    "status": "passed",
                                    "duration": 22306
                                }
                            },
                            {
                                "keyword": "And ",
                                "name": "no temporary files remain in the destination directory",
                                "line": 30,
                                "match": {
                                    "location": "io_test.go:167"
                                },
                                "result": {
                                    "status": "passed",
                                    "duration": 56665
                                }
                            }
                        ]
                    }
                ]
            },
            {
                "uri": "../features/implemented/document/bounded-edit.feature",
                "id": "bounded-preservation-safe-word-text-correction",
                "keyword": "Feature",
                "name": "Bounded preservation-safe Word text correction",
                "description": "  Plain body text corrections preserve every unrelated XML byte and package part.",
                "line": 2,
                "tags": [
                    {
                        "name": "@implemented",
                        "line": 1
                    },
                    {
                        "name": "@go",
                        "line": 1
                    },
                    {
                        "name": "@document",
                        "line": 1
                    }
                ],
                "elements": [
                    {
                        "id": "bounded-preservation-safe-word-text-correction;a-plain-run-correction-preserves-opaque-markup-and-media",
                        "keyword": "Scenario",
                        "name": "A plain run correction preserves opaque markup and media",
                        "description": "",
                        "line": 6,
                        "type": "scenario",
                        "tags": [
                            {
                                "name": "@implemented",
                                "line": 1
                            },
                            {
                                "name": "@go",
                                "line": 1
                            },
                            {
                                "name": "@document",
                                "line": 1
                            },
                            {
                                "name": "@WORD-001",
                                "line": 5
                            }
                        ],
                        "steps": [
                            {
                                "keyword": "Given ",
                                "name": "a Word package containing a plain body text run and opaque content",
                                "line": 7,
                                "match": {
                                    "location": "word_test.go:67"
                                },
                                "result": {
                                    "status": "passed",
                                    "duration": 436522
                                }
                            },
                            {
                                "keyword": "When ",
                                "name": "I replace the unique text \"old text\" with \"new \u0026 text\" through a guarded target",
                                "line": 8,
                                "match": {
                                    "location": "word_test.go:69"
                                },
                                "result": {
                                    "status": "passed",
                                    "duration": 26065
                                }
                            },
                            {
                                "keyword": "And ",
                                "name": "save the edited Word package",
                                "line": 9,
                                "match": {
                                    "location": "word_test.go:87"
                                },
                                "result": {
                                    "status": "passed",
                                    "duration": 59854
                                }
                            },
                            {
                                "keyword": "Then ",
                                "name": "only the matched XML character data differs",
                                "line": 10,
                                "match": {
                                    "location": "word_test.go:88"
                                },
                                "result": {
                                    "status": "failed",
                                    "error_message": "open /tmp/word-edit-704256086/output.docx: no such file or directory",
                                    "duration": 44284
                                }
                            },
                            {
                                "keyword": "And ",
                                "name": "every other package member retains its payload bytes",
                                "line": 11,
                                "match": {
                                    "location": "word_test.go:103"
                                },
                                "result": {
                                    "status": "skipped"
                                }
                            },
                            {
                                "keyword": "And ",
                                "name": "reusing the consumed target returns a stale-target refusal",
                                "line": 12,
                                "match": {
                                    "location": "word_test.go:126"
                                },
                                "result": {
                                    "status": "skipped"
                                }
                            }
                        ]
                    },
                    {
                        "id": "bounded-preservation-safe-word-text-correction;unsupported-ownership-or-editing-policy-refuses-unchanged;;2",
                        "keyword": "Scenario Outline",
                        "name": "Unsupported ownership or editing policy refuses unchanged",
                        "description": "",
                        "line": 23,
                        "type": "scenario",
                        "tags": [
                            {
                                "name": "@implemented",
                                "line": 1
                            },
                            {
                                "name": "@go",
                                "line": 1
                            },
                            {
                                "name": "@document",
                                "line": 1
                            },
                            {
                                "name": "@WORD-002",
                                "line": 14
                            }
                        ],
                        "steps": [
                            {
                                "keyword": "Given ",
                                "name": "a Word package with \"duplicate text\"",
                                "line": 16,
                                "match": {
                                    "location": "word_test.go:68"
                                },
                                "result": {
                                    "status": "passed",
                                    "duration": 195362
                                }
                            },
                            {
                                "keyword": "When ",
                                "name": "I request a guarded correction of \"old text\"",
                                "line": 17,
                                "match": {
                                    "location": "word_test.go:134"
                                },
                                "result": {
                                    "status": "passed",
                                    "duration": 16333
                                }
                            },
                            {
                                "keyword": "Then ",
                                "name": "the correction returns a typed refusal",
                                "line": 18,
                                "match": {
                                    "location": "word_test.go:141"
                                },
                                "result": {
                                    "status": "failed",
                                    "error_message": "expected refusal, got \u003cnil\u003e",
                                    "duration": 16714
                                }
                            },
                            {
                                "keyword": "And ",
                                "name": "saving the Word session retains the original archive bytes",
                                "line": 19,
                                "match": {
                                    "location": "word_test.go:148"
                                },
                                "result": {
                                    "status": "skipped"
                                }
                            }
                        ]
                    },
                    {
                        "id": "bounded-preservation-safe-word-text-correction;unsupported-ownership-or-editing-policy-refuses-unchanged;;3",
                        "keyword": "Scenario Outline",
                        "name": "Unsupported ownership or editing policy refuses unchanged",
                        "description": "",
                        "line": 24,
                        "type": "scenario",
                        "tags": [
                            {
                                "name": "@implemented",
                                "line": 1
                            },
                            {
                                "name": "@go",
                                "line": 1
                            },
                            {
                                "name": "@document",
                                "line": 1
                            },
                            {
                                "name": "@WORD-002",
                                "line": 14
                            }
                        ],
                        "steps": [
                            {
                                "keyword": "Given ",
                                "name": "a Word package with \"active document protection\"",
                                "line": 16,
                                "match": {
                                    "location": "word_test.go:68"
                                },
                                "result": {
                                    "status": "passed",
                                    "duration": 202679
                                }
                            },
                            {
                                "keyword": "When ",
                                "name": "I request a guarded correction of \"old text\"",
                                "line": 17,
                                "match": {
                                    "location": "word_test.go:134"
                                },
                                "result": {
                                    "status": "passed",
                                    "duration": 16395
                                }
                            },
                            {
                                "keyword": "Then ",
                                "name": "the correction returns a typed refusal",
                                "line": 18,
                                "match": {
                                    "location": "word_test.go:141"
                                },
                                "result": {
                                    "status": "failed",
                                    "error_message": "expected refusal, got \u003cnil\u003e",
                                    "duration": 18092
                                }
                            },
                            {
                                "keyword": "And ",
                                "name": "saving the Word session retains the original archive bytes",
                                "line": 19,
                                "match": {
                                    "location": "word_test.go:148"
                                },
                                "result": {
                                    "status": "skipped"
                                }
                            }
                        ]
                    },
                    {
                        "id": "bounded-preservation-safe-word-text-correction;unsupported-ownership-or-editing-policy-refuses-unchanged;;4",
                        "keyword": "Scenario Outline",
                        "name": "Unsupported ownership or editing policy refuses unchanged",
                        "description": "",
                        "line": 25,
                        "type": "scenario",
                        "tags": [
                            {
                                "name": "@implemented",
                                "line": 1
                            },
                            {
                                "name": "@go",
                                "line": 1
                            },
                            {
                                "name": "@document",
                                "line": 1
                            },
                            {
                                "name": "@WORD-002",
                                "line": 14
                            }
                        ],
                        "steps": [
                            {
                                "keyword": "Given ",
                                "name": "a Word package with \"tracked revisions\"",
                                "line": 16,
                                "match": {
                                    "location": "word_test.go:68"
                                },
                                "result": {
                                    "status": "passed",
                                    "duration": 693278
                                }
                            },
                            {
                                "keyword": "When ",
                                "name": "I request a guarded correction of \"old text\"",
                                "line": 17,
                                "match": {
                                    "location": "word_test.go:134"
                                },
                                "result": {
                                    "status": "passed",
                                    "duration": 21114
                                }
                            },
                            {
                                "keyword": "Then ",
                                "name": "the correction returns a typed refusal",
                                "line": 18,
                                "match": {
                                    "location": "word_test.go:141"
                                },
                                "result": {
                                    "status": "failed",
                                    "error_message": "expected refusal, got \u003cnil\u003e",
                                    "duration": 13855
                                }
                            },
                            {
                                "keyword": "And ",
                                "name": "saving the Word session retains the original archive bytes",
                                "line": 19,
                                "match": {
                                    "location": "word_test.go:148"
                                },
                                "result": {
                                    "status": "skipped"
                                }
                            }
                        ]
                    },
                    {
                        "id": "bounded-preservation-safe-word-text-correction;unsupported-ownership-or-editing-policy-refuses-unchanged;;5",
                        "keyword": "Scenario Outline",
                        "name": "Unsupported ownership or editing policy refuses unchanged",
                        "description": "",
                        "line": 26,
                        "type": "scenario",
                        "tags": [
                            {
                                "name": "@implemented",
                                "line": 1
                            },
                            {
                                "name": "@go",
                                "line": 1
                            },
                            {
                                "name": "@document",
                                "line": 1
                            },
                            {
                                "name": "@WORD-002",
                                "line": 14
                            }
                        ],
                        "steps": [
                            {
                                "keyword": "Given ",
                                "name": "a Word package with \"field boundary\"",
                                "line": 16,
                                "match": {
                                    "location": "word_test.go:68"
                                },
                                "result": {
                                    "status": "passed",
                                    "duration": 141029
                                }
                            },
                            {
                                "keyword": "When ",
                                "name": "I request a guarded correction of \"old text\"",
                                "line": 17,
                                "match": {
                                    "location": "word_test.go:134"
                                },
                                "result": {
                                    "status": "passed",
                                    "duration": 19416
                                }
                            },
                            {
                                "keyword": "Then ",
                                "name": "the correction returns a typed refusal",
                                "line": 18,
                                "match": {
                                    "location": "word_test.go:141"
                                },
                                "result": {
                                    "status": "failed",
                                    "error_message": "expected refusal, got \u003cnil\u003e",
                                    "duration": 19885
                                }
                            },
                            {
                                "keyword": "And ",
                                "name": "saving the Word session retains the original archive bytes",
                                "line": 19,
                                "match": {
                                    "location": "word_test.go:148"
                                },
                                "result": {
                                    "status": "skipped"
                                }
                            }
                        ]
                    },
                    {
                        "id": "bounded-preservation-safe-word-text-correction;unsupported-ownership-or-editing-policy-refuses-unchanged;;6",
                        "keyword": "Scenario Outline",
                        "name": "Unsupported ownership or editing policy refuses unchanged",
                        "description": "",
                        "line": 27,
                        "type": "scenario",
                        "tags": [
                            {
                                "name": "@implemented",
                                "line": 1
                            },
                            {
                                "name": "@go",
                                "line": 1
                            },
                            {
                                "name": "@document",
                                "line": 1
                            },
                            {
                                "name": "@WORD-002",
                                "line": 14
                            }
                        ],
                        "steps": [
                            {
                                "keyword": "Given ",
                                "name": "a Word package with \"significant whitespace without preserve\"",
                                "line": 16,
                                "match": {
                                    "location": "word_test.go:68"
                                },
                                "result": {
                                    "status": "passed",
                                    "duration": 838661
                                }
                            },
                            {
                                "keyword": "When ",
                                "name": "I request a guarded correction of \"old text\"",
                                "line": 17,
                                "match": {
                                    "location": "word_test.go:134"
                                },
                                "result": {
                                    "status": "passed",
                                    "duration": 22640
                                }
                            },
                            {
                                "keyword": "Then ",
                                "name": "the correction returns a typed refusal",
                                "line": 18,
                                "match": {
                                    "location": "word_test.go:141"
                                },
                                "result": {
                                    "status": "failed",
                                    "error_message": "expected refusal, got \u003cnil\u003e",
                                    "duration": 13932
                                }
                            },
                            {
                                "keyword": "And ",
                                "name": "saving the Word session retains the original archive bytes",
                                "line": 19,
                                "match": {
                                    "location": "word_test.go:148"
                                },
                                "result": {
                                    "status": "skipped"
                                }
                            }
                        ]
                    }
                ]
            },
            {
                "uri": "../features/implemented/package/limits.feature",
                "id": "caller-defined-package-intake-budgets",
                "keyword": "Feature",
                "name": "Caller-defined package intake budgets",
                "description": "  Budget violations are refused before payload allocation or decompression.",
                "line": 2,
                "tags": [
                    {
                        "name": "@implemented",
                        "line": 1
                    },
                    {
                        "name": "@go",
                        "line": 1
                    },
                    {
                        "name": "@package",
                        "line": 1
                    }
                ],
                "elements": [
                    {
                        "id": "caller-defined-package-intake-budgets;intake-enforces-a-configured-resource-ceiling;;2",
                        "keyword": "Scenario Outline",
                        "name": "Intake enforces a configured resource ceiling",
                        "description": "",
                        "line": 13,
                        "type": "scenario",
                        "tags": [
                            {
                                "name": "@implemented",
                                "line": 1
                            },
                            {
                                "name": "@go",
                                "line": 1
                            },
                            {
                                "name": "@package",
                                "line": 1
                            },
                            {
                                "name": "@LIMIT-001",
                                "line": 5
                            }
                        ],
                        "steps": [
                            {
                                "keyword": "Given ",
                                "name": "an archive exceeding its \"source\" budget",
                                "line": 7,
                                "match": {
                                    "location": "limits_test.go:43"
                                },
                                "result": {
                                    "status": "passed",
                                    "duration": 85417
                                }
                            },
                            {
                                "keyword": "When ",
                                "name": "I open it with the configured resource limits",
                                "line": 8,
                                "match": {
                                    "location": "limits_test.go:62"
                                },
                                "result": {
                                    "status": "passed",
                                    "duration": 15855
                                }
                            },
                            {
                                "keyword": "Then ",
                                "name": "I receive a typed resource-limit refusal",
                                "line": 9,
                                "match": {
                                    "location": "limits_test.go:66"
                                },
                                "result": {
                                    "status": "passed",
                                    "duration": 15037
                                }
                            }
                        ]
                    },
                    {
                        "id": "caller-defined-package-intake-budgets;intake-enforces-a-configured-resource-ceiling;;3",
                        "keyword": "Scenario Outline",
                        "name": "Intake enforces a configured resource ceiling",
                        "description": "",
                        "line": 14,
                        "type": "scenario",
                        "tags": [
                            {
                                "name": "@implemented",
                                "line": 1
                            },
                            {
                                "name": "@go",
                                "line": 1
                            },
                            {
                                "name": "@package",
                                "line": 1
                            },
                            {
                                "name": "@LIMIT-001",
                                "line": 5
                            }
                        ],
                        "steps": [
                            {
                                "keyword": "Given ",
                                "name": "an archive exceeding its \"entries\" budget",
                                "line": 7,
                                "match": {
                                    "location": "limits_test.go:43"
                                },
                                "result": {
                                    "status": "passed",
                                    "duration": 236780
                                }
                            },
                            {
                                "keyword": "When ",
                                "name": "I open it with the configured resource limits",
                                "line": 8,
                                "match": {
                                    "location": "limits_test.go:62"
                                },
                                "result": {
                                    "status": "passed",
                                    "duration": 25431
                                }
                            },
                            {
                                "keyword": "Then ",
                                "name": "I receive a typed resource-limit refusal",
                                "line": 9,
                                "match": {
                                    "location": "limits_test.go:66"
                                },
                                "result": {
                                    "status": "passed",
                                    "duration": 13848
                                }
                            }
                        ]
                    },
                    {
                        "id": "caller-defined-package-intake-budgets;intake-enforces-a-configured-resource-ceiling;;4",
                        "keyword": "Scenario Outline",
                        "name": "Intake enforces a configured resource ceiling",
                        "description": "",
                        "line": 15,
                        "type": "scenario",
                        "tags": [
                            {
                                "name": "@implemented",
                                "line": 1
                            },
                            {
                                "name": "@go",
                                "line": 1
                            },
                            {
                                "name": "@package",
                                "line": 1
                            },
                            {
                                "name": "@LIMIT-001",
                                "line": 5
                            }
                        ],
                        "steps": [
                            {
                                "keyword": "Given ",
                                "name": "an archive exceeding its \"part\" budget",
                                "line": 7,
                                "match": {
                                    "location": "limits_test.go:43"
                                },
                                "result": {
                                    "status": "passed",
                                    "duration": 74194
                                }
                            },
                            {
                                "keyword": "When ",
                                "name": "I open it with the configured resource limits",
                                "line": 8,
                                "match": {
                                    "location": "limits_test.go:62"
                                },
                                "result": {
                                    "status": "passed",
                                    "duration": 18366
                                }
                            },
                            {
                                "keyword": "Then ",
                                "name": "I receive a typed resource-limit refusal",
                                "line": 9,
                                "match": {
                                    "location": "limits_test.go:66"
                                },
                                "result": {
                                    "status": "passed",
                                    "duration": 13738
                                }
                            }
                        ]
                    },
                    {
                        "id": "caller-defined-package-intake-budgets;intake-enforces-a-configured-resource-ceiling;;5",
                        "keyword": "Scenario Outline",
                        "name": "Intake enforces a configured resource ceiling",
                        "description": "",
                        "line": 16,
                        "type": "scenario",
                        "tags": [
                            {
                                "name": "@implemented",
                                "line": 1
                            },
                            {
                                "name": "@go",
                                "line": 1
                            },
                            {
                                "name": "@package",
                                "line": 1
                            },
                            {
                                "name": "@LIMIT-001",
                                "line": 5
                            }
                        ],
                        "steps": [
                            {
                                "keyword": "Given ",
                                "name": "an archive exceeding its \"total\" budget",
                                "line": 7,
                                "match": {
                                    "location": "limits_test.go:43"
                                },
                                "result": {
                                    "status": "passed",
                                    "duration": 149277
                                }
                            },
                            {
                                "keyword": "When ",
                                "name": "I open it with the configured resource limits",
                                "line": 8,
                                "match": {
                                    "location": "limits_test.go:62"
                                },
                                "result": {
                                    "status": "passed",
                                    "duration": 22875
                                }
                            },
                            {
                                "keyword": "Then ",
                                "name": "I receive a typed resource-limit refusal",
                                "line": 9,
                                "match": {
                                    "location": "limits_test.go:66"
                                },
                                "result": {
                                    "status": "passed",
                                    "duration": 21944
                                }
                            }
                        ]
                    },
                    {
                        "id": "caller-defined-package-intake-budgets;finite-sufficient-budgets-permit-normal-intake",
                        "keyword": "Scenario",
                        "name": "Finite sufficient budgets permit normal intake",
                        "description": "",
                        "line": 19,
                        "type": "scenario",
                        "tags": [
                            {
                                "name": "@implemented",
                                "line": 1
                            },
                            {
                                "name": "@go",
                                "line": 1
                            },
                            {
                                "name": "@package",
                                "line": 1
                            },
                            {
                                "name": "@LIMIT-002",
                                "line": 18
                            }
                        ],
                        "steps": [
                            {
                                "keyword": "Given ",
                                "name": "an archive within all configured budgets",
                                "line": 20,
                                "match": {
                                    "location": "limits_test.go:61"
                                },
                                "result": {
                                    "status": "passed",
                                    "duration": 435992
                                }
                            },
                            {
                                "keyword": "When ",
                                "name": "I open it with the configured resource limits",
                                "line": 21,
                                "match": {
                                    "location": "limits_test.go:62"
                                },
                                "result": {
                                    "status": "passed",
                                    "duration": 69536
                                }
                            },
                            {
                                "keyword": "Then ",
                                "name": "its XML payload is available without changes",
                                "line": 22,
                                "match": {
                                    "location": "limits_test.go:76"
                                },
                                "result": {
                                    "status": "passed",
                                    "duration": 15190
                                }
                            }
                        ]
                    }
                ]
            },
            {
                "uri": "../features/implemented/package/baseline.feature",
                "id": "existing-office-fixture-intake",
                "keyword": "Feature",
                "name": "Existing Office fixture intake",
                "description": "  Repository fixtures can be inspected without a fixed workspace mount.",
                "line": 2,
                "tags": [
                    {
                        "name": "@implemented",
                        "line": 1
                    },
                    {
                        "name": "@go",
                        "line": 1
                    },
                    {
                        "name": "@package",
                        "line": 1
                    }
                ],
                "elements": [
                    {
                        "id": "existing-office-fixture-intake;open-the-principal-part-from-a-repository-fixture;;2",
                        "keyword": "Scenario Outline",
                        "name": "Open the principal part from a repository fixture",
                        "description": "",
                        "line": 13,
                        "type": "scenario",
                        "tags": [
                            {
                                "name": "@implemented",
                                "line": 1
                            },
                            {
                                "name": "@go",
                                "line": 1
                            },
                            {
                                "name": "@package",
                                "line": 1
                            },
                            {
                                "name": "@BASE-001",
                                "line": 5
                            }
                        ],
                        "steps": [
                            {
                                "keyword": "Given ",
                                "name": "the repository fixture \"word/minimal.docx\"",
                                "line": 7,
                                "match": {
                                    "location": "acceptance_test.go:113"
                                },
                                "result": {
                                    "status": "passed",
                                    "duration": 60254
                                }
                            },
                            {
                                "keyword": "When ",
                                "name": "I open its Office package",
                                "line": 8,
                                "match": {
                                    "location": "acceptance_test.go:114"
                                },
                                "result": {
                                    "status": "passed",
                                    "duration": 1330324
                                }
                            },
                            {
                                "keyword": "Then ",
                                "name": "the package contains a nonempty part \"word/document.xml\"",
                                "line": 9,
                                "match": {
                                    "location": "acceptance_test.go:115"
                                },
                                "result": {
                                    "status": "passed",
                                    "duration": 37851
                                }
                            }
                        ]
                    },
                    {
                        "id": "existing-office-fixture-intake;open-the-principal-part-from-a-repository-fixture;;3",
                        "keyword": "Scenario Outline",
                        "name": "Open the principal part from a repository fixture",
                        "description": "",
                        "line": 14,
                        "type": "scenario",
                        "tags": [
                            {
                                "name": "@implemented",
                                "line": 1
                            },
                            {
                                "name": "@go",
                                "line": 1
                            },
                            {
                                "name": "@package",
                                "line": 1
                            },
                            {
                                "name": "@BASE-001",
                                "line": 5
                            }
                        ],
                        "steps": [
                            {
                                "keyword": "Given ",
                                "name": "the repository fixture \"pptx/minimal.pptx\"",
                                "line": 7,
                                "match": {
                                    "location": "acceptance_test.go:113"
                                },
                                "result": {
                                    "status": "passed",
                                    "duration": 83393
                                }
                            },
                            {
                                "keyword": "When ",
                                "name": "I open its Office package",
                                "line": 8,
                                "match": {
                                    "location": "acceptance_test.go:114"
                                },
                                "result": {
                                    "status": "passed",
                                    "duration": 818153
                                }
                            },
                            {
                                "keyword": "Then ",
                                "name": "the package contains a nonempty part \"ppt/presentation.xml\"",
                                "line": 9,
                                "match": {
                                    "location": "acceptance_test.go:115"
                                },
                                "result": {
                                    "status": "passed",
                                    "duration": 23607
                                }
                            }
                        ]
                    },
                    {
                        "id": "existing-office-fixture-intake;open-the-principal-part-from-a-repository-fixture;;4",
                        "keyword": "Scenario Outline",
                        "name": "Open the principal part from a repository fixture",
                        "description": "",
                        "line": 15,
                        "type": "scenario",
                        "tags": [
                            {
                                "name": "@implemented",
                                "line": 1
                            },
                            {
                                "name": "@go",
                                "line": 1
                            },
                            {
                                "name": "@package",
                                "line": 1
                            },
                            {
                                "name": "@BASE-001",
                                "line": 5
                            }
                        ],
                        "steps": [
                            {
                                "keyword": "Given ",
                                "name": "the repository fixture \"excel/minimal.xlsx\"",
                                "line": 7,
                                "match": {
                                    "location": "acceptance_test.go:113"
                                },
                                "result": {
                                    "status": "passed",
                                    "duration": 34392
                                }
                            },
                            {
                                "keyword": "When ",
                                "name": "I open its Office package",
                                "line": 8,
                                "match": {
                                    "location": "acceptance_test.go:114"
                                },
                                "result": {
                                    "status": "passed",
                                    "duration": 157339
                                }
                            },
                            {
                                "keyword": "Then ",
                                "name": "the package contains a nonempty part \"xl/workbook.xml\"",
                                "line": 9,
                                "match": {
                                    "location": "acceptance_test.go:115"
                                },
                                "result": {
                                    "status": "passed",
                                    "duration": 15442
                                }
                            }
                        ]
                    },
                    {
                        "id": "existing-office-fixture-intake;open-the-principal-part-from-a-repository-fixture;;5",
                        "keyword": "Scenario Outline",
                        "name": "Open the principal part from a repository fixture",
                        "description": "",
                        "line": 16,
                        "type": "scenario",
                        "tags": [
                            {
                                "name": "@implemented",
                                "line": 1
                            },
                            {
                                "name": "@go",
                                "line": 1
                            },
                            {
                                "name": "@package",
                                "line": 1
                            },
                            {
                                "name": "@BASE-001",
                                "line": 5
                            }
                        ],
                        "steps": [
                            {
                                "keyword": "Given ",
                                "name": "the repository fixture \"pptx/comments.pptx\"",
                                "line": 7,
                                "match": {
                                    "location": "acceptance_test.go:113"
                                },
                                "result": {
                                    "status": "passed",
                                    "duration": 75110
                                }
                            },
                            {
                                "keyword": "When ",
                                "name": "I open its Office package",
                                "line": 8,
                                "match": {
                                    "location": "acceptance_test.go:114"
                                },
                                "result": {
                                    "status": "passed",
                                    "duration": 728691
                                }
                            },
                            {
                                "keyword": "Then ",
                                "name": "the package contains a nonempty part \"ppt/presentation.xml\"",
                                "line": 9,
                                "match": {
                                    "location": "acceptance_test.go:115"
                                },
                                "result": {
                                    "status": "passed",
                                    "duration": 21622
                                }
                            }
                        ]
                    },
                    {
                        "id": "existing-office-fixture-intake;open-the-principal-part-from-a-repository-fixture;;6",
                        "keyword": "Scenario Outline",
                        "name": "Open the principal part from a repository fixture",
                        "description": "",
                        "line": 17,
                        "type": "scenario",
                        "tags": [
                            {
                                "name": "@implemented",
                                "line": 1
                            },
                            {
                                "name": "@go",
                                "line": 1
                            },
                            {
                                "name": "@package",
                                "line": 1
                            },
                            {
                                "name": "@BASE-001",
                                "line": 5
                            }
                        ],
                        "steps": [
                            {
                                "keyword": "Given ",
                                "name": "the repository fixture \"excel/formatting.xlsx\"",
                                "line": 7,
                                "match": {
                                    "location": "acceptance_test.go:113"
                                },
                                "result": {
                                    "status": "passed",
                                    "duration": 52362
                                }
                            },
                            {
                                "keyword": "When ",
                                "name": "I open its Office package",
                                "line": 8,
                                "match": {
                                    "location": "acceptance_test.go:114"
                                },
                                "result": {
                                    "status": "passed",
                                    "duration": 167532
                                }
                            },
                            {
                                "keyword": "Then ",
                                "name": "the package contains a nonempty part \"xl/workbook.xml\"",
                                "line": 9,
                                "match": {
                                    "location": "acceptance_test.go:115"
                                },
                                "result": {
                                    "status": "passed",
                                    "duration": 17286
                                }
                            }
                        ]
                    },
                    {
                        "id": "existing-office-fixture-intake;open-the-principal-part-from-a-repository-fixture;;7",
                        "keyword": "Scenario Outline",
                        "name": "Open the principal part from a repository fixture",
                        "description": "",
                        "line": 18,
                        "type": "scenario",
                        "tags": [
                            {
                                "name": "@implemented",
                                "line": 1
                            },
                            {
                                "name": "@go",
                                "line": 1
                            },
                            {
                                "name": "@package",
                                "line": 1
                            },
                            {
                                "name": "@BASE-001",
                                "line": 5
                            }
                        ],
                        "steps": [
                            {
                                "keyword": "Given ",
                                "name": "the repository fixture \"excel/formulas.xlsx\"",
                                "line": 7,
                                "match": {
                                    "location": "acceptance_test.go:113"
                                },
                                "result": {
                                    "status": "passed",
                                    "duration": 27618
                                }
                            },
                            {
                                "keyword": "When ",
                                "name": "I open its Office package",
                                "line": 8,
                                "match": {
                                    "location": "acceptance_test.go:114"
                                },
                                "result": {
                                    "status": "passed",
                                    "duration": 148479
                                }
                            },
                            {
                                "keyword": "Then ",
                                "name": "the package contains a nonempty part \"xl/workbook.xml\"",
                                "line": 9,
                                "match": {
                                    "location": "acceptance_test.go:115"
                                },
                                "result": {
                                    "status": "passed",
                                    "duration": 14985
                                }
                            }
                        ]
                    },
                    {
                        "id": "existing-office-fixture-intake;open-the-principal-part-from-a-repository-fixture;;8",
                        "keyword": "Scenario Outline",
                        "name": "Open the principal part from a repository fixture",
                        "description": "",
                        "line": 19,
                        "type": "scenario",
                        "tags": [
                            {
                                "name": "@implemented",
                                "line": 1
                            },
                            {
                                "name": "@go",
                                "line": 1
                            },
                            {
                                "name": "@package",
                                "line": 1
                            },
                            {
                                "name": "@BASE-001",
                                "line": 5
                            }
                        ],
                        "steps": [
                            {
                                "keyword": "Given ",
                                "name": "the repository fixture \"excel/conditional_format.xlsx\"",
                                "line": 7,
                                "match": {
                                    "location": "acceptance_test.go:113"
                                },
                                "result": {
                                    "status": "passed",
                                    "duration": 46488
                                }
                            },
                            {
                                "keyword": "When ",
                                "name": "I open its Office package",
                                "line": 8,
                                "match": {
                                    "location": "acceptance_test.go:114"
                                },
                                "result": {
                                    "status": "passed",
                                    "duration": 166287
                                }
                            },
                            {
                                "keyword": "Then ",
                                "name": "the package contains a nonempty part \"xl/workbook.xml\"",
                                "line": 9,
                                "match": {
                                    "location": "acceptance_test.go:115"
                                },
                                "result": {
                                    "status": "passed",
                                    "duration": 16739
                                }
                            }
                        ]
                    }
                ]
            },
            {
                "uri": "../features/implemented/package/structure.feature",
                "id": "local-and-central-zip-structures-agree",
                "keyword": "Feature",
                "name": "Local and central ZIP structures agree",
                "description": "  Member identity cannot change between directory lookup and payload reading.",
                "line": 2,
                "tags": [
                    {
                        "name": "@implemented",
                        "line": 1
                    },
                    {
                        "name": "@go",
                        "line": 1
                    },
                    {
                        "name": "@package",
                        "line": 1
                    }
                ],
                "elements": [
                    {
                        "id": "local-and-central-zip-structures-agree;disagreeing-local-headers-refuse-before-reading-xml;;2",
                        "keyword": "Scenario Outline",
                        "name": "Disagreeing local headers refuse before reading XML",
                        "description": "",
                        "line": 13,
                        "type": "scenario",
                        "tags": [
                            {
                                "name": "@implemented",
                                "line": 1
                            },
                            {
                                "name": "@go",
                                "line": 1
                            },
                            {
                                "name": "@package",
                                "line": 1
                            },
                            {
                                "name": "@ZIP-001",
                                "line": 5
                            }
                        ],
                        "steps": [
                            {
                                "keyword": "Given ",
                                "name": "a synthetic archive with a mismatched local \"name\"",
                                "line": 7,
                                "match": {
                                    "location": "io_test.go:132"
                                },
                                "result": {
                                    "status": "passed",
                                    "duration": 91848
                                }
                            },
                            {
                                "keyword": "When ",
                                "name": "I attempt to open the synthetic archive",
                                "line": 8,
                                "match": {
                                    "location": "io_test.go:154"
                                },
                                "result": {
                                    "status": "passed",
                                    "duration": 20477
                                }
                            },
                            {
                                "keyword": "Then ",
                                "name": "archive intake fails without changing the source bytes",
                                "line": 9,
                                "match": {
                                    "location": "io_test.go:155"
                                },
                                "result": {
                                    "status": "passed",
                                    "duration": 15618
                                }
                            }
                        ]
                    },
                    {
                        "id": "local-and-central-zip-structures-agree;disagreeing-local-headers-refuse-before-reading-xml;;3",
                        "keyword": "Scenario Outline",
                        "name": "Disagreeing local headers refuse before reading XML",
                        "description": "",
                        "line": 14,
                        "type": "scenario",
                        "tags": [
                            {
                                "name": "@implemented",
                                "line": 1
                            },
                            {
                                "name": "@go",
                                "line": 1
                            },
                            {
                                "name": "@package",
                                "line": 1
                            },
                            {
                                "name": "@ZIP-001",
                                "line": 5
                            }
                        ],
                        "steps": [
                            {
                                "keyword": "Given ",
                                "name": "a synthetic archive with a mismatched local \"method\"",
                                "line": 7,
                                "match": {
                                    "location": "io_test.go:132"
                                },
                                "result": {
                                    "status": "passed",
                                    "duration": 81744
                                }
                            },
                            {
                                "keyword": "When ",
                                "name": "I attempt to open the synthetic archive",
                                "line": 8,
                                "match": {
                                    "location": "io_test.go:154"
                                },
                                "result": {
                                    "status": "passed",
                                    "duration": 19310
                                }
                            },
                            {
                                "keyword": "Then ",
                                "name": "archive intake fails without changing the source bytes",
                                "line": 9,
                                "match": {
                                    "location": "io_test.go:155"
                                },
                                "result": {
                                    "status": "passed",
                                    "duration": 19552
                                }
                            }
                        ]
                    },
                    {
                        "id": "local-and-central-zip-structures-agree;disagreeing-local-headers-refuse-before-reading-xml;;4",
                        "keyword": "Scenario Outline",
                        "name": "Disagreeing local headers refuse before reading XML",
                        "description": "",
                        "line": 15,
                        "type": "scenario",
                        "tags": [
                            {
                                "name": "@implemented",
                                "line": 1
                            },
                            {
                                "name": "@go",
                                "line": 1
                            },
                            {
                                "name": "@package",
                                "line": 1
                            },
                            {
                                "name": "@ZIP-001",
                                "line": 5
                            }
                        ],
                        "steps": [
                            {
                                "keyword": "Given ",
                                "name": "a synthetic archive with a mismatched local \"flags\"",
                                "line": 7,
                                "match": {
                                    "location": "io_test.go:132"
                                },
                                "result": {
                                    "status": "passed",
                                    "duration": 77769
                                }
                            },
                            {
                                "keyword": "When ",
                                "name": "I attempt to open the synthetic archive",
                                "line": 8,
                                "match": {
                                    "location": "io_test.go:154"
                                },
                                "result": {
                                    "status": "passed",
                                    "duration": 18727
                                }
                            },
                            {
                                "keyword": "Then ",
                                "name": "archive intake fails without changing the source bytes",
                                "line": 9,
                                "match": {
                                    "location": "io_test.go:155"
                                },
                                "result": {
                                    "status": "passed",
                                    "duration": 17193
                                }
                            }
                        ]
                    }
                ]
            },
            {
                "uri": "../features/implemented/package/xml.feature",
                "id": "lossless-namespace-aware-xml-leaf-edits",
                "keyword": "Feature",
                "name": "Lossless namespace-aware XML leaf edits",
                "description": "  XML inspection identifies expanded names while edits retain unrelated source bytes.",
                "line": 2,
                "tags": [
                    {
                        "name": "@implemented",
                        "line": 1
                    },
                    {
                        "name": "@go",
                        "line": 1
                    },
                    {
                        "name": "@package",
                        "line": 1
                    }
                ],
                "elements": [
                    {
                        "id": "lossless-namespace-aware-xml-leaf-edits;editing-a-text-leaf-preserves-unknown-markup-and-namespace-context",
                        "keyword": "Scenario",
                        "name": "Editing a text leaf preserves unknown markup and namespace context",
                        "description": "",
                        "line": 6,
                        "type": "scenario",
                        "tags": [
                            {
                                "name": "@implemented",
                                "line": 1
                            },
                            {
                                "name": "@go",
                                "line": 1
                            },
                            {
                                "name": "@package",
                                "line": 1
                            },
                            {
                                "name": "@XML-001",
                                "line": 5
                            }
                        ],
                        "steps": [
                            {
                                "keyword": "Given ",
                                "name": "XML with prefixed text and an opaque extension",
                                "line": 7,
                                "match": {
                                    "location": "xml_test.go:36"
                                },
                                "result": {
                                    "status": "passed",
                                    "duration": 25115
                                }
                            },
                            {
                                "keyword": "When ",
                                "name": "I replace the selected text leaf with \"A\u0026B \u003cnew\u003e\"",
                                "line": 8,
                                "match": {
                                    "location": "xml_test.go:43"
                                },
                                "result": {
                                    "status": "passed",
                                    "duration": 15723
                                }
                            },
                            {
                                "keyword": "Then ",
                                "name": "only the leaf character-data bytes change",
                                "line": 9,
                                "match": {
                                    "location": "xml_test.go:51"
                                },
                                "result": {
                                    "status": "passed",
                                    "duration": 14282
                                }
                            },
                            {
                                "keyword": "And ",
                                "name": "the replacement decodes to \"A\u0026B \u003cnew\u003e\"",
                                "line": 10,
                                "match": {
                                    "location": "xml_test.go:61"
                                },
                                "result": {
                                    "status": "passed",
                                    "duration": 17692
                                }
                            }
                        ]
                    },
                    {
                        "id": "lossless-namespace-aware-xml-leaf-edits;namespace-invalid-xml-is-rejected;;2",
                        "keyword": "Scenario Outline",
                        "name": "Namespace-invalid XML is rejected",
                        "description": "",
                        "line": 20,
                        "type": "scenario",
                        "tags": [
                            {
                                "name": "@implemented",
                                "line": 1
                            },
                            {
                                "name": "@go",
                                "line": 1
                            },
                            {
                                "name": "@package",
                                "line": 1
                            },
                            {
                                "name": "@XML-002",
                                "line": 12
                            }
                        ],
                        "steps": [
                            {
                                "keyword": "Given ",
                                "name": "XML with \"undeclared element prefix\"",
                                "line": 14,
                                "match": {
                                    "location": "xml_test.go:76"
                                },
                                "result": {
                                    "status": "passed",
                                    "duration": 11720
                                }
                            },
                            {
                                "keyword": "When ",
                                "name": "I parse the XML for lossless editing",
                                "line": 15,
                                "match": {
                                    "location": "xml_test.go:86"
                                },
                                "result": {
                                    "status": "passed",
                                    "duration": 15126
                                }
                            },
                            {
                                "keyword": "Then ",
                                "name": "parsing refuses without changing the source",
                                "line": 16,
                                "match": {
                                    "location": "xml_test.go:87"
                                },
                                "result": {
                                    "status": "passed",
                                    "duration": 12156
                                }
                            }
                        ]
                    },
                    {
                        "id": "lossless-namespace-aware-xml-leaf-edits;namespace-invalid-xml-is-rejected;;3",
                        "keyword": "Scenario Outline",
                        "name": "Namespace-invalid XML is rejected",
                        "description": "",
                        "line": 21,
                        "type": "scenario",
                        "tags": [
                            {
                                "name": "@implemented",
                                "line": 1
                            },
                            {
                                "name": "@go",
                                "line": 1
                            },
                            {
                                "name": "@package",
                                "line": 1
                            },
                            {
                                "name": "@XML-002",
                                "line": 12
                            }
                        ],
                        "steps": [
                            {
                                "keyword": "Given ",
                                "name": "XML with \"undeclared attribute prefix\"",
                                "line": 14,
                                "match": {
                                    "location": "xml_test.go:76"
                                },
                                "result": {
                                    "status": "passed",
                                    "duration": 18085
                                }
                            },
                            {
                                "keyword": "When ",
                                "name": "I parse the XML for lossless editing",
                                "line": 15,
                                "match": {
                                    "location": "xml_test.go:86"
                                },
                                "result": {
                                    "status": "passed",
                                    "duration": 17785
                                }
                            },
                            {
                                "keyword": "Then ",
                                "name": "parsing refuses without changing the source",
                                "line": 16,
                                "match": {
                                    "location": "xml_test.go:87"
                                },
                                "result": {
                                    "status": "passed",
                                    "duration": 13498
                                }
                            }
                        ]
                    },
                    {
                        "id": "lossless-namespace-aware-xml-leaf-edits;namespace-invalid-xml-is-rejected;;4",
                        "keyword": "Scenario Outline",
                        "name": "Namespace-invalid XML is rejected",
                        "description": "",
                        "line": 22,
                        "type": "scenario",
                        "tags": [
                            {
                                "name": "@implemented",
                                "line": 1
                            },
                            {
                                "name": "@go",
                                "line": 1
                            },
                            {
                                "name": "@package",
                                "line": 1
                            },
                            {
                                "name": "@XML-002",
                                "line": 12
                            }
                        ],
                        "steps": [
                            {
                                "keyword": "Given ",
                                "name": "XML with \"duplicate expanded attribute\"",
                                "line": 14,
                                "match": {
                                    "location": "xml_test.go:76"
                                },
                                "result": {
                                    "status": "passed",
                                    "duration": 12666
                                }
                            },
                            {
                                "keyword": "When ",
                                "name": "I parse the XML for lossless editing",
                                "line": 15,
                                "match": {
                                    "location": "xml_test.go:86"
                                },
                                "result": {
                                    "status": "passed",
                                    "duration": 15912
                                }
                            },
                            {
                                "keyword": "Then ",
                                "name": "parsing refuses without changing the source",
                                "line": 16,
                                "match": {
                                    "location": "xml_test.go:87"
                                },
                                "result": {
                                    "status": "passed",
                                    "duration": 13099
                                }
                            }
                        ]
                    },
                    {
                        "id": "lossless-namespace-aware-xml-leaf-edits;namespace-invalid-xml-is-rejected;;5",
                        "keyword": "Scenario Outline",
                        "name": "Namespace-invalid XML is rejected",
                        "description": "",
                        "line": 23,
                        "type": "scenario",
                        "tags": [
                            {
                                "name": "@implemented",
                                "line": 1
                            },
                            {
                                "name": "@go",
                                "line": 1
                            },
                            {
                                "name": "@package",
                                "line": 1
                            },
                            {
                                "name": "@XML-002",
                                "line": 12
                            }
                        ],
                        "steps": [
                            {
                                "keyword": "Given ",
                                "name": "XML with \"invalid xml binding\"",
                                "line": 14,
                                "match": {
                                    "location": "xml_test.go:76"
                                },
                                "result": {
                                    "status": "passed",
                                    "duration": 11637
                                }
                            },
                            {
                                "keyword": "When ",
                                "name": "I parse the XML for lossless editing",
                                "line": 15,
                                "match": {
                                    "location": "xml_test.go:86"
                                },
                                "result": {
                                    "status": "passed",
                                    "duration": 14243
                                }
                            },
                            {
                                "keyword": "Then ",
                                "name": "parsing refuses without changing the source",
                                "line": 16,
                                "match": {
                                    "location": "xml_test.go:87"
                                },
                                "result": {
                                    "status": "passed",
                                    "duration": 12114
                                }
                            }
                        ]
                    },
                    {
                        "id": "lossless-namespace-aware-xml-leaf-edits;namespace-invalid-xml-is-rejected;;6",
                        "keyword": "Scenario Outline",
                        "name": "Namespace-invalid XML is rejected",
                        "description": "",
                        "line": 24,
                        "type": "scenario",
                        "tags": [
                            {
                                "name": "@implemented",
                                "line": 1
                            },
                            {
                                "name": "@go",
                                "line": 1
                            },
                            {
                                "name": "@package",
                                "line": 1
                            },
                            {
                                "name": "@XML-002",
                                "line": 12
                            }
                        ],
                        "steps": [
                            {
                                "keyword": "Given ",
                                "name": "XML with \"mismatched end prefix\"",
                                "line": 14,
                                "match": {
                                    "location": "xml_test.go:76"
                                },
                                "result": {
                                    "status": "passed",
                                    "duration": 23459
                                }
                            },
                            {
                                "keyword": "When ",
                                "name": "I parse the XML for lossless editing",
                                "line": 15,
                                "match": {
                                    "location": "xml_test.go:86"
                                },
                                "result": {
                                    "status": "passed",
                                    "duration": 19751
                                }
                            },
                            {
                                "keyword": "Then ",
                                "name": "parsing refuses without changing the source",
                                "line": 16,
                                "match": {
                                    "location": "xml_test.go:87"
                                },
                                "result": {
                                    "status": "passed",
                                    "duration": 14588
                                }
                            }
                        ]
                    },
                    {
                        "id": "lossless-namespace-aware-xml-leaf-edits;a-foreign-target-refuses-the-entire-edit-batch",
                        "keyword": "Scenario",
                        "name": "A foreign target refuses the entire edit batch",
                        "description": "",
                        "line": 27,
                        "type": "scenario",
                        "tags": [
                            {
                                "name": "@implemented",
                                "line": 1
                            },
                            {
                                "name": "@go",
                                "line": 1
                            },
                            {
                                "name": "@package",
                                "line": 1
                            },
                            {
                                "name": "@XML-003",
                                "line": 26
                            }
                        ],
                        "steps": [
                            {
                                "keyword": "Given ",
                                "name": "XML with prefixed text and an opaque extension",
                                "line": 28,
                                "match": {
                                    "location": "xml_test.go:36"
                                },
                                "result": {
                                    "status": "passed",
                                    "duration": 20604
                                }
                            },
                            {
                                "keyword": "When ",
                                "name": "an edit batch contains a target from another parsed document",
                                "line": 29,
                                "match": {
                                    "location": "xml_test.go:96"
                                },
                                "result": {
                                    "status": "passed",
                                    "duration": 21408
                                }
                            },
                            {
                                "keyword": "Then ",
                                "name": "the batch refuses and a valid target remains reusable",
                                "line": 30,
                                "match": {
                                    "location": "xml_test.go:112"
                                },
                                "result": {
                                    "status": "passed",
                                    "duration": 16068
                                }
                            }
                        ]
                    }
                ]
            },
            {
                "uri": "../features/implemented/package/graph.feature",
                "id": "read-only-relationship-ownership-inspection",
                "keyword": "Feature",
                "name": "Read-only relationship ownership inspection",
                "description": "  Package inspection resolves local ownership without fetching external targets.",
                "line": 2,
                "tags": [
                    {
                        "name": "@implemented",
                        "line": 1
                    },
                    {
                        "name": "@go",
                        "line": 1
                    },
                    {
                        "name": "@package",
                        "line": 1
                    }
                ],
                "elements": [
                    {
                        "id": "read-only-relationship-ownership-inspection;shared-and-external-relationships-retain-distinct-ownership",
                        "keyword": "Scenario",
                        "name": "Shared and external relationships retain distinct ownership",
                        "description": "",
                        "line": 6,
                        "type": "scenario",
                        "tags": [
                            {
                                "name": "@implemented",
                                "line": 1
                            },
                            {
                                "name": "@go",
                                "line": 1
                            },
                            {
                                "name": "@package",
                                "line": 1
                            },
                            {
                                "name": "@GRAPH-001",
                                "line": 5
                            }
                        ],
                        "steps": [
                            {
                                "keyword": "Given ",
                                "name": "a package with two users of one image and an external hyperlink",
                                "line": 7,
                                "match": {
                                    "location": "graph_test.go:89"
                                },
                                "result": {
                                    "status": "passed",
                                    "duration": 1068418
                                }
                            },
                            {
                                "keyword": "When ",
                                "name": "I inspect the retained package relationship graph",
                                "line": 8,
                                "match": {
                                    "location": "graph_test.go:91"
                                },
                                "result": {
                                    "status": "passed",
                                    "duration": 67597
                                }
                            },
                            {
                                "keyword": "Then ",
                                "name": "the image has two incoming relationships",
                                "line": 9,
                                "match": {
                                    "location": "graph_test.go:92"
                                },
                                "result": {
                                    "status": "passed",
                                    "duration": 13867
                                }
                            },
                            {
                                "keyword": "And ",
                                "name": "the hyperlink remains an unresolved external edge",
                                "line": 10,
                                "match": {
                                    "location": "graph_test.go:103"
                                },
                                "result": {
                                    "status": "passed",
                                    "duration": 13191
                                }
                            },
                            {
                                "keyword": "And ",
                                "name": "graph inspection leaves the archive byte-identical",
                                "line": 11,
                                "match": {
                                    "location": "graph_test.go:111"
                                },
                                "result": {
                                    "status": "passed",
                                    "duration": 14236
                                }
                            }
                        ]
                    },
                    {
                        "id": "read-only-relationship-ownership-inspection;ambiguous-or-dangling-registries-refuse-inspection;;2",
                        "keyword": "Scenario Outline",
                        "name": "Ambiguous or dangling registries refuse inspection",
                        "description": "",
                        "line": 21,
                        "type": "scenario",
                        "tags": [
                            {
                                "name": "@implemented",
                                "line": 1
                            },
                            {
                                "name": "@go",
                                "line": 1
                            },
                            {
                                "name": "@package",
                                "line": 1
                            },
                            {
                                "name": "@GRAPH-002",
                                "line": 13
                            }
                        ],
                        "steps": [
                            {
                                "keyword": "Given ",
                                "name": "a relationship package with \"missing target\"",
                                "line": 15,
                                "match": {
                                    "location": "graph_test.go:90"
                                },
                                "result": {
                                    "status": "passed",
                                    "duration": 248482
                                }
                            },
                            {
                                "keyword": "When ",
                                "name": "I inspect the retained package relationship graph",
                                "line": 16,
                                "match": {
                                    "location": "graph_test.go:91"
                                },
                                "result": {
                                    "status": "passed",
                                    "duration": 49530
                                }
                            },
                            {
                                "keyword": "Then ",
                                "name": "graph inspection returns a relationship-policy refusal",
                                "line": 17,
                                "match": {
                                    "location": "graph_test.go:121"
                                },
                                "result": {
                                    "status": "passed",
                                    "duration": 16507
                                }
                            }
                        ]
                    },
                    {
                        "id": "read-only-relationship-ownership-inspection;ambiguous-or-dangling-registries-refuse-inspection;;3",
                        "keyword": "Scenario Outline",
                        "name": "Ambiguous or dangling registries refuse inspection",
                        "description": "",
                        "line": 22,
                        "type": "scenario",
                        "tags": [
                            {
                                "name": "@implemented",
                                "line": 1
                            },
                            {
                                "name": "@go",
                                "line": 1
                            },
                            {
                                "name": "@package",
                                "line": 1
                            },
                            {
                                "name": "@GRAPH-002",
                                "line": 13
                            }
                        ],
                        "steps": [
                            {
                                "keyword": "Given ",
                                "name": "a relationship package with \"duplicate relationship ID\"",
                                "line": 15,
                                "match": {
                                    "location": "graph_test.go:90"
                                },
                                "result": {
                                    "status": "passed",
                                    "duration": 273515
                                }
                            },
                            {
                                "keyword": "When ",
                                "name": "I inspect the retained package relationship graph",
                                "line": 16,
                                "match": {
                                    "location": "graph_test.go:91"
                                },
                                "result": {
                                    "status": "passed",
                                    "duration": 62973
                                }
                            },
                            {
                                "keyword": "Then ",
                                "name": "graph inspection returns a relationship-policy refusal",
                                "line": 17,
                                "match": {
                                    "location": "graph_test.go:121"
                                },
                                "result": {
                                    "status": "passed",
                                    "duration": 18215
                                }
                            }
                        ]
                    },
                    {
                        "id": "read-only-relationship-ownership-inspection;ambiguous-or-dangling-registries-refuse-inspection;;4",
                        "keyword": "Scenario Outline",
                        "name": "Ambiguous or dangling registries refuse inspection",
                        "description": "",
                        "line": 23,
                        "type": "scenario",
                        "tags": [
                            {
                                "name": "@implemented",
                                "line": 1
                            },
                            {
                                "name": "@go",
                                "line": 1
                            },
                            {
                                "name": "@package",
                                "line": 1
                            },
                            {
                                "name": "@GRAPH-002",
                                "line": 13
                            }
                        ],
                        "steps": [
                            {
                                "keyword": "Given ",
                                "name": "a relationship package with \"escaping target\"",
                                "line": 15,
                                "match": {
                                    "location": "graph_test.go:90"
                                },
                                "result": {
                                    "status": "passed",
                                    "duration": 262133
                                }
                            },
                            {
                                "keyword": "When ",
                                "name": "I inspect the retained package relationship graph",
                                "line": 16,
                                "match": {
                                    "location": "graph_test.go:91"
                                },
                                "result": {
                                    "status": "passed",
                                    "duration": 232317
                                }
                            },
                            {
                                "keyword": "Then ",
                                "name": "graph inspection returns a relationship-policy refusal",
                                "line": 17,
                                "match": {
                                    "location": "graph_test.go:121"
                                },
                                "result": {
                                    "status": "passed",
                                    "duration": 64461
                                }
                            }
                        ]
                    },
                    {
                        "id": "read-only-relationship-ownership-inspection;ambiguous-or-dangling-registries-refuse-inspection;;5",
                        "keyword": "Scenario Outline",
                        "name": "Ambiguous or dangling registries refuse inspection",
                        "description": "",
                        "line": 24,
                        "type": "scenario",
                        "tags": [
                            {
                                "name": "@implemented",
                                "line": 1
                            },
                            {
                                "name": "@go",
                                "line": 1
                            },
                            {
                                "name": "@package",
                                "line": 1
                            },
                            {
                                "name": "@GRAPH-002",
                                "line": 13
                            }
                        ],
                        "steps": [
                            {
                                "keyword": "Given ",
                                "name": "a relationship package with \"duplicate content-type default\"",
                                "line": 15,
                                "match": {
                                    "location": "graph_test.go:90"
                                },
                                "result": {
                                    "status": "passed",
                                    "duration": 520703
                                }
                            },
                            {
                                "keyword": "When ",
                                "name": "I inspect the retained package relationship graph",
                                "line": 16,
                                "match": {
                                    "location": "graph_test.go:91"
                                },
                                "result": {
                                    "status": "passed",
                                    "duration": 48939
                                }
                            },
                            {
                                "keyword": "Then ",
                                "name": "graph inspection returns a relationship-policy refusal",
                                "line": 17,
                                "match": {
                                    "location": "graph_test.go:121"
                                },
                                "result": {
                                    "status": "passed",
                                    "duration": 17018
                                }
                            }
                        ]
                    },
                    {
                        "id": "read-only-relationship-ownership-inspection;ambiguous-or-dangling-registries-refuse-inspection;;6",
                        "keyword": "Scenario Outline",
                        "name": "Ambiguous or dangling registries refuse inspection",
                        "description": "",
                        "line": 25,
                        "type": "scenario",
                        "tags": [
                            {
                                "name": "@implemented",
                                "line": 1
                            },
                            {
                                "name": "@go",
                                "line": 1
                            },
                            {
                                "name": "@package",
                                "line": 1
                            },
                            {
                                "name": "@GRAPH-002",
                                "line": 13
                            }
                        ],
                        "steps": [
                            {
                                "keyword": "Given ",
                                "name": "a relationship package with \"unknown registry extension\"",
                                "line": 15,
                                "match": {
                                    "location": "graph_test.go:90"
                                },
                                "result": {
                                    "status": "passed",
                                    "duration": 455163
                                }
                            },
                            {
                                "keyword": "When ",
                                "name": "I inspect the retained package relationship graph",
                                "line": 16,
                                "match": {
                                    "location": "graph_test.go:91"
                                },
                                "result": {
                                    "status": "passed",
                                    "duration": 54725
                                }
                            },
                            {
                                "keyword": "Then ",
                                "name": "graph inspection returns a relationship-policy refusal",
                                "line": 17,
                                "match": {
                                    "location": "graph_test.go:121"
                                },
                                "result": {
                                    "status": "passed",
                                    "duration": 16236
                                }
                            }
                        ]
                    }
                ]
            },
            {
                "uri": "../features/implemented/package/receipts.feature",
                "id": "retained-source-delivery-receipts",
                "keyword": "Feature",
                "name": "Retained-source delivery receipts",
                "description": "  Receipts describe observed payload changes and failed delivery preserves prior output.",
                "line": 2,
                "tags": [
                    {
                        "name": "@implemented",
                        "line": 1
                    },
                    {
                        "name": "@go",
                        "line": 1
                    },
                    {
                        "name": "@package",
                        "line": 1
                    }
                ],
                "elements": [
                    {
                        "id": "retained-source-delivery-receipts;a-saved-receipt-agrees-with-independent-package-hashes",
                        "keyword": "Scenario",
                        "name": "A saved receipt agrees with independent package hashes",
                        "description": "",
                        "line": 6,
                        "type": "scenario",
                        "tags": [
                            {
                                "name": "@implemented",
                                "line": 1
                            },
                            {
                                "name": "@go",
                                "line": 1
                            },
                            {
                                "name": "@package",
                                "line": 1
                            },
                            {
                                "name": "@RECEIPT-001",
                                "line": 5
                            }
                        ],
                        "steps": [
                            {
                                "keyword": "Given ",
                                "name": "a staged main-part edit with an opaque custom part",
                                "line": 7,
                                "match": {
                                    "location": "receipts_test.go:56"
                                },
                                "result": {
                                    "status": "passed",
                                    "duration": 249728
                                }
                            },
                            {
                                "keyword": "When ",
                                "name": "I save a main-part replacement with a delivery receipt",
                                "line": 8,
                                "match": {
                                    "location": "receipts_test.go:57"
                                },
                                "result": {
                                    "status": "passed",
                                    "duration": 15148279
                                }
                            },
                            {
                                "keyword": "Then ",
                                "name": "the receipt identifies exactly the changed member and both hashes",
                                "line": 9,
                                "match": {
                                    "location": "receipts_test.go:67"
                                },
                                "result": {
                                    "status": "passed",
                                    "duration": 117951
                                }
                            },
                            {
                                "keyword": "And ",
                                "name": "the delivered archive reopens with unchanged opaque bytes",
                                "line": 10,
                                "match": {
                                    "location": "receipts_test.go:90"
                                },
                                "result": {
                                    "status": "passed",
                                    "duration": 135257
                                }
                            }
                        ]
                    },
                    {
                        "id": "retained-source-delivery-receipts;a-directory-destination-refuses-without-consuming-staged-changes",
                        "keyword": "Scenario",
                        "name": "A directory destination refuses without consuming staged changes",
                        "description": "",
                        "line": 13,
                        "type": "scenario",
                        "tags": [
                            {
                                "name": "@implemented",
                                "line": 1
                            },
                            {
                                "name": "@go",
                                "line": 1
                            },
                            {
                                "name": "@package",
                                "line": 1
                            },
                            {
                                "name": "@RECEIPT-002",
                                "line": 12
                            }
                        ],
                        "steps": [
                            {
                                "keyword": "Given ",
                                "name": "a staged main-part edit with an opaque custom part",
                                "line": 14,
                                "match": {
                                    "location": "receipts_test.go:56"
                                },
                                "result": {
                                    "status": "passed",
                                    "duration": 403263
                                }
                            },
                            {
                                "keyword": "When ",
                                "name": "I deliver staged changes to a directory destination",
                                "line": 15,
                                "match": {
                                    "location": "receipts_test.go:109"
                                },
                                "result": {
                                    "status": "passed",
                                    "duration": 141870
                                }
                            },
                            {
                                "keyword": "Then ",
                                "name": "delivery fails without changing the directory",
                                "line": 16,
                                "match": {
                                    "location": "receipts_test.go:118"
                                },
                                "result": {
                                    "status": "passed",
                                    "duration": 66611
                                }
                            },
                            {
                                "keyword": "And ",
                                "name": "the staged change remains available for another save",
                                "line": 17,
                                "match": {
                                    "location": "receipts_test.go:131"
                                },
                                "result": {
                                    "status": "passed",
                                    "duration": 3290412
                                }
                            }
                        ]
                    }
                ]
            },
            {
                "uri": "../features/implemented/package/preservation.feature",
                "id": "retained-source-package-editing",
                "keyword": "Feature",
                "name": "Retained-source package editing",
                "description": "  A bounded part replacement preserves every other source payload.",
                "line": 2,
                "tags": [
                    {
                        "name": "@implemented",
                        "line": 1
                    },
                    {
                        "name": "@go",
                        "line": 1
                    },
                    {
                        "name": "@package",
                        "line": 1
                    }
                ],
                "elements": [
                    {
                        "id": "retained-source-package-editing;a-no-op-save-preserves-the-exact-source-archive",
                        "keyword": "Scenario",
                        "name": "A no-op save preserves the exact source archive",
                        "description": "",
                        "line": 6,
                        "type": "scenario",
                        "tags": [
                            {
                                "name": "@implemented",
                                "line": 1
                            },
                            {
                                "name": "@go",
                                "line": 1
                            },
                            {
                                "name": "@package",
                                "line": 1
                            },
                            {
                                "name": "@SOURCE-001",
                                "line": 5
                            }
                        ],
                        "steps": [
                            {
                                "keyword": "Given ",
                                "name": "an Office source archive with an opaque custom part",
                                "line": 7,
                                "match": {
                                    "location": "preserved_test.go:54"
                                },
                                "result": {
                                    "status": "passed",
                                    "duration": 140727
                                }
                            },
                            {
                                "keyword": "When ",
                                "name": "I open a retained-source editing session and save without edits",
                                "line": 8,
                                "match": {
                                    "location": "preserved_test.go:55"
                                },
                                "result": {
                                    "status": "passed",
                                    "duration": 16763
                                }
                            },
                            {
                                "keyword": "Then ",
                                "name": "the output archive is byte-identical to the source",
                                "line": 9,
                                "match": {
                                    "location": "preserved_test.go:56"
                                },
                                "result": {
                                    "status": "passed",
                                    "duration": 13122
                                }
                            }
                        ]
                    },
                    {
                        "id": "retained-source-package-editing;replacing-one-part-leaves-all-other-member-payloads-unchanged",
                        "keyword": "Scenario",
                        "name": "Replacing one part leaves all other member payloads unchanged",
                        "description": "",
                        "line": 12,
                        "type": "scenario",
                        "tags": [
                            {
                                "name": "@implemented",
                                "line": 1
                            },
                            {
                                "name": "@go",
                                "line": 1
                            },
                            {
                                "name": "@package",
                                "line": 1
                            },
                            {
                                "name": "@SOURCE-002",
                                "line": 11
                            }
                        ],
                        "steps": [
                            {
                                "keyword": "Given ",
                                "name": "an Office source archive with an opaque custom part",
                                "line": 13,
                                "match": {
                                    "location": "preserved_test.go:54"
                                },
                                "result": {
                                    "status": "passed",
                                    "duration": 137154
                                }
                            },
                            {
                                "keyword": "When ",
                                "name": "I replace the main XML part using its current fingerprint",
                                "line": 14,
                                "match": {
                                    "location": "preserved_test.go:62"
                                },
                                "result": {
                                    "status": "passed",
                                    "duration": 49056
                                }
                            },
                            {
                                "keyword": "Then ",
                                "name": "only that member payload changes after saving",
                                "line": 15,
                                "match": {
                                    "location": "preserved_test.go:73"
                                },
                                "result": {
                                    "status": "passed",
                                    "duration": 47180
                                }
                            },
                            {
                                "keyword": "And ",
                                "name": "the retained source bytes remain unchanged",
                                "line": 16,
                                "match": {
                                    "location": "preserved_test.go:100"
                                },
                                "result": {
                                    "status": "passed",
                                    "duration": 13251
                                }
                            }
                        ]
                    },
                    {
                        "id": "retained-source-package-editing;a-stale-replacement-batch-leaves-all-parts-unchanged",
                        "keyword": "Scenario",
                        "name": "A stale replacement batch leaves all parts unchanged",
                        "description": "",
                        "line": 19,
                        "type": "scenario",
                        "tags": [
                            {
                                "name": "@implemented",
                                "line": 1
                            },
                            {
                                "name": "@go",
                                "line": 1
                            },
                            {
                                "name": "@package",
                                "line": 1
                            },
                            {
                                "name": "@SOURCE-003",
                                "line": 18
                            }
                        ],
                        "steps": [
                            {
                                "keyword": "Given ",
                                "name": "an Office source archive with an opaque custom part",
                                "line": 20,
                                "match": {
                                    "location": "preserved_test.go:54"
                                },
                                "result": {
                                    "status": "passed",
                                    "duration": 251032
                                }
                            },
                            {
                                "keyword": "When ",
                                "name": "I request two replacements with one stale fingerprint",
                                "line": 21,
                                "match": {
                                    "location": "preserved_test.go:106"
                                },
                                "result": {
                                    "status": "passed",
                                    "duration": 34640
                                }
                            },
                            {
                                "keyword": "Then ",
                                "name": "the batch returns a stale-target refusal",
                                "line": 22,
                                "match": {
                                    "location": "preserved_test.go:114"
                                },
                                "result": {
                                    "status": "passed",
                                    "duration": 17123
                                }
                            },
                            {
                                "keyword": "And ",
                                "name": "the session still saves the exact original archive",
                                "line": 23,
                                "match": {
                                    "location": "preserved_test.go:121"
                                },
                                "result": {
                                    "status": "passed",
                                    "duration": 22010
                                }
                            }
                        ]
                    }
                ]
            }
        ]
    acceptance_test.go:141: {File:../features/implemented/document/bounded-edit.feature ID:@WORD-001 Line:6} step "only the matched XML character data differs": failed
FAIL
FAIL	github.com/rcarmo/go-ooxml/acceptance	0.082s
FAIL
