ok  	github.com/rcarmo/go-ooxml/internal/losslessxml	(cached)
ok  	github.com/rcarmo/go-ooxml/pkg/packaging	(cached)
ok  	github.com/rcarmo/go-ooxml/pkg/document	(cached)
--- FAIL: TestAcceptance (0.70s)
    acceptance_test.go:151: Godog failed (1): [
            {
                "uri": "../features/implemented/package/io-safety.feature",
                "id": "archive-intake-and-failure-safe-package-delivery",
                "keyword": "Feature",
                "name": "Archive intake and failure-safe package delivery",
                "description": "  Ambiguous archive names and failed writes must not produce a successful edit.",
                "line": 2,
                "tags": [
                    {
                        "name": "@implemented",
                        "line": 1
                    },
                    {
                        "name": "@go",
                        "line": 1
                    },
                    {
                        "name": "@package",
                        "line": 1
                    }
                ],
                "elements": [
                    {
                        "id": "archive-intake-and-failure-safe-package-delivery;unsafe-archive-names-refuse-before-package-parsing;;2",
                        "keyword": "Scenario Outline",
                        "name": "Unsafe archive names refuse before package parsing",
                        "description": "",
                        "line": 13,
                        "type": "scenario",
                        "tags": [
                            {
                                "name": "@implemented",
                                "line": 1
                            },
                            {
                                "name": "@go",
                                "line": 1
                            },
                            {
                                "name": "@package",
                                "line": 1
                            },
                            {
                                "name": "@IO-001",
                                "line": 5
                            }
                        ],
                        "steps": [
                            {
                                "keyword": "Given ",
                                "name": "a synthetic archive with \"duplicate\" member names",
                                "line": 7,
                                "match": {
                                    "location": "io_test.go:131"
                                },
                                "result": {
                                    "status": "passed",
                                    "duration": 136570
                                }
                            },
                            {
                                "keyword": "When ",
                                "name": "I attempt to open the synthetic archive",
                                "line": 8,
                                "match": {
                                    "location": "io_test.go:180"
                                },
                                "result": {
                                    "status": "passed",
                                    "duration": 40512
                                }
                            },
                            {
                                "keyword": "Then ",
                                "name": "archive intake fails without changing the source bytes",
                                "line": 9,
                                "match": {
                                    "location": "io_test.go:181"
                                },
                                "result": {
                                    "status": "passed",
                                    "duration": 28043
                                }
                            }
                        ]
                    },
                    {
                        "id": "archive-intake-and-failure-safe-package-delivery;unsafe-archive-names-refuse-before-package-parsing;;3",
                        "keyword": "Scenario Outline",
                        "name": "Unsafe archive names refuse before package parsing",
                        "description": "",
                        "line": 14,
                        "type": "scenario",
                        "tags": [
                            {
                                "name": "@implemented",
                                "line": 1
                            },
                            {
                                "name": "@go",
                                "line": 1
                            },
                            {
                                "name": "@package",
                                "line": 1
                            },
                            {
                                "name": "@IO-001",
                                "line": 5
                            }
                        ],
                        "steps": [
                            {
                                "keyword": "Given ",
                                "name": "a synthetic archive with \"collision\" member names",
                                "line": 7,
                                "match": {
                                    "location": "io_test.go:131"
                                },
                                "result": {
                                    "status": "passed",
                                    "duration": 204619
                                }
                            },
                            {
                                "keyword": "When ",
                                "name": "I attempt to open the synthetic archive",
                                "line": 8,
                                "match": {
                                    "location": "io_test.go:180"
                                },
                                "result": {
                                    "status": "passed",
                                    "duration": 48600
                                }
                            },
                            {
                                "keyword": "Then ",
                                "name": "archive intake fails without changing the source bytes",
                                "line": 9,
                                "match": {
                                    "location": "io_test.go:181"
                                },
                                "result": {
                                    "status": "passed",
                                    "duration": 31516
                                }
                            }
                        ]
                    },
                    {
                        "id": "archive-intake-and-failure-safe-package-delivery;unsafe-archive-names-refuse-before-package-parsing;;4",
                        "keyword": "Scenario Outline",
                        "name": "Unsafe archive names refuse before package parsing",
                        "description": "",
                        "line": 15,
                        "type": "scenario",
                        "tags": [
                            {
                                "name": "@implemented",
                                "line": 1
                            },
                            {
                                "name": "@go",
                                "line": 1
                            },
                            {
                                "name": "@package",
                                "line": 1
                            },
                            {
                                "name": "@IO-001",
                                "line": 5
                            }
                        ],
                        "steps": [
                            {
                                "keyword": "Given ",
                                "name": "a synthetic archive with \"traversal\" member names",
                                "line": 7,
                                "match": {
                                    "location": "io_test.go:131"
                                },
                                "result": {
                                    "status": "passed",
                                    "duration": 2392934
                                }
                            },
                            {
                                "keyword": "When ",
                                "name": "I attempt to open the synthetic archive",
                                "line": 8,
                                "match": {
                                    "location": "io_test.go:180"
                                },
                                "result": {
                                    "status": "passed",
                                    "duration": 301823
                                }
                            },
                            {
                                "keyword": "Then ",
                                "name": "archive intake fails without changing the source bytes",
                                "line": 9,
                                "match": {
                                    "location": "io_test.go:181"
                                },
                                "result": {
                                    "status": "passed",
                                    "duration": 45951
                                }
                            }
                        ]
                    },
                    {
                        "id": "archive-intake-and-failure-safe-package-delivery;unsafe-archive-names-refuse-before-package-parsing;;5",
                        "keyword": "Scenario Outline",
                        "name": "Unsafe archive names refuse before package parsing",
                        "description": "",
                        "line": 16,
                        "type": "scenario",
                        "tags": [
                            {
                                "name": "@implemented",
                                "line": 1
                            },
                            {
                                "name": "@go",
                                "line": 1
                            },
                            {
                                "name": "@package",
                                "line": 1
                            },
                            {
                                "name": "@IO-001",
                                "line": 5
                            }
                        ],
                        "steps": [
                            {
                                "keyword": "Given ",
                                "name": "a synthetic archive with \"absolute\" member names",
                                "line": 7,
                                "match": {
                                    "location": "io_test.go:131"
                                },
                                "result": {
                                    "status": "passed",
                                    "duration": 145001
                                }
                            },
                            {
                                "keyword": "When ",
                                "name": "I attempt to open the synthetic archive",
                                "line": 8,
                                "match": {
                                    "location": "io_test.go:180"
                                },
                                "result": {
                                    "status": "passed",
                                    "duration": 45773
                                }
                            },
                            {
                                "keyword": "Then ",
                                "name": "archive intake fails without changing the source bytes",
                                "line": 9,
                                "match": {
                                    "location": "io_test.go:181"
                                },
                                "result": {
                                    "status": "passed",
                                    "duration": 28305
                                }
                            }
                        ]
                    },
                    {
                        "id": "archive-intake-and-failure-safe-package-delivery;unsafe-archive-names-refuse-before-package-parsing;;6",
                        "keyword": "Scenario Outline",
                        "name": "Unsafe archive names refuse before package parsing",
                        "description": "",
                        "line": 17,
                        "type": "scenario",
                        "tags": [
                            {
                                "name": "@implemented",
                                "line": 1
                            },
                            {
                                "name": "@go",
                                "line": 1
                            },
                            {
                                "name": "@package",
                                "line": 1
                            },
                            {
                                "name": "@IO-001",
                                "line": 5
                            }
                        ],
                        "steps": [
                            {
                                "keyword": "Given ",
                                "name": "a synthetic archive with \"backslash\" member names",
                                "line": 7,
                                "match": {
                                    "location": "io_test.go:131"
                                },
                                "result": {
                                    "status": "passed",
                                    "duration": 6260348
                                }
                            },
                            {
                                "keyword": "When ",
                                "name": "I attempt to open the synthetic archive",
                                "line": 8,
                                "match": {
                                    "location": "io_test.go:180"
                                },
                                "result": {
                                    "status": "passed",
                                    "duration": 45683
                                }
                            },
                            {
                                "keyword": "Then ",
                                "name": "archive intake fails without changing the source bytes",
                                "line": 9,
                                "match": {
                                    "location": "io_test.go:181"
                                },
                                "result": {
                                    "status": "passed",
                                    "duration": 31438
                                }
                            }
                        ]
                    },
                    {
                        "id": "archive-intake-and-failure-safe-package-delivery;stream-finalisation-failure-is-returned-to-the-caller",
                        "keyword": "Scenario",
                        "name": "Stream finalisation failure is returned to the caller",
                        "description": "",
                        "line": 20,
                        "type": "scenario",
                        "tags": [
                            {
                                "name": "@implemented",
                                "line": 1
                            },
                            {
                                "name": "@go",
                                "line": 1
                            },
                            {
                                "name": "@package",
                                "line": 1
                            },
                            {
                                "name": "@IO-002",
                                "line": 19
                            }
                        ],
                        "steps": [
                            {
                                "keyword": "Given ",
                                "name": "a small new Office package",
                                "line": 21,
                                "match": {
                                    "location": "io_test.go:182"
                                },
                                "result": {
                                    "status": "passed",
                                    "duration": 62002
                                }
                            },
                            {
                                "keyword": "When ",
                                "name": "I write it to a stream that fails during finalisation",
                                "line": 22,
                                "match": {
                                    "location": "io_test.go:183"
                                },
                                "result": {
                                    "status": "passed",
                                    "duration": 13955535
                                }
                            },
                            {
                                "keyword": "Then ",
                                "name": "the write reports the injected failure",
                                "line": 23,
                                "match": {
                                    "location": "io_test.go:184"
                                },
                                "result": {
                                    "status": "passed",
                                    "duration": 75015
                                }
                            }
                        ]
                    },
                    {
                        "id": "archive-intake-and-failure-safe-package-delivery;a-serialisation-failure-preserves-an-existing-destination",
                        "keyword": "Scenario",
                        "name": "A serialisation failure preserves an existing destination",
                        "description": "",
                        "line": 26,
                        "type": "scenario",
                        "tags": [
                            {
                                "name": "@implemented",
                                "line": 1
                            },
                            {
                                "name": "@go",
                                "line": 1
                            },
                            {
                                "name": "@package",
                                "line": 1
                            },
                            {
                                "name": "@IO-003",
                                "line": 25
                            }
                        ],
                        "steps": [
                            {
                                "keyword": "Given ",
                                "name": "an existing destination and an unserialisable package",
                                "line": 27,
                                "match": {
                                    "location": "io_test.go:190"
                                },
                                "result": {
                                    "status": "passed",
                                    "duration": 154170
                                }
                            },
                            {
                                "keyword": "When ",
                                "name": "I attempt to save over the destination",
                                "line": 28,
                                "match": {
                                    "location": "io_test.go:191"
                                },
                                "result": {
                                    "status": "passed",
                                    "duration": 54092
                                }
                            },
                            {
                                "keyword": "Then ",
                                "name": "saving fails and the destination and package state remain unchanged",
                                "line": 29,
                                "match": {
                                    "location": "io_test.go:192"
                                },
                                "result": {
                                    "status": "passed",
                                    "duration": 39029
                                }
                            },
                            {
                                "keyword": "And ",
                                "name": "no temporary files remain in the destination directory",
                                "line": 30,
                                "match": {
                                    "location": "io_test.go:193"
                                },
                                "result": {
                                    "status": "passed",
                                    "duration": 72882
                                }
                            }
                        ]
                    }
                ]
            },
            {
                "uri": "../features/implemented/document/span-batch.feature",
                "id": "atomic-selected-word-span-batches",
                "keyword": "Feature",
                "name": "Atomic selected Word span batches",
                "description": "  A batch commits every selected replacement together or leaves all targets unchanged.",
                "line": 2,
                "tags": [
                    {
                        "name": "@implemented",
                        "line": 1
                    },
                    {
                        "name": "@go",
                        "line": 1
                    },
                    {
                        "name": "@document",
                        "line": 1
                    }
                ],
                "elements": [
                    {
                        "id": "atomic-selected-word-span-batches;several-matches-in-one-leaf-are-replaced-in-one-transaction",
                        "keyword": "Scenario",
                        "name": "Several matches in one leaf are replaced in one transaction",
                        "description": "",
                        "line": 6,
                        "type": "scenario",
                        "tags": [
                            {
                                "name": "@implemented",
                                "line": 1
                            },
                            {
                                "name": "@go",
                                "line": 1
                            },
                            {
                                "name": "@document",
                                "line": 1
                            },
                            {
                                "name": "@BATCH-001",
                                "line": 5
                            }
                        ],
                        "steps": [
                            {
                                "keyword": "Given ",
                                "name": "selected Word spans for three occurrences of \"red\"",
                                "line": 7,
                                "match": {
                                    "location": "span_batch_test.go:69"
                                },
                                "result": {
                                    "status": "passed",
                                    "duration": 317478
                                }
                            },
                            {
                                "keyword": "When ",
                                "name": "I replace all selected spans with \"blue\"",
                                "line": 8,
                                "match": {
                                    "location": "span_batch_test.go:71"
                                },
                                "result": {
                                    "status": "passed",
                                    "duration": 413109
                                }
                            },
                            {
                                "keyword": "Then ",
                                "name": "the paragraph reads \"blue blue blue\"",
                                "line": 9,
                                "match": {
                                    "location": "span_batch_test.go:72"
                                },
                                "result": {
                                    "status": "passed",
                                    "duration": 83854
                                }
                            },
                            {
                                "keyword": "And ",
                                "name": "every changed selected target is consumed",
                                "line": 10,
                                "match": {
                                    "location": "span_batch_test.go:82"
                                },
                                "result": {
                                    "status": "passed",
                                    "duration": 32196
                                }
                            }
                        ]
                    },
                    {
                        "id": "atomic-selected-word-span-batches;an-unsupported-later-target-rolls-back-earlier-selected-edits",
                        "keyword": "Scenario",
                        "name": "An unsupported later target rolls back earlier selected edits",
                        "description": "",
                        "line": 13,
                        "type": "scenario",
                        "tags": [
                            {
                                "name": "@implemented",
                                "line": 1
                            },
                            {
                                "name": "@go",
                                "line": 1
                            },
                            {
                                "name": "@document",
                                "line": 1
                            },
                            {
                                "name": "@BATCH-002",
                                "line": 12
                            }
                        ],
                        "steps": [
                            {
                                "keyword": "Given ",
                                "name": "selected Word spans with a later hyperlink-owned occurrence",
                                "line": 14,
                                "match": {
                                    "location": "span_batch_test.go:70"
                                },
                                "result": {
                                    "status": "passed",
                                    "duration": 254331
                                }
                            },
                            {
                                "keyword": "When ",
                                "name": "I attempt a selected batch replacement with \"blue\"",
                                "line": 15,
                                "match": {
                                    "location": "span_batch_test.go:92"
                                },
                                "result": {
                                    "status": "passed",
                                    "duration": 87245
                                }
                            },
                            {
                                "keyword": "Then ",
                                "name": "the selected batch refuses without changing the source archive",
                                "line": 16,
                                "match": {
                                    "location": "span_batch_test.go:93"
                                },
                                "result": {
                                    "status": "passed",
                                    "duration": 1599827
                                }
                            },
                            {
                                "keyword": "And ",
                                "name": "the first ordinary target remains reusable",
                                "line": 17,
                                "match": {
                                    "location": "span_batch_test.go:107"
                                },
                                "result": {
                                    "status": "passed",
                                    "duration": 109305
                                }
                            }
                        ]
                    },
                    {
                        "id": "atomic-selected-word-span-batches;a-stale-selected-target-aborts-the-whole-batch",
                        "keyword": "Scenario",
                        "name": "A stale selected target aborts the whole batch",
                        "description": "",
                        "line": 20,
                        "type": "scenario",
                        "tags": [
                            {
                                "name": "@implemented",
                                "line": 1
                            },
                            {
                                "name": "@go",
                                "line": 1
                            },
                            {
                                "name": "@document",
                                "line": 1
                            },
                            {
                                "name": "@BATCH-003",
                                "line": 19
                            }
                        ],
                        "steps": [
                            {
                                "keyword": "Given ",
                                "name": "selected Word spans for three occurrences of \"red\"",
                                "line": 21,
                                "match": {
                                    "location": "span_batch_test.go:69"
                                },
                                "result": {
                                    "status": "passed",
                                    "duration": 593932
                                }
                            },
                            {
                                "keyword": "And ",
                                "name": "the first occurrence has already been changed",
                                "line": 22,
                                "match": {
                                    "location": "span_batch_test.go:108"
                                },
                                "result": {
                                    "status": "passed",
                                    "duration": 4664667
                                }
                            },
                            {
                                "keyword": "When ",
                                "name": "I attempt a selected batch replacement with \"blue\"",
                                "line": 23,
                                "match": {
                                    "location": "span_batch_test.go:92"
                                },
                                "result": {
                                    "status": "passed",
                                    "duration": 55001
                                }
                            },
                            {
                                "keyword": "Then ",
                                "name": "the stale batch leaves the previously committed edit unchanged",
                                "line": 24,
                                "match": {
                                    "location": "span_batch_test.go:116"
                                },
                                "result": {
                                    "status": "passed",
                                    "duration": 3372467
                                }
                            }
                        ]
                    }
                ]
            },
            {
                "uri": "../features/implemented/spreadsheet/bounded-edit.feature",
                "id": "bounded-formula-free-numeric-cell-correction",
                "keyword": "Feature",
                "name": "Bounded formula-free numeric cell correction",
                "description": "  Existing numeric cells can change only when dependent structures are absent.",
                "line": 2,
                "tags": [
                    {
                        "name": "@implemented",
                        "line": 1
                    },
                    {
                        "name": "@go",
                        "line": 1
                    },
                    {
                        "name": "@spreadsheet",
                        "line": 1
                    }
                ],
                "elements": [
                    {
                        "id": "bounded-formula-free-numeric-cell-correction;changing-a-formula-free-numeric-cell-preserves-styles-and-opaque-parts",
                        "keyword": "Scenario",
                        "name": "Changing a formula-free numeric cell preserves styles and opaque parts",
                        "description": "",
                        "line": 6,
                        "type": "scenario",
                        "tags": [
                            {
                                "name": "@implemented",
                                "line": 1
                            },
                            {
                                "name": "@go",
                                "line": 1
                            },
                            {
                                "name": "@spreadsheet",
                                "line": 1
                            },
                            {
                                "name": "@CELL-001",
                                "line": 5
                            }
                        ],
                        "steps": [
                            {
                                "keyword": "Given ",
                                "name": "a formula-free workbook with numeric cell \"B2\"",
                                "line": 7,
                                "match": {
                                    "location": "cell_test.go:95"
                                },
                                "result": {
                                    "status": "passed",
                                    "duration": 421544
                                }
                            },
                            {
                                "keyword": "When ",
                                "name": "I set the guarded numeric cell to 125",
                                "line": 8,
                                "match": {
                                    "location": "cell_test.go:97"
                                },
                                "result": {
                                    "status": "passed",
                                    "duration": 163998
                                }
                            },
                            {
                                "keyword": "Then ",
                                "name": "delivery changes only the cell value bytes",
                                "line": 9,
                                "match": {
                                    "location": "cell_test.go:105"
                                },
                                "result": {
                                    "status": "passed",
                                    "duration": 1638296
                                }
                            },
                            {
                                "keyword": "And ",
                                "name": "the consumed cell target refuses reuse",
                                "line": 10,
                                "match": {
                                    "location": "cell_test.go:132"
                                },
                                "result": {
                                    "status": "passed",
                                    "duration": 99339
                                }
                            }
                        ]
                    },
                    {
                        "id": "bounded-formula-free-numeric-cell-correction;unproved-workbook-dependencies-refuse-numeric-writes;;2",
                        "keyword": "Scenario Outline",
                        "name": "Unproved workbook dependencies refuse numeric writes",
                        "description": "",
                        "line": 21,
                        "type": "scenario",
                        "tags": [
                            {
                                "name": "@implemented",
                                "line": 1
                            },
                            {
                                "name": "@go",
                                "line": 1
                            },
                            {
                                "name": "@spreadsheet",
                                "line": 1
                            },
                            {
                                "name": "@CELL-002",
                                "line": 12
                            }
                        ],
                        "steps": [
                            {
                                "keyword": "Given ",
                                "name": "a workbook containing \"formula on another sheet\"",
                                "line": 14,
                                "match": {
                                    "location": "cell_test.go:96"
                                },
                                "result": {
                                    "status": "passed",
                                    "duration": 1015269
                                }
                            },
                            {
                                "keyword": "When ",
                                "name": "I attempt the guarded numeric correction",
                                "line": 15,
                                "match": {
                                    "location": "cell_test.go:140"
                                },
                                "result": {
                                    "status": "passed",
                                    "duration": 170443
                                }
                            },
                            {
                                "keyword": "Then ",
                                "name": "the numeric correction returns a typed refusal",
                                "line": 16,
                                "match": {
                                    "location": "cell_test.go:147"
                                },
                                "result": {
                                    "status": "passed",
                                    "duration": 38174
                                }
                            },
                            {
                                "keyword": "And ",
                                "name": "saving the numeric session preserves the original archive",
                                "line": 17,
                                "match": {
                                    "location": "cell_test.go:154"
                                },
                                "result": {
                                    "status": "passed",
                                    "duration": 1948936
                                }
                            }
                        ]
                    },
                    {
                        "id": "bounded-formula-free-numeric-cell-correction;unproved-workbook-dependencies-refuse-numeric-writes;;3",
                        "keyword": "Scenario Outline",
                        "name": "Unproved workbook dependencies refuse numeric writes",
                        "description": "",
                        "line": 22,
                        "type": "scenario",
                        "tags": [
                            {
                                "name": "@implemented",
                                "line": 1
                            },
                            {
                                "name": "@go",
                                "line": 1
                            },
                            {
                                "name": "@spreadsheet",
                                "line": 1
                            },
                            {
                                "name": "@CELL-002",
                                "line": 12
                            }
                        ],
                        "steps": [
                            {
                                "keyword": "Given ",
                                "name": "a workbook containing \"protected worksheet\"",
                                "line": 14,
                                "match": {
                                    "location": "cell_test.go:96"
                                },
                                "result": {
                                    "status": "passed",
                                    "duration": 529826
                                }
                            },
                            {
                                "keyword": "When ",
                                "name": "I attempt the guarded numeric correction",
                                "line": 15,
                                "match": {
                                    "location": "cell_test.go:140"
                                },
                                "result": {
                                    "status": "passed",
                                    "duration": 117072
                                }
                            },
                            {
                                "keyword": "Then ",
                                "name": "the numeric correction returns a typed refusal",
                                "line": 16,
                                "match": {
                                    "location": "cell_test.go:147"
                                },
                                "result": {
                                    "status": "passed",
                                    "duration": 26147
                                }
                            },
                            {
                                "keyword": "And ",
                                "name": "saving the numeric session preserves the original archive",
                                "line": 17,
                                "match": {
                                    "location": "cell_test.go:154"
                                },
                                "result": {
                                    "status": "passed",
                                    "duration": 7070614
                                }
                            }
                        ]
                    },
                    {
                        "id": "bounded-formula-free-numeric-cell-correction;unproved-workbook-dependencies-refuse-numeric-writes;;4",
                        "keyword": "Scenario Outline",
                        "name": "Unproved workbook dependencies refuse numeric writes",
                        "description": "",
                        "line": 23,
                        "type": "scenario",
                        "tags": [
                            {
                                "name": "@implemented",
                                "line": 1
                            },
                            {
                                "name": "@go",
                                "line": 1
                            },
                            {
                                "name": "@spreadsheet",
                                "line": 1
                            },
                            {
                                "name": "@CELL-002",
                                "line": 12
                            }
                        ],
                        "steps": [
                            {
                                "keyword": "Given ",
                                "name": "a workbook containing \"defined name\"",
                                "line": 14,
                                "match": {
                                    "location": "cell_test.go:96"
                                },
                                "result": {
                                    "status": "passed",
                                    "duration": 604560
                                }
                            },
                            {
                                "keyword": "When ",
                                "name": "I attempt the guarded numeric correction",
                                "line": 15,
                                "match": {
                                    "location": "cell_test.go:140"
                                },
                                "result": {
                                    "status": "passed",
                                    "duration": 220228
                                }
                            },
                            {
                                "keyword": "Then ",
                                "name": "the numeric correction returns a typed refusal",
                                "line": 16,
                                "match": {
                                    "location": "cell_test.go:147"
                                },
                                "result": {
                                    "status": "passed",
                                    "duration": 70750
                                }
                            },
                            {
                                "keyword": "And ",
                                "name": "saving the numeric session preserves the original archive",
                                "line": 17,
                                "match": {
                                    "location": "cell_test.go:154"
                                },
                                "result": {
                                    "status": "passed",
                                    "duration": 2369160
                                }
                            }
                        ]
                    },
                    {
                        "id": "bounded-formula-free-numeric-cell-correction;unproved-workbook-dependencies-refuse-numeric-writes;;5",
                        "keyword": "Scenario Outline",
                        "name": "Unproved workbook dependencies refuse numeric writes",
                        "description": "",
                        "line": 24,
                        "type": "scenario",
                        "tags": [
                            {
                                "name": "@implemented",
                                "line": 1
                            },
                            {
                                "name": "@go",
                                "line": 1
                            },
                            {
                                "name": "@spreadsheet",
                                "line": 1
                            },
                            {
                                "name": "@CELL-002",
                                "line": 12
                            }
                        ],
                        "steps": [
                            {
                                "keyword": "Given ",
                                "name": "a workbook containing \"duplicate cell address\"",
                                "line": 14,
                                "match": {
                                    "location": "cell_test.go:96"
                                },
                                "result": {
                                    "status": "passed",
                                    "duration": 452831
                                }
                            },
                            {
                                "keyword": "When ",
                                "name": "I attempt the guarded numeric correction",
                                "line": 15,
                                "match": {
                                    "location": "cell_test.go:140"
                                },
                                "result": {
                                    "status": "passed",
                                    "duration": 48589
                                }
                            },
                            {
                                "keyword": "Then ",
                                "name": "the numeric correction returns a typed refusal",
                                "line": 16,
                                "match": {
                                    "location": "cell_test.go:147"
                                },
                                "result": {
                                    "status": "passed",
                                    "duration": 20994
                                }
                            },
                            {
                                "keyword": "And ",
                                "name": "saving the numeric session preserves the original archive",
                                "line": 17,
                                "match": {
                                    "location": "cell_test.go:154"
                                },
                                "result": {
                                    "status": "passed",
                                    "duration": 5833481
                                }
                            }
                        ]
                    },
                    {
                        "id": "bounded-formula-free-numeric-cell-correction;unproved-workbook-dependencies-refuse-numeric-writes;;6",
                        "keyword": "Scenario Outline",
                        "name": "Unproved workbook dependencies refuse numeric writes",
                        "description": "",
                        "line": 25,
                        "type": "scenario",
                        "tags": [
                            {
                                "name": "@implemented",
                                "line": 1
                            },
                            {
                                "name": "@go",
                                "line": 1
                            },
                            {
                                "name": "@spreadsheet",
                                "line": 1
                            },
                            {
                                "name": "@CELL-002",
                                "line": 12
                            }
                        ],
                        "steps": [
                            {
                                "keyword": "Given ",
                                "name": "a workbook containing \"chart dependency\"",
                                "line": 14,
                                "match": {
                                    "location": "cell_test.go:96"
                                },
                                "result": {
                                    "status": "passed",
                                    "duration": 5725490
                                }
                            },
                            {
                                "keyword": "When ",
                                "name": "I attempt the guarded numeric correction",
                                "line": 15,
                                "match": {
                                    "location": "cell_test.go:140"
                                },
                                "result": {
                                    "status": "passed",
                                    "duration": 251484
                                }
                            },
                            {
                                "keyword": "Then ",
                                "name": "the numeric correction returns a typed refusal",
                                "line": 16,
                                "match": {
                                    "location": "cell_test.go:147"
                                },
                                "result": {
                                    "status": "passed",
                                    "duration": 54988
                                }
                            },
                            {
                                "keyword": "And ",
                                "name": "saving the numeric session preserves the original archive",
                                "line": 17,
                                "match": {
                                    "location": "cell_test.go:154"
                                },
                                "result": {
                                    "status": "passed",
                                    "duration": 3735537
                                }
                            }
                        ]
                    },
                    {
                        "id": "bounded-formula-free-numeric-cell-correction;unproved-workbook-dependencies-refuse-numeric-writes;;7",
                        "keyword": "Scenario Outline",
                        "name": "Unproved workbook dependencies refuse numeric writes",
                        "description": "",
                        "line": 26,
                        "type": "scenario",
                        "tags": [
                            {
                                "name": "@implemented",
                                "line": 1
                            },
                            {
                                "name": "@go",
                                "line": 1
                            },
                            {
                                "name": "@spreadsheet",
                                "line": 1
                            },
                            {
                                "name": "@CELL-002",
                                "line": 12
                            }
                        ],
                        "steps": [
                            {
                                "keyword": "Given ",
                                "name": "a workbook containing \"data validation\"",
                                "line": 14,
                                "match": {
                                    "location": "cell_test.go:96"
                                },
                                "result": {
                                    "status": "passed",
                                    "duration": 499481
                                }
                            },
                            {
                                "keyword": "When ",
                                "name": "I attempt the guarded numeric correction",
                                "line": 15,
                                "match": {
                                    "location": "cell_test.go:140"
                                },
                                "result": {
                                    "status": "passed",
                                    "duration": 151541
                                }
                            },
                            {
                                "keyword": "Then ",
                                "name": "the numeric correction returns a typed refusal",
                                "line": 16,
                                "match": {
                                    "location": "cell_test.go:147"
                                },
                                "result": {
                                    "status": "passed",
                                    "duration": 31995
                                }
                            },
                            {
                                "keyword": "And ",
                                "name": "saving the numeric session preserves the original archive",
                                "line": 17,
                                "match": {
                                    "location": "cell_test.go:154"
                                },
                                "result": {
                                    "status": "passed",
                                    "duration": 2744004
                                }
                            }
                        ]
                    },
                    {
                        "id": "bounded-formula-free-numeric-cell-correction;unproved-workbook-dependencies-refuse-numeric-writes;;8",
                        "keyword": "Scenario Outline",
                        "name": "Unproved workbook dependencies refuse numeric writes",
                        "description": "",
                        "line": 27,
                        "type": "scenario",
                        "tags": [
                            {
                                "name": "@implemented",
                                "line": 1
                            },
                            {
                                "name": "@go",
                                "line": 1
                            },
                            {
                                "name": "@spreadsheet",
                                "line": 1
                            },
                            {
                                "name": "@CELL-002",
                                "line": 12
                            }
                        ],
                        "steps": [
                            {
                                "keyword": "Given ",
                                "name": "a workbook containing \"unknown worksheet element\"",
                                "line": 14,
                                "match": {
                                    "location": "cell_test.go:96"
                                },
                                "result": {
                                    "status": "passed",
                                    "duration": 479091
                                }
                            },
                            {
                                "keyword": "When ",
                                "name": "I attempt the guarded numeric correction",
                                "line": 15,
                                "match": {
                                    "location": "cell_test.go:140"
                                },
                                "result": {
                                    "status": "passed",
                                    "duration": 124596
                                }
                            },
                            {
                                "keyword": "Then ",
                                "name": "the numeric correction returns a typed refusal",
                                "line": 16,
                                "match": {
                                    "location": "cell_test.go:147"
                                },
                                "result": {
                                    "status": "passed",
                                    "duration": 24261
                                }
                            },
                            {
                                "keyword": "And ",
                                "name": "saving the numeric session preserves the original archive",
                                "line": 17,
                                "match": {
                                    "location": "cell_test.go:154"
                                },
                                "result": {
                                    "status": "passed",
                                    "duration": 3414417
                                }
                            }
                        ]
                    },
                    {
                        "id": "bounded-formula-free-numeric-cell-correction;unproved-workbook-dependencies-refuse-numeric-writes;;9",
                        "keyword": "Scenario Outline",
                        "name": "Unproved workbook dependencies refuse numeric writes",
                        "description": "",
                        "line": 28,
                        "type": "scenario",
                        "tags": [
                            {
                                "name": "@implemented",
                                "line": 1
                            },
                            {
                                "name": "@go",
                                "line": 1
                            },
                            {
                                "name": "@spreadsheet",
                                "line": 1
                            },
                            {
                                "name": "@CELL-002",
                                "line": 12
                            }
                        ],
                        "steps": [
                            {
                                "keyword": "Given ",
                                "name": "a workbook containing \"unknown cell attribute namespace\"",
                                "line": 14,
                                "match": {
                                    "location": "cell_test.go:96"
                                },
                                "result": {
                                    "status": "passed",
                                    "duration": 459973
                                }
                            },
                            {
                                "keyword": "When ",
                                "name": "I attempt the guarded numeric correction",
                                "line": 15,
                                "match": {
                                    "location": "cell_test.go:140"
                                },
                                "result": {
                                    "status": "passed",
                                    "duration": 118512
                                }
                            },
                            {
                                "keyword": "Then ",
                                "name": "the numeric correction returns a typed refusal",
                                "line": 16,
                                "match": {
                                    "location": "cell_test.go:147"
                                },
                                "result": {
                                    "status": "passed",
                                    "duration": 24005
                                }
                            },
                            {
                                "keyword": "And ",
                                "name": "saving the numeric session preserves the original archive",
                                "line": 17,
                                "match": {
                                    "location": "cell_test.go:154"
                                },
                                "result": {
                                    "status": "passed",
                                    "duration": 2742248
                                }
                            }
                        ]
                    }
                ]
            },
            {
                "uri": "../features/implemented/presentation/bounded-edit.feature",
                "id": "bounded-presentation-text-correction",
                "keyword": "Feature",
                "name": "Bounded presentation text correction",
                "description": "  A shape-ID target changes only its plain text while preserving source formatting.",
                "line": 2,
                "tags": [
                    {
                        "name": "@implemented",
                        "line": 1
                    },
                    {
                        "name": "@go",
                        "line": 1
                    },
                    {
                        "name": "@presentation",
                        "line": 1
                    }
                ],
                "elements": [
                    {
                        "id": "bounded-presentation-text-correction;shape-id-targeting-preserves-geometry-and-opaque-extension-bytes",
                        "keyword": "Scenario",
                        "name": "Shape-ID targeting preserves geometry and opaque extension bytes",
                        "description": "",
                        "line": 6,
                        "type": "scenario",
                        "tags": [
                            {
                                "name": "@implemented",
                                "line": 1
                            },
                            {
                                "name": "@go",
                                "line": 1
                            },
                            {
                                "name": "@presentation",
                                "line": 1
                            },
                            {
                                "name": "@SLIDE-001",
                                "line": 5
                            }
                        ],
                        "steps": [
                            {
                                "keyword": "Given ",
                                "name": "a presentation with a plain text shape and opaque slide markup",
                                "line": 7,
                                "match": {
                                    "location": "slide_test.go:77"
                                },
                                "result": {
                                    "status": "passed",
                                    "duration": 502913
                                }
                            },
                            {
                                "keyword": "When ",
                                "name": "I replace \"old text\" in shape 7 on \"ppt/slides/slide1.xml\"",
                                "line": 8,
                                "match": {
                                    "location": "slide_test.go:79"
                                },
                                "result": {
                                    "status": "passed",
                                    "duration": 93744
                                }
                            },
                            {
                                "keyword": "Then ",
                                "name": "only the selected slide text bytes differ after delivery",
                                "line": 9,
                                "match": {
                                    "location": "slide_test.go:87"
                                },
                                "result": {
                                    "status": "passed",
                                    "duration": 2945593
                                }
                            },
                            {
                                "keyword": "And ",
                                "name": "the consumed presentation target refuses reuse",
                                "line": 10,
                                "match": {
                                    "location": "slide_test.go:114"
                                },
                                "result": {
                                    "status": "passed",
                                    "duration": 104537
                                }
                            }
                        ]
                    },
                    {
                        "id": "bounded-presentation-text-correction;unsupported-presentation-text-context-refuses-unchanged;;2",
                        "keyword": "Scenario Outline",
                        "name": "Unsupported presentation text context refuses unchanged",
                        "description": "",
                        "line": 21,
                        "type": "scenario",
                        "tags": [
                            {
                                "name": "@implemented",
                                "line": 1
                            },
                            {
                                "name": "@go",
                                "line": 1
                            },
                            {
                                "name": "@presentation",
                                "line": 1
                            },
                            {
                                "name": "@SLIDE-002",
                                "line": 12
                            }
                        ],
                        "steps": [
                            {
                                "keyword": "Given ",
                                "name": "a presentation text shape with \"duplicate shape IDs\"",
                                "line": 14,
                                "match": {
                                    "location": "slide_test.go:78"
                                },
                                "result": {
                                    "status": "passed",
                                    "duration": 578028
                                }
                            },
                            {
                                "keyword": "When ",
                                "name": "I request a guarded presentation text correction",
                                "line": 15,
                                "match": {
                                    "location": "slide_test.go:122"
                                },
                                "result": {
                                    "status": "passed",
                                    "duration": 110814
                                }
                            },
                            {
                                "keyword": "Then ",
                                "name": "the presentation operation returns a typed refusal",
                                "line": 16,
                                "match": {
                                    "location": "slide_test.go:133"
                                },
                                "result": {
                                    "status": "passed",
                                    "duration": 40861
                                }
                            },
                            {
                                "keyword": "And ",
                                "name": "its delivered archive is byte-identical to the source",
                                "line": 17,
                                "match": {
                                    "location": "slide_test.go:140"
                                },
                                "result": {
                                    "status": "passed",
                                    "duration": 6714732
                                }
                            }
                        ]
                    },
                    {
                        "id": "bounded-presentation-text-correction;unsupported-presentation-text-context-refuses-unchanged;;3",
                        "keyword": "Scenario Outline",
                        "name": "Unsupported presentation text context refuses unchanged",
                        "description": "",
                        "line": 22,
                        "type": "scenario",
                        "tags": [
                            {
                                "name": "@implemented",
                                "line": 1
                            },
                            {
                                "name": "@go",
                                "line": 1
                            },
                            {
                                "name": "@presentation",
                                "line": 1
                            },
                            {
                                "name": "@SLIDE-002",
                                "line": 12
                            }
                        ],
                        "steps": [
                            {
                                "keyword": "Given ",
                                "name": "a presentation text shape with \"repeated leaf text\"",
                                "line": 14,
                                "match": {
                                    "location": "slide_test.go:78"
                                },
                                "result": {
                                    "status": "passed",
                                    "duration": 447830
                                }
                            },
                            {
                                "keyword": "When ",
                                "name": "I request a guarded presentation text correction",
                                "line": 15,
                                "match": {
                                    "location": "slide_test.go:122"
                                },
                                "result": {
                                    "status": "passed",
                                    "duration": 61876
                                }
                            },
                            {
                                "keyword": "Then ",
                                "name": "the presentation operation returns a typed refusal",
                                "line": 16,
                                "match": {
                                    "location": "slide_test.go:133"
                                },
                                "result": {
                                    "status": "passed",
                                    "duration": 23426
                                }
                            },
                            {
                                "keyword": "And ",
                                "name": "its delivered archive is byte-identical to the source",
                                "line": 17,
                                "match": {
                                    "location": "slide_test.go:140"
                                },
                                "result": {
                                    "status": "passed",
                                    "duration": 2289158
                                }
                            }
                        ]
                    },
                    {
                        "id": "bounded-presentation-text-correction;unsupported-presentation-text-context-refuses-unchanged;;4",
                        "keyword": "Scenario Outline",
                        "name": "Unsupported presentation text context refuses unchanged",
                        "description": "",
                        "line": 23,
                        "type": "scenario",
                        "tags": [
                            {
                                "name": "@implemented",
                                "line": 1
                            },
                            {
                                "name": "@go",
                                "line": 1
                            },
                            {
                                "name": "@presentation",
                                "line": 1
                            },
                            {
                                "name": "@SLIDE-002",
                                "line": 12
                            }
                        ],
                        "steps": [
                            {
                                "keyword": "Given ",
                                "name": "a presentation text shape with \"field-bearing paragraph\"",
                                "line": 14,
                                "match": {
                                    "location": "slide_test.go:78"
                                },
                                "result": {
                                    "status": "passed",
                                    "duration": 417551
                                }
                            },
                            {
                                "keyword": "When ",
                                "name": "I request a guarded presentation text correction",
                                "line": 15,
                                "match": {
                                    "location": "slide_test.go:122"
                                },
                                "result": {
                                    "status": "passed",
                                    "duration": 63477
                                }
                            },
                            {
                                "keyword": "Then ",
                                "name": "the presentation operation returns a typed refusal",
                                "line": 16,
                                "match": {
                                    "location": "slide_test.go:133"
                                },
                                "result": {
                                    "status": "passed",
                                    "duration": 40556
                                }
                            },
                            {
                                "keyword": "And ",
                                "name": "its delivered archive is byte-identical to the source",
                                "line": 17,
                                "match": {
                                    "location": "slide_test.go:140"
                                },
                                "result": {
                                    "status": "passed",
                                    "duration": 1674642
                                }
                            }
                        ]
                    },
                    {
                        "id": "bounded-presentation-text-correction;unsupported-presentation-text-context-refuses-unchanged;;5",
                        "keyword": "Scenario Outline",
                        "name": "Unsupported presentation text context refuses unchanged",
                        "description": "",
                        "line": 24,
                        "type": "scenario",
                        "tags": [
                            {
                                "name": "@implemented",
                                "line": 1
                            },
                            {
                                "name": "@go",
                                "line": 1
                            },
                            {
                                "name": "@presentation",
                                "line": 1
                            },
                            {
                                "name": "@SLIDE-002",
                                "line": 12
                            }
                        ],
                        "steps": [
                            {
                                "keyword": "Given ",
                                "name": "a presentation text shape with \"foreign slide part\"",
                                "line": 14,
                                "match": {
                                    "location": "slide_test.go:78"
                                },
                                "result": {
                                    "status": "passed",
                                    "duration": 1134418
                                }
                            },
                            {
                                "keyword": "When ",
                                "name": "I request a guarded presentation text correction",
                                "line": 15,
                                "match": {
                                    "location": "slide_test.go:122"
                                },
                                "result": {
                                    "status": "passed",
                                    "duration": 49690
                                }
                            },
                            {
                                "keyword": "Then ",
                                "name": "the presentation operation returns a typed refusal",
                                "line": 16,
                                "match": {
                                    "location": "slide_test.go:133"
                                },
                                "result": {
                                    "status": "passed",
                                    "duration": 20980
                                }
                            },
                            {
                                "keyword": "And ",
                                "name": "its delivered archive is byte-identical to the source",
                                "line": 17,
                                "match": {
                                    "location": "slide_test.go:140"
                                },
                                "result": {
                                    "status": "passed",
                                    "duration": 4513287
                                }
                            }
                        ]
                    }
                ]
            },
            {
                "uri": "../features/implemented/document/bounded-edit.feature",
                "id": "bounded-preservation-safe-word-text-correction",
                "keyword": "Feature",
                "name": "Bounded preservation-safe Word text correction",
                "description": "  Plain body text corrections preserve every unrelated XML byte and package part.",
                "line": 2,
                "tags": [
                    {
                        "name": "@implemented",
                        "line": 1
                    },
                    {
                        "name": "@go",
                        "line": 1
                    },
                    {
                        "name": "@document",
                        "line": 1
                    }
                ],
                "elements": [
                    {
                        "id": "bounded-preservation-safe-word-text-correction;a-plain-run-correction-preserves-opaque-markup-and-media",
                        "keyword": "Scenario",
                        "name": "A plain run correction preserves opaque markup and media",
                        "description": "",
                        "line": 6,
                        "type": "scenario",
                        "tags": [
                            {
                                "name": "@implemented",
                                "line": 1
                            },
                            {
                                "name": "@go",
                                "line": 1
                            },
                            {
                                "name": "@document",
                                "line": 1
                            },
                            {
                                "name": "@WORD-001",
                                "line": 5
                            }
                        ],
                        "steps": [
                            {
                                "keyword": "Given ",
                                "name": "a Word package containing a plain body text run and opaque content",
                                "line": 7,
                                "match": {
                                    "location": "word_test.go:71"
                                },
                                "result": {
                                    "status": "passed",
                                    "duration": 6808568
                                }
                            },
                            {
                                "keyword": "When ",
                                "name": "I replace the unique text \"old text\" with \"new \u0026 text\" through a guarded target",
                                "line": 8,
                                "match": {
                                    "location": "word_test.go:73"
                                },
                                "result": {
                                    "status": "passed",
                                    "duration": 268799
                                }
                            },
                            {
                                "keyword": "And ",
                                "name": "save the edited Word package",
                                "line": 9,
                                "match": {
                                    "location": "word_test.go:91"
                                },
                                "result": {
                                    "status": "passed",
                                    "duration": 18841631
                                }
                            },
                            {
                                "keyword": "Then ",
                                "name": "only the matched XML character data differs",
                                "line": 10,
                                "match": {
                                    "location": "word_test.go:92"
                                },
                                "result": {
                                    "status": "passed",
                                    "duration": 254397
                                }
                            },
                            {
                                "keyword": "And ",
                                "name": "every other package member retains its payload bytes",
                                "line": 11,
                                "match": {
                                    "location": "word_test.go:107"
                                },
                                "result": {
                                    "status": "passed",
                                    "duration": 291068
                                }
                            },
                            {
                                "keyword": "And ",
                                "name": "reusing the consumed target returns a stale-target refusal",
                                "line": 12,
                                "match": {
                                    "location": "word_test.go:130"
                                },
                                "result": {
                                    "status": "passed",
                                    "duration": 123217
                                }
                            }
                        ]
                    },
                    {
                        "id": "bounded-preservation-safe-word-text-correction;unsupported-ownership-or-editing-policy-refuses-unchanged;;2",
                        "keyword": "Scenario Outline",
                        "name": "Unsupported ownership or editing policy refuses unchanged",
                        "description": "",
                        "line": 23,
                        "type": "scenario",
                        "tags": [
                            {
                                "name": "@implemented",
                                "line": 1
                            },
                            {
                                "name": "@go",
                                "line": 1
                            },
                            {
                                "name": "@document",
                                "line": 1
                            },
                            {
                                "name": "@WORD-002",
                                "line": 14
                            }
                        ],
                        "steps": [
                            {
                                "keyword": "Given ",
                                "name": "a Word package with \"duplicate text\"",
                                "line": 16,
                                "match": {
                                    "location": "word_test.go:72"
                                },
                                "result": {
                                    "status": "passed",
                                    "duration": 6244073
                                }
                            },
                            {
                                "keyword": "When ",
                                "name": "I request a guarded correction of \"old text\"",
                                "line": 17,
                                "match": {
                                    "location": "word_test.go:138"
                                },
                                "result": {
                                    "status": "passed",
                                    "duration": 104297
                                }
                            },
                            {
                                "keyword": "Then ",
                                "name": "the correction returns a typed refusal",
                                "line": 18,
                                "match": {
                                    "location": "word_test.go:145"
                                },
                                "result": {
                                    "status": "passed",
                                    "duration": 26737
                                }
                            },
                            {
                                "keyword": "And ",
                                "name": "saving the Word session retains the original archive bytes",
                                "line": 19,
                                "match": {
                                    "location": "word_test.go:152"
                                },
                                "result": {
                                    "status": "passed",
                                    "duration": 7317898
                                }
                            }
                        ]
                    },
                    {
                        "id": "bounded-preservation-safe-word-text-correction;unsupported-ownership-or-editing-policy-refuses-unchanged;;3",
                        "keyword": "Scenario Outline",
                        "name": "Unsupported ownership or editing policy refuses unchanged",
                        "description": "",
                        "line": 24,
                        "type": "scenario",
                        "tags": [
                            {
                                "name": "@implemented",
                                "line": 1
                            },
                            {
                                "name": "@go",
                                "line": 1
                            },
                            {
                                "name": "@document",
                                "line": 1
                            },
                            {
                                "name": "@WORD-002",
                                "line": 14
                            }
                        ],
                        "steps": [
                            {
                                "keyword": "Given ",
                                "name": "a Word package with \"active document protection\"",
                                "line": 16,
                                "match": {
                                    "location": "word_test.go:72"
                                },
                                "result": {
                                    "status": "passed",
                                    "duration": 3904790
                                }
                            },
                            {
                                "keyword": "When ",
                                "name": "I request a guarded correction of \"old text\"",
                                "line": 17,
                                "match": {
                                    "location": "word_test.go:138"
                                },
                                "result": {
                                    "status": "passed",
                                    "duration": 146804
                                }
                            },
                            {
                                "keyword": "Then ",
                                "name": "the correction returns a typed refusal",
                                "line": 18,
                                "match": {
                                    "location": "word_test.go:145"
                                },
                                "result": {
                                    "status": "passed",
                                    "duration": 20053
                                }
                            },
                            {
                                "keyword": "And ",
                                "name": "saving the Word session retains the original archive bytes",
                                "line": 19,
                                "match": {
                                    "location": "word_test.go:152"
                                },
                                "result": {
                                    "status": "passed",
                                    "duration": 4611372
                                }
                            }
                        ]
                    },
                    {
                        "id": "bounded-preservation-safe-word-text-correction;unsupported-ownership-or-editing-policy-refuses-unchanged;;4",
                        "keyword": "Scenario Outline",
                        "name": "Unsupported ownership or editing policy refuses unchanged",
                        "description": "",
                        "line": 25,
                        "type": "scenario",
                        "tags": [
                            {
                                "name": "@implemented",
                                "line": 1
                            },
                            {
                                "name": "@go",
                                "line": 1
                            },
                            {
                                "name": "@document",
                                "line": 1
                            },
                            {
                                "name": "@WORD-002",
                                "line": 14
                            }
                        ],
                        "steps": [
                            {
                                "keyword": "Given ",
                                "name": "a Word package with \"tracked revisions\"",
                                "line": 16,
                                "match": {
                                    "location": "word_test.go:72"
                                },
                                "result": {
                                    "status": "passed",
                                    "duration": 531659
                                }
                            },
                            {
                                "keyword": "When ",
                                "name": "I request a guarded correction of \"old text\"",
                                "line": 17,
                                "match": {
                                    "location": "word_test.go:138"
                                },
                                "result": {
                                    "status": "passed",
                                    "duration": 138260
                                }
                            },
                            {
                                "keyword": "Then ",
                                "name": "the correction returns a typed refusal",
                                "line": 18,
                                "match": {
                                    "location": "word_test.go:145"
                                },
                                "result": {
                                    "status": "passed",
                                    "duration": 29848
                                }
                            },
                            {
                                "keyword": "And ",
                                "name": "saving the Word session retains the original archive bytes",
                                "line": 19,
                                "match": {
                                    "location": "word_test.go:152"
                                },
                                "result": {
                                    "status": "passed",
                                    "duration": 5931344
                                }
                            }
                        ]
                    },
                    {
                        "id": "bounded-preservation-safe-word-text-correction;unsupported-ownership-or-editing-policy-refuses-unchanged;;5",
                        "keyword": "Scenario Outline",
                        "name": "Unsupported ownership or editing policy refuses unchanged",
                        "description": "",
                        "line": 26,
                        "type": "scenario",
                        "tags": [
                            {
                                "name": "@implemented",
                                "line": 1
                            },
                            {
                                "name": "@go",
                                "line": 1
                            },
                            {
                                "name": "@document",
                                "line": 1
                            },
                            {
                                "name": "@WORD-002",
                                "line": 14
                            }
                        ],
                        "steps": [
                            {
                                "keyword": "Given ",
                                "name": "a Word package with \"field boundary\"",
                                "line": 16,
                                "match": {
                                    "location": "word_test.go:72"
                                },
                                "result": {
                                    "status": "passed",
                                    "duration": 9025594
                                }
                            },
                            {
                                "keyword": "When ",
                                "name": "I request a guarded correction of \"old text\"",
                                "line": 17,
                                "match": {
                                    "location": "word_test.go:138"
                                },
                                "result": {
                                    "status": "passed",
                                    "duration": 104660
                                }
                            },
                            {
                                "keyword": "Then ",
                                "name": "the correction returns a typed refusal",
                                "line": 18,
                                "match": {
                                    "location": "word_test.go:145"
                                },
                                "result": {
                                    "status": "passed",
                                    "duration": 20511
                                }
                            },
                            {
                                "keyword": "And ",
                                "name": "saving the Word session retains the original archive bytes",
                                "line": 19,
                                "match": {
                                    "location": "word_test.go:152"
                                },
                                "result": {
                                    "status": "passed",
                                    "duration": 3075712
                                }
                            }
                        ]
                    },
                    {
                        "id": "bounded-preservation-safe-word-text-correction;unsupported-ownership-or-editing-policy-refuses-unchanged;;6",
                        "keyword": "Scenario Outline",
                        "name": "Unsupported ownership or editing policy refuses unchanged",
                        "description": "",
                        "line": 27,
                        "type": "scenario",
                        "tags": [
                            {
                                "name": "@implemented",
                                "line": 1
                            },
                            {
                                "name": "@go",
                                "line": 1
                            },
                            {
                                "name": "@document",
                                "line": 1
                            },
                            {
                                "name": "@WORD-002",
                                "line": 14
                            }
                        ],
                        "steps": [
                            {
                                "keyword": "Given ",
                                "name": "a Word package with \"unknown settings extension\"",
                                "line": 16,
                                "match": {
                                    "location": "word_test.go:72"
                                },
                                "result": {
                                    "status": "passed",
                                    "duration": 1411672
                                }
                            },
                            {
                                "keyword": "When ",
                                "name": "I request a guarded correction of \"old text\"",
                                "line": 17,
                                "match": {
                                    "location": "word_test.go:138"
                                },
                                "result": {
                                    "status": "passed",
                                    "duration": 235787
                                }
                            },
                            {
                                "keyword": "Then ",
                                "name": "the correction returns a typed refusal",
                                "line": 18,
                                "match": {
                                    "location": "word_test.go:145"
                                },
                                "result": {
                                    "status": "passed",
                                    "duration": 40606
                                }
                            },
                            {
                                "keyword": "And ",
                                "name": "saving the Word session retains the original archive bytes",
                                "line": 19,
                                "match": {
                                    "location": "word_test.go:152"
                                },
                                "result": {
                                    "status": "passed",
                                    "duration": 5742123
                                }
                            }
                        ]
                    }
                ]
            },
            {
                "uri": "../features/implemented/package/limits.feature",
                "id": "caller-defined-package-intake-budgets",
                "keyword": "Feature",
                "name": "Caller-defined package intake budgets",
                "description": "  Budget violations are refused before payload allocation or decompression.",
                "line": 2,
                "tags": [
                    {
                        "name": "@implemented",
                        "line": 1
                    },
                    {
                        "name": "@go",
                        "line": 1
                    },
                    {
                        "name": "@package",
                        "line": 1
                    }
                ],
                "elements": [
                    {
                        "id": "caller-defined-package-intake-budgets;intake-enforces-a-configured-resource-ceiling;;2",
                        "keyword": "Scenario Outline",
                        "name": "Intake enforces a configured resource ceiling",
                        "description": "",
                        "line": 13,
                        "type": "scenario",
                        "tags": [
                            {
                                "name": "@implemented",
                                "line": 1
                            },
                            {
                                "name": "@go",
                                "line": 1
                            },
                            {
                                "name": "@package",
                                "line": 1
                            },
                            {
                                "name": "@LIMIT-001",
                                "line": 5
                            }
                        ],
                        "steps": [
                            {
                                "keyword": "Given ",
                                "name": "an archive exceeding its \"source\" budget",
                                "line": 7,
                                "match": {
                                    "location": "limits_test.go:43"
                                },
                                "result": {
                                    "status": "passed",
                                    "duration": 4083772
                                }
                            },
                            {
                                "keyword": "When ",
                                "name": "I open it with the configured resource limits",
                                "line": 8,
                                "match": {
                                    "location": "limits_test.go:62"
                                },
                                "result": {
                                    "status": "passed",
                                    "duration": 79238
                                }
                            },
                            {
                                "keyword": "Then ",
                                "name": "I receive a typed resource-limit refusal",
                                "line": 9,
                                "match": {
                                    "location": "limits_test.go:66"
                                },
                                "result": {
                                    "status": "passed",
                                    "duration": 41089
                                }
                            }
                        ]
                    },
                    {
                        "id": "caller-defined-package-intake-budgets;intake-enforces-a-configured-resource-ceiling;;3",
                        "keyword": "Scenario Outline",
                        "name": "Intake enforces a configured resource ceiling",
                        "description": "",
                        "line": 14,
                        "type": "scenario",
                        "tags": [
                            {
                                "name": "@implemented",
                                "line": 1
                            },
                            {
                                "name": "@go",
                                "line": 1
                            },
                            {
                                "name": "@package",
                                "line": 1
                            },
                            {
                                "name": "@LIMIT-001",
                                "line": 5
                            }
                        ],
                        "steps": [
                            {
                                "keyword": "Given ",
                                "name": "an archive exceeding its \"entries\" budget",
                                "line": 7,
                                "match": {
                                    "location": "limits_test.go:43"
                                },
                                "result": {
                                    "status": "passed",
                                    "duration": 193566
                                }
                            },
                            {
                                "keyword": "When ",
                                "name": "I open it with the configured resource limits",
                                "line": 8,
                                "match": {
                                    "location": "limits_test.go:62"
                                },
                                "result": {
                                    "status": "passed",
                                    "duration": 56256
                                }
                            },
                            {
                                "keyword": "Then ",
                                "name": "I receive a typed resource-limit refusal",
                                "line": 9,
                                "match": {
                                    "location": "limits_test.go:66"
                                },
                                "result": {
                                    "status": "passed",
                                    "duration": 29710
                                }
                            }
                        ]
                    },
                    {
                        "id": "caller-defined-package-intake-budgets;intake-enforces-a-configured-resource-ceiling;;4",
                        "keyword": "Scenario Outline",
                        "name": "Intake enforces a configured resource ceiling",
                        "description": "",
                        "line": 15,
                        "type": "scenario",
                        "tags": [
                            {
                                "name": "@implemented",
                                "line": 1
                            },
                            {
                                "name": "@go",
                                "line": 1
                            },
                            {
                                "name": "@package",
                                "line": 1
                            },
                            {
                                "name": "@LIMIT-001",
                                "line": 5
                            }
                        ],
                        "steps": [
                            {
                                "keyword": "Given ",
                                "name": "an archive exceeding its \"part\" budget",
                                "line": 7,
                                "match": {
                                    "location": "limits_test.go:43"
                                },
                                "result": {
                                    "status": "passed",
                                    "duration": 147184
                                }
                            },
                            {
                                "keyword": "When ",
                                "name": "I open it with the configured resource limits",
                                "line": 8,
                                "match": {
                                    "location": "limits_test.go:62"
                                },
                                "result": {
                                    "status": "passed",
                                    "duration": 46376
                                }
                            },
                            {
                                "keyword": "Then ",
                                "name": "I receive a typed resource-limit refusal",
                                "line": 9,
                                "match": {
                                    "location": "limits_test.go:66"
                                },
                                "result": {
                                    "status": "passed",
                                    "duration": 22476
                                }
                            }
                        ]
                    },
                    {
                        "id": "caller-defined-package-intake-budgets;intake-enforces-a-configured-resource-ceiling;;5",
                        "keyword": "Scenario Outline",
                        "name": "Intake enforces a configured resource ceiling",
                        "description": "",
                        "line": 16,
                        "type": "scenario",
                        "tags": [
                            {
                                "name": "@implemented",
                                "line": 1
                            },
                            {
                                "name": "@go",
                                "line": 1
                            },
                            {
                                "name": "@package",
                                "line": 1
                            },
                            {
                                "name": "@LIMIT-001",
                                "line": 5
                            }
                        ],
                        "steps": [
                            {
                                "keyword": "Given ",
                                "name": "an archive exceeding its \"total\" budget",
                                "line": 7,
                                "match": {
                                    "location": "limits_test.go:43"
                                },
                                "result": {
                                    "status": "passed",
                                    "duration": 163641
                                }
                            },
                            {
                                "keyword": "When ",
                                "name": "I open it with the configured resource limits",
                                "line": 8,
                                "match": {
                                    "location": "limits_test.go:62"
                                },
                                "result": {
                                    "status": "passed",
                                    "duration": 57197
                                }
                            },
                            {
                                "keyword": "Then ",
                                "name": "I receive a typed resource-limit refusal",
                                "line": 9,
                                "match": {
                                    "location": "limits_test.go:66"
                                },
                                "result": {
                                    "status": "passed",
                                    "duration": 71216
                                }
                            }
                        ]
                    },
                    {
                        "id": "caller-defined-package-intake-budgets;finite-sufficient-budgets-permit-normal-intake",
                        "keyword": "Scenario",
                        "name": "Finite sufficient budgets permit normal intake",
                        "description": "",
                        "line": 19,
                        "type": "scenario",
                        "tags": [
                            {
                                "name": "@implemented",
                                "line": 1
                            },
                            {
                                "name": "@go",
                                "line": 1
                            },
                            {
                                "name": "@package",
                                "line": 1
                            },
                            {
                                "name": "@LIMIT-002",
                                "line": 18
                            }
                        ],
                        "steps": [
                            {
                                "keyword": "Given ",
                                "name": "an archive within all configured budgets",
                                "line": 20,
                                "match": {
                                    "location": "limits_test.go:61"
                                },
                                "result": {
                                    "status": "passed",
                                    "duration": 169207
                                }
                            },
                            {
                                "keyword": "When ",
                                "name": "I open it with the configured resource limits",
                                "line": 21,
                                "match": {
                                    "location": "limits_test.go:62"
                                },
                                "result": {
                                    "status": "passed",
                                    "duration": 109472
                                }
                            },
                            {
                                "keyword": "Then ",
                                "name": "its XML payload is available without changes",
                                "line": 22,
                                "match": {
                                    "location": "limits_test.go:76"
                                },
                                "result": {
                                    "status": "passed",
                                    "duration": 29235
                                }
                            }
                        ]
                    }
                ]
            },
            {
                "uri": "../features/implemented/document/spans.feature",
                "id": "exact-word-spans-across-run-fragmentation",
                "keyword": "Feature",
                "name": "Exact Word spans across run fragmentation",
                "description": "  Search exposes all exact matches without selecting an arbitrary occurrence.",
                "line": 2,
                "tags": [
                    {
                        "name": "@implemented",
                        "line": 1
                    },
                    {
                        "name": "@go",
                        "line": 1
                    },
                    {
                        "name": "@document",
                        "line": 1
                    }
                ],
                "elements": [
                    {
                        "id": "exact-word-spans-across-run-fragmentation;exact-matching-crosses-formatting-runs-and-unicode-boundaries;;2",
                        "keyword": "Scenario Outline",
                        "name": "Exact matching crosses formatting runs and Unicode boundaries",
                        "description": "",
                        "line": 13,
                        "type": "scenario",
                        "tags": [
                            {
                                "name": "@implemented",
                                "line": 1
                            },
                            {
                                "name": "@go",
                                "line": 1
                            },
                            {
                                "name": "@document",
                                "line": 1
                            },
                            {
                                "name": "@SPAN-001",
                                "line": 5
                            }
                        ],
                        "steps": [
                            {
                                "keyword": "Given ",
                                "name": "a Word paragraph with run text \"Payment\" and \"terms\"",
                                "line": 7,
                                "match": {
                                    "location": "spans_test.go:45"
                                },
                                "result": {
                                    "status": "passed",
                                    "duration": 443745
                                }
                            },
                            {
                                "keyword": "When ",
                                "name": "I find exact Word spans for \"Paymentterms\"",
                                "line": 8,
                                "match": {
                                    "location": "spans_test.go:47"
                                },
                                "result": {
                                    "status": "passed",
                                    "duration": 66793
                                }
                            },
                            {
                                "keyword": "Then ",
                                "name": "exactly one span reports the original text \"Paymentterms\"",
                                "line": 9,
                                "match": {
                                    "location": "spans_test.go:48"
                                },
                                "result": {
                                    "status": "passed",
                                    "duration": 115929
                                }
                            }
                        ]
                    },
                    {
                        "id": "exact-word-spans-across-run-fragmentation;exact-matching-crosses-formatting-runs-and-unicode-boundaries;;3",
                        "keyword": "Scenario Outline",
                        "name": "Exact matching crosses formatting runs and Unicode boundaries",
                        "description": "",
                        "line": 14,
                        "type": "scenario",
                        "tags": [
                            {
                                "name": "@implemented",
                                "line": 1
                            },
                            {
                                "name": "@go",
                                "line": 1
                            },
                            {
                                "name": "@document",
                                "line": 1
                            },
                            {
                                "name": "@SPAN-001",
                                "line": 5
                            }
                        ],
                        "steps": [
                            {
                                "keyword": "Given ",
                                "name": "a Word paragraph with run text \"pre Al\" and \"pha post\"",
                                "line": 7,
                                "match": {
                                    "location": "spans_test.go:45"
                                },
                                "result": {
                                    "status": "passed",
                                    "duration": 1698371
                                }
                            },
                            {
                                "keyword": "When ",
                                "name": "I find exact Word spans for \"Alpha\"",
                                "line": 8,
                                "match": {
                                    "location": "spans_test.go:47"
                                },
                                "result": {
                                    "status": "passed",
                                    "duration": 49649
                                }
                            },
                            {
                                "keyword": "Then ",
                                "name": "exactly one span reports the original text \"Alpha\"",
                                "line": 9,
                                "match": {
                                    "location": "spans_test.go:48"
                                },
                                "result": {
                                    "status": "passed",
                                    "duration": 38585
                                }
                            }
                        ]
                    },
                    {
                        "id": "exact-word-spans-across-run-fragmentation;exact-matching-crosses-formatting-runs-and-unicode-boundaries;;4",
                        "keyword": "Scenario Outline",
                        "name": "Exact matching crosses formatting runs and Unicode boundaries",
                        "description": "",
                        "line": 15,
                        "type": "scenario",
                        "tags": [
                            {
                                "name": "@implemented",
                                "line": 1
                            },
                            {
                                "name": "@go",
                                "line": 1
                            },
                            {
                                "name": "@document",
                                "line": 1
                            },
                            {
                                "name": "@SPAN-001",
                                "line": 5
                            }
                        ],
                        "steps": [
                            {
                                "keyword": "Given ",
                                "name": "a Word paragraph with run text \"fee 😀\" and \"café\"",
                                "line": 7,
                                "match": {
                                    "location": "spans_test.go:45"
                                },
                                "result": {
                                    "status": "passed",
                                    "duration": 298434
                                }
                            },
                            {
                                "keyword": "When ",
                                "name": "I find exact Word spans for \"😀café\"",
                                "line": 8,
                                "match": {
                                    "location": "spans_test.go:47"
                                },
                                "result": {
                                    "status": "passed",
                                    "duration": 45007
                                }
                            },
                            {
                                "keyword": "Then ",
                                "name": "exactly one span reports the original text \"😀café\"",
                                "line": 9,
                                "match": {
                                    "location": "spans_test.go:48"
                                },
                                "result": {
                                    "status": "passed",
                                    "duration": 35992
                                }
                            }
                        ]
                    },
                    {
                        "id": "exact-word-spans-across-run-fragmentation;repeated-matches-remain-explicit-and-single-target-lookup-refuses",
                        "keyword": "Scenario",
                        "name": "Repeated matches remain explicit and single-target lookup refuses",
                        "description": "",
                        "line": 18,
                        "type": "scenario",
                        "tags": [
                            {
                                "name": "@implemented",
                                "line": 1
                            },
                            {
                                "name": "@go",
                                "line": 1
                            },
                            {
                                "name": "@document",
                                "line": 1
                            },
                            {
                                "name": "@SPAN-002",
                                "line": 17
                            }
                        ],
                        "steps": [
                            {
                                "keyword": "Given ",
                                "name": "a Word paragraph with run text \"red red\" and \" red\"",
                                "line": 19,
                                "match": {
                                    "location": "spans_test.go:45"
                                },
                                "result": {
                                    "status": "passed",
                                    "duration": 312314
                                }
                            },
                            {
                                "keyword": "When ",
                                "name": "I find exact Word spans for \"red\"",
                                "line": 20,
                                "match": {
                                    "location": "spans_test.go:47"
                                },
                                "result": {
                                    "status": "passed",
                                    "duration": 36939
                                }
                            },
                            {
                                "keyword": "Then ",
                                "name": "all three spans remain available in source order",
                                "line": 21,
                                "match": {
                                    "location": "spans_test.go:61"
                                },
                                "result": {
                                    "status": "passed",
                                    "duration": 21217
                                }
                            },
                            {
                                "keyword": "And ",
                                "name": "single-target lookup reports ambiguous-target",
                                "line": 22,
                                "match": {
                                    "location": "spans_test.go:72"
                                },
                                "result": {
                                    "status": "passed",
                                    "duration": 30440
                                }
                            }
                        ]
                    },
                    {
                        "id": "exact-word-spans-across-run-fragmentation;text-separated-by-paragraph-boundaries-is-not-silently-concatenated",
                        "keyword": "Scenario",
                        "name": "Text separated by paragraph boundaries is not silently concatenated",
                        "description": "",
                        "line": 25,
                        "type": "scenario",
                        "tags": [
                            {
                                "name": "@implemented",
                                "line": 1
                            },
                            {
                                "name": "@go",
                                "line": 1
                            },
                            {
                                "name": "@document",
                                "line": 1
                            },
                            {
                                "name": "@SPAN-003",
                                "line": 24
                            }
                        ],
                        "steps": [
                            {
                                "keyword": "Given ",
                                "name": "Word paragraphs containing \"first\" and \"second\"",
                                "line": 26,
                                "match": {
                                    "location": "spans_test.go:46"
                                },
                                "result": {
                                    "status": "passed",
                                    "duration": 322093
                                }
                            },
                            {
                                "keyword": "When ",
                                "name": "I find exact Word spans for \"firstsecond\"",
                                "line": 27,
                                "match": {
                                    "location": "spans_test.go:47"
                                },
                                "result": {
                                    "status": "passed",
                                    "duration": 42087
                                }
                            },
                            {
                                "keyword": "Then ",
                                "name": "no spans are returned",
                                "line": 28,
                                "match": {
                                    "location": "spans_test.go:80"
                                },
                                "result": {
                                    "status": "passed",
                                    "duration": 14736
                                }
                            }
                        ]
                    }
                ]
            },
            {
                "uri": "../features/implemented/package/baseline.feature",
                "id": "existing-office-fixture-intake",
                "keyword": "Feature",
                "name": "Existing Office fixture intake",
                "description": "  Repository fixtures can be inspected without a fixed workspace mount.",
                "line": 2,
                "tags": [
                    {
                        "name": "@implemented",
                        "line": 1
                    },
                    {
                        "name": "@go",
                        "line": 1
                    },
                    {
                        "name": "@package",
                        "line": 1
                    }
                ],
                "elements": [
                    {
                        "id": "existing-office-fixture-intake;open-the-principal-part-from-a-repository-fixture;;2",
                        "keyword": "Scenario Outline",
                        "name": "Open the principal part from a repository fixture",
                        "description": "",
                        "line": 13,
                        "type": "scenario",
                        "tags": [
                            {
                                "name": "@implemented",
                                "line": 1
                            },
                            {
                                "name": "@go",
                                "line": 1
                            },
                            {
                                "name": "@package",
                                "line": 1
                            },
                            {
                                "name": "@BASE-001",
                                "line": 5
                            }
                        ],
                        "steps": [
                            {
                                "keyword": "Given ",
                                "name": "the repository fixture \"word/minimal.docx\"",
                                "line": 7,
                                "match": {
                                    "location": "acceptance_test.go:126"
                                },
                                "result": {
                                    "status": "passed",
                                    "duration": 102090
                                }
                            },
                            {
                                "keyword": "When ",
                                "name": "I open its Office package",
                                "line": 8,
                                "match": {
                                    "location": "acceptance_test.go:127"
                                },
                                "result": {
                                    "status": "passed",
                                    "duration": 2043182
                                }
                            },
                            {
                                "keyword": "Then ",
                                "name": "the package contains a nonempty part \"word/document.xml\"",
                                "line": 9,
                                "match": {
                                    "location": "acceptance_test.go:128"
                                },
                                "result": {
                                    "status": "passed",
                                    "duration": 51765
                                }
                            }
                        ]
                    },
                    {
                        "id": "existing-office-fixture-intake;open-the-principal-part-from-a-repository-fixture;;3",
                        "keyword": "Scenario Outline",
                        "name": "Open the principal part from a repository fixture",
                        "description": "",
                        "line": 14,
                        "type": "scenario",
                        "tags": [
                            {
                                "name": "@implemented",
                                "line": 1
                            },
                            {
                                "name": "@go",
                                "line": 1
                            },
                            {
                                "name": "@package",
                                "line": 1
                            },
                            {
                                "name": "@BASE-001",
                                "line": 5
                            }
                        ],
                        "steps": [
                            {
                                "keyword": "Given ",
                                "name": "the repository fixture \"pptx/minimal.pptx\"",
                                "line": 7,
                                "match": {
                                    "location": "acceptance_test.go:126"
                                },
                                "result": {
                                    "status": "passed",
                                    "duration": 100746
                                }
                            },
                            {
                                "keyword": "When ",
                                "name": "I open its Office package",
                                "line": 8,
                                "match": {
                                    "location": "acceptance_test.go:127"
                                },
                                "result": {
                                    "status": "passed",
                                    "duration": 730291
                                }
                            },
                            {
                                "keyword": "Then ",
                                "name": "the package contains a nonempty part \"ppt/presentation.xml\"",
                                "line": 9,
                                "match": {
                                    "location": "acceptance_test.go:128"
                                },
                                "result": {
                                    "status": "passed",
                                    "duration": 38610
                                }
                            }
                        ]
                    },
                    {
                        "id": "existing-office-fixture-intake;open-the-principal-part-from-a-repository-fixture;;4",
                        "keyword": "Scenario Outline",
                        "name": "Open the principal part from a repository fixture",
                        "description": "",
                        "line": 15,
                        "type": "scenario",
                        "tags": [
                            {
                                "name": "@implemented",
                                "line": 1
                            },
                            {
                                "name": "@go",
                                "line": 1
                            },
                            {
                                "name": "@package",
                                "line": 1
                            },
                            {
                                "name": "@BASE-001",
                                "line": 5
                            }
                        ],
                        "steps": [
                            {
                                "keyword": "Given ",
                                "name": "the repository fixture \"excel/minimal.xlsx\"",
                                "line": 7,
                                "match": {
                                    "location": "acceptance_test.go:126"
                                },
                                "result": {
                                    "status": "passed",
                                    "duration": 90566
                                }
                            },
                            {
                                "keyword": "When ",
                                "name": "I open its Office package",
                                "line": 8,
                                "match": {
                                    "location": "acceptance_test.go:127"
                                },
                                "result": {
                                    "status": "passed",
                                    "duration": 256254
                                }
                            },
                            {
                                "keyword": "Then ",
                                "name": "the package contains a nonempty part \"xl/workbook.xml\"",
                                "line": 9,
                                "match": {
                                    "location": "acceptance_test.go:128"
                                },
                                "result": {
                                    "status": "passed",
                                    "duration": 34849
                                }
                            }
                        ]
                    },
                    {
                        "id": "existing-office-fixture-intake;open-the-principal-part-from-a-repository-fixture;;5",
                        "keyword": "Scenario Outline",
                        "name": "Open the principal part from a repository fixture",
                        "description": "",
                        "line": 16,
                        "type": "scenario",
                        "tags": [
                            {
                                "name": "@implemented",
                                "line": 1
                            },
                            {
                                "name": "@go",
                                "line": 1
                            },
                            {
                                "name": "@package",
                                "line": 1
                            },
                            {
                                "name": "@BASE-001",
                                "line": 5
                            }
                        ],
                        "steps": [
                            {
                                "keyword": "Given ",
                                "name": "the repository fixture \"pptx/comments.pptx\"",
                                "line": 7,
                                "match": {
                                    "location": "acceptance_test.go:126"
                                },
                                "result": {
                                    "status": "passed",
                                    "duration": 98904
                                }
                            },
                            {
                                "keyword": "When ",
                                "name": "I open its Office package",
                                "line": 8,
                                "match": {
                                    "location": "acceptance_test.go:127"
                                },
                                "result": {
                                    "status": "passed",
                                    "duration": 1316142
                                }
                            },
                            {
                                "keyword": "Then ",
                                "name": "the package contains a nonempty part \"ppt/presentation.xml\"",
                                "line": 9,
                                "match": {
                                    "location": "acceptance_test.go:128"
                                },
                                "result": {
                                    "status": "passed",
                                    "duration": 82410
                                }
                            }
                        ]
                    },
                    {
                        "id": "existing-office-fixture-intake;open-the-principal-part-from-a-repository-fixture;;6",
                        "keyword": "Scenario Outline",
                        "name": "Open the principal part from a repository fixture",
                        "description": "",
                        "line": 17,
                        "type": "scenario",
                        "tags": [
                            {
                                "name": "@implemented",
                                "line": 1
                            },
                            {
                                "name": "@go",
                                "line": 1
                            },
                            {
                                "name": "@package",
                                "line": 1
                            },
                            {
                                "name": "@BASE-001",
                                "line": 5
                            }
                        ],
                        "steps": [
                            {
                                "keyword": "Given ",
                                "name": "the repository fixture \"excel/formatting.xlsx\"",
                                "line": 7,
                                "match": {
                                    "location": "acceptance_test.go:126"
                                },
                                "result": {
                                    "status": "passed",
                                    "duration": 103124
                                }
                            },
                            {
                                "keyword": "When ",
                                "name": "I open its Office package",
                                "line": 8,
                                "match": {
                                    "location": "acceptance_test.go:127"
                                },
                                "result": {
                                    "status": "passed",
                                    "duration": 251322
                                }
                            },
                            {
                                "keyword": "Then ",
                                "name": "the package contains a nonempty part \"xl/workbook.xml\"",
                                "line": 9,
                                "match": {
                                    "location": "acceptance_test.go:128"
                                },
                                "result": {
                                    "status": "passed",
                                    "duration": 41676
                                }
                            }
                        ]
                    },
                    {
                        "id": "existing-office-fixture-intake;open-the-principal-part-from-a-repository-fixture;;7",
                        "keyword": "Scenario Outline",
                        "name": "Open the principal part from a repository fixture",
                        "description": "",
                        "line": 18,
                        "type": "scenario",
                        "tags": [
                            {
                                "name": "@implemented",
                                "line": 1
                            },
                            {
                                "name": "@go",
                                "line": 1
                            },
                            {
                                "name": "@package",
                                "line": 1
                            },
                            {
                                "name": "@BASE-001",
                                "line": 5
                            }
                        ],
                        "steps": [
                            {
                                "keyword": "Given ",
                                "name": "the repository fixture \"excel/formulas.xlsx\"",
                                "line": 7,
                                "match": {
                                    "location": "acceptance_test.go:126"
                                },
                                "result": {
                                    "status": "passed",
                                    "duration": 69369
                                }
                            },
                            {
                                "keyword": "When ",
                                "name": "I open its Office package",
                                "line": 8,
                                "match": {
                                    "location": "acceptance_test.go:127"
                                },
                                "result": {
                                    "status": "passed",
                                    "duration": 222830
                                }
                            },
                            {
                                "keyword": "Then ",
                                "name": "the package contains a nonempty part \"xl/workbook.xml\"",
                                "line": 9,
                                "match": {
                                    "location": "acceptance_test.go:128"
                                },
                                "result": {
                                    "status": "passed",
                                    "duration": 34003
                                }
                            }
                        ]
                    },
                    {
                        "id": "existing-office-fixture-intake;open-the-principal-part-from-a-repository-fixture;;8",
                        "keyword": "Scenario Outline",
                        "name": "Open the principal part from a repository fixture",
                        "description": "",
                        "line": 19,
                        "type": "scenario",
                        "tags": [
                            {
                                "name": "@implemented",
                                "line": 1
                            },
                            {
                                "name": "@go",
                                "line": 1
                            },
                            {
                                "name": "@package",
                                "line": 1
                            },
                            {
                                "name": "@BASE-001",
                                "line": 5
                            }
                        ],
                        "steps": [
                            {
                                "keyword": "Given ",
                                "name": "the repository fixture \"excel/conditional_format.xlsx\"",
                                "line": 7,
                                "match": {
                                    "location": "acceptance_test.go:126"
                                },
                                "result": {
                                    "status": "passed",
                                    "duration": 115604
                                }
                            },
                            {
                                "keyword": "When ",
                                "name": "I open its Office package",
                                "line": 8,
                                "match": {
                                    "location": "acceptance_test.go:127"
                                },
                                "result": {
                                    "status": "passed",
                                    "duration": 319555
                                }
                            },
                            {
                                "keyword": "Then ",
                                "name": "the package contains a nonempty part \"xl/workbook.xml\"",
                                "line": 9,
                                "match": {
                                    "location": "acceptance_test.go:128"
                                },
                                "result": {
                                    "status": "passed",
                                    "duration": 35915
                                }
                            }
                        ]
                    }
                ]
            },
            {
                "uri": "../features/implemented/document/search-policy.feature",
                "id": "explicit-word-search-policy-and-context-ranking",
                "keyword": "Feature",
                "name": "Explicit Word search policy and context ranking",
                "description": "  Normalisation selects original text; proximity never hides ambiguous candidates.",
                "line": 2,
                "tags": [
                    {
                        "name": "@implemented",
                        "line": 1
                    },
                    {
                        "name": "@go",
                        "line": 1
                    },
                    {
                        "name": "@document",
                        "line": 1
                    }
                ],
                "elements": [
                    {
                        "id": "explicit-word-search-policy-and-context-ranking;normalised-matching-retains-original-typographic-text",
                        "keyword": "Scenario",
                        "name": "Normalised matching retains original typographic text",
                        "description": "",
                        "line": 6,
                        "type": "scenario",
                        "tags": [
                            {
                                "name": "@implemented",
                                "line": 1
                            },
                            {
                                "name": "@go",
                                "line": 1
                            },
                            {
                                "name": "@document",
                                "line": 1
                            },
                            {
                                "name": "@SEARCH-001",
                                "line": 5
                            }
                        ],
                        "steps": [
                            {
                                "keyword": "Given ",
                                "name": "a Word paragraph containing \"Straße – “Cost”\"",
                                "line": 7,
                                "match": {
                                    "location": "search_policy_test.go:41"
                                },
                                "result": {
                                    "status": "passed",
                                    "duration": 304533
                                }
                            },
                            {
                                "keyword": "When ",
                                "name": "I search with normalisation for \"STRASSE - “cost”\"",
                                "line": 8,
                                "match": {
                                    "location": "search_policy_test.go:43"
                                },
                                "result": {
                                    "status": "passed",
                                    "duration": 47389
                                }
                            },
                            {
                                "keyword": "Then ",
                                "name": "the search evidence is exactly \"Straße – “Cost”\"",
                                "line": 9,
                                "match": {
                                    "location": "search_policy_test.go:48"
                                },
                                "result": {
                                    "status": "passed",
                                    "duration": 23221
                                }
                            },
                            {
                                "keyword": "And ",
                                "name": "that selected evidence can authorise an ordinary replacement",
                                "line": 10,
                                "match": {
                                    "location": "search_policy_test.go:54"
                                },
                                "result": {
                                    "status": "passed",
                                    "duration": 94650
                                }
                            }
                        ]
                    },
                    {
                        "id": "explicit-word-search-policy-and-context-ranking;casefold-expansion-cannot-select-half-an-original-character",
                        "keyword": "Scenario",
                        "name": "Casefold expansion cannot select half an original character",
                        "description": "",
                        "line": 13,
                        "type": "scenario",
                        "tags": [
                            {
                                "name": "@implemented",
                                "line": 1
                            },
                            {
                                "name": "@go",
                                "line": 1
                            },
                            {
                                "name": "@document",
                                "line": 1
                            },
                            {
                                "name": "@SEARCH-002",
                                "line": 12
                            }
                        ],
                        "steps": [
                            {
                                "keyword": "Given ",
                                "name": "a Word paragraph containing \"ß\"",
                                "line": 14,
                                "match": {
                                    "location": "search_policy_test.go:41"
                                },
                                "result": {
                                    "status": "passed",
                                    "duration": 308502
                                }
                            },
                            {
                                "keyword": "When ",
                                "name": "I search with normalisation for \"s\"",
                                "line": 15,
                                "match": {
                                    "location": "search_policy_test.go:43"
                                },
                                "result": {
                                    "status": "passed",
                                    "duration": 39572
                                }
                            },
                            {
                                "keyword": "Then ",
                                "name": "normalised search returns no partial-character target",
                                "line": 16,
                                "match": {
                                    "location": "search_policy_test.go:55"
                                },
                                "result": {
                                    "status": "passed",
                                    "duration": 31004
                                }
                            }
                        ]
                    },
                    {
                        "id": "explicit-word-search-policy-and-context-ranking;near-ranks-every-candidate-but-does-not-discard-distant-matches",
                        "keyword": "Scenario",
                        "name": "Near ranks every candidate but does not discard distant matches",
                        "description": "",
                        "line": 19,
                        "type": "scenario",
                        "tags": [
                            {
                                "name": "@implemented",
                                "line": 1
                            },
                            {
                                "name": "@go",
                                "line": 1
                            },
                            {
                                "name": "@document",
                                "line": 1
                            },
                            {
                                "name": "@SEARCH-003",
                                "line": 18
                            }
                        ],
                        "steps": [
                            {
                                "keyword": "Given ",
                                "name": "Word search paragraphs \"red far\" and \"red context\"",
                                "line": 20,
                                "match": {
                                    "location": "search_policy_test.go:42"
                                },
                                "result": {
                                    "status": "passed",
                                    "duration": 551013
                                }
                            },
                            {
                                "keyword": "When ",
                                "name": "I rank matches for \"red\" near \"context\"",
                                "line": 21,
                                "match": {
                                    "location": "search_policy_test.go:61"
                                },
                                "result": {
                                    "status": "passed",
                                    "duration": 41650
                                }
                            },
                            {
                                "keyword": "Then ",
                                "name": "both candidates remain and the contextual paragraph ranks first",
                                "line": 22,
                                "match": {
                                    "location": "search_policy_test.go:66"
                                },
                                "result": {
                                    "status": "passed",
                                    "duration": 133507
                                }
                            }
                        ]
                    },
                    {
                        "id": "explicit-word-search-policy-and-context-ranking;conflicting-positional-and-contextual-selectors-refuse",
                        "keyword": "Scenario",
                        "name": "Conflicting positional and contextual selectors refuse",
                        "description": "",
                        "line": 25,
                        "type": "scenario",
                        "tags": [
                            {
                                "name": "@implemented",
                                "line": 1
                            },
                            {
                                "name": "@go",
                                "line": 1
                            },
                            {
                                "name": "@document",
                                "line": 1
                            },
                            {
                                "name": "@SEARCH-004",
                                "line": 24
                            }
                        ],
                        "steps": [
                            {
                                "keyword": "Given ",
                                "name": "a Word paragraph containing \"red red\"",
                                "line": 26,
                                "match": {
                                    "location": "search_policy_test.go:41"
                                },
                                "result": {
                                    "status": "passed",
                                    "duration": 302931
                                }
                            },
                            {
                                "keyword": "When ",
                                "name": "I combine an explicit occurrence with contextual ranking",
                                "line": 27,
                                "match": {
                                    "location": "search_policy_test.go:82"
                                },
                                "result": {
                                    "status": "passed",
                                    "duration": 53822
                                }
                            },
                            {
                                "keyword": "Then ",
                                "name": "the search argument conflict is reported",
                                "line": 28,
                                "match": {
                                    "location": "search_policy_test.go:86"
                                },
                                "result": {
                                    "status": "passed",
                                    "duration": 26403
                                }
                            }
                        ]
                    }
                ]
            },
            {
                "uri": "../features/implemented/document/span-guards.feature",
                "id": "hidden-run-content-cannot-be-crossed-by-word-text-edits",
                "keyword": "Feature",
                "name": "Hidden run content cannot be crossed by Word text edits",
                "description": "  Text matching does not grant authority to cross non-text content or differing namespace semantics.",
                "line": 2,
                "tags": [
                    {
                        "name": "@implemented",
                        "line": 1
                    },
                    {
                        "name": "@go",
                        "line": 1
                    },
                    {
                        "name": "@document",
                        "line": 1
                    }
                ],
                "elements": [
                    {
                        "id": "hidden-run-content-cannot-be-crossed-by-word-text-edits;a-drawing-only-run-inside-a-changed-interval-refuses-replacement",
                        "keyword": "Scenario",
                        "name": "A drawing-only run inside a changed interval refuses replacement",
                        "description": "",
                        "line": 6,
                        "type": "scenario",
                        "tags": [
                            {
                                "name": "@implemented",
                                "line": 1
                            },
                            {
                                "name": "@go",
                                "line": 1
                            },
                            {
                                "name": "@document",
                                "line": 1
                            },
                            {
                                "name": "@GUARD-001",
                                "line": 5
                            }
                        ],
                        "steps": [
                            {
                                "keyword": "Given ",
                                "name": "Word text split around a drawing-only run",
                                "line": 7,
                                "match": {
                                    "location": "span_guards_test.go:38"
                                },
                                "result": {
                                    "status": "passed",
                                    "duration": 282324
                                }
                            },
                            {
                                "keyword": "When ",
                                "name": "I attempt the matched cross-run correction",
                                "line": 8,
                                "match": {
                                    "location": "span_guards_test.go:42"
                                },
                                "result": {
                                    "status": "passed",
                                    "duration": 124699
                                }
                            },
                            {
                                "keyword": "Then ",
                                "name": "the hidden-content correction refuses without changing the archive",
                                "line": 9,
                                "match": {
                                    "location": "span_guards_test.go:58"
                                },
                                "result": {
                                    "status": "failed",
                                    "error_message": "expected guard refusal, got \u003cnil\u003e",
                                    "duration": 31233
                                }
                            }
                        ]
                    },
                    {
                        "id": "hidden-run-content-cannot-be-crossed-by-word-text-edits;lexically-equal-properties-with-different-namespace-bindings-refuse-insertion",
                        "keyword": "Scenario",
                        "name": "Lexically equal properties with different namespace bindings refuse insertion",
                        "description": "",
                        "line": 12,
                        "type": "scenario",
                        "tags": [
                            {
                                "name": "@implemented",
                                "line": 1
                            },
                            {
                                "name": "@go",
                                "line": 1
                            },
                            {
                                "name": "@document",
                                "line": 1
                            },
                            {
                                "name": "@GUARD-002",
                                "line": 11
                            }
                        ],
                        "steps": [
                            {
                                "keyword": "Given ",
                                "name": "boundary runs with equal property bytes but different prefix bindings",
                                "line": 13,
                                "match": {
                                    "location": "span_guards_test.go:39"
                                },
                                "result": {
                                    "status": "passed",
                                    "duration": 365311
                                }
                            },
                            {
                                "keyword": "When ",
                                "name": "I attempt the matched boundary insertion",
                                "line": 14,
                                "match": {
                                    "location": "span_guards_test.go:50"
                                },
                                "result": {
                                    "status": "passed",
                                    "duration": 164204
                                }
                            },
                            {
                                "keyword": "Then ",
                                "name": "the hidden-content correction refuses without changing the archive",
                                "line": 15,
                                "match": {
                                    "location": "span_guards_test.go:58"
                                },
                                "result": {
                                    "status": "failed",
                                    "error_message": "expected guard refusal, got \u003cnil\u003e",
                                    "duration": 35426
                                }
                            }
                        ]
                    }
                ]
            },
            {
                "uri": "../features/implemented/package/structure.feature",
                "id": "local-and-central-zip-structures-agree",
                "keyword": "Feature",
                "name": "Local and central ZIP structures agree",
                "description": "  Member identity cannot change between directory lookup and payload reading.",
                "line": 2,
                "tags": [
                    {
                        "name": "@implemented",
                        "line": 1
                    },
                    {
                        "name": "@go",
                        "line": 1
                    },
                    {
                        "name": "@package",
                        "line": 1
                    }
                ],
                "elements": [
                    {
                        "id": "local-and-central-zip-structures-agree;disagreeing-local-headers-refuse-before-reading-xml;;2",
                        "keyword": "Scenario Outline",
                        "name": "Disagreeing local headers refuse before reading XML",
                        "description": "",
                        "line": 13,
                        "type": "scenario",
                        "tags": [
                            {
                                "name": "@implemented",
                                "line": 1
                            },
                            {
                                "name": "@go",
                                "line": 1
                            },
                            {
                                "name": "@package",
                                "line": 1
                            },
                            {
                                "name": "@ZIP-001",
                                "line": 5
                            }
                        ],
                        "steps": [
                            {
                                "keyword": "Given ",
                                "name": "a synthetic archive with a mismatched local \"name\"",
                                "line": 7,
                                "match": {
                                    "location": "io_test.go:158"
                                },
                                "result": {
                                    "status": "passed",
                                    "duration": 165398
                                }
                            },
                            {
                                "keyword": "When ",
                                "name": "I attempt to open the synthetic archive",
                                "line": 8,
                                "match": {
                                    "location": "io_test.go:180"
                                },
                                "result": {
                                    "status": "passed",
                                    "duration": 35251
                                }
                            },
                            {
                                "keyword": "Then ",
                                "name": "archive intake fails without changing the source bytes",
                                "line": 9,
                                "match": {
                                    "location": "io_test.go:181"
                                },
                                "result": {
                                    "status": "passed",
                                    "duration": 26412
                                }
                            }
                        ]
                    },
                    {
                        "id": "local-and-central-zip-structures-agree;disagreeing-local-headers-refuse-before-reading-xml;;3",
                        "keyword": "Scenario Outline",
                        "name": "Disagreeing local headers refuse before reading XML",
                        "description": "",
                        "line": 14,
                        "type": "scenario",
                        "tags": [
                            {
                                "name": "@implemented",
                                "line": 1
                            },
                            {
                                "name": "@go",
                                "line": 1
                            },
                            {
                                "name": "@package",
                                "line": 1
                            },
                            {
                                "name": "@ZIP-001",
                                "line": 5
                            }
                        ],
                        "steps": [
                            {
                                "keyword": "Given ",
                                "name": "a synthetic archive with a mismatched local \"method\"",
                                "line": 7,
                                "match": {
                                    "location": "io_test.go:158"
                                },
                                "result": {
                                    "status": "passed",
                                    "duration": 388003
                                }
                            },
                            {
                                "keyword": "When ",
                                "name": "I attempt to open the synthetic archive",
                                "line": 8,
                                "match": {
                                    "location": "io_test.go:180"
                                },
                                "result": {
                                    "status": "passed",
                                    "duration": 38292
                                }
                            },
                            {
                                "keyword": "Then ",
                                "name": "archive intake fails without changing the source bytes",
                                "line": 9,
                                "match": {
                                    "location": "io_test.go:181"
                                },
                                "result": {
                                    "status": "passed",
                                    "duration": 26271
                                }
                            }
                        ]
                    },
                    {
                        "id": "local-and-central-zip-structures-agree;disagreeing-local-headers-refuse-before-reading-xml;;4",
                        "keyword": "Scenario Outline",
                        "name": "Disagreeing local headers refuse before reading XML",
                        "description": "",
                        "line": 15,
                        "type": "scenario",
                        "tags": [
                            {
                                "name": "@implemented",
                                "line": 1
                            },
                            {
                                "name": "@go",
                                "line": 1
                            },
                            {
                                "name": "@package",
                                "line": 1
                            },
                            {
                                "name": "@ZIP-001",
                                "line": 5
                            }
                        ],
                        "steps": [
                            {
                                "keyword": "Given ",
                                "name": "a synthetic archive with a mismatched local \"flags\"",
                                "line": 7,
                                "match": {
                                    "location": "io_test.go:158"
                                },
                                "result": {
                                    "status": "passed",
                                    "duration": 127089
                                }
                            },
                            {
                                "keyword": "When ",
                                "name": "I attempt to open the synthetic archive",
                                "line": 8,
                                "match": {
                                    "location": "io_test.go:180"
                                },
                                "result": {
                                    "status": "passed",
                                    "duration": 28070
                                }
                            },
                            {
                                "keyword": "Then ",
                                "name": "archive intake fails without changing the source bytes",
                                "line": 9,
                                "match": {
                                    "location": "io_test.go:181"
                                },
                                "result": {
                                    "status": "passed",
                                    "duration": 25904
                                }
                            }
                        ]
                    },
                    {
                        "id": "local-and-central-zip-structures-agree;an-adjusted-archive-prefix-refuses-standalone-package-intake",
                        "keyword": "Scenario",
                        "name": "An adjusted archive prefix refuses standalone package intake",
                        "description": "",
                        "line": 18,
                        "type": "scenario",
                        "tags": [
                            {
                                "name": "@implemented",
                                "line": 1
                            },
                            {
                                "name": "@go",
                                "line": 1
                            },
                            {
                                "name": "@package",
                                "line": 1
                            },
                            {
                                "name": "@ZIP-002",
                                "line": 17
                            }
                        ],
                        "steps": [
                            {
                                "keyword": "Given ",
                                "name": "a synthetic archive with an adjusted prepended prefix",
                                "line": 19,
                                "match": {
                                    "location": "io_test.go:132"
                                },
                                "result": {
                                    "status": "passed",
                                    "duration": 428521
                                }
                            },
                            {
                                "keyword": "When ",
                                "name": "I attempt to open the synthetic archive",
                                "line": 20,
                                "match": {
                                    "location": "io_test.go:180"
                                },
                                "result": {
                                    "status": "passed",
                                    "duration": 61336
                                }
                            },
                            {
                                "keyword": "Then ",
                                "name": "archive intake fails without changing the source bytes",
                                "line": 21,
                                "match": {
                                    "location": "io_test.go:181"
                                },
                                "result": {
                                    "status": "passed",
                                    "duration": 44702
                                }
                            }
                        ]
                    }
                ]
            },
            {
                "uri": "../features/implemented/package/attributes.feature",
                "id": "lossless-xml-attribute-edits",
                "keyword": "Feature",
                "name": "Lossless XML attribute edits",
                "description": "  Attribute edits preserve unrelated start-tag bytes and cannot alter namespace bindings.",
                "line": 2,
                "tags": [
                    {
                        "name": "@implemented",
                        "line": 1
                    },
                    {
                        "name": "@go",
                        "line": 1
                    },
                    {
                        "name": "@package",
                        "line": 1
                    }
                ],
                "elements": [
                    {
                        "id": "lossless-xml-attribute-edits;add-a-namespaced-attribute-using-an-existing-binding",
                        "keyword": "Scenario",
                        "name": "Add a namespaced attribute using an existing binding",
                        "description": "",
                        "line": 6,
                        "type": "scenario",
                        "tags": [
                            {
                                "name": "@implemented",
                                "line": 1
                            },
                            {
                                "name": "@go",
                                "line": 1
                            },
                            {
                                "name": "@package",
                                "line": 1
                            },
                            {
                                "name": "@ATTR-001",
                                "line": 5
                            }
                        ],
                        "steps": [
                            {
                                "keyword": "Given ",
                                "name": "XML with a text element and unrelated attributes",
                                "line": 7,
                                "match": {
                                    "location": "attributes_test.go:25"
                                },
                                "result": {
                                    "status": "passed",
                                    "duration": 39512
                                }
                            },
                            {
                                "keyword": "When ",
                                "name": "I add XML space preservation and replace its text",
                                "line": 8,
                                "match": {
                                    "location": "attributes_test.go:34"
                                },
                                "result": {
                                    "status": "passed",
                                    "duration": 29325
                                }
                            },
                            {
                                "keyword": "Then ",
                                "name": "the original start-tag attributes retain their bytes",
                                "line": 9,
                                "match": {
                                    "location": "attributes_test.go:39"
                                },
                                "result": {
                                    "status": "passed",
                                    "duration": 26453
                                }
                            },
                            {
                                "keyword": "And ",
                                "name": "only the requested attribute and text are changed",
                                "line": 10,
                                "match": {
                                    "location": "attributes_test.go:45"
                                },
                                "result": {
                                    "status": "passed",
                                    "duration": 18567
                                }
                            }
                        ]
                    },
                    {
                        "id": "lossless-xml-attribute-edits;a-namespace-changing-batch-refuses-without-changing-the-snapshot",
                        "keyword": "Scenario",
                        "name": "A namespace-changing batch refuses without changing the snapshot",
                        "description": "",
                        "line": 13,
                        "type": "scenario",
                        "tags": [
                            {
                                "name": "@implemented",
                                "line": 1
                            },
                            {
                                "name": "@go",
                                "line": 1
                            },
                            {
                                "name": "@package",
                                "line": 1
                            },
                            {
                                "name": "@ATTR-002",
                                "line": 12
                            }
                        ],
                        "steps": [
                            {
                                "keyword": "Given ",
                                "name": "XML with a text element and unrelated attributes",
                                "line": 14,
                                "match": {
                                    "location": "attributes_test.go:25"
                                },
                                "result": {
                                    "status": "passed",
                                    "duration": 74586
                                }
                            },
                            {
                                "keyword": "When ",
                                "name": "an attribute edit attempts to change a namespace declaration",
                                "line": 15,
                                "match": {
                                    "location": "attributes_test.go:52"
                                },
                                "result": {
                                    "status": "passed",
                                    "duration": 44014
                                }
                            },
                            {
                                "keyword": "Then ",
                                "name": "the attribute batch refuses and the original snapshot remains reusable",
                                "line": 16,
                                "match": {
                                    "location": "attributes_test.go:56"
                                },
                                "result": {
                                    "status": "passed",
                                    "duration": 60668
                                }
                            }
                        ]
                    }
                ]
            },
            {
                "uri": "../features/implemented/package/xml.feature",
                "id": "lossless-namespace-aware-xml-leaf-edits",
                "keyword": "Feature",
                "name": "Lossless namespace-aware XML leaf edits",
                "description": "  XML inspection identifies expanded names while edits retain unrelated source bytes.",
                "line": 2,
                "tags": [
                    {
                        "name": "@implemented",
                        "line": 1
                    },
                    {
                        "name": "@go",
                        "line": 1
                    },
                    {
                        "name": "@package",
                        "line": 1
                    }
                ],
                "elements": [
                    {
                        "id": "lossless-namespace-aware-xml-leaf-edits;editing-a-text-leaf-preserves-unknown-markup-and-namespace-context",
                        "keyword": "Scenario",
                        "name": "Editing a text leaf preserves unknown markup and namespace context",
                        "description": "",
                        "line": 6,
                        "type": "scenario",
                        "tags": [
                            {
                                "name": "@implemented",
                                "line": 1
                            },
                            {
                                "name": "@go",
                                "line": 1
                            },
                            {
                                "name": "@package",
                                "line": 1
                            },
                            {
                                "name": "@XML-001",
                                "line": 5
                            }
                        ],
                        "steps": [
                            {
                                "keyword": "Given ",
                                "name": "XML with prefixed text and an opaque extension",
                                "line": 7,
                                "match": {
                                    "location": "xml_test.go:36"
                                },
                                "result": {
                                    "status": "passed",
                                    "duration": 63005
                                }
                            },
                            {
                                "keyword": "When ",
                                "name": "I replace the selected text leaf with \"A\u0026B \u003cnew\u003e\"",
                                "line": 8,
                                "match": {
                                    "location": "xml_test.go:43"
                                },
                                "result": {
                                    "status": "passed",
                                    "duration": 38210
                                }
                            },
                            {
                                "keyword": "Then ",
                                "name": "only the leaf character-data bytes change",
                                "line": 9,
                                "match": {
                                    "location": "xml_test.go:51"
                                },
                                "result": {
                                    "status": "passed",
                                    "duration": 17631
                                }
                            },
                            {
                                "keyword": "And ",
                                "name": "the replacement decodes to \"A\u0026B \u003cnew\u003e\"",
                                "line": 10,
                                "match": {
                                    "location": "xml_test.go:61"
                                },
                                "result": {
                                    "status": "passed",
                                    "duration": 22513
                                }
                            }
                        ]
                    },
                    {
                        "id": "lossless-namespace-aware-xml-leaf-edits;namespace-invalid-xml-is-rejected;;2",
                        "keyword": "Scenario Outline",
                        "name": "Namespace-invalid XML is rejected",
                        "description": "",
                        "line": 20,
                        "type": "scenario",
                        "tags": [
                            {
                                "name": "@implemented",
                                "line": 1
                            },
                            {
                                "name": "@go",
                                "line": 1
                            },
                            {
                                "name": "@package",
                                "line": 1
                            },
                            {
                                "name": "@XML-002",
                                "line": 12
                            }
                        ],
                        "steps": [
                            {
                                "keyword": "Given ",
                                "name": "XML with \"undeclared element prefix\"",
                                "line": 14,
                                "match": {
                                    "location": "xml_test.go:76"
                                },
                                "result": {
                                    "status": "passed",
                                    "duration": 35874
                                }
                            },
                            {
                                "keyword": "When ",
                                "name": "I parse the XML for lossless editing",
                                "line": 15,
                                "match": {
                                    "location": "xml_test.go:86"
                                },
                                "result": {
                                    "status": "passed",
                                    "duration": 28757
                                }
                            },
                            {
                                "keyword": "Then ",
                                "name": "parsing refuses without changing the source",
                                "line": 16,
                                "match": {
                                    "location": "xml_test.go:87"
                                },
                                "result": {
                                    "status": "passed",
                                    "duration": 25500
                                }
                            }
                        ]
                    },
                    {
                        "id": "lossless-namespace-aware-xml-leaf-edits;namespace-invalid-xml-is-rejected;;3",
                        "keyword": "Scenario Outline",
                        "name": "Namespace-invalid XML is rejected",
                        "description": "",
                        "line": 21,
                        "type": "scenario",
                        "tags": [
                            {
                                "name": "@implemented",
                                "line": 1
                            },
                            {
                                "name": "@go",
                                "line": 1
                            },
                            {
                                "name": "@package",
                                "line": 1
                            },
                            {
                                "name": "@XML-002",
                                "line": 12
                            }
                        ],
                        "steps": [
                            {
                                "keyword": "Given ",
                                "name": "XML with \"undeclared attribute prefix\"",
                                "line": 14,
                                "match": {
                                    "location": "xml_test.go:76"
                                },
                                "result": {
                                    "status": "passed",
                                    "duration": 78066
                                }
                            },
                            {
                                "keyword": "When ",
                                "name": "I parse the XML for lossless editing",
                                "line": 15,
                                "match": {
                                    "location": "xml_test.go:86"
                                },
                                "result": {
                                    "status": "passed",
                                    "duration": 44781
                                }
                            },
                            {
                                "keyword": "Then ",
                                "name": "parsing refuses without changing the source",
                                "line": 16,
                                "match": {
                                    "location": "xml_test.go:87"
                                },
                                "result": {
                                    "status": "passed",
                                    "duration": 163478
                                }
                            }
                        ]
                    },
                    {
                        "id": "lossless-namespace-aware-xml-leaf-edits;namespace-invalid-xml-is-rejected;;4",
                        "keyword": "Scenario Outline",
                        "name": "Namespace-invalid XML is rejected",
                        "description": "",
                        "line": 22,
                        "type": "scenario",
                        "tags": [
                            {
                                "name": "@implemented",
                                "line": 1
                            },
                            {
                                "name": "@go",
                                "line": 1
                            },
                            {
                                "name": "@package",
                                "line": 1
                            },
                            {
                                "name": "@XML-002",
                                "line": 12
                            }
                        ],
                        "steps": [
                            {
                                "keyword": "Given ",
                                "name": "XML with \"duplicate expanded attribute\"",
                                "line": 14,
                                "match": {
                                    "location": "xml_test.go:76"
                                },
                                "result": {
                                    "status": "passed",
                                    "duration": 59410
                                }
                            },
                            {
                                "keyword": "When ",
                                "name": "I parse the XML for lossless editing",
                                "line": 15,
                                "match": {
                                    "location": "xml_test.go:86"
                                },
                                "result": {
                                    "status": "passed",
                                    "duration": 38606
                                }
                            },
                            {
                                "keyword": "Then ",
                                "name": "parsing refuses without changing the source",
                                "line": 16,
                                "match": {
                                    "location": "xml_test.go:87"
                                },
                                "result": {
                                    "status": "passed",
                                    "duration": 22884
                                }
                            }
                        ]
                    },
                    {
                        "id": "lossless-namespace-aware-xml-leaf-edits;namespace-invalid-xml-is-rejected;;5",
                        "keyword": "Scenario Outline",
                        "name": "Namespace-invalid XML is rejected",
                        "description": "",
                        "line": 23,
                        "type": "scenario",
                        "tags": [
                            {
                                "name": "@implemented",
                                "line": 1
                            },
                            {
                                "name": "@go",
                                "line": 1
                            },
                            {
                                "name": "@package",
                                "line": 1
                            },
                            {
                                "name": "@XML-002",
                                "line": 12
                            }
                        ],
                        "steps": [
                            {
                                "keyword": "Given ",
                                "name": "XML with \"invalid xml binding\"",
                                "line": 14,
                                "match": {
                                    "location": "xml_test.go:76"
                                },
                                "result": {
                                    "status": "passed",
                                    "duration": 36142
                                }
                            },
                            {
                                "keyword": "When ",
                                "name": "I parse the XML for lossless editing",
                                "line": 15,
                                "match": {
                                    "location": "xml_test.go:86"
                                },
                                "result": {
                                    "status": "passed",
                                    "duration": 29069
                                }
                            },
                            {
                                "keyword": "Then ",
                                "name": "parsing refuses without changing the source",
                                "line": 16,
                                "match": {
                                    "location": "xml_test.go:87"
                                },
                                "result": {
                                    "status": "passed",
                                    "duration": 24322
                                }
                            }
                        ]
                    },
                    {
                        "id": "lossless-namespace-aware-xml-leaf-edits;namespace-invalid-xml-is-rejected;;6",
                        "keyword": "Scenario Outline",
                        "name": "Namespace-invalid XML is rejected",
                        "description": "",
                        "line": 24,
                        "type": "scenario",
                        "tags": [
                            {
                                "name": "@implemented",
                                "line": 1
                            },
                            {
                                "name": "@go",
                                "line": 1
                            },
                            {
                                "name": "@package",
                                "line": 1
                            },
                            {
                                "name": "@XML-002",
                                "line": 12
                            }
                        ],
                        "steps": [
                            {
                                "keyword": "Given ",
                                "name": "XML with \"mismatched end prefix\"",
                                "line": 14,
                                "match": {
                                    "location": "xml_test.go:76"
                                },
                                "result": {
                                    "status": "passed",
                                    "duration": 59211
                                }
                            },
                            {
                                "keyword": "When ",
                                "name": "I parse the XML for lossless editing",
                                "line": 15,
                                "match": {
                                    "location": "xml_test.go:86"
                                },
                                "result": {
                                    "status": "passed",
                                    "duration": 49267
                                }
                            },
                            {
                                "keyword": "Then ",
                                "name": "parsing refuses without changing the source",
                                "line": 16,
                                "match": {
                                    "location": "xml_test.go:87"
                                },
                                "result": {
                                    "status": "passed",
                                    "duration": 35797
                                }
                            }
                        ]
                    },
                    {
                        "id": "lossless-namespace-aware-xml-leaf-edits;a-foreign-target-refuses-the-entire-edit-batch",
                        "keyword": "Scenario",
                        "name": "A foreign target refuses the entire edit batch",
                        "description": "",
                        "line": 27,
                        "type": "scenario",
                        "tags": [
                            {
                                "name": "@implemented",
                                "line": 1
                            },
                            {
                                "name": "@go",
                                "line": 1
                            },
                            {
                                "name": "@package",
                                "line": 1
                            },
                            {
                                "name": "@XML-003",
                                "line": 26
                            }
                        ],
                        "steps": [
                            {
                                "keyword": "Given ",
                                "name": "XML with prefixed text and an opaque extension",
                                "line": 28,
                                "match": {
                                    "location": "xml_test.go:36"
                                },
                                "result": {
                                    "status": "passed",
                                    "duration": 272253
                                }
                            },
                            {
                                "keyword": "When ",
                                "name": "an edit batch contains a target from another parsed document",
                                "line": 29,
                                "match": {
                                    "location": "xml_test.go:96"
                                },
                                "result": {
                                    "status": "passed",
                                    "duration": 40400
                                }
                            },
                            {
                                "keyword": "Then ",
                                "name": "the batch refuses and a valid target remains reusable",
                                "line": 30,
                                "match": {
                                    "location": "xml_test.go:112"
                                },
                                "result": {
                                    "status": "passed",
                                    "duration": 23542
                                }
                            }
                        ]
                    }
                ]
            },
            {
                "uri": "../features/implemented/document/stories.feature",
                "id": "read-only-word-story-projections",
                "keyword": "Feature",
                "name": "Read-only Word story projections",
                "description": "  Inspection includes related stories and nested paragraphs without double-counting.",
                "line": 2,
                "tags": [
                    {
                        "name": "@implemented",
                        "line": 1
                    },
                    {
                        "name": "@go",
                        "line": 1
                    },
                    {
                        "name": "@document",
                        "line": 1
                    }
                ],
                "elements": [
                    {
                        "id": "read-only-word-story-projections;revision-view-selects-the-appropriate-visible-text;;2",
                        "keyword": "Scenario Outline",
                        "name": "Revision view selects the appropriate visible text",
                        "description": "",
                        "line": 15,
                        "type": "scenario",
                        "tags": [
                            {
                                "name": "@implemented",
                                "line": 1
                            },
                            {
                                "name": "@go",
                                "line": 1
                            },
                            {
                                "name": "@document",
                                "line": 1
                            },
                            {
                                "name": "@STORY-001",
                                "line": 5
                            }
                        ],
                        "steps": [
                            {
                                "keyword": "Given ",
                                "name": "a Word document with body revisions and a related header",
                                "line": 7,
                                "match": {
                                    "location": "stories_test.go:43"
                                },
                                "result": {
                                    "status": "passed",
                                    "duration": 310072
                                }
                            },
                            {
                                "keyword": "When ",
                                "name": "I inspect its \"current\" story view",
                                "line": 8,
                                "match": {
                                    "location": "stories_test.go:45"
                                },
                                "result": {
                                    "status": "passed",
                                    "duration": 73918
                                }
                            },
                            {
                                "keyword": "Then ",
                                "name": "the body paragraph reads \"base new\"",
                                "line": 9,
                                "match": {
                                    "location": "stories_test.go:58"
                                },
                                "result": {
                                    "status": "passed",
                                    "duration": 15521
                                }
                            },
                            {
                                "keyword": "And ",
                                "name": "the related header paragraph reads \"Header text\"",
                                "line": 10,
                                "match": {
                                    "location": "stories_test.go:59"
                                },
                                "result": {
                                    "status": "passed",
                                    "duration": 18850
                                }
                            },
                            {
                                "keyword": "And ",
                                "name": "story inspection leaves the source archive unchanged",
                                "line": 11,
                                "match": {
                                    "location": "stories_test.go:62"
                                },
                                "result": {
                                    "status": "passed",
                                    "duration": 2547805
                                }
                            }
                        ]
                    },
                    {
                        "id": "read-only-word-story-projections;revision-view-selects-the-appropriate-visible-text;;3",
                        "keyword": "Scenario Outline",
                        "name": "Revision view selects the appropriate visible text",
                        "description": "",
                        "line": 16,
                        "type": "scenario",
                        "tags": [
                            {
                                "name": "@implemented",
                                "line": 1
                            },
                            {
                                "name": "@go",
                                "line": 1
                            },
                            {
                                "name": "@document",
                                "line": 1
                            },
                            {
                                "name": "@STORY-001",
                                "line": 5
                            }
                        ],
                        "steps": [
                            {
                                "keyword": "Given ",
                                "name": "a Word document with body revisions and a related header",
                                "line": 7,
                                "match": {
                                    "location": "stories_test.go:43"
                                },
                                "result": {
                                    "status": "passed",
                                    "duration": 3544719
                                }
                            },
                            {
                                "keyword": "When ",
                                "name": "I inspect its \"original\" story view",
                                "line": 8,
                                "match": {
                                    "location": "stories_test.go:45"
                                },
                                "result": {
                                    "status": "passed",
                                    "duration": 313266
                                }
                            },
                            {
                                "keyword": "Then ",
                                "name": "the body paragraph reads \"base old\"",
                                "line": 9,
                                "match": {
                                    "location": "stories_test.go:58"
                                },
                                "result": {
                                    "status": "passed",
                                    "duration": 37786
                                }
                            },
                            {
                                "keyword": "And ",
                                "name": "the related header paragraph reads \"Header text\"",
                                "line": 10,
                                "match": {
                                    "location": "stories_test.go:59"
                                },
                                "result": {
                                    "status": "passed",
                                    "duration": 24120
                                }
                            },
                            {
                                "keyword": "And ",
                                "name": "story inspection leaves the source archive unchanged",
                                "line": 11,
                                "match": {
                                    "location": "stories_test.go:62"
                                },
                                "result": {
                                    "status": "passed",
                                    "duration": 7265195
                                }
                            }
                        ]
                    },
                    {
                        "id": "read-only-word-story-projections;revision-view-selects-the-appropriate-visible-text;;4",
                        "keyword": "Scenario Outline",
                        "name": "Revision view selects the appropriate visible text",
                        "description": "",
                        "line": 17,
                        "type": "scenario",
                        "tags": [
                            {
                                "name": "@implemented",
                                "line": 1
                            },
                            {
                                "name": "@go",
                                "line": 1
                            },
                            {
                                "name": "@document",
                                "line": 1
                            },
                            {
                                "name": "@STORY-001",
                                "line": 5
                            }
                        ],
                        "steps": [
                            {
                                "keyword": "Given ",
                                "name": "a Word document with body revisions and a related header",
                                "line": 7,
                                "match": {
                                    "location": "stories_test.go:43"
                                },
                                "result": {
                                    "status": "passed",
                                    "duration": 1970355
                                }
                            },
                            {
                                "keyword": "When ",
                                "name": "I inspect its \"all\" story view",
                                "line": 8,
                                "match": {
                                    "location": "stories_test.go:45"
                                },
                                "result": {
                                    "status": "passed",
                                    "duration": 265681
                                }
                            },
                            {
                                "keyword": "Then ",
                                "name": "the body paragraph reads \"base oldnew\"",
                                "line": 9,
                                "match": {
                                    "location": "stories_test.go:58"
                                },
                                "result": {
                                    "status": "passed",
                                    "duration": 20412
                                }
                            },
                            {
                                "keyword": "And ",
                                "name": "the related header paragraph reads \"Header text\"",
                                "line": 10,
                                "match": {
                                    "location": "stories_test.go:59"
                                },
                                "result": {
                                    "status": "passed",
                                    "duration": 22052
                                }
                            },
                            {
                                "keyword": "And ",
                                "name": "story inspection leaves the source archive unchanged",
                                "line": 11,
                                "match": {
                                    "location": "stories_test.go:62"
                                },
                                "result": {
                                    "status": "passed",
                                    "duration": 7402286
                                }
                            }
                        ]
                    },
                    {
                        "id": "read-only-word-story-projections;nested-text-box-paragraphs-do-not-duplicate-their-text-in-the-parent",
                        "keyword": "Scenario",
                        "name": "Nested text box paragraphs do not duplicate their text in the parent",
                        "description": "",
                        "line": 20,
                        "type": "scenario",
                        "tags": [
                            {
                                "name": "@implemented",
                                "line": 1
                            },
                            {
                                "name": "@go",
                                "line": 1
                            },
                            {
                                "name": "@document",
                                "line": 1
                            },
                            {
                                "name": "@STORY-002",
                                "line": 19
                            }
                        ],
                        "steps": [
                            {
                                "keyword": "Given ",
                                "name": "a Word document with a nested text box paragraph",
                                "line": 21,
                                "match": {
                                    "location": "stories_test.go:44"
                                },
                                "result": {
                                    "status": "passed",
                                    "duration": 756302
                                }
                            },
                            {
                                "keyword": "When ",
                                "name": "I inspect its \"current\" story view",
                                "line": 22,
                                "match": {
                                    "location": "stories_test.go:45"
                                },
                                "result": {
                                    "status": "passed",
                                    "duration": 119446
                                }
                            },
                            {
                                "keyword": "Then ",
                                "name": "the outer paragraph reads \"Outer\"",
                                "line": 23,
                                "match": {
                                    "location": "stories_test.go:60"
                                },
                                "result": {
                                    "status": "passed",
                                    "duration": 27837
                                }
                            },
                            {
                                "keyword": "And ",
                                "name": "one text-box paragraph reads \"Inner\"",
                                "line": 24,
                                "match": {
                                    "location": "stories_test.go:61"
                                },
                                "result": {
                                    "status": "passed",
                                    "duration": 27109
                                }
                            }
                        ]
                    }
                ]
            },
            {
                "uri": "../features/implemented/package/graph.feature",
                "id": "read-only-relationship-ownership-inspection",
                "keyword": "Feature",
                "name": "Read-only relationship ownership inspection",
                "description": "  Package inspection resolves local ownership without fetching external targets.",
                "line": 2,
                "tags": [
                    {
                        "name": "@implemented",
                        "line": 1
                    },
                    {
                        "name": "@go",
                        "line": 1
                    },
                    {
                        "name": "@package",
                        "line": 1
                    }
                ],
                "elements": [
                    {
                        "id": "read-only-relationship-ownership-inspection;shared-and-external-relationships-retain-distinct-ownership",
                        "keyword": "Scenario",
                        "name": "Shared and external relationships retain distinct ownership",
                        "description": "",
                        "line": 6,
                        "type": "scenario",
                        "tags": [
                            {
                                "name": "@implemented",
                                "line": 1
                            },
                            {
                                "name": "@go",
                                "line": 1
                            },
                            {
                                "name": "@package",
                                "line": 1
                            },
                            {
                                "name": "@GRAPH-001",
                                "line": 5
                            }
                        ],
                        "steps": [
                            {
                                "keyword": "Given ",
                                "name": "a package with two users of one image and an external hyperlink",
                                "line": 7,
                                "match": {
                                    "location": "graph_test.go:89"
                                },
                                "result": {
                                    "status": "passed",
                                    "duration": 3575985
                                }
                            },
                            {
                                "keyword": "When ",
                                "name": "I inspect the retained package relationship graph",
                                "line": 8,
                                "match": {
                                    "location": "graph_test.go:91"
                                },
                                "result": {
                                    "status": "passed",
                                    "duration": 222972
                                }
                            },
                            {
                                "keyword": "Then ",
                                "name": "the image has two incoming relationships",
                                "line": 9,
                                "match": {
                                    "location": "graph_test.go:92"
                                },
                                "result": {
                                    "status": "passed",
                                    "duration": 32124
                                }
                            },
                            {
                                "keyword": "And ",
                                "name": "the hyperlink remains an unresolved external edge",
                                "line": 10,
                                "match": {
                                    "location": "graph_test.go:103"
                                },
                                "result": {
                                    "status": "passed",
                                    "duration": 31923
                                }
                            },
                            {
                                "keyword": "And ",
                                "name": "graph inspection leaves the archive byte-identical",
                                "line": 11,
                                "match": {
                                    "location": "graph_test.go:111"
                                },
                                "result": {
                                    "status": "passed",
                                    "duration": 84786
                                }
                            }
                        ]
                    },
                    {
                        "id": "read-only-relationship-ownership-inspection;ambiguous-or-dangling-registries-refuse-inspection;;2",
                        "keyword": "Scenario Outline",
                        "name": "Ambiguous or dangling registries refuse inspection",
                        "description": "",
                        "line": 21,
                        "type": "scenario",
                        "tags": [
                            {
                                "name": "@implemented",
                                "line": 1
                            },
                            {
                                "name": "@go",
                                "line": 1
                            },
                            {
                                "name": "@package",
                                "line": 1
                            },
                            {
                                "name": "@GRAPH-002",
                                "line": 13
                            }
                        ],
                        "steps": [
                            {
                                "keyword": "Given ",
                                "name": "a relationship package with \"missing target\"",
                                "line": 15,
                                "match": {
                                    "location": "graph_test.go:90"
                                },
                                "result": {
                                    "status": "passed",
                                    "duration": 423215
                                }
                            },
                            {
                                "keyword": "When ",
                                "name": "I inspect the retained package relationship graph",
                                "line": 16,
                                "match": {
                                    "location": "graph_test.go:91"
                                },
                                "result": {
                                    "status": "passed",
                                    "duration": 101928
                                }
                            },
                            {
                                "keyword": "Then ",
                                "name": "graph inspection returns a relationship-policy refusal",
                                "line": 17,
                                "match": {
                                    "location": "graph_test.go:121"
                                },
                                "result": {
                                    "status": "passed",
                                    "duration": 34369
                                }
                            }
                        ]
                    },
                    {
                        "id": "read-only-relationship-ownership-inspection;ambiguous-or-dangling-registries-refuse-inspection;;3",
                        "keyword": "Scenario Outline",
                        "name": "Ambiguous or dangling registries refuse inspection",
                        "description": "",
                        "line": 22,
                        "type": "scenario",
                        "tags": [
                            {
                                "name": "@implemented",
                                "line": 1
                            },
                            {
                                "name": "@go",
                                "line": 1
                            },
                            {
                                "name": "@package",
                                "line": 1
                            },
                            {
                                "name": "@GRAPH-002",
                                "line": 13
                            }
                        ],
                        "steps": [
                            {
                                "keyword": "Given ",
                                "name": "a relationship package with \"duplicate relationship ID\"",
                                "line": 15,
                                "match": {
                                    "location": "graph_test.go:90"
                                },
                                "result": {
                                    "status": "passed",
                                    "duration": 5837056
                                }
                            },
                            {
                                "keyword": "When ",
                                "name": "I inspect the retained package relationship graph",
                                "line": 16,
                                "match": {
                                    "location": "graph_test.go:91"
                                },
                                "result": {
                                    "status": "passed",
                                    "duration": 717408
                                }
                            },
                            {
                                "keyword": "Then ",
                                "name": "graph inspection returns a relationship-policy refusal",
                                "line": 17,
                                "match": {
                                    "location": "graph_test.go:121"
                                },
                                "result": {
                                    "status": "passed",
                                    "duration": 47667
                                }
                            }
                        ]
                    },
                    {
                        "id": "read-only-relationship-ownership-inspection;ambiguous-or-dangling-registries-refuse-inspection;;4",
                        "keyword": "Scenario Outline",
                        "name": "Ambiguous or dangling registries refuse inspection",
                        "description": "",
                        "line": 23,
                        "type": "scenario",
                        "tags": [
                            {
                                "name": "@implemented",
                                "line": 1
                            },
                            {
                                "name": "@go",
                                "line": 1
                            },
                            {
                                "name": "@package",
                                "line": 1
                            },
                            {
                                "name": "@GRAPH-002",
                                "line": 13
                            }
                        ],
                        "steps": [
                            {
                                "keyword": "Given ",
                                "name": "a relationship package with \"escaping target\"",
                                "line": 15,
                                "match": {
                                    "location": "graph_test.go:90"
                                },
                                "result": {
                                    "status": "passed",
                                    "duration": 359991
                                }
                            },
                            {
                                "keyword": "When ",
                                "name": "I inspect the retained package relationship graph",
                                "line": 16,
                                "match": {
                                    "location": "graph_test.go:91"
                                },
                                "result": {
                                    "status": "passed",
                                    "duration": 84475
                                }
                            },
                            {
                                "keyword": "Then ",
                                "name": "graph inspection returns a relationship-policy refusal",
                                "line": 17,
                                "match": {
                                    "location": "graph_test.go:121"
                                },
                                "result": {
                                    "status": "passed",
                                    "duration": 102349
                                }
                            }
                        ]
                    },
                    {
                        "id": "read-only-relationship-ownership-inspection;ambiguous-or-dangling-registries-refuse-inspection;;5",
                        "keyword": "Scenario Outline",
                        "name": "Ambiguous or dangling registries refuse inspection",
                        "description": "",
                        "line": 24,
                        "type": "scenario",
                        "tags": [
                            {
                                "name": "@implemented",
                                "line": 1
                            },
                            {
                                "name": "@go",
                                "line": 1
                            },
                            {
                                "name": "@package",
                                "line": 1
                            },
                            {
                                "name": "@GRAPH-002",
                                "line": 13
                            }
                        ],
                        "steps": [
                            {
                                "keyword": "Given ",
                                "name": "a relationship package with \"duplicate content-type default\"",
                                "line": 15,
                                "match": {
                                    "location": "graph_test.go:90"
                                },
                                "result": {
                                    "status": "passed",
                                    "duration": 324263
                                }
                            },
                            {
                                "keyword": "When ",
                                "name": "I inspect the retained package relationship graph",
                                "line": 16,
                                "match": {
                                    "location": "graph_test.go:91"
                                },
                                "result": {
                                    "status": "passed",
                                    "duration": 51581
                                }
                            },
                            {
                                "keyword": "Then ",
                                "name": "graph inspection returns a relationship-policy refusal",
                                "line": 17,
                                "match": {
                                    "location": "graph_test.go:121"
                                },
                                "result": {
                                    "status": "passed",
                                    "duration": 29897
                                }
                            }
                        ]
                    },
                    {
                        "id": "read-only-relationship-ownership-inspection;ambiguous-or-dangling-registries-refuse-inspection;;6",
                        "keyword": "Scenario Outline",
                        "name": "Ambiguous or dangling registries refuse inspection",
                        "description": "",
                        "line": 25,
                        "type": "scenario",
                        "tags": [
                            {
                                "name": "@implemented",
                                "line": 1
                            },
                            {
                                "name": "@go",
                                "line": 1
                            },
                            {
                                "name": "@package",
                                "line": 1
                            },
                            {
                                "name": "@GRAPH-002",
                                "line": 13
                            }
                        ],
                        "steps": [
                            {
                                "keyword": "Given ",
                                "name": "a relationship package with \"unknown registry extension\"",
                                "line": 15,
                                "match": {
                                    "location": "graph_test.go:90"
                                },
                                "result": {
                                    "status": "passed",
                                    "duration": 737637
                                }
                            },
                            {
                                "keyword": "When ",
                                "name": "I inspect the retained package relationship graph",
                                "line": 16,
                                "match": {
                                    "location": "graph_test.go:91"
                                },
                                "result": {
                                    "status": "passed",
                                    "duration": 119225
                                }
                            },
                            {
                                "keyword": "Then ",
                                "name": "graph inspection returns a relationship-policy refusal",
                                "line": 17,
                                "match": {
                                    "location": "graph_test.go:121"
                                },
                                "result": {
                                    "status": "passed",
                                    "duration": 33025
                                }
                            }
                        ]
                    }
                ]
            },
            {
                "uri": "../features/implemented/package/receipts.feature",
                "id": "retained-source-delivery-receipts",
                "keyword": "Feature",
                "name": "Retained-source delivery receipts",
                "description": "  Receipts describe observed payload changes and failed delivery preserves prior output.",
                "line": 2,
                "tags": [
                    {
                        "name": "@implemented",
                        "line": 1
                    },
                    {
                        "name": "@go",
                        "line": 1
                    },
                    {
                        "name": "@package",
                        "line": 1
                    }
                ],
                "elements": [
                    {
                        "id": "retained-source-delivery-receipts;a-saved-receipt-agrees-with-independent-package-hashes",
                        "keyword": "Scenario",
                        "name": "A saved receipt agrees with independent package hashes",
                        "description": "",
                        "line": 6,
                        "type": "scenario",
                        "tags": [
                            {
                                "name": "@implemented",
                                "line": 1
                            },
                            {
                                "name": "@go",
                                "line": 1
                            },
                            {
                                "name": "@package",
                                "line": 1
                            },
                            {
                                "name": "@RECEIPT-001",
                                "line": 5
                            }
                        ],
                        "steps": [
                            {
                                "keyword": "Given ",
                                "name": "a staged main-part edit with an opaque custom part",
                                "line": 7,
                                "match": {
                                    "location": "receipts_test.go:56"
                                },
                                "result": {
                                    "status": "passed",
                                    "duration": 182059
                                }
                            },
                            {
                                "keyword": "When ",
                                "name": "I save a main-part replacement with a delivery receipt",
                                "line": 8,
                                "match": {
                                    "location": "receipts_test.go:57"
                                },
                                "result": {
                                    "status": "passed",
                                    "duration": 15162096
                                }
                            },
                            {
                                "keyword": "Then ",
                                "name": "the receipt identifies exactly the changed member and both hashes",
                                "line": 9,
                                "match": {
                                    "location": "receipts_test.go:67"
                                },
                                "result": {
                                    "status": "passed",
                                    "duration": 96751
                                }
                            },
                            {
                                "keyword": "And ",
                                "name": "the delivered archive reopens with unchanged opaque bytes",
                                "line": 10,
                                "match": {
                                    "location": "receipts_test.go:90"
                                },
                                "result": {
                                    "status": "passed",
                                    "duration": 103086
                                }
                            }
                        ]
                    },
                    {
                        "id": "retained-source-delivery-receipts;a-directory-destination-refuses-without-consuming-staged-changes",
                        "keyword": "Scenario",
                        "name": "A directory destination refuses without consuming staged changes",
                        "description": "",
                        "line": 13,
                        "type": "scenario",
                        "tags": [
                            {
                                "name": "@implemented",
                                "line": 1
                            },
                            {
                                "name": "@go",
                                "line": 1
                            },
                            {
                                "name": "@package",
                                "line": 1
                            },
                            {
                                "name": "@RECEIPT-002",
                                "line": 12
                            }
                        ],
                        "steps": [
                            {
                                "keyword": "Given ",
                                "name": "a staged main-part edit with an opaque custom part",
                                "line": 14,
                                "match": {
                                    "location": "receipts_test.go:56"
                                },
                                "result": {
                                    "status": "passed",
                                    "duration": 258413
                                }
                            },
                            {
                                "keyword": "When ",
                                "name": "I deliver staged changes to a directory destination",
                                "line": 15,
                                "match": {
                                    "location": "receipts_test.go:109"
                                },
                                "result": {
                                    "status": "passed",
                                    "duration": 109947
                                }
                            },
                            {
                                "keyword": "Then ",
                                "name": "delivery fails without changing the directory",
                                "line": 16,
                                "match": {
                                    "location": "receipts_test.go:118"
                                },
                                "result": {
                                    "status": "passed",
                                    "duration": 36850
                                }
                            },
                            {
                                "keyword": "And ",
                                "name": "the staged change remains available for another save",
                                "line": 17,
                                "match": {
                                    "location": "receipts_test.go:131"
                                },
                                "result": {
                                    "status": "passed",
                                    "duration": 5753025
                                }
                            }
                        ]
                    }
                ]
            },
            {
                "uri": "../features/implemented/package/preservation.feature",
                "id": "retained-source-package-editing",
                "keyword": "Feature",
                "name": "Retained-source package editing",
                "description": "  A bounded part replacement preserves every other source payload.",
                "line": 2,
                "tags": [
                    {
                        "name": "@implemented",
                        "line": 1
                    },
                    {
                        "name": "@go",
                        "line": 1
                    },
                    {
                        "name": "@package",
                        "line": 1
                    }
                ],
                "elements": [
                    {
                        "id": "retained-source-package-editing;a-no-op-save-preserves-the-exact-source-archive",
                        "keyword": "Scenario",
                        "name": "A no-op save preserves the exact source archive",
                        "description": "",
                        "line": 6,
                        "type": "scenario",
                        "tags": [
                            {
                                "name": "@implemented",
                                "line": 1
                            },
                            {
                                "name": "@go",
                                "line": 1
                            },
                            {
                                "name": "@package",
                                "line": 1
                            },
                            {
                                "name": "@SOURCE-001",
                                "line": 5
                            }
                        ],
                        "steps": [
                            {
                                "keyword": "Given ",
                                "name": "an Office source archive with an opaque custom part",
                                "line": 7,
                                "match": {
                                    "location": "preserved_test.go:54"
                                },
                                "result": {
                                    "status": "passed",
                                    "duration": 198174
                                }
                            },
                            {
                                "keyword": "When ",
                                "name": "I open a retained-source editing session and save without edits",
                                "line": 8,
                                "match": {
                                    "location": "preserved_test.go:55"
                                },
                                "result": {
                                    "status": "passed",
                                    "duration": 41667
                                }
                            },
                            {
                                "keyword": "Then ",
                                "name": "the output archive is byte-identical to the source",
                                "line": 9,
                                "match": {
                                    "location": "preserved_test.go:56"
                                },
                                "result": {
                                    "status": "passed",
                                    "duration": 22116
                                }
                            }
                        ]
                    },
                    {
                        "id": "retained-source-package-editing;replacing-one-part-leaves-all-other-member-payloads-unchanged",
                        "keyword": "Scenario",
                        "name": "Replacing one part leaves all other member payloads unchanged",
                        "description": "",
                        "line": 12,
                        "type": "scenario",
                        "tags": [
                            {
                                "name": "@implemented",
                                "line": 1
                            },
                            {
                                "name": "@go",
                                "line": 1
                            },
                            {
                                "name": "@package",
                                "line": 1
                            },
                            {
                                "name": "@SOURCE-002",
                                "line": 11
                            }
                        ],
                        "steps": [
                            {
                                "keyword": "Given ",
                                "name": "an Office source archive with an opaque custom part",
                                "line": 13,
                                "match": {
                                    "location": "preserved_test.go:54"
                                },
                                "result": {
                                    "status": "passed",
                                    "duration": 514838
                                }
                            },
                            {
                                "keyword": "When ",
                                "name": "I replace the main XML part using its current fingerprint",
                                "line": 14,
                                "match": {
                                    "location": "preserved_test.go:62"
                                },
                                "result": {
                                    "status": "passed",
                                    "duration": 131336
                                }
                            },
                            {
                                "keyword": "Then ",
                                "name": "only that member payload changes after saving",
                                "line": 15,
                                "match": {
                                    "location": "preserved_test.go:73"
                                },
                                "result": {
                                    "status": "passed",
                                    "duration": 84123
                                }
                            },
                            {
                                "keyword": "And ",
                                "name": "the retained source bytes remain unchanged",
                                "line": 16,
                                "match": {
                                    "location": "preserved_test.go:100"
                                },
                                "result": {
                                    "status": "passed",
                                    "duration": 30046
                                }
                            }
                        ]
                    },
                    {
                        "id": "retained-source-package-editing;a-stale-replacement-batch-leaves-all-parts-unchanged",
                        "keyword": "Scenario",
                        "name": "A stale replacement batch leaves all parts unchanged",
                        "description": "",
                        "line": 19,
                        "type": "scenario",
                        "tags": [
                            {
                                "name": "@implemented",
                                "line": 1
                            },
                            {
                                "name": "@go",
                                "line": 1
                            },
                            {
                                "name": "@package",
                                "line": 1
                            },
                            {
                                "name": "@SOURCE-003",
                                "line": 18
                            }
                        ],
                        "steps": [
                            {
                                "keyword": "Given ",
                                "name": "an Office source archive with an opaque custom part",
                                "line": 20,
                                "match": {
                                    "location": "preserved_test.go:54"
                                },
                                "result": {
                                    "status": "passed",
                                    "duration": 214001
                                }
                            },
                            {
                                "keyword": "When ",
                                "name": "I request two replacements with one stale fingerprint",
                                "line": 21,
                                "match": {
                                    "location": "preserved_test.go:106"
                                },
                                "result": {
                                    "status": "passed",
                                    "duration": 41733
                                }
                            },
                            {
                                "keyword": "Then ",
                                "name": "the batch returns a stale-target refusal",
                                "line": 22,
                                "match": {
                                    "location": "preserved_test.go:114"
                                },
                                "result": {
                                    "status": "passed",
                                    "duration": 20602
                                }
                            },
                            {
                                "keyword": "And ",
                                "name": "the session still saves the exact original archive",
                                "line": 23,
                                "match": {
                                    "location": "preserved_test.go:121"
                                },
                                "result": {
                                    "status": "passed",
                                    "duration": 22349
                                }
                            }
                        ]
                    }
                ]
            },
            {
                "uri": "../features/implemented/document/run-boundary.feature",
                "id": "word-insertion-at-run-boundaries",
                "keyword": "Feature",
                "name": "Word insertion at run boundaries",
                "description": "  Insertion needs identical complete direct formatting and a proved shared owner.",
                "line": 2,
                "tags": [
                    {
                        "name": "@implemented",
                        "line": 1
                    },
                    {
                        "name": "@go",
                        "line": 1
                    },
                    {
                        "name": "@document",
                        "line": 1
                    }
                ],
                "elements": [
                    {
                        "id": "word-insertion-at-run-boundaries;identically-formatted-adjacent-runs-allow-a-boundary-insertion",
                        "keyword": "Scenario",
                        "name": "Identically formatted adjacent runs allow a boundary insertion",
                        "description": "",
                        "line": 6,
                        "type": "scenario",
                        "tags": [
                            {
                                "name": "@implemented",
                                "line": 1
                            },
                            {
                                "name": "@go",
                                "line": 1
                            },
                            {
                                "name": "@document",
                                "line": 1
                            },
                            {
                                "name": "@INSERT-001",
                                "line": 5
                            }
                        ],
                        "steps": [
                            {
                                "keyword": "Given ",
                                "name": "adjacent Word runs with identical direct formatting",
                                "line": 7,
                                "match": {
                                    "location": "run_boundary_test.go:55"
                                },
                                "result": {
                                    "status": "passed",
                                    "duration": 1356296
                                }
                            },
                            {
                                "keyword": "When ",
                                "name": "I insert a character at their shared text boundary",
                                "line": 8,
                                "match": {
                                    "location": "run_boundary_test.go:57"
                                },
                                "result": {
                                    "status": "passed",
                                    "duration": 118879
                                }
                            },
                            {
                                "keyword": "Then ",
                                "name": "the combined text includes the insertion with unchanged run properties",
                                "line": 9,
                                "match": {
                                    "location": "run_boundary_test.go:58"
                                },
                                "result": {
                                    "status": "passed",
                                    "duration": 63536
                                }
                            }
                        ]
                    },
                    {
                        "id": "word-insertion-at-run-boundaries;differing-or-interrupted-boundary-ownership-refuses;;2",
                        "keyword": "Scenario Outline",
                        "name": "Differing or interrupted boundary ownership refuses",
                        "description": "",
                        "line": 19,
                        "type": "scenario",
                        "tags": [
                            {
                                "name": "@implemented",
                                "line": 1
                            },
                            {
                                "name": "@go",
                                "line": 1
                            },
                            {
                                "name": "@document",
                                "line": 1
                            },
                            {
                                "name": "@INSERT-002",
                                "line": 11
                            }
                        ],
                        "steps": [
                            {
                                "keyword": "Given ",
                                "name": "adjacent Word runs with \"different direct formatting\"",
                                "line": 13,
                                "match": {
                                    "location": "run_boundary_test.go:56"
                                },
                                "result": {
                                    "status": "passed",
                                    "duration": 277692
                                }
                            },
                            {
                                "keyword": "When ",
                                "name": "I attempt an insertion at their shared text boundary",
                                "line": 14,
                                "match": {
                                    "location": "run_boundary_test.go:68"
                                },
                                "result": {
                                    "status": "passed",
                                    "duration": 31087
                                }
                            },
                            {
                                "keyword": "Then ",
                                "name": "the insertion refuses and retains the original archive",
                                "line": 15,
                                "match": {
                                    "location": "run_boundary_test.go:69"
                                },
                                "result": {
                                    "status": "passed",
                                    "duration": 3196562
                                }
                            }
                        ]
                    },
                    {
                        "id": "word-insertion-at-run-boundaries;differing-or-interrupted-boundary-ownership-refuses;;3",
                        "keyword": "Scenario Outline",
                        "name": "Differing or interrupted boundary ownership refuses",
                        "description": "",
                        "line": 20,
                        "type": "scenario",
                        "tags": [
                            {
                                "name": "@implemented",
                                "line": 1
                            },
                            {
                                "name": "@go",
                                "line": 1
                            },
                            {
                                "name": "@document",
                                "line": 1
                            },
                            {
                                "name": "@INSERT-002",
                                "line": 11
                            }
                        ],
                        "steps": [
                            {
                                "keyword": "Given ",
                                "name": "adjacent Word runs with \"an intervening bookmark\"",
                                "line": 13,
                                "match": {
                                    "location": "run_boundary_test.go:56"
                                },
                                "result": {
                                    "status": "passed",
                                    "duration": 387893
                                }
                            },
                            {
                                "keyword": "When ",
                                "name": "I attempt an insertion at their shared text boundary",
                                "line": 14,
                                "match": {
                                    "location": "run_boundary_test.go:68"
                                },
                                "result": {
                                    "status": "passed",
                                    "duration": 97852
                                }
                            },
                            {
                                "keyword": "Then ",
                                "name": "the insertion refuses and retains the original archive",
                                "line": 15,
                                "match": {
                                    "location": "run_boundary_test.go:69"
                                },
                                "result": {
                                    "status": "passed",
                                    "duration": 3195215
                                }
                            }
                        ]
                    },
                    {
                        "id": "word-insertion-at-run-boundaries;differing-or-interrupted-boundary-ownership-refuses;;4",
                        "keyword": "Scenario Outline",
                        "name": "Differing or interrupted boundary ownership refuses",
                        "description": "",
                        "line": 21,
                        "type": "scenario",
                        "tags": [
                            {
                                "name": "@implemented",
                                "line": 1
                            },
                            {
                                "name": "@go",
                                "line": 1
                            },
                            {
                                "name": "@document",
                                "line": 1
                            },
                            {
                                "name": "@INSERT-002",
                                "line": 11
                            }
                        ],
                        "steps": [
                            {
                                "keyword": "Given ",
                                "name": "adjacent Word runs with \"different run attributes\"",
                                "line": 13,
                                "match": {
                                    "location": "run_boundary_test.go:56"
                                },
                                "result": {
                                    "status": "passed",
                                    "duration": 858970
                                }
                            },
                            {
                                "keyword": "When ",
                                "name": "I attempt an insertion at their shared text boundary",
                                "line": 14,
                                "match": {
                                    "location": "run_boundary_test.go:68"
                                },
                                "result": {
                                    "status": "passed",
                                    "duration": 64566
                                }
                            },
                            {
                                "keyword": "Then ",
                                "name": "the insertion refuses and retains the original archive",
                                "line": 15,
                                "match": {
                                    "location": "run_boundary_test.go:69"
                                },
                                "result": {
                                    "status": "passed",
                                    "duration": 2246872
                                }
                            }
                        ]
                    }
                ]
            },
            {
                "uri": "../features/implemented/document/search-boundaries.feature",
                "id": "word-normalised-and-paragraph-boundary-edge-cases",
                "keyword": "Feature",
                "name": "Word normalised and paragraph-boundary edge cases",
                "description": "  Failed folded candidates cannot hide later whole-character matches.",
                "line": 2,
                "tags": [
                    {
                        "name": "@implemented",
                        "line": 1
                    },
                    {
                        "name": "@go",
                        "line": 1
                    },
                    {
                        "name": "@document",
                        "line": 1
                    }
                ],
                "elements": [
                    {
                        "id": "word-normalised-and-paragraph-boundary-edge-cases;a-partial-folded-candidate-does-not-consume-a-later-valid-character-match",
                        "keyword": "Scenario",
                        "name": "A partial folded candidate does not consume a later valid character match",
                        "description": "",
                        "line": 6,
                        "type": "scenario",
                        "tags": [
                            {
                                "name": "@implemented",
                                "line": 1
                            },
                            {
                                "name": "@go",
                                "line": 1
                            },
                            {
                                "name": "@document",
                                "line": 1
                            },
                            {
                                "name": "@EDGE-001",
                                "line": 5
                            }
                        ],
                        "steps": [
                            {
                                "keyword": "Given ",
                                "name": "a Word paragraph containing \"sß\"",
                                "line": 7,
                                "match": {
                                    "location": "search_policy_test.go:41"
                                },
                                "result": {
                                    "status": "passed",
                                    "duration": 1663698
                                }
                            },
                            {
                                "keyword": "When ",
                                "name": "I search with normalisation for \"ss\"",
                                "line": 8,
                                "match": {
                                    "location": "search_policy_test.go:43"
                                },
                                "result": {
                                    "status": "passed",
                                    "duration": 45299
                                }
                            },
                            {
                                "keyword": "Then ",
                                "name": "the search evidence is exactly \"ß\"",
                                "line": 9,
                                "match": {
                                    "location": "search_policy_test.go:48"
                                },
                                "result": {
                                    "status": "passed",
                                    "duration": 26365
                                }
                            }
                        ]
                    },
                    {
                        "id": "word-normalised-and-paragraph-boundary-edge-cases;a-span-ending-in-a-paragraph-separator-remains-inspection-only",
                        "keyword": "Scenario",
                        "name": "A span ending in a paragraph separator remains inspection-only",
                        "description": "",
                        "line": 12,
                        "type": "scenario",
                        "tags": [
                            {
                                "name": "@implemented",
                                "line": 1
                            },
                            {
                                "name": "@go",
                                "line": 1
                            },
                            {
                                "name": "@document",
                                "line": 1
                            },
                            {
                                "name": "@EDGE-002",
                                "line": 11
                            }
                        ],
                        "steps": [
                            {
                                "keyword": "Given ",
                                "name": "two scoped Word paragraphs containing \"first\" and \"second\"",
                                "line": 13,
                                "match": {
                                    "location": "search_scope_test.go:69"
                                },
                                "result": {
                                    "status": "passed",
                                    "duration": 285457
                                }
                            },
                            {
                                "keyword": "When ",
                                "name": "I search for text ending at the paragraph separator",
                                "line": 14,
                                "match": {
                                    "location": "search_scope_test.go:77"
                                },
                                "result": {
                                    "status": "passed",
                                    "duration": 49523
                                }
                            },
                            {
                                "keyword": "Then ",
                                "name": "attempting to edit that cross-paragraph match refuses",
                                "line": 15,
                                "match": {
                                    "location": "search_scope_test.go:84"
                                },
                                "result": {
                                    "status": "passed",
                                    "duration": 4073281
                                }
                            }
                        ]
                    }
                ]
            },
            {
                "uri": "../features/implemented/document/replace-all.feature",
                "id": "word-replace-all-reports-independent-refusals",
                "keyword": "Feature",
                "name": "Word replace-all reports independent refusals",
                "description": "  Supported matches commit together while unsupported matches remain unchanged and reported.",
                "line": 2,
                "tags": [
                    {
                        "name": "@implemented",
                        "line": 1
                    },
                    {
                        "name": "@go",
                        "line": 1
                    },
                    {
                        "name": "@document",
                        "line": 1
                    }
                ],
                "elements": [
                    {
                        "id": "word-replace-all-reports-independent-refusals;a-wrapper-refusal-does-not-discard-independent-supported-matches",
                        "keyword": "Scenario",
                        "name": "A wrapper refusal does not discard independent supported matches",
                        "description": "",
                        "line": 6,
                        "type": "scenario",
                        "tags": [
                            {
                                "name": "@implemented",
                                "line": 1
                            },
                            {
                                "name": "@go",
                                "line": 1
                            },
                            {
                                "name": "@document",
                                "line": 1
                            },
                            {
                                "name": "@ALL-001",
                                "line": 5
                            }
                        ],
                        "steps": [
                            {
                                "keyword": "Given ",
                                "name": "two plain Word matches and one hyperlink-owned match",
                                "line": 7,
                                "match": {
                                    "location": "replace_all_test.go:56"
                                },
                                "result": {
                                    "status": "passed",
                                    "duration": 350803
                                }
                            },
                            {
                                "keyword": "When ",
                                "name": "I replace all occurrences of \"red\" with \"blue\"",
                                "line": 8,
                                "match": {
                                    "location": "replace_all_test.go:57"
                                },
                                "result": {
                                    "status": "passed",
                                    "duration": 284576
                                }
                            },
                            {
                                "keyword": "Then ",
                                "name": "two matches change and one unsupported match is reported",
                                "line": 9,
                                "match": {
                                    "location": "replace_all_test.go:62"
                                },
                                "result": {
                                    "status": "passed",
                                    "duration": 35882
                                }
                            },
                            {
                                "keyword": "And ",
                                "name": "the hyperlink-owned text remains unchanged",
                                "line": 10,
                                "match": {
                                    "location": "replace_all_test.go:68"
                                },
                                "result": {
                                    "status": "passed",
                                    "duration": 49336
                                }
                            }
                        ]
                    },
                    {
                        "id": "word-replace-all-reports-independent-refusals;replace-all-skips-matches-already-equal-to-the-replacement",
                        "keyword": "Scenario",
                        "name": "Replace-all skips matches already equal to the replacement",
                        "description": "",
                        "line": 13,
                        "type": "scenario",
                        "tags": [
                            {
                                "name": "@implemented",
                                "line": 1
                            },
                            {
                                "name": "@go",
                                "line": 1
                            },
                            {
                                "name": "@document",
                                "line": 1
                            },
                            {
                                "name": "@ALL-002",
                                "line": 12
                            }
                        ],
                        "steps": [
                            {
                                "keyword": "Given ",
                                "name": "two plain Word matches and one hyperlink-owned match",
                                "line": 14,
                                "match": {
                                    "location": "replace_all_test.go:56"
                                },
                                "result": {
                                    "status": "passed",
                                    "duration": 428775
                                }
                            },
                            {
                                "keyword": "When ",
                                "name": "I replace all occurrences of \"red\" with \"red\"",
                                "line": 15,
                                "match": {
                                    "location": "replace_all_test.go:57"
                                },
                                "result": {
                                    "status": "passed",
                                    "duration": 81641
                                }
                            },
                            {
                                "keyword": "Then ",
                                "name": "all three matches are skipped without refusals or mutation",
                                "line": 16,
                                "match": {
                                    "location": "replace_all_test.go:78"
                                },
                                "result": {
                                    "status": "passed",
                                    "duration": 2316774
                                }
                            }
                        ]
                    },
                    {
                        "id": "word-replace-all-reports-independent-refusals;invalid-xml-replacement-cannot-commit-any-selected-match",
                        "keyword": "Scenario",
                        "name": "Invalid XML replacement cannot commit any selected match",
                        "description": "",
                        "line": 19,
                        "type": "scenario",
                        "tags": [
                            {
                                "name": "@implemented",
                                "line": 1
                            },
                            {
                                "name": "@go",
                                "line": 1
                            },
                            {
                                "name": "@document",
                                "line": 1
                            },
                            {
                                "name": "@ALL-003",
                                "line": 18
                            }
                        ],
                        "steps": [
                            {
                                "keyword": "Given ",
                                "name": "two plain Word matches and one hyperlink-owned match",
                                "line": 20,
                                "match": {
                                    "location": "replace_all_test.go:56"
                                },
                                "result": {
                                    "status": "passed",
                                    "duration": 473411
                                }
                            },
                            {
                                "keyword": "When ",
                                "name": "I replace all occurrences with an XML-illegal value",
                                "line": 21,
                                "match": {
                                    "location": "replace_all_test.go:84"
                                },
                                "result": {
                                    "status": "passed",
                                    "duration": 2100527
                                }
                            },
                            {
                                "keyword": "Then ",
                                "name": "no match changes and the original package bytes remain exact",
                                "line": 22,
                                "match": {
                                    "location": "replace_all_test.go:85"
                                },
                                "result": {
                                    "status": "passed",
                                    "duration": 3527949
                                }
                            }
                        ]
                    }
                ]
            },
            {
                "uri": "../features/implemented/document/search-scope.feature",
                "id": "word-search-story-and-view-scope",
                "keyword": "Feature",
                "name": "Word search story and view scope",
                "description": "  Paragraph boundaries are explicit characters and historical evidence cannot authorise current edits.",
                "line": 2,
                "tags": [
                    {
                        "name": "@implemented",
                        "line": 1
                    },
                    {
                        "name": "@go",
                        "line": 1
                    },
                    {
                        "name": "@document",
                        "line": 1
                    }
                ],
                "elements": [
                    {
                        "id": "word-search-story-and-view-scope;search-sees-exactly-one-newline-between-paragraphs",
                        "keyword": "Scenario",
                        "name": "Search sees exactly one newline between paragraphs",
                        "description": "",
                        "line": 6,
                        "type": "scenario",
                        "tags": [
                            {
                                "name": "@implemented",
                                "line": 1
                            },
                            {
                                "name": "@go",
                                "line": 1
                            },
                            {
                                "name": "@document",
                                "line": 1
                            },
                            {
                                "name": "@SCOPE-001",
                                "line": 5
                            }
                        ],
                        "steps": [
                            {
                                "keyword": "Given ",
                                "name": "two scoped Word paragraphs containing \"first\" and \"second\"",
                                "line": 7,
                                "match": {
                                    "location": "search_scope_test.go:69"
                                },
                                "result": {
                                    "status": "passed",
                                    "duration": 256986
                                }
                            },
                            {
                                "keyword": "When ",
                                "name": "I search for their text with an explicit paragraph separator",
                                "line": 8,
                                "match": {
                                    "location": "search_scope_test.go:72"
                                },
                                "result": {
                                    "status": "passed",
                                    "duration": 43168
                                }
                            },
                            {
                                "keyword": "Then ",
                                "name": "one cross-paragraph match reports the exact combined text",
                                "line": 9,
                                "match": {
                                    "location": "search_scope_test.go:78"
                                },
                                "result": {
                                    "status": "passed",
                                    "duration": 32503
                                }
                            },
                            {
                                "keyword": "And ",
                                "name": "attempting to edit that cross-paragraph match refuses",
                                "line": 10,
                                "match": {
                                    "location": "search_scope_test.go:84"
                                },
                                "result": {
                                    "status": "passed",
                                    "duration": 2150712
                                }
                            }
                        ]
                    },
                    {
                        "id": "word-search-story-and-view-scope;historical-view-matches-are-read-only",
                        "keyword": "Scenario",
                        "name": "Historical-view matches are read-only",
                        "description": "",
                        "line": 13,
                        "type": "scenario",
                        "tags": [
                            {
                                "name": "@implemented",
                                "line": 1
                            },
                            {
                                "name": "@go",
                                "line": 1
                            },
                            {
                                "name": "@document",
                                "line": 1
                            },
                            {
                                "name": "@SCOPE-002",
                                "line": 12
                            }
                        ],
                        "steps": [
                            {
                                "keyword": "Given ",
                                "name": "scoped Word text with a tracked deletion",
                                "line": 14,
                                "match": {
                                    "location": "search_scope_test.go:85"
                                },
                                "result": {
                                    "status": "passed",
                                    "duration": 532363
                                }
                            },
                            {
                                "keyword": "When ",
                                "name": "I search original-view text for \"removed\"",
                                "line": 15,
                                "match": {
                                    "location": "search_scope_test.go:88"
                                },
                                "result": {
                                    "status": "passed",
                                    "duration": 36616
                                }
                            },
                            {
                                "keyword": "Then ",
                                "name": "the historical match reports \"removed\"",
                                "line": 16,
                                "match": {
                                    "location": "search_scope_test.go:93"
                                },
                                "result": {
                                    "status": "passed",
                                    "duration": 16343
                                }
                            },
                            {
                                "keyword": "And ",
                                "name": "editing the historical match refuses without mutation",
                                "line": 17,
                                "match": {
                                    "location": "search_scope_test.go:99"
                                },
                                "result": {
                                    "status": "passed",
                                    "duration": 2195592
                                }
                            }
                        ]
                    },
                    {
                        "id": "word-search-story-and-view-scope;an-explicit-related-story-does-not-search-the-body-instead",
                        "keyword": "Scenario",
                        "name": "An explicit related story does not search the body instead",
                        "description": "",
                        "line": 20,
                        "type": "scenario",
                        "tags": [
                            {
                                "name": "@implemented",
                                "line": 1
                            },
                            {
                                "name": "@go",
                                "line": 1
                            },
                            {
                                "name": "@document",
                                "line": 1
                            },
                            {
                                "name": "@SCOPE-003",
                                "line": 19
                            }
                        ],
                        "steps": [
                            {
                                "keyword": "Given ",
                                "name": "scoped Word body and header text both equal to \"repeat\"",
                                "line": 21,
                                "match": {
                                    "location": "search_scope_test.go:100"
                                },
                                "result": {
                                    "status": "passed",
                                    "duration": 351791
                                }
                            },
                            {
                                "keyword": "When ",
                                "name": "I search only the header story for \"repeat\"",
                                "line": 22,
                                "match": {
                                    "location": "search_scope_test.go:101"
                                },
                                "result": {
                                    "status": "passed",
                                    "duration": 90138
                                }
                            },
                            {
                                "keyword": "Then ",
                                "name": "exactly one match identifies the header story",
                                "line": 23,
                                "match": {
                                    "location": "search_scope_test.go:106"
                                },
                                "result": {
                                    "status": "passed",
                                    "duration": 19864
                                }
                            }
                        ]
                    }
                ]
            },
            {
                "uri": "../features/implemented/document/span-replace.feature",
                "id": "word-span-replacement-with-exact-affix-alignment",
                "keyword": "Feature",
                "name": "Word span replacement with exact affix alignment",
                "description": "  A replacement changes one proved interval and leaves surrounding run markup intact.",
                "line": 2,
                "tags": [
                    {
                        "name": "@implemented",
                        "line": 1
                    },
                    {
                        "name": "@go",
                        "line": 1
                    },
                    {
                        "name": "@document",
                        "line": 1
                    }
                ],
                "elements": [
                    {
                        "id": "word-span-replacement-with-exact-affix-alignment;replacement-keeps-unchanged-fragments-in-their-source-runs;;2",
                        "keyword": "Scenario Outline",
                        "name": "Replacement keeps unchanged fragments in their source runs",
                        "description": "",
                        "line": 14,
                        "type": "scenario",
                        "tags": [
                            {
                                "name": "@implemented",
                                "line": 1
                            },
                            {
                                "name": "@go",
                                "line": 1
                            },
                            {
                                "name": "@document",
                                "line": 1
                            },
                            {
                                "name": "@REPLACE-001",
                                "line": 5
                            }
                        ],
                        "steps": [
                            {
                                "keyword": "Given ",
                                "name": "editable Word runs \"pre Al\" and \"pha post\"",
                                "line": 7,
                                "match": {
                                    "location": "span_replace_test.go:82"
                                },
                                "result": {
                                    "status": "passed",
                                    "duration": 412811
                                }
                            },
                            {
                                "keyword": "When ",
                                "name": "I replace the exact span \"Alpha\" with \"Omega\"",
                                "line": 8,
                                "match": {
                                    "location": "span_replace_test.go:84"
                                },
                                "result": {
                                    "status": "passed",
                                    "duration": 7314118
                                }
                            },
                            {
                                "keyword": "Then ",
                                "name": "the resulting run texts are \"pre Omeg\" and \"a post\"",
                                "line": 9,
                                "match": {
                                    "location": "span_replace_test.go:104"
                                },
                                "result": {
                                    "status": "passed",
                                    "duration": 60195
                                }
                            },
                            {
                                "keyword": "And ",
                                "name": "all run properties and surrounding XML are byte-preserved",
                                "line": 10,
                                "match": {
                                    "location": "span_replace_test.go:105"
                                },
                                "result": {
                                    "status": "passed",
                                    "duration": 30767
                                }
                            }
                        ]
                    },
                    {
                        "id": "word-span-replacement-with-exact-affix-alignment;replacement-keeps-unchanged-fragments-in-their-source-runs;;3",
                        "keyword": "Scenario Outline",
                        "name": "Replacement keeps unchanged fragments in their source runs",
                        "description": "",
                        "line": 15,
                        "type": "scenario",
                        "tags": [
                            {
                                "name": "@implemented",
                                "line": 1
                            },
                            {
                                "name": "@go",
                                "line": 1
                            },
                            {
                                "name": "@document",
                                "line": 1
                            },
                            {
                                "name": "@REPLACE-001",
                                "line": 5
                            }
                        ],
                        "steps": [
                            {
                                "keyword": "Given ",
                                "name": "editable Word runs \"Al\" and \"pha\"",
                                "line": 7,
                                "match": {
                                    "location": "span_replace_test.go:82"
                                },
                                "result": {
                                    "status": "passed",
                                    "duration": 5977386
                                }
                            },
                            {
                                "keyword": "When ",
                                "name": "I replace the exact span \"Alpha\" with \"Beta\"",
                                "line": 8,
                                "match": {
                                    "location": "span_replace_test.go:84"
                                },
                                "result": {
                                    "status": "passed",
                                    "duration": 7575187
                                }
                            },
                            {
                                "keyword": "Then ",
                                "name": "the resulting run texts are \"Bet\" and \"a\"",
                                "line": 9,
                                "match": {
                                    "location": "span_replace_test.go:104"
                                },
                                "result": {
                                    "status": "passed",
                                    "duration": 63610
                                }
                            },
                            {
                                "keyword": "And ",
                                "name": "all run properties and surrounding XML are byte-preserved",
                                "line": 10,
                                "match": {
                                    "location": "span_replace_test.go:105"
                                },
                                "result": {
                                    "status": "passed",
                                    "duration": 43200
                                }
                            }
                        ]
                    },
                    {
                        "id": "word-span-replacement-with-exact-affix-alignment;replacement-keeps-unchanged-fragments-in-their-source-runs;;4",
                        "keyword": "Scenario Outline",
                        "name": "Replacement keeps unchanged fragments in their source runs",
                        "description": "",
                        "line": 16,
                        "type": "scenario",
                        "tags": [
                            {
                                "name": "@implemented",
                                "line": 1
                            },
                            {
                                "name": "@go",
                                "line": 1
                            },
                            {
                                "name": "@document",
                                "line": 1
                            },
                            {
                                "name": "@REPLACE-001",
                                "line": 5
                            }
                        ],
                        "steps": [
                            {
                                "keyword": "Given ",
                                "name": "editable Word runs \"fee😀\" and \"caféEnd\"",
                                "line": 7,
                                "match": {
                                    "location": "span_replace_test.go:82"
                                },
                                "result": {
                                    "status": "passed",
                                    "duration": 322119
                                }
                            },
                            {
                                "keyword": "When ",
                                "name": "I replace the exact span \"😀café\" with \"tea\"",
                                "line": 8,
                                "match": {
                                    "location": "span_replace_test.go:84"
                                },
                                "result": {
                                    "status": "passed",
                                    "duration": 4358863
                                }
                            },
                            {
                                "keyword": "Then ",
                                "name": "the resulting run texts are \"feetea\" and \"End\"",
                                "line": 9,
                                "match": {
                                    "location": "span_replace_test.go:104"
                                },
                                "result": {
                                    "status": "passed",
                                    "duration": 59679
                                }
                            },
                            {
                                "keyword": "And ",
                                "name": "all run properties and surrounding XML are byte-preserved",
                                "line": 10,
                                "match": {
                                    "location": "span_replace_test.go:105"
                                },
                                "result": {
                                    "status": "passed",
                                    "duration": 35690
                                }
                            }
                        ]
                    },
                    {
                        "id": "word-span-replacement-with-exact-affix-alignment;repeated-affix-ambiguity-refuses-without-consuming-the-target",
                        "keyword": "Scenario",
                        "name": "Repeated affix ambiguity refuses without consuming the target",
                        "description": "",
                        "line": 19,
                        "type": "scenario",
                        "tags": [
                            {
                                "name": "@implemented",
                                "line": 1
                            },
                            {
                                "name": "@go",
                                "line": 1
                            },
                            {
                                "name": "@document",
                                "line": 1
                            },
                            {
                                "name": "@REPLACE-002",
                                "line": 18
                            }
                        ],
                        "steps": [
                            {
                                "keyword": "Given ",
                                "name": "editable Word runs \"Term\" and \"Term\"",
                                "line": 20,
                                "match": {
                                    "location": "span_replace_test.go:82"
                                },
                                "result": {
                                    "status": "passed",
                                    "duration": 382453
                                }
                            },
                            {
                                "keyword": "When ",
                                "name": "I attempt to replace \"TermTerm\" with \"Term\"",
                                "line": 21,
                                "match": {
                                    "location": "span_replace_test.go:112"
                                },
                                "result": {
                                    "status": "passed",
                                    "duration": 50134
                                }
                            },
                            {
                                "keyword": "Then ",
                                "name": "ambiguous alignment refuses with the original archive intact",
                                "line": 22,
                                "match": {
                                    "location": "span_replace_test.go:121"
                                },
                                "result": {
                                    "status": "passed",
                                    "duration": 2767915
                                }
                            },
                            {
                                "keyword": "And ",
                                "name": "the same span remains reusable for a different replacement",
                                "line": 23,
                                "match": {
                                    "location": "span_replace_test.go:123"
                                },
                                "result": {
                                    "status": "passed",
                                    "duration": 193544
                                }
                            }
                        ]
                    },
                    {
                        "id": "word-span-replacement-with-exact-affix-alignment;a-visible-span-across-a-hyperlink-boundary-cannot-authorise-an-edit",
                        "keyword": "Scenario",
                        "name": "A visible span across a hyperlink boundary cannot authorise an edit",
                        "description": "",
                        "line": 26,
                        "type": "scenario",
                        "tags": [
                            {
                                "name": "@implemented",
                                "line": 1
                            },
                            {
                                "name": "@go",
                                "line": 1
                            },
                            {
                                "name": "@document",
                                "line": 1
                            },
                            {
                                "name": "@REPLACE-003",
                                "line": 25
                            }
                        ],
                        "steps": [
                            {
                                "keyword": "Given ",
                                "name": "text split across a plain run and a hyperlink wrapper",
                                "line": 27,
                                "match": {
                                    "location": "span_replace_test.go:83"
                                },
                                "result": {
                                    "status": "passed",
                                    "duration": 3437351
                                }
                            },
                            {
                                "keyword": "When ",
                                "name": "I attempt to replace \"Alpha\" with \"Omega\"",
                                "line": 28,
                                "match": {
                                    "location": "span_replace_test.go:112"
                                },
                                "result": {
                                    "status": "passed",
                                    "duration": 105302
                                }
                            },
                            {
                                "keyword": "Then ",
                                "name": "wrapper-crossing replacement refuses with the original archive intact",
                                "line": 29,
                                "match": {
                                    "location": "span_replace_test.go:122"
                                },
                                "result": {
                                    "status": "passed",
                                    "duration": 2057991
                                }
                            }
                        ]
                    }
                ]
            },
            {
                "uri": "../features/implemented/document/whitespace.feature",
                "id": "word-whitespace-preservation-on-successful-edits",
                "keyword": "Feature",
                "name": "Word whitespace preservation on successful edits",
                "description": "  Changed text receives explicit XML space preservation without altering unrelated attributes.",
                "line": 2,
                "tags": [
                    {
                        "name": "@implemented",
                        "line": 1
                    },
                    {
                        "name": "@go",
                        "line": 1
                    },
                    {
                        "name": "@document",
                        "line": 1
                    }
                ],
                "elements": [
                    {
                        "id": "word-whitespace-preservation-on-successful-edits;a-single-replacement-adds-the-required-preservation-attribute",
                        "keyword": "Scenario",
                        "name": "A single replacement adds the required preservation attribute",
                        "description": "",
                        "line": 6,
                        "type": "scenario",
                        "tags": [
                            {
                                "name": "@implemented",
                                "line": 1
                            },
                            {
                                "name": "@go",
                                "line": 1
                            },
                            {
                                "name": "@document",
                                "line": 1
                            },
                            {
                                "name": "@SPACE-001",
                                "line": 5
                            }
                        ],
                        "steps": [
                            {
                                "keyword": "Given ",
                                "name": "a Word text leaf without XML space preservation",
                                "line": 7,
                                "match": {
                                    "location": "whitespace_test.go:83"
                                },
                                "result": {
                                    "status": "passed",
                                    "duration": 577892
                                }
                            },
                            {
                                "keyword": "When ",
                                "name": "I replace its text with leading and trailing spaces",
                                "line": 8,
                                "match": {
                                    "location": "whitespace_test.go:85"
                                },
                                "result": {
                                    "status": "passed",
                                    "duration": 1921374
                                }
                            },
                            {
                                "keyword": "Then ",
                                "name": "the changed leaf has XML space preserve and exact new text",
                                "line": 9,
                                "match": {
                                    "location": "whitespace_test.go:95"
                                },
                                "result": {
                                    "status": "passed",
                                    "duration": 61144
                                }
                            },
                            {
                                "keyword": "And ",
                                "name": "its unrelated attribute bytes remain unchanged",
                                "line": 10,
                                "match": {
                                    "location": "whitespace_test.go:96"
                                },
                                "result": {
                                    "status": "passed",
                                    "duration": 21936
                                }
                            }
                        ]
                    },
                    {
                        "id": "word-whitespace-preservation-on-successful-edits;a-selected-batch-adds-one-preservation-attribute-to-a-shared-leaf",
                        "keyword": "Scenario",
                        "name": "A selected batch adds one preservation attribute to a shared leaf",
                        "description": "",
                        "line": 13,
                        "type": "scenario",
                        "tags": [
                            {
                                "name": "@implemented",
                                "line": 1
                            },
                            {
                                "name": "@go",
                                "line": 1
                            },
                            {
                                "name": "@document",
                                "line": 1
                            },
                            {
                                "name": "@SPACE-002",
                                "line": 12
                            }
                        ],
                        "steps": [
                            {
                                "keyword": "Given ",
                                "name": "two Word matches in a leaf without XML space preservation",
                                "line": 14,
                                "match": {
                                    "location": "whitespace_test.go:84"
                                },
                                "result": {
                                    "status": "passed",
                                    "duration": 345540
                                }
                            },
                            {
                                "keyword": "When ",
                                "name": "a selected batch adds significant spaces to both matches",
                                "line": 15,
                                "match": {
                                    "location": "whitespace_test.go:102"
                                },
                                "result": {
                                    "status": "passed",
                                    "duration": 2532155
                                }
                            },
                            {
                                "keyword": "Then ",
                                "name": "the saved leaf has one XML space preserve attribute",
                                "line": 16,
                                "match": {
                                    "location": "whitespace_test.go:116"
                                },
                                "result": {
                                    "status": "passed",
                                    "duration": 43806
                                }
                            },
                            {
                                "keyword": "And ",
                                "name": "both replacements retain their significant spaces",
                                "line": 17,
                                "match": {
                                    "location": "whitespace_test.go:122"
                                },
                                "result": {
                                    "status": "passed",
                                    "duration": 31548
                                }
                            }
                        ]
                    }
                ]
            }
        ]
    acceptance_test.go:154: {File:../features/implemented/document/span-guards.feature ID:@GUARD-001 Line:6} step "the hidden-content correction refuses without changing the archive": failed
FAIL
FAIL	github.com/rcarmo/go-ooxml/acceptance	0.715s
FAIL
