ok  	github.com/rcarmo/go-ooxml/pkg/packaging	(cached)
ok  	github.com/rcarmo/go-ooxml/pkg/spreadsheet	(cached)
--- FAIL: TestAcceptance (0.67s)
    acceptance_test.go:162: Godog failed (1): [
            {
                "uri": "../features/implemented/package/io-safety.feature",
                "id": "archive-intake-and-failure-safe-package-delivery",
                "keyword": "Feature",
                "name": "Archive intake and failure-safe package delivery",
                "description": "  Ambiguous archive names and failed writes must not produce a successful edit.",
                "line": 2,
                "tags": [
                    {
                        "name": "@implemented",
                        "line": 1
                    },
                    {
                        "name": "@go",
                        "line": 1
                    },
                    {
                        "name": "@package",
                        "line": 1
                    }
                ],
                "elements": [
                    {
                        "id": "archive-intake-and-failure-safe-package-delivery;unsafe-archive-names-refuse-before-package-parsing;;2",
                        "keyword": "Scenario Outline",
                        "name": "Unsafe archive names refuse before package parsing",
                        "description": "",
                        "line": 13,
                        "type": "scenario",
                        "tags": [
                            {
                                "name": "@implemented",
                                "line": 1
                            },
                            {
                                "name": "@go",
                                "line": 1
                            },
                            {
                                "name": "@package",
                                "line": 1
                            },
                            {
                                "name": "@IO-001",
                                "line": 5
                            }
                        ],
                        "steps": [
                            {
                                "keyword": "Given ",
                                "name": "a synthetic archive with \"duplicate\" member names",
                                "line": 7,
                                "match": {
                                    "location": "io_test.go:131"
                                },
                                "result": {
                                    "status": "passed",
                                    "duration": 334929
                                }
                            },
                            {
                                "keyword": "When ",
                                "name": "I attempt to open the synthetic archive",
                                "line": 8,
                                "match": {
                                    "location": "io_test.go:180"
                                },
                                "result": {
                                    "status": "passed",
                                    "duration": 38438
                                }
                            },
                            {
                                "keyword": "Then ",
                                "name": "archive intake fails without changing the source bytes",
                                "line": 9,
                                "match": {
                                    "location": "io_test.go:181"
                                },
                                "result": {
                                    "status": "passed",
                                    "duration": 27593
                                }
                            }
                        ]
                    },
                    {
                        "id": "archive-intake-and-failure-safe-package-delivery;unsafe-archive-names-refuse-before-package-parsing;;3",
                        "keyword": "Scenario Outline",
                        "name": "Unsafe archive names refuse before package parsing",
                        "description": "",
                        "line": 14,
                        "type": "scenario",
                        "tags": [
                            {
                                "name": "@implemented",
                                "line": 1
                            },
                            {
                                "name": "@go",
                                "line": 1
                            },
                            {
                                "name": "@package",
                                "line": 1
                            },
                            {
                                "name": "@IO-001",
                                "line": 5
                            }
                        ],
                        "steps": [
                            {
                                "keyword": "Given ",
                                "name": "a synthetic archive with \"collision\" member names",
                                "line": 7,
                                "match": {
                                    "location": "io_test.go:131"
                                },
                                "result": {
                                    "status": "passed",
                                    "duration": 131398
                                }
                            },
                            {
                                "keyword": "When ",
                                "name": "I attempt to open the synthetic archive",
                                "line": 8,
                                "match": {
                                    "location": "io_test.go:180"
                                },
                                "result": {
                                    "status": "passed",
                                    "duration": 46636
                                }
                            },
                            {
                                "keyword": "Then ",
                                "name": "archive intake fails without changing the source bytes",
                                "line": 9,
                                "match": {
                                    "location": "io_test.go:181"
                                },
                                "result": {
                                    "status": "passed",
                                    "duration": 47398
                                }
                            }
                        ]
                    },
                    {
                        "id": "archive-intake-and-failure-safe-package-delivery;unsafe-archive-names-refuse-before-package-parsing;;4",
                        "keyword": "Scenario Outline",
                        "name": "Unsafe archive names refuse before package parsing",
                        "description": "",
                        "line": 15,
                        "type": "scenario",
                        "tags": [
                            {
                                "name": "@implemented",
                                "line": 1
                            },
                            {
                                "name": "@go",
                                "line": 1
                            },
                            {
                                "name": "@package",
                                "line": 1
                            },
                            {
                                "name": "@IO-001",
                                "line": 5
                            }
                        ],
                        "steps": [
                            {
                                "keyword": "Given ",
                                "name": "a synthetic archive with \"traversal\" member names",
                                "line": 7,
                                "match": {
                                    "location": "io_test.go:131"
                                },
                                "result": {
                                    "status": "passed",
                                    "duration": 150287
                                }
                            },
                            {
                                "keyword": "When ",
                                "name": "I attempt to open the synthetic archive",
                                "line": 8,
                                "match": {
                                    "location": "io_test.go:180"
                                },
                                "result": {
                                    "status": "passed",
                                    "duration": 38930
                                }
                            },
                            {
                                "keyword": "Then ",
                                "name": "archive intake fails without changing the source bytes",
                                "line": 9,
                                "match": {
                                    "location": "io_test.go:181"
                                },
                                "result": {
                                    "status": "passed",
                                    "duration": 31196
                                }
                            }
                        ]
                    },
                    {
                        "id": "archive-intake-and-failure-safe-package-delivery;unsafe-archive-names-refuse-before-package-parsing;;5",
                        "keyword": "Scenario Outline",
                        "name": "Unsafe archive names refuse before package parsing",
                        "description": "",
                        "line": 16,
                        "type": "scenario",
                        "tags": [
                            {
                                "name": "@implemented",
                                "line": 1
                            },
                            {
                                "name": "@go",
                                "line": 1
                            },
                            {
                                "name": "@package",
                                "line": 1
                            },
                            {
                                "name": "@IO-001",
                                "line": 5
                            }
                        ],
                        "steps": [
                            {
                                "keyword": "Given ",
                                "name": "a synthetic archive with \"absolute\" member names",
                                "line": 7,
                                "match": {
                                    "location": "io_test.go:131"
                                },
                                "result": {
                                    "status": "passed",
                                    "duration": 103839
                                }
                            },
                            {
                                "keyword": "When ",
                                "name": "I attempt to open the synthetic archive",
                                "line": 8,
                                "match": {
                                    "location": "io_test.go:180"
                                },
                                "result": {
                                    "status": "passed",
                                    "duration": 33288
                                }
                            },
                            {
                                "keyword": "Then ",
                                "name": "archive intake fails without changing the source bytes",
                                "line": 9,
                                "match": {
                                    "location": "io_test.go:181"
                                },
                                "result": {
                                    "status": "passed",
                                    "duration": 32571
                                }
                            }
                        ]
                    },
                    {
                        "id": "archive-intake-and-failure-safe-package-delivery;unsafe-archive-names-refuse-before-package-parsing;;6",
                        "keyword": "Scenario Outline",
                        "name": "Unsafe archive names refuse before package parsing",
                        "description": "",
                        "line": 17,
                        "type": "scenario",
                        "tags": [
                            {
                                "name": "@implemented",
                                "line": 1
                            },
                            {
                                "name": "@go",
                                "line": 1
                            },
                            {
                                "name": "@package",
                                "line": 1
                            },
                            {
                                "name": "@IO-001",
                                "line": 5
                            }
                        ],
                        "steps": [
                            {
                                "keyword": "Given ",
                                "name": "a synthetic archive with \"backslash\" member names",
                                "line": 7,
                                "match": {
                                    "location": "io_test.go:131"
                                },
                                "result": {
                                    "status": "passed",
                                    "duration": 84549
                                }
                            },
                            {
                                "keyword": "When ",
                                "name": "I attempt to open the synthetic archive",
                                "line": 8,
                                "match": {
                                    "location": "io_test.go:180"
                                },
                                "result": {
                                    "status": "passed",
                                    "duration": 33419
                                }
                            },
                            {
                                "keyword": "Then ",
                                "name": "archive intake fails without changing the source bytes",
                                "line": 9,
                                "match": {
                                    "location": "io_test.go:181"
                                },
                                "result": {
                                    "status": "passed",
                                    "duration": 27846
                                }
                            }
                        ]
                    },
                    {
                        "id": "archive-intake-and-failure-safe-package-delivery;stream-finalisation-failure-is-returned-to-the-caller",
                        "keyword": "Scenario",
                        "name": "Stream finalisation failure is returned to the caller",
                        "description": "",
                        "line": 20,
                        "type": "scenario",
                        "tags": [
                            {
                                "name": "@implemented",
                                "line": 1
                            },
                            {
                                "name": "@go",
                                "line": 1
                            },
                            {
                                "name": "@package",
                                "line": 1
                            },
                            {
                                "name": "@IO-002",
                                "line": 19
                            }
                        ],
                        "steps": [
                            {
                                "keyword": "Given ",
                                "name": "a small new Office package",
                                "line": 21,
                                "match": {
                                    "location": "io_test.go:182"
                                },
                                "result": {
                                    "status": "passed",
                                    "duration": 34374
                                }
                            },
                            {
                                "keyword": "When ",
                                "name": "I write it to a stream that fails during finalisation",
                                "line": 22,
                                "match": {
                                    "location": "io_test.go:183"
                                },
                                "result": {
                                    "status": "passed",
                                    "duration": 149692
                                }
                            },
                            {
                                "keyword": "Then ",
                                "name": "the write reports the injected failure",
                                "line": 23,
                                "match": {
                                    "location": "io_test.go:184"
                                },
                                "result": {
                                    "status": "passed",
                                    "duration": 27013
                                }
                            }
                        ]
                    },
                    {
                        "id": "archive-intake-and-failure-safe-package-delivery;a-serialisation-failure-preserves-an-existing-destination",
                        "keyword": "Scenario",
                        "name": "A serialisation failure preserves an existing destination",
                        "description": "",
                        "line": 26,
                        "type": "scenario",
                        "tags": [
                            {
                                "name": "@implemented",
                                "line": 1
                            },
                            {
                                "name": "@go",
                                "line": 1
                            },
                            {
                                "name": "@package",
                                "line": 1
                            },
                            {
                                "name": "@IO-003",
                                "line": 25
                            }
                        ],
                        "steps": [
                            {
                                "keyword": "Given ",
                                "name": "an existing destination and an unserialisable package",
                                "line": 27,
                                "match": {
                                    "location": "io_test.go:190"
                                },
                                "result": {
                                    "status": "passed",
                                    "duration": 137753
                                }
                            },
                            {
                                "keyword": "When ",
                                "name": "I attempt to save over the destination",
                                "line": 28,
                                "match": {
                                    "location": "io_test.go:191"
                                },
                                "result": {
                                    "status": "passed",
                                    "duration": 59986
                                }
                            },
                            {
                                "keyword": "Then ",
                                "name": "saving fails and the destination and package state remain unchanged",
                                "line": 29,
                                "match": {
                                    "location": "io_test.go:192"
                                },
                                "result": {
                                    "status": "passed",
                                    "duration": 38855
                                }
                            },
                            {
                                "keyword": "And ",
                                "name": "no temporary files remain in the destination directory",
                                "line": 30,
                                "match": {
                                    "location": "io_test.go:193"
                                },
                                "result": {
                                    "status": "passed",
                                    "duration": 73726
                                }
                            }
                        ]
                    }
                ]
            },
            {
                "uri": "../features/implemented/document/span-batch.feature",
                "id": "atomic-selected-word-span-batches",
                "keyword": "Feature",
                "name": "Atomic selected Word span batches",
                "description": "  A batch commits every selected replacement together or leaves all targets unchanged.",
                "line": 2,
                "tags": [
                    {
                        "name": "@implemented",
                        "line": 1
                    },
                    {
                        "name": "@go",
                        "line": 1
                    },
                    {
                        "name": "@document",
                        "line": 1
                    }
                ],
                "elements": [
                    {
                        "id": "atomic-selected-word-span-batches;several-matches-in-one-leaf-are-replaced-in-one-transaction",
                        "keyword": "Scenario",
                        "name": "Several matches in one leaf are replaced in one transaction",
                        "description": "",
                        "line": 6,
                        "type": "scenario",
                        "tags": [
                            {
                                "name": "@implemented",
                                "line": 1
                            },
                            {
                                "name": "@go",
                                "line": 1
                            },
                            {
                                "name": "@document",
                                "line": 1
                            },
                            {
                                "name": "@BATCH-001",
                                "line": 5
                            }
                        ],
                        "steps": [
                            {
                                "keyword": "Given ",
                                "name": "selected Word spans for three occurrences of \"red\"",
                                "line": 7,
                                "match": {
                                    "location": "span_batch_test.go:69"
                                },
                                "result": {
                                    "status": "passed",
                                    "duration": 250678
                                }
                            },
                            {
                                "keyword": "When ",
                                "name": "I replace all selected spans with \"blue\"",
                                "line": 8,
                                "match": {
                                    "location": "span_batch_test.go:71"
                                },
                                "result": {
                                    "status": "passed",
                                    "duration": 180932
                                }
                            },
                            {
                                "keyword": "Then ",
                                "name": "the paragraph reads \"blue blue blue\"",
                                "line": 9,
                                "match": {
                                    "location": "span_batch_test.go:72"
                                },
                                "result": {
                                    "status": "passed",
                                    "duration": 52320
                                }
                            },
                            {
                                "keyword": "And ",
                                "name": "every changed selected target is consumed",
                                "line": 10,
                                "match": {
                                    "location": "span_batch_test.go:82"
                                },
                                "result": {
                                    "status": "passed",
                                    "duration": 21081
                                }
                            }
                        ]
                    },
                    {
                        "id": "atomic-selected-word-span-batches;an-unsupported-later-target-rolls-back-earlier-selected-edits",
                        "keyword": "Scenario",
                        "name": "An unsupported later target rolls back earlier selected edits",
                        "description": "",
                        "line": 13,
                        "type": "scenario",
                        "tags": [
                            {
                                "name": "@implemented",
                                "line": 1
                            },
                            {
                                "name": "@go",
                                "line": 1
                            },
                            {
                                "name": "@document",
                                "line": 1
                            },
                            {
                                "name": "@BATCH-002",
                                "line": 12
                            }
                        ],
                        "steps": [
                            {
                                "keyword": "Given ",
                                "name": "selected Word spans with a later hyperlink-owned occurrence",
                                "line": 14,
                                "match": {
                                    "location": "span_batch_test.go:70"
                                },
                                "result": {
                                    "status": "passed",
                                    "duration": 312339
                                }
                            },
                            {
                                "keyword": "When ",
                                "name": "I attempt a selected batch replacement with \"blue\"",
                                "line": 15,
                                "match": {
                                    "location": "span_batch_test.go:92"
                                },
                                "result": {
                                    "status": "passed",
                                    "duration": 212375
                                }
                            },
                            {
                                "keyword": "Then ",
                                "name": "the selected batch refuses without changing the source archive",
                                "line": 16,
                                "match": {
                                    "location": "span_batch_test.go:93"
                                },
                                "result": {
                                    "status": "passed",
                                    "duration": 1413121
                                }
                            },
                            {
                                "keyword": "And ",
                                "name": "the first ordinary target remains reusable",
                                "line": 17,
                                "match": {
                                    "location": "span_batch_test.go:107"
                                },
                                "result": {
                                    "status": "passed",
                                    "duration": 125787
                                }
                            }
                        ]
                    },
                    {
                        "id": "atomic-selected-word-span-batches;a-stale-selected-target-aborts-the-whole-batch",
                        "keyword": "Scenario",
                        "name": "A stale selected target aborts the whole batch",
                        "description": "",
                        "line": 20,
                        "type": "scenario",
                        "tags": [
                            {
                                "name": "@implemented",
                                "line": 1
                            },
                            {
                                "name": "@go",
                                "line": 1
                            },
                            {
                                "name": "@document",
                                "line": 1
                            },
                            {
                                "name": "@BATCH-003",
                                "line": 19
                            }
                        ],
                        "steps": [
                            {
                                "keyword": "Given ",
                                "name": "selected Word spans for three occurrences of \"red\"",
                                "line": 21,
                                "match": {
                                    "location": "span_batch_test.go:69"
                                },
                                "result": {
                                    "status": "passed",
                                    "duration": 1098676
                                }
                            },
                            {
                                "keyword": "And ",
                                "name": "the first occurrence has already been changed",
                                "line": 22,
                                "match": {
                                    "location": "span_batch_test.go:108"
                                },
                                "result": {
                                    "status": "passed",
                                    "duration": 1481895
                                }
                            },
                            {
                                "keyword": "When ",
                                "name": "I attempt a selected batch replacement with \"blue\"",
                                "line": 23,
                                "match": {
                                    "location": "span_batch_test.go:92"
                                },
                                "result": {
                                    "status": "passed",
                                    "duration": 42788
                                }
                            },
                            {
                                "keyword": "Then ",
                                "name": "the stale batch leaves the previously committed edit unchanged",
                                "line": 24,
                                "match": {
                                    "location": "span_batch_test.go:116"
                                },
                                "result": {
                                    "status": "passed",
                                    "duration": 1376121
                                }
                            }
                        ]
                    }
                ]
            },
            {
                "uri": "../features/implemented/spreadsheet/bounded-edit.feature",
                "id": "bounded-formula-free-numeric-cell-correction",
                "keyword": "Feature",
                "name": "Bounded formula-free numeric cell correction",
                "description": "  Existing numeric cells can change only when dependent structures are absent.",
                "line": 2,
                "tags": [
                    {
                        "name": "@implemented",
                        "line": 1
                    },
                    {
                        "name": "@go",
                        "line": 1
                    },
                    {
                        "name": "@spreadsheet",
                        "line": 1
                    }
                ],
                "elements": [
                    {
                        "id": "bounded-formula-free-numeric-cell-correction;changing-a-formula-free-numeric-cell-preserves-styles-and-opaque-parts",
                        "keyword": "Scenario",
                        "name": "Changing a formula-free numeric cell preserves styles and opaque parts",
                        "description": "",
                        "line": 6,
                        "type": "scenario",
                        "tags": [
                            {
                                "name": "@implemented",
                                "line": 1
                            },
                            {
                                "name": "@go",
                                "line": 1
                            },
                            {
                                "name": "@spreadsheet",
                                "line": 1
                            },
                            {
                                "name": "@CELL-001",
                                "line": 5
                            }
                        ],
                        "steps": [
                            {
                                "keyword": "Given ",
                                "name": "a formula-free workbook with numeric cell \"B2\"",
                                "line": 7,
                                "match": {
                                    "location": "cell_test.go:95"
                                },
                                "result": {
                                    "status": "passed",
                                    "duration": 376899
                                }
                            },
                            {
                                "keyword": "When ",
                                "name": "I set the guarded numeric cell to 125",
                                "line": 8,
                                "match": {
                                    "location": "cell_test.go:97"
                                },
                                "result": {
                                    "status": "passed",
                                    "duration": 197753
                                }
                            },
                            {
                                "keyword": "Then ",
                                "name": "delivery changes only the cell value bytes",
                                "line": 9,
                                "match": {
                                    "location": "cell_test.go:105"
                                },
                                "result": {
                                    "status": "passed",
                                    "duration": 1286208
                                }
                            },
                            {
                                "keyword": "And ",
                                "name": "the consumed cell target refuses reuse",
                                "line": 10,
                                "match": {
                                    "location": "cell_test.go:132"
                                },
                                "result": {
                                    "status": "passed",
                                    "duration": 66113
                                }
                            }
                        ]
                    },
                    {
                        "id": "bounded-formula-free-numeric-cell-correction;unproved-workbook-dependencies-refuse-numeric-writes;;2",
                        "keyword": "Scenario Outline",
                        "name": "Unproved workbook dependencies refuse numeric writes",
                        "description": "",
                        "line": 21,
                        "type": "scenario",
                        "tags": [
                            {
                                "name": "@implemented",
                                "line": 1
                            },
                            {
                                "name": "@go",
                                "line": 1
                            },
                            {
                                "name": "@spreadsheet",
                                "line": 1
                            },
                            {
                                "name": "@CELL-002",
                                "line": 12
                            }
                        ],
                        "steps": [
                            {
                                "keyword": "Given ",
                                "name": "a workbook containing \"formula on another sheet\"",
                                "line": 14,
                                "match": {
                                    "location": "cell_test.go:96"
                                },
                                "result": {
                                    "status": "passed",
                                    "duration": 443169
                                }
                            },
                            {
                                "keyword": "When ",
                                "name": "I attempt the guarded numeric correction",
                                "line": 15,
                                "match": {
                                    "location": "cell_test.go:140"
                                },
                                "result": {
                                    "status": "passed",
                                    "duration": 172505
                                }
                            },
                            {
                                "keyword": "Then ",
                                "name": "the numeric correction returns a typed refusal",
                                "line": 16,
                                "match": {
                                    "location": "cell_test.go:147"
                                },
                                "result": {
                                    "status": "passed",
                                    "duration": 23335
                                }
                            },
                            {
                                "keyword": "And ",
                                "name": "saving the numeric session preserves the original archive",
                                "line": 17,
                                "match": {
                                    "location": "cell_test.go:154"
                                },
                                "result": {
                                    "status": "passed",
                                    "duration": 1272485
                                }
                            }
                        ]
                    },
                    {
                        "id": "bounded-formula-free-numeric-cell-correction;unproved-workbook-dependencies-refuse-numeric-writes;;3",
                        "keyword": "Scenario Outline",
                        "name": "Unproved workbook dependencies refuse numeric writes",
                        "description": "",
                        "line": 22,
                        "type": "scenario",
                        "tags": [
                            {
                                "name": "@implemented",
                                "line": 1
                            },
                            {
                                "name": "@go",
                                "line": 1
                            },
                            {
                                "name": "@spreadsheet",
                                "line": 1
                            },
                            {
                                "name": "@CELL-002",
                                "line": 12
                            }
                        ],
                        "steps": [
                            {
                                "keyword": "Given ",
                                "name": "a workbook containing \"protected worksheet\"",
                                "line": 14,
                                "match": {
                                    "location": "cell_test.go:96"
                                },
                                "result": {
                                    "status": "passed",
                                    "duration": 587190
                                }
                            },
                            {
                                "keyword": "When ",
                                "name": "I attempt the guarded numeric correction",
                                "line": 15,
                                "match": {
                                    "location": "cell_test.go:140"
                                },
                                "result": {
                                    "status": "passed",
                                    "duration": 174181
                                }
                            },
                            {
                                "keyword": "Then ",
                                "name": "the numeric correction returns a typed refusal",
                                "line": 16,
                                "match": {
                                    "location": "cell_test.go:147"
                                },
                                "result": {
                                    "status": "passed",
                                    "duration": 25804
                                }
                            },
                            {
                                "keyword": "And ",
                                "name": "saving the numeric session preserves the original archive",
                                "line": 17,
                                "match": {
                                    "location": "cell_test.go:154"
                                },
                                "result": {
                                    "status": "passed",
                                    "duration": 1219707
                                }
                            }
                        ]
                    },
                    {
                        "id": "bounded-formula-free-numeric-cell-correction;unproved-workbook-dependencies-refuse-numeric-writes;;4",
                        "keyword": "Scenario Outline",
                        "name": "Unproved workbook dependencies refuse numeric writes",
                        "description": "",
                        "line": 23,
                        "type": "scenario",
                        "tags": [
                            {
                                "name": "@implemented",
                                "line": 1
                            },
                            {
                                "name": "@go",
                                "line": 1
                            },
                            {
                                "name": "@spreadsheet",
                                "line": 1
                            },
                            {
                                "name": "@CELL-002",
                                "line": 12
                            }
                        ],
                        "steps": [
                            {
                                "keyword": "Given ",
                                "name": "a workbook containing \"defined name\"",
                                "line": 14,
                                "match": {
                                    "location": "cell_test.go:96"
                                },
                                "result": {
                                    "status": "passed",
                                    "duration": 378360
                                }
                            },
                            {
                                "keyword": "When ",
                                "name": "I attempt the guarded numeric correction",
                                "line": 15,
                                "match": {
                                    "location": "cell_test.go:140"
                                },
                                "result": {
                                    "status": "passed",
                                    "duration": 154895
                                }
                            },
                            {
                                "keyword": "Then ",
                                "name": "the numeric correction returns a typed refusal",
                                "line": 16,
                                "match": {
                                    "location": "cell_test.go:147"
                                },
                                "result": {
                                    "status": "passed",
                                    "duration": 25823
                                }
                            },
                            {
                                "keyword": "And ",
                                "name": "saving the numeric session preserves the original archive",
                                "line": 17,
                                "match": {
                                    "location": "cell_test.go:154"
                                },
                                "result": {
                                    "status": "passed",
                                    "duration": 1245811
                                }
                            }
                        ]
                    },
                    {
                        "id": "bounded-formula-free-numeric-cell-correction;unproved-workbook-dependencies-refuse-numeric-writes;;5",
                        "keyword": "Scenario Outline",
                        "name": "Unproved workbook dependencies refuse numeric writes",
                        "description": "",
                        "line": 24,
                        "type": "scenario",
                        "tags": [
                            {
                                "name": "@implemented",
                                "line": 1
                            },
                            {
                                "name": "@go",
                                "line": 1
                            },
                            {
                                "name": "@spreadsheet",
                                "line": 1
                            },
                            {
                                "name": "@CELL-002",
                                "line": 12
                            }
                        ],
                        "steps": [
                            {
                                "keyword": "Given ",
                                "name": "a workbook containing \"duplicate cell address\"",
                                "line": 14,
                                "match": {
                                    "location": "cell_test.go:96"
                                },
                                "result": {
                                    "status": "passed",
                                    "duration": 441144
                                }
                            },
                            {
                                "keyword": "When ",
                                "name": "I attempt the guarded numeric correction",
                                "line": 15,
                                "match": {
                                    "location": "cell_test.go:140"
                                },
                                "result": {
                                    "status": "passed",
                                    "duration": 46275
                                }
                            },
                            {
                                "keyword": "Then ",
                                "name": "the numeric correction returns a typed refusal",
                                "line": 16,
                                "match": {
                                    "location": "cell_test.go:147"
                                },
                                "result": {
                                    "status": "passed",
                                    "duration": 23907
                                }
                            },
                            {
                                "keyword": "And ",
                                "name": "saving the numeric session preserves the original archive",
                                "line": 17,
                                "match": {
                                    "location": "cell_test.go:154"
                                },
                                "result": {
                                    "status": "passed",
                                    "duration": 1265402
                                }
                            }
                        ]
                    },
                    {
                        "id": "bounded-formula-free-numeric-cell-correction;unproved-workbook-dependencies-refuse-numeric-writes;;6",
                        "keyword": "Scenario Outline",
                        "name": "Unproved workbook dependencies refuse numeric writes",
                        "description": "",
                        "line": 25,
                        "type": "scenario",
                        "tags": [
                            {
                                "name": "@implemented",
                                "line": 1
                            },
                            {
                                "name": "@go",
                                "line": 1
                            },
                            {
                                "name": "@spreadsheet",
                                "line": 1
                            },
                            {
                                "name": "@CELL-002",
                                "line": 12
                            }
                        ],
                        "steps": [
                            {
                                "keyword": "Given ",
                                "name": "a workbook containing \"chart dependency\"",
                                "line": 14,
                                "match": {
                                    "location": "cell_test.go:96"
                                },
                                "result": {
                                    "status": "passed",
                                    "duration": 440960
                                }
                            },
                            {
                                "keyword": "When ",
                                "name": "I attempt the guarded numeric correction",
                                "line": 15,
                                "match": {
                                    "location": "cell_test.go:140"
                                },
                                "result": {
                                    "status": "passed",
                                    "duration": 136932
                                }
                            },
                            {
                                "keyword": "Then ",
                                "name": "the numeric correction returns a typed refusal",
                                "line": 16,
                                "match": {
                                    "location": "cell_test.go:147"
                                },
                                "result": {
                                    "status": "passed",
                                    "duration": 24779
                                }
                            },
                            {
                                "keyword": "And ",
                                "name": "saving the numeric session preserves the original archive",
                                "line": 17,
                                "match": {
                                    "location": "cell_test.go:154"
                                },
                                "result": {
                                    "status": "passed",
                                    "duration": 1246378
                                }
                            }
                        ]
                    },
                    {
                        "id": "bounded-formula-free-numeric-cell-correction;unproved-workbook-dependencies-refuse-numeric-writes;;7",
                        "keyword": "Scenario Outline",
                        "name": "Unproved workbook dependencies refuse numeric writes",
                        "description": "",
                        "line": 26,
                        "type": "scenario",
                        "tags": [
                            {
                                "name": "@implemented",
                                "line": 1
                            },
                            {
                                "name": "@go",
                                "line": 1
                            },
                            {
                                "name": "@spreadsheet",
                                "line": 1
                            },
                            {
                                "name": "@CELL-002",
                                "line": 12
                            }
                        ],
                        "steps": [
                            {
                                "keyword": "Given ",
                                "name": "a workbook containing \"data validation\"",
                                "line": 14,
                                "match": {
                                    "location": "cell_test.go:96"
                                },
                                "result": {
                                    "status": "passed",
                                    "duration": 401896
                                }
                            },
                            {
                                "keyword": "When ",
                                "name": "I attempt the guarded numeric correction",
                                "line": 15,
                                "match": {
                                    "location": "cell_test.go:140"
                                },
                                "result": {
                                    "status": "passed",
                                    "duration": 176923
                                }
                            },
                            {
                                "keyword": "Then ",
                                "name": "the numeric correction returns a typed refusal",
                                "line": 16,
                                "match": {
                                    "location": "cell_test.go:147"
                                },
                                "result": {
                                    "status": "passed",
                                    "duration": 38476
                                }
                            },
                            {
                                "keyword": "And ",
                                "name": "saving the numeric session preserves the original archive",
                                "line": 17,
                                "match": {
                                    "location": "cell_test.go:154"
                                },
                                "result": {
                                    "status": "passed",
                                    "duration": 1198507
                                }
                            }
                        ]
                    },
                    {
                        "id": "bounded-formula-free-numeric-cell-correction;unproved-workbook-dependencies-refuse-numeric-writes;;8",
                        "keyword": "Scenario Outline",
                        "name": "Unproved workbook dependencies refuse numeric writes",
                        "description": "",
                        "line": 27,
                        "type": "scenario",
                        "tags": [
                            {
                                "name": "@implemented",
                                "line": 1
                            },
                            {
                                "name": "@go",
                                "line": 1
                            },
                            {
                                "name": "@spreadsheet",
                                "line": 1
                            },
                            {
                                "name": "@CELL-002",
                                "line": 12
                            }
                        ],
                        "steps": [
                            {
                                "keyword": "Given ",
                                "name": "a workbook containing \"unknown worksheet element\"",
                                "line": 14,
                                "match": {
                                    "location": "cell_test.go:96"
                                },
                                "result": {
                                    "status": "passed",
                                    "duration": 433370
                                }
                            },
                            {
                                "keyword": "When ",
                                "name": "I attempt the guarded numeric correction",
                                "line": 15,
                                "match": {
                                    "location": "cell_test.go:140"
                                },
                                "result": {
                                    "status": "passed",
                                    "duration": 168478
                                }
                            },
                            {
                                "keyword": "Then ",
                                "name": "the numeric correction returns a typed refusal",
                                "line": 16,
                                "match": {
                                    "location": "cell_test.go:147"
                                },
                                "result": {
                                    "status": "passed",
                                    "duration": 25930
                                }
                            },
                            {
                                "keyword": "And ",
                                "name": "saving the numeric session preserves the original archive",
                                "line": 17,
                                "match": {
                                    "location": "cell_test.go:154"
                                },
                                "result": {
                                    "status": "passed",
                                    "duration": 1265197
                                }
                            }
                        ]
                    },
                    {
                        "id": "bounded-formula-free-numeric-cell-correction;unproved-workbook-dependencies-refuse-numeric-writes;;9",
                        "keyword": "Scenario Outline",
                        "name": "Unproved workbook dependencies refuse numeric writes",
                        "description": "",
                        "line": 28,
                        "type": "scenario",
                        "tags": [
                            {
                                "name": "@implemented",
                                "line": 1
                            },
                            {
                                "name": "@go",
                                "line": 1
                            },
                            {
                                "name": "@spreadsheet",
                                "line": 1
                            },
                            {
                                "name": "@CELL-002",
                                "line": 12
                            }
                        ],
                        "steps": [
                            {
                                "keyword": "Given ",
                                "name": "a workbook containing \"unknown cell attribute namespace\"",
                                "line": 14,
                                "match": {
                                    "location": "cell_test.go:96"
                                },
                                "result": {
                                    "status": "passed",
                                    "duration": 412679
                                }
                            },
                            {
                                "keyword": "When ",
                                "name": "I attempt the guarded numeric correction",
                                "line": 15,
                                "match": {
                                    "location": "cell_test.go:140"
                                },
                                "result": {
                                    "status": "passed",
                                    "duration": 182514
                                }
                            },
                            {
                                "keyword": "Then ",
                                "name": "the numeric correction returns a typed refusal",
                                "line": 16,
                                "match": {
                                    "location": "cell_test.go:147"
                                },
                                "result": {
                                    "status": "passed",
                                    "duration": 27285
                                }
                            },
                            {
                                "keyword": "And ",
                                "name": "saving the numeric session preserves the original archive",
                                "line": 17,
                                "match": {
                                    "location": "cell_test.go:154"
                                },
                                "result": {
                                    "status": "passed",
                                    "duration": 3985029
                                }
                            }
                        ]
                    }
                ]
            },
            {
                "uri": "../features/implemented/presentation/bounded-edit.feature",
                "id": "bounded-presentation-text-correction",
                "keyword": "Feature",
                "name": "Bounded presentation text correction",
                "description": "  A shape-ID target changes only its plain text while preserving source formatting.",
                "line": 2,
                "tags": [
                    {
                        "name": "@implemented",
                        "line": 1
                    },
                    {
                        "name": "@go",
                        "line": 1
                    },
                    {
                        "name": "@presentation",
                        "line": 1
                    }
                ],
                "elements": [
                    {
                        "id": "bounded-presentation-text-correction;shape-id-targeting-preserves-geometry-and-opaque-extension-bytes",
                        "keyword": "Scenario",
                        "name": "Shape-ID targeting preserves geometry and opaque extension bytes",
                        "description": "",
                        "line": 6,
                        "type": "scenario",
                        "tags": [
                            {
                                "name": "@implemented",
                                "line": 1
                            },
                            {
                                "name": "@go",
                                "line": 1
                            },
                            {
                                "name": "@presentation",
                                "line": 1
                            },
                            {
                                "name": "@SLIDE-001",
                                "line": 5
                            }
                        ],
                        "steps": [
                            {
                                "keyword": "Given ",
                                "name": "a presentation with a plain text shape and opaque slide markup",
                                "line": 7,
                                "match": {
                                    "location": "slide_test.go:77"
                                },
                                "result": {
                                    "status": "passed",
                                    "duration": 672495
                                }
                            },
                            {
                                "keyword": "When ",
                                "name": "I replace \"old text\" in shape 7 on \"ppt/slides/slide1.xml\"",
                                "line": 8,
                                "match": {
                                    "location": "slide_test.go:79"
                                },
                                "result": {
                                    "status": "passed",
                                    "duration": 98215
                                }
                            },
                            {
                                "keyword": "Then ",
                                "name": "only the selected slide text bytes differ after delivery",
                                "line": 9,
                                "match": {
                                    "location": "slide_test.go:87"
                                },
                                "result": {
                                    "status": "passed",
                                    "duration": 1836379
                                }
                            },
                            {
                                "keyword": "And ",
                                "name": "the consumed presentation target refuses reuse",
                                "line": 10,
                                "match": {
                                    "location": "slide_test.go:114"
                                },
                                "result": {
                                    "status": "passed",
                                    "duration": 91191
                                }
                            }
                        ]
                    },
                    {
                        "id": "bounded-presentation-text-correction;unsupported-presentation-text-context-refuses-unchanged;;2",
                        "keyword": "Scenario Outline",
                        "name": "Unsupported presentation text context refuses unchanged",
                        "description": "",
                        "line": 21,
                        "type": "scenario",
                        "tags": [
                            {
                                "name": "@implemented",
                                "line": 1
                            },
                            {
                                "name": "@go",
                                "line": 1
                            },
                            {
                                "name": "@presentation",
                                "line": 1
                            },
                            {
                                "name": "@SLIDE-002",
                                "line": 12
                            }
                        ],
                        "steps": [
                            {
                                "keyword": "Given ",
                                "name": "a presentation text shape with \"duplicate shape IDs\"",
                                "line": 14,
                                "match": {
                                    "location": "slide_test.go:78"
                                },
                                "result": {
                                    "status": "passed",
                                    "duration": 704393
                                }
                            },
                            {
                                "keyword": "When ",
                                "name": "I request a guarded presentation text correction",
                                "line": 15,
                                "match": {
                                    "location": "slide_test.go:122"
                                },
                                "result": {
                                    "status": "passed",
                                    "duration": 67162
                                }
                            },
                            {
                                "keyword": "Then ",
                                "name": "the presentation operation returns a typed refusal",
                                "line": 16,
                                "match": {
                                    "location": "slide_test.go:133"
                                },
                                "result": {
                                    "status": "passed",
                                    "duration": 24757
                                }
                            },
                            {
                                "keyword": "And ",
                                "name": "its delivered archive is byte-identical to the source",
                                "line": 17,
                                "match": {
                                    "location": "slide_test.go:140"
                                },
                                "result": {
                                    "status": "passed",
                                    "duration": 1552719
                                }
                            }
                        ]
                    },
                    {
                        "id": "bounded-presentation-text-correction;unsupported-presentation-text-context-refuses-unchanged;;3",
                        "keyword": "Scenario Outline",
                        "name": "Unsupported presentation text context refuses unchanged",
                        "description": "",
                        "line": 22,
                        "type": "scenario",
                        "tags": [
                            {
                                "name": "@implemented",
                                "line": 1
                            },
                            {
                                "name": "@go",
                                "line": 1
                            },
                            {
                                "name": "@presentation",
                                "line": 1
                            },
                            {
                                "name": "@SLIDE-002",
                                "line": 12
                            }
                        ],
                        "steps": [
                            {
                                "keyword": "Given ",
                                "name": "a presentation text shape with \"repeated leaf text\"",
                                "line": 14,
                                "match": {
                                    "location": "slide_test.go:78"
                                },
                                "result": {
                                    "status": "passed",
                                    "duration": 1262050
                                }
                            },
                            {
                                "keyword": "When ",
                                "name": "I request a guarded presentation text correction",
                                "line": 15,
                                "match": {
                                    "location": "slide_test.go:122"
                                },
                                "result": {
                                    "status": "passed",
                                    "duration": 61353
                                }
                            },
                            {
                                "keyword": "Then ",
                                "name": "the presentation operation returns a typed refusal",
                                "line": 16,
                                "match": {
                                    "location": "slide_test.go:133"
                                },
                                "result": {
                                    "status": "passed",
                                    "duration": 27444
                                }
                            },
                            {
                                "keyword": "And ",
                                "name": "its delivered archive is byte-identical to the source",
                                "line": 17,
                                "match": {
                                    "location": "slide_test.go:140"
                                },
                                "result": {
                                    "status": "passed",
                                    "duration": 1467396
                                }
                            }
                        ]
                    },
                    {
                        "id": "bounded-presentation-text-correction;unsupported-presentation-text-context-refuses-unchanged;;4",
                        "keyword": "Scenario Outline",
                        "name": "Unsupported presentation text context refuses unchanged",
                        "description": "",
                        "line": 23,
                        "type": "scenario",
                        "tags": [
                            {
                                "name": "@implemented",
                                "line": 1
                            },
                            {
                                "name": "@go",
                                "line": 1
                            },
                            {
                                "name": "@presentation",
                                "line": 1
                            },
                            {
                                "name": "@SLIDE-002",
                                "line": 12
                            }
                        ],
                        "steps": [
                            {
                                "keyword": "Given ",
                                "name": "a presentation text shape with \"field-bearing paragraph\"",
                                "line": 14,
                                "match": {
                                    "location": "slide_test.go:78"
                                },
                                "result": {
                                    "status": "passed",
                                    "duration": 401953
                                }
                            },
                            {
                                "keyword": "When ",
                                "name": "I request a guarded presentation text correction",
                                "line": 15,
                                "match": {
                                    "location": "slide_test.go:122"
                                },
                                "result": {
                                    "status": "passed",
                                    "duration": 67100
                                }
                            },
                            {
                                "keyword": "Then ",
                                "name": "the presentation operation returns a typed refusal",
                                "line": 16,
                                "match": {
                                    "location": "slide_test.go:133"
                                },
                                "result": {
                                    "status": "passed",
                                    "duration": 25840
                                }
                            },
                            {
                                "keyword": "And ",
                                "name": "its delivered archive is byte-identical to the source",
                                "line": 17,
                                "match": {
                                    "location": "slide_test.go:140"
                                },
                                "result": {
                                    "status": "passed",
                                    "duration": 1327256
                                }
                            }
                        ]
                    },
                    {
                        "id": "bounded-presentation-text-correction;unsupported-presentation-text-context-refuses-unchanged;;5",
                        "keyword": "Scenario Outline",
                        "name": "Unsupported presentation text context refuses unchanged",
                        "description": "",
                        "line": 24,
                        "type": "scenario",
                        "tags": [
                            {
                                "name": "@implemented",
                                "line": 1
                            },
                            {
                                "name": "@go",
                                "line": 1
                            },
                            {
                                "name": "@presentation",
                                "line": 1
                            },
                            {
                                "name": "@SLIDE-002",
                                "line": 12
                            }
                        ],
                        "steps": [
                            {
                                "keyword": "Given ",
                                "name": "a presentation text shape with \"foreign slide part\"",
                                "line": 14,
                                "match": {
                                    "location": "slide_test.go:78"
                                },
                                "result": {
                                    "status": "passed",
                                    "duration": 448636
                                }
                            },
                            {
                                "keyword": "When ",
                                "name": "I request a guarded presentation text correction",
                                "line": 15,
                                "match": {
                                    "location": "slide_test.go:122"
                                },
                                "result": {
                                    "status": "passed",
                                    "duration": 35341
                                }
                            },
                            {
                                "keyword": "Then ",
                                "name": "the presentation operation returns a typed refusal",
                                "line": 16,
                                "match": {
                                    "location": "slide_test.go:133"
                                },
                                "result": {
                                    "status": "passed",
                                    "duration": 24773
                                }
                            },
                            {
                                "keyword": "And ",
                                "name": "its delivered archive is byte-identical to the source",
                                "line": 17,
                                "match": {
                                    "location": "slide_test.go:140"
                                },
                                "result": {
                                    "status": "passed",
                                    "duration": 1383240
                                }
                            }
                        ]
                    }
                ]
            },
            {
                "uri": "../features/implemented/document/bounded-edit.feature",
                "id": "bounded-preservation-safe-word-text-correction",
                "keyword": "Feature",
                "name": "Bounded preservation-safe Word text correction",
                "description": "  Plain body text corrections preserve every unrelated XML byte and package part.",
                "line": 2,
                "tags": [
                    {
                        "name": "@implemented",
                        "line": 1
                    },
                    {
                        "name": "@go",
                        "line": 1
                    },
                    {
                        "name": "@document",
                        "line": 1
                    }
                ],
                "elements": [
                    {
                        "id": "bounded-preservation-safe-word-text-correction;a-plain-run-correction-preserves-opaque-markup-and-media",
                        "keyword": "Scenario",
                        "name": "A plain run correction preserves opaque markup and media",
                        "description": "",
                        "line": 6,
                        "type": "scenario",
                        "tags": [
                            {
                                "name": "@implemented",
                                "line": 1
                            },
                            {
                                "name": "@go",
                                "line": 1
                            },
                            {
                                "name": "@document",
                                "line": 1
                            },
                            {
                                "name": "@WORD-001",
                                "line": 5
                            }
                        ],
                        "steps": [
                            {
                                "keyword": "Given ",
                                "name": "a Word package containing a plain body text run and opaque content",
                                "line": 7,
                                "match": {
                                    "location": "word_test.go:71"
                                },
                                "result": {
                                    "status": "passed",
                                    "duration": 659845
                                }
                            },
                            {
                                "keyword": "When ",
                                "name": "I replace the unique text \"old text\" with \"new \u0026 text\" through a guarded target",
                                "line": 8,
                                "match": {
                                    "location": "word_test.go:73"
                                },
                                "result": {
                                    "status": "passed",
                                    "duration": 147521
                                }
                            },
                            {
                                "keyword": "And ",
                                "name": "save the edited Word package",
                                "line": 9,
                                "match": {
                                    "location": "word_test.go:91"
                                },
                                "result": {
                                    "status": "passed",
                                    "duration": 13879847
                                }
                            },
                            {
                                "keyword": "Then ",
                                "name": "only the matched XML character data differs",
                                "line": 10,
                                "match": {
                                    "location": "word_test.go:92"
                                },
                                "result": {
                                    "status": "passed",
                                    "duration": 63979
                                }
                            },
                            {
                                "keyword": "And ",
                                "name": "every other package member retains its payload bytes",
                                "line": 11,
                                "match": {
                                    "location": "word_test.go:107"
                                },
                                "result": {
                                    "status": "passed",
                                    "duration": 60809
                                }
                            },
                            {
                                "keyword": "And ",
                                "name": "reusing the consumed target returns a stale-target refusal",
                                "line": 12,
                                "match": {
                                    "location": "word_test.go:130"
                                },
                                "result": {
                                    "status": "passed",
                                    "duration": 79688
                                }
                            }
                        ]
                    },
                    {
                        "id": "bounded-preservation-safe-word-text-correction;unsupported-ownership-or-editing-policy-refuses-unchanged;;2",
                        "keyword": "Scenario Outline",
                        "name": "Unsupported ownership or editing policy refuses unchanged",
                        "description": "",
                        "line": 23,
                        "type": "scenario",
                        "tags": [
                            {
                                "name": "@implemented",
                                "line": 1
                            },
                            {
                                "name": "@go",
                                "line": 1
                            },
                            {
                                "name": "@document",
                                "line": 1
                            },
                            {
                                "name": "@WORD-002",
                                "line": 14
                            }
                        ],
                        "steps": [
                            {
                                "keyword": "Given ",
                                "name": "a Word package with \"duplicate text\"",
                                "line": 16,
                                "match": {
                                    "location": "word_test.go:72"
                                },
                                "result": {
                                    "status": "passed",
                                    "duration": 591338
                                }
                            },
                            {
                                "keyword": "When ",
                                "name": "I request a guarded correction of \"old text\"",
                                "line": 17,
                                "match": {
                                    "location": "word_test.go:138"
                                },
                                "result": {
                                    "status": "passed",
                                    "duration": 69447
                                }
                            },
                            {
                                "keyword": "Then ",
                                "name": "the correction returns a typed refusal",
                                "line": 18,
                                "match": {
                                    "location": "word_test.go:145"
                                },
                                "result": {
                                    "status": "passed",
                                    "duration": 29078
                                }
                            },
                            {
                                "keyword": "And ",
                                "name": "saving the Word session retains the original archive bytes",
                                "line": 19,
                                "match": {
                                    "location": "word_test.go:152"
                                },
                                "result": {
                                    "status": "passed",
                                    "duration": 5328799
                                }
                            }
                        ]
                    },
                    {
                        "id": "bounded-preservation-safe-word-text-correction;unsupported-ownership-or-editing-policy-refuses-unchanged;;3",
                        "keyword": "Scenario Outline",
                        "name": "Unsupported ownership or editing policy refuses unchanged",
                        "description": "",
                        "line": 24,
                        "type": "scenario",
                        "tags": [
                            {
                                "name": "@implemented",
                                "line": 1
                            },
                            {
                                "name": "@go",
                                "line": 1
                            },
                            {
                                "name": "@document",
                                "line": 1
                            },
                            {
                                "name": "@WORD-002",
                                "line": 14
                            }
                        ],
                        "steps": [
                            {
                                "keyword": "Given ",
                                "name": "a Word package with \"active document protection\"",
                                "line": 16,
                                "match": {
                                    "location": "word_test.go:72"
                                },
                                "result": {
                                    "status": "passed",
                                    "duration": 713118
                                }
                            },
                            {
                                "keyword": "When ",
                                "name": "I request a guarded correction of \"old text\"",
                                "line": 17,
                                "match": {
                                    "location": "word_test.go:138"
                                },
                                "result": {
                                    "status": "passed",
                                    "duration": 107955
                                }
                            },
                            {
                                "keyword": "Then ",
                                "name": "the correction returns a typed refusal",
                                "line": 18,
                                "match": {
                                    "location": "word_test.go:145"
                                },
                                "result": {
                                    "status": "passed",
                                    "duration": 19742
                                }
                            },
                            {
                                "keyword": "And ",
                                "name": "saving the Word session retains the original archive bytes",
                                "line": 19,
                                "match": {
                                    "location": "word_test.go:152"
                                },
                                "result": {
                                    "status": "passed",
                                    "duration": 3367844
                                }
                            }
                        ]
                    },
                    {
                        "id": "bounded-preservation-safe-word-text-correction;unsupported-ownership-or-editing-policy-refuses-unchanged;;4",
                        "keyword": "Scenario Outline",
                        "name": "Unsupported ownership or editing policy refuses unchanged",
                        "description": "",
                        "line": 25,
                        "type": "scenario",
                        "tags": [
                            {
                                "name": "@implemented",
                                "line": 1
                            },
                            {
                                "name": "@go",
                                "line": 1
                            },
                            {
                                "name": "@document",
                                "line": 1
                            },
                            {
                                "name": "@WORD-002",
                                "line": 14
                            }
                        ],
                        "steps": [
                            {
                                "keyword": "Given ",
                                "name": "a Word package with \"tracked revisions\"",
                                "line": 16,
                                "match": {
                                    "location": "word_test.go:72"
                                },
                                "result": {
                                    "status": "passed",
                                    "duration": 285224
                                }
                            },
                            {
                                "keyword": "When ",
                                "name": "I request a guarded correction of \"old text\"",
                                "line": 17,
                                "match": {
                                    "location": "word_test.go:138"
                                },
                                "result": {
                                    "status": "passed",
                                    "duration": 94934
                                }
                            },
                            {
                                "keyword": "Then ",
                                "name": "the correction returns a typed refusal",
                                "line": 18,
                                "match": {
                                    "location": "word_test.go:145"
                                },
                                "result": {
                                    "status": "passed",
                                    "duration": 19053
                                }
                            },
                            {
                                "keyword": "And ",
                                "name": "saving the Word session retains the original archive bytes",
                                "line": 19,
                                "match": {
                                    "location": "word_test.go:152"
                                },
                                "result": {
                                    "status": "passed",
                                    "duration": 3136537
                                }
                            }
                        ]
                    },
                    {
                        "id": "bounded-preservation-safe-word-text-correction;unsupported-ownership-or-editing-policy-refuses-unchanged;;5",
                        "keyword": "Scenario Outline",
                        "name": "Unsupported ownership or editing policy refuses unchanged",
                        "description": "",
                        "line": 26,
                        "type": "scenario",
                        "tags": [
                            {
                                "name": "@implemented",
                                "line": 1
                            },
                            {
                                "name": "@go",
                                "line": 1
                            },
                            {
                                "name": "@document",
                                "line": 1
                            },
                            {
                                "name": "@WORD-002",
                                "line": 14
                            }
                        ],
                        "steps": [
                            {
                                "keyword": "Given ",
                                "name": "a Word package with \"field boundary\"",
                                "line": 16,
                                "match": {
                                    "location": "word_test.go:72"
                                },
                                "result": {
                                    "status": "passed",
                                    "duration": 317522
                                }
                            },
                            {
                                "keyword": "When ",
                                "name": "I request a guarded correction of \"old text\"",
                                "line": 17,
                                "match": {
                                    "location": "word_test.go:138"
                                },
                                "result": {
                                    "status": "passed",
                                    "duration": 95105
                                }
                            },
                            {
                                "keyword": "Then ",
                                "name": "the correction returns a typed refusal",
                                "line": 18,
                                "match": {
                                    "location": "word_test.go:145"
                                },
                                "result": {
                                    "status": "passed",
                                    "duration": 19518
                                }
                            },
                            {
                                "keyword": "And ",
                                "name": "saving the Word session retains the original archive bytes",
                                "line": 19,
                                "match": {
                                    "location": "word_test.go:152"
                                },
                                "result": {
                                    "status": "passed",
                                    "duration": 2740834
                                }
                            }
                        ]
                    },
                    {
                        "id": "bounded-preservation-safe-word-text-correction;unsupported-ownership-or-editing-policy-refuses-unchanged;;6",
                        "keyword": "Scenario Outline",
                        "name": "Unsupported ownership or editing policy refuses unchanged",
                        "description": "",
                        "line": 27,
                        "type": "scenario",
                        "tags": [
                            {
                                "name": "@implemented",
                                "line": 1
                            },
                            {
                                "name": "@go",
                                "line": 1
                            },
                            {
                                "name": "@document",
                                "line": 1
                            },
                            {
                                "name": "@WORD-002",
                                "line": 14
                            }
                        ],
                        "steps": [
                            {
                                "keyword": "Given ",
                                "name": "a Word package with \"unknown settings extension\"",
                                "line": 16,
                                "match": {
                                    "location": "word_test.go:72"
                                },
                                "result": {
                                    "status": "passed",
                                    "duration": 896819
                                }
                            },
                            {
                                "keyword": "When ",
                                "name": "I request a guarded correction of \"old text\"",
                                "line": 17,
                                "match": {
                                    "location": "word_test.go:138"
                                },
                                "result": {
                                    "status": "passed",
                                    "duration": 114823
                                }
                            },
                            {
                                "keyword": "Then ",
                                "name": "the correction returns a typed refusal",
                                "line": 18,
                                "match": {
                                    "location": "word_test.go:145"
                                },
                                "result": {
                                    "status": "passed",
                                    "duration": 20473
                                }
                            },
                            {
                                "keyword": "And ",
                                "name": "saving the Word session retains the original archive bytes",
                                "line": 19,
                                "match": {
                                    "location": "word_test.go:152"
                                },
                                "result": {
                                    "status": "passed",
                                    "duration": 1388057
                                }
                            }
                        ]
                    }
                ]
            },
            {
                "uri": "../features/implemented/package/limits.feature",
                "id": "caller-defined-package-intake-budgets",
                "keyword": "Feature",
                "name": "Caller-defined package intake budgets",
                "description": "  Budget violations are refused before payload allocation or decompression.",
                "line": 2,
                "tags": [
                    {
                        "name": "@implemented",
                        "line": 1
                    },
                    {
                        "name": "@go",
                        "line": 1
                    },
                    {
                        "name": "@package",
                        "line": 1
                    }
                ],
                "elements": [
                    {
                        "id": "caller-defined-package-intake-budgets;intake-enforces-a-configured-resource-ceiling;;2",
                        "keyword": "Scenario Outline",
                        "name": "Intake enforces a configured resource ceiling",
                        "description": "",
                        "line": 13,
                        "type": "scenario",
                        "tags": [
                            {
                                "name": "@implemented",
                                "line": 1
                            },
                            {
                                "name": "@go",
                                "line": 1
                            },
                            {
                                "name": "@package",
                                "line": 1
                            },
                            {
                                "name": "@LIMIT-001",
                                "line": 5
                            }
                        ],
                        "steps": [
                            {
                                "keyword": "Given ",
                                "name": "an archive exceeding its \"source\" budget",
                                "line": 7,
                                "match": {
                                    "location": "limits_test.go:43"
                                },
                                "result": {
                                    "status": "passed",
                                    "duration": 168830
                                }
                            },
                            {
                                "keyword": "When ",
                                "name": "I open it with the configured resource limits",
                                "line": 8,
                                "match": {
                                    "location": "limits_test.go:62"
                                },
                                "result": {
                                    "status": "passed",
                                    "duration": 31256
                                }
                            },
                            {
                                "keyword": "Then ",
                                "name": "I receive a typed resource-limit refusal",
                                "line": 9,
                                "match": {
                                    "location": "limits_test.go:66"
                                },
                                "result": {
                                    "status": "passed",
                                    "duration": 22475
                                }
                            }
                        ]
                    },
                    {
                        "id": "caller-defined-package-intake-budgets;intake-enforces-a-configured-resource-ceiling;;3",
                        "keyword": "Scenario Outline",
                        "name": "Intake enforces a configured resource ceiling",
                        "description": "",
                        "line": 14,
                        "type": "scenario",
                        "tags": [
                            {
                                "name": "@implemented",
                                "line": 1
                            },
                            {
                                "name": "@go",
                                "line": 1
                            },
                            {
                                "name": "@package",
                                "line": 1
                            },
                            {
                                "name": "@LIMIT-001",
                                "line": 5
                            }
                        ],
                        "steps": [
                            {
                                "keyword": "Given ",
                                "name": "an archive exceeding its \"entries\" budget",
                                "line": 7,
                                "match": {
                                    "location": "limits_test.go:43"
                                },
                                "result": {
                                    "status": "passed",
                                    "duration": 229091
                                }
                            },
                            {
                                "keyword": "When ",
                                "name": "I open it with the configured resource limits",
                                "line": 8,
                                "match": {
                                    "location": "limits_test.go:62"
                                },
                                "result": {
                                    "status": "passed",
                                    "duration": 94367
                                }
                            },
                            {
                                "keyword": "Then ",
                                "name": "I receive a typed resource-limit refusal",
                                "line": 9,
                                "match": {
                                    "location": "limits_test.go:66"
                                },
                                "result": {
                                    "status": "passed",
                                    "duration": 39205
                                }
                            }
                        ]
                    },
                    {
                        "id": "caller-defined-package-intake-budgets;intake-enforces-a-configured-resource-ceiling;;4",
                        "keyword": "Scenario Outline",
                        "name": "Intake enforces a configured resource ceiling",
                        "description": "",
                        "line": 15,
                        "type": "scenario",
                        "tags": [
                            {
                                "name": "@implemented",
                                "line": 1
                            },
                            {
                                "name": "@go",
                                "line": 1
                            },
                            {
                                "name": "@package",
                                "line": 1
                            },
                            {
                                "name": "@LIMIT-001",
                                "line": 5
                            }
                        ],
                        "steps": [
                            {
                                "keyword": "Given ",
                                "name": "an archive exceeding its \"part\" budget",
                                "line": 7,
                                "match": {
                                    "location": "limits_test.go:43"
                                },
                                "result": {
                                    "status": "passed",
                                    "duration": 134911
                                }
                            },
                            {
                                "keyword": "When ",
                                "name": "I open it with the configured resource limits",
                                "line": 8,
                                "match": {
                                    "location": "limits_test.go:62"
                                },
                                "result": {
                                    "status": "passed",
                                    "duration": 35029
                                }
                            },
                            {
                                "keyword": "Then ",
                                "name": "I receive a typed resource-limit refusal",
                                "line": 9,
                                "match": {
                                    "location": "limits_test.go:66"
                                },
                                "result": {
                                    "status": "passed",
                                    "duration": 21356
                                }
                            }
                        ]
                    },
                    {
                        "id": "caller-defined-package-intake-budgets;intake-enforces-a-configured-resource-ceiling;;5",
                        "keyword": "Scenario Outline",
                        "name": "Intake enforces a configured resource ceiling",
                        "description": "",
                        "line": 16,
                        "type": "scenario",
                        "tags": [
                            {
                                "name": "@implemented",
                                "line": 1
                            },
                            {
                                "name": "@go",
                                "line": 1
                            },
                            {
                                "name": "@package",
                                "line": 1
                            },
                            {
                                "name": "@LIMIT-001",
                                "line": 5
                            }
                        ],
                        "steps": [
                            {
                                "keyword": "Given ",
                                "name": "an archive exceeding its \"total\" budget",
                                "line": 7,
                                "match": {
                                    "location": "limits_test.go:43"
                                },
                                "result": {
                                    "status": "passed",
                                    "duration": 109483
                                }
                            },
                            {
                                "keyword": "When ",
                                "name": "I open it with the configured resource limits",
                                "line": 8,
                                "match": {
                                    "location": "limits_test.go:62"
                                },
                                "result": {
                                    "status": "passed",
                                    "duration": 32211
                                }
                            },
                            {
                                "keyword": "Then ",
                                "name": "I receive a typed resource-limit refusal",
                                "line": 9,
                                "match": {
                                    "location": "limits_test.go:66"
                                },
                                "result": {
                                    "status": "passed",
                                    "duration": 21691
                                }
                            }
                        ]
                    },
                    {
                        "id": "caller-defined-package-intake-budgets;finite-sufficient-budgets-permit-normal-intake",
                        "keyword": "Scenario",
                        "name": "Finite sufficient budgets permit normal intake",
                        "description": "",
                        "line": 19,
                        "type": "scenario",
                        "tags": [
                            {
                                "name": "@implemented",
                                "line": 1
                            },
                            {
                                "name": "@go",
                                "line": 1
                            },
                            {
                                "name": "@package",
                                "line": 1
                            },
                            {
                                "name": "@LIMIT-002",
                                "line": 18
                            }
                        ],
                        "steps": [
                            {
                                "keyword": "Given ",
                                "name": "an archive within all configured budgets",
                                "line": 20,
                                "match": {
                                    "location": "limits_test.go:61"
                                },
                                "result": {
                                    "status": "passed",
                                    "duration": 233997
                                }
                            },
                            {
                                "keyword": "When ",
                                "name": "I open it with the configured resource limits",
                                "line": 21,
                                "match": {
                                    "location": "limits_test.go:62"
                                },
                                "result": {
                                    "status": "passed",
                                    "duration": 101570
                                }
                            },
                            {
                                "keyword": "Then ",
                                "name": "its XML payload is available without changes",
                                "line": 22,
                                "match": {
                                    "location": "limits_test.go:76"
                                },
                                "result": {
                                    "status": "passed",
                                    "duration": 35995
                                }
                            }
                        ]
                    }
                ]
            },
            {
                "uri": "../features/implemented/spreadsheet/dependency-structure.feature",
                "id": "dependency-analysis-validates-worksheet-structure",
                "keyword": "Feature",
                "name": "Dependency analysis validates worksheet structure",
                "description": "  A static expression is not enough when its cell ownership or input value structure is ambiguous.",
                "line": 2,
                "tags": [
                    {
                        "name": "@implemented",
                        "line": 1
                    },
                    {
                        "name": "@go",
                        "line": 1
                    },
                    {
                        "name": "@spreadsheet",
                        "line": 1
                    }
                ],
                "elements": [
                    {
                        "id": "dependency-analysis-validates-worksheet-structure;malformed-non-formula-cells-refuse-the-complete-dependency-plan;;2",
                        "keyword": "Scenario Outline",
                        "name": "Malformed non-formula cells refuse the complete dependency plan",
                        "description": "",
                        "line": 13,
                        "type": "scenario",
                        "tags": [
                            {
                                "name": "@implemented",
                                "line": 1
                            },
                            {
                                "name": "@go",
                                "line": 1
                            },
                            {
                                "name": "@spreadsheet",
                                "line": 1
                            },
                            {
                                "name": "@DEPEND-001",
                                "line": 5
                            }
                        ],
                        "steps": [
                            {
                                "keyword": "Given ",
                                "name": "a dependency workbook with \"duplicate unrelated value\"",
                                "line": 7,
                                "match": {
                                    "location": "cache_invalidation_test.go:111"
                                },
                                "result": {
                                    "status": "passed",
                                    "duration": 418723
                                }
                            },
                            {
                                "keyword": "When ",
                                "name": "I attempt an explicit invalidating input edit",
                                "line": 8,
                                "match": {
                                    "location": "cache_invalidation_test.go:188"
                                },
                                "result": {
                                    "status": "passed",
                                    "duration": 287637
                                }
                            },
                            {
                                "keyword": "Then ",
                                "name": "invalidation returns a typed refusal without any package mutation",
                                "line": 9,
                                "match": {
                                    "location": "cache_invalidation_test.go:196"
                                },
                                "result": {
                                    "status": "passed",
                                    "duration": 1250217
                                }
                            }
                        ]
                    },
                    {
                        "id": "dependency-analysis-validates-worksheet-structure;malformed-non-formula-cells-refuse-the-complete-dependency-plan;;3",
                        "keyword": "Scenario Outline",
                        "name": "Malformed non-formula cells refuse the complete dependency plan",
                        "description": "",
                        "line": 14,
                        "type": "scenario",
                        "tags": [
                            {
                                "name": "@implemented",
                                "line": 1
                            },
                            {
                                "name": "@go",
                                "line": 1
                            },
                            {
                                "name": "@spreadsheet",
                                "line": 1
                            },
                            {
                                "name": "@DEPEND-001",
                                "line": 5
                            }
                        ],
                        "steps": [
                            {
                                "keyword": "Given ",
                                "name": "a dependency workbook with \"unclassified cell metadata\"",
                                "line": 7,
                                "match": {
                                    "location": "cache_invalidation_test.go:111"
                                },
                                "result": {
                                    "status": "passed",
                                    "duration": 391475
                                }
                            },
                            {
                                "keyword": "When ",
                                "name": "I attempt an explicit invalidating input edit",
                                "line": 8,
                                "match": {
                                    "location": "cache_invalidation_test.go:188"
                                },
                                "result": {
                                    "status": "passed",
                                    "duration": 268034
                                }
                            },
                            {
                                "keyword": "Then ",
                                "name": "invalidation returns a typed refusal without any package mutation",
                                "line": 9,
                                "match": {
                                    "location": "cache_invalidation_test.go:196"
                                },
                                "result": {
                                    "status": "passed",
                                    "duration": 1230077
                                }
                            }
                        ]
                    },
                    {
                        "id": "dependency-analysis-validates-worksheet-structure;malformed-non-formula-cells-refuse-the-complete-dependency-plan;;4",
                        "keyword": "Scenario Outline",
                        "name": "Malformed non-formula cells refuse the complete dependency plan",
                        "description": "",
                        "line": 15,
                        "type": "scenario",
                        "tags": [
                            {
                                "name": "@implemented",
                                "line": 1
                            },
                            {
                                "name": "@go",
                                "line": 1
                            },
                            {
                                "name": "@spreadsheet",
                                "line": 1
                            },
                            {
                                "name": "@DEPEND-001",
                                "line": 5
                            }
                        ],
                        "steps": [
                            {
                                "keyword": "Given ",
                                "name": "a dependency workbook with \"duplicate sheetData containers\"",
                                "line": 7,
                                "match": {
                                    "location": "cache_invalidation_test.go:111"
                                },
                                "result": {
                                    "status": "passed",
                                    "duration": 422191
                                }
                            },
                            {
                                "keyword": "When ",
                                "name": "I attempt an explicit invalidating input edit",
                                "line": 8,
                                "match": {
                                    "location": "cache_invalidation_test.go:188"
                                },
                                "result": {
                                    "status": "passed",
                                    "duration": 280204
                                }
                            },
                            {
                                "keyword": "Then ",
                                "name": "invalidation returns a typed refusal without any package mutation",
                                "line": 9,
                                "match": {
                                    "location": "cache_invalidation_test.go:196"
                                },
                                "result": {
                                    "status": "passed",
                                    "duration": 1187232
                                }
                            }
                        ]
                    }
                ]
            },
            {
                "uri": "../features/implemented/document/spans.feature",
                "id": "exact-word-spans-across-run-fragmentation",
                "keyword": "Feature",
                "name": "Exact Word spans across run fragmentation",
                "description": "  Search exposes all exact matches without selecting an arbitrary occurrence.",
                "line": 2,
                "tags": [
                    {
                        "name": "@implemented",
                        "line": 1
                    },
                    {
                        "name": "@go",
                        "line": 1
                    },
                    {
                        "name": "@document",
                        "line": 1
                    }
                ],
                "elements": [
                    {
                        "id": "exact-word-spans-across-run-fragmentation;exact-matching-crosses-formatting-runs-and-unicode-boundaries;;2",
                        "keyword": "Scenario Outline",
                        "name": "Exact matching crosses formatting runs and Unicode boundaries",
                        "description": "",
                        "line": 13,
                        "type": "scenario",
                        "tags": [
                            {
                                "name": "@implemented",
                                "line": 1
                            },
                            {
                                "name": "@go",
                                "line": 1
                            },
                            {
                                "name": "@document",
                                "line": 1
                            },
                            {
                                "name": "@SPAN-001",
                                "line": 5
                            }
                        ],
                        "steps": [
                            {
                                "keyword": "Given ",
                                "name": "a Word paragraph with run text \"Payment\" and \"terms\"",
                                "line": 7,
                                "match": {
                                    "location": "spans_test.go:45"
                                },
                                "result": {
                                    "status": "passed",
                                    "duration": 938335
                                }
                            },
                            {
                                "keyword": "When ",
                                "name": "I find exact Word spans for \"Paymentterms\"",
                                "line": 8,
                                "match": {
                                    "location": "spans_test.go:47"
                                },
                                "result": {
                                    "status": "passed",
                                    "duration": 68916
                                }
                            },
                            {
                                "keyword": "Then ",
                                "name": "exactly one span reports the original text \"Paymentterms\"",
                                "line": 9,
                                "match": {
                                    "location": "spans_test.go:48"
                                },
                                "result": {
                                    "status": "passed",
                                    "duration": 66525
                                }
                            }
                        ]
                    },
                    {
                        "id": "exact-word-spans-across-run-fragmentation;exact-matching-crosses-formatting-runs-and-unicode-boundaries;;3",
                        "keyword": "Scenario Outline",
                        "name": "Exact matching crosses formatting runs and Unicode boundaries",
                        "description": "",
                        "line": 14,
                        "type": "scenario",
                        "tags": [
                            {
                                "name": "@implemented",
                                "line": 1
                            },
                            {
                                "name": "@go",
                                "line": 1
                            },
                            {
                                "name": "@document",
                                "line": 1
                            },
                            {
                                "name": "@SPAN-001",
                                "line": 5
                            }
                        ],
                        "steps": [
                            {
                                "keyword": "Given ",
                                "name": "a Word paragraph with run text \"pre Al\" and \"pha post\"",
                                "line": 7,
                                "match": {
                                    "location": "spans_test.go:45"
                                },
                                "result": {
                                    "status": "passed",
                                    "duration": 277436
                                }
                            },
                            {
                                "keyword": "When ",
                                "name": "I find exact Word spans for \"Alpha\"",
                                "line": 8,
                                "match": {
                                    "location": "spans_test.go:47"
                                },
                                "result": {
                                    "status": "passed",
                                    "duration": 38775
                                }
                            },
                            {
                                "keyword": "Then ",
                                "name": "exactly one span reports the original text \"Alpha\"",
                                "line": 9,
                                "match": {
                                    "location": "spans_test.go:48"
                                },
                                "result": {
                                    "status": "passed",
                                    "duration": 175018
                                }
                            }
                        ]
                    },
                    {
                        "id": "exact-word-spans-across-run-fragmentation;exact-matching-crosses-formatting-runs-and-unicode-boundaries;;4",
                        "keyword": "Scenario Outline",
                        "name": "Exact matching crosses formatting runs and Unicode boundaries",
                        "description": "",
                        "line": 15,
                        "type": "scenario",
                        "tags": [
                            {
                                "name": "@implemented",
                                "line": 1
                            },
                            {
                                "name": "@go",
                                "line": 1
                            },
                            {
                                "name": "@document",
                                "line": 1
                            },
                            {
                                "name": "@SPAN-001",
                                "line": 5
                            }
                        ],
                        "steps": [
                            {
                                "keyword": "Given ",
                                "name": "a Word paragraph with run text \"fee 😀\" and \"café\"",
                                "line": 7,
                                "match": {
                                    "location": "spans_test.go:45"
                                },
                                "result": {
                                    "status": "passed",
                                    "duration": 486587
                                }
                            },
                            {
                                "keyword": "When ",
                                "name": "I find exact Word spans for \"😀café\"",
                                "line": 8,
                                "match": {
                                    "location": "spans_test.go:47"
                                },
                                "result": {
                                    "status": "passed",
                                    "duration": 44736
                                }
                            },
                            {
                                "keyword": "Then ",
                                "name": "exactly one span reports the original text \"😀café\"",
                                "line": 9,
                                "match": {
                                    "location": "spans_test.go:48"
                                },
                                "result": {
                                    "status": "passed",
                                    "duration": 41402
                                }
                            }
                        ]
                    },
                    {
                        "id": "exact-word-spans-across-run-fragmentation;repeated-matches-remain-explicit-and-single-target-lookup-refuses",
                        "keyword": "Scenario",
                        "name": "Repeated matches remain explicit and single-target lookup refuses",
                        "description": "",
                        "line": 18,
                        "type": "scenario",
                        "tags": [
                            {
                                "name": "@implemented",
                                "line": 1
                            },
                            {
                                "name": "@go",
                                "line": 1
                            },
                            {
                                "name": "@document",
                                "line": 1
                            },
                            {
                                "name": "@SPAN-002",
                                "line": 17
                            }
                        ],
                        "steps": [
                            {
                                "keyword": "Given ",
                                "name": "a Word paragraph with run text \"red red\" and \" red\"",
                                "line": 19,
                                "match": {
                                    "location": "spans_test.go:45"
                                },
                                "result": {
                                    "status": "passed",
                                    "duration": 290602
                                }
                            },
                            {
                                "keyword": "When ",
                                "name": "I find exact Word spans for \"red\"",
                                "line": 20,
                                "match": {
                                    "location": "spans_test.go:47"
                                },
                                "result": {
                                    "status": "passed",
                                    "duration": 35852
                                }
                            },
                            {
                                "keyword": "Then ",
                                "name": "all three spans remain available in source order",
                                "line": 21,
                                "match": {
                                    "location": "spans_test.go:61"
                                },
                                "result": {
                                    "status": "passed",
                                    "duration": 24037
                                }
                            },
                            {
                                "keyword": "And ",
                                "name": "single-target lookup reports ambiguous-target",
                                "line": 22,
                                "match": {
                                    "location": "spans_test.go:72"
                                },
                                "result": {
                                    "status": "passed",
                                    "duration": 33459
                                }
                            }
                        ]
                    },
                    {
                        "id": "exact-word-spans-across-run-fragmentation;text-separated-by-paragraph-boundaries-is-not-silently-concatenated",
                        "keyword": "Scenario",
                        "name": "Text separated by paragraph boundaries is not silently concatenated",
                        "description": "",
                        "line": 25,
                        "type": "scenario",
                        "tags": [
                            {
                                "name": "@implemented",
                                "line": 1
                            },
                            {
                                "name": "@go",
                                "line": 1
                            },
                            {
                                "name": "@document",
                                "line": 1
                            },
                            {
                                "name": "@SPAN-003",
                                "line": 24
                            }
                        ],
                        "steps": [
                            {
                                "keyword": "Given ",
                                "name": "Word paragraphs containing \"first\" and \"second\"",
                                "line": 26,
                                "match": {
                                    "location": "spans_test.go:46"
                                },
                                "result": {
                                    "status": "passed",
                                    "duration": 264302
                                }
                            },
                            {
                                "keyword": "When ",
                                "name": "I find exact Word spans for \"firstsecond\"",
                                "line": 27,
                                "match": {
                                    "location": "spans_test.go:47"
                                },
                                "result": {
                                    "status": "passed",
                                    "duration": 40864
                                }
                            },
                            {
                                "keyword": "Then ",
                                "name": "no spans are returned",
                                "line": 28,
                                "match": {
                                    "location": "spans_test.go:80"
                                },
                                "result": {
                                    "status": "passed",
                                    "duration": 15930
                                }
                            }
                        ]
                    }
                ]
            },
            {
                "uri": "../features/implemented/package/baseline.feature",
                "id": "existing-office-fixture-intake",
                "keyword": "Feature",
                "name": "Existing Office fixture intake",
                "description": "  Repository fixtures can be inspected without a fixed workspace mount.",
                "line": 2,
                "tags": [
                    {
                        "name": "@implemented",
                        "line": 1
                    },
                    {
                        "name": "@go",
                        "line": 1
                    },
                    {
                        "name": "@package",
                        "line": 1
                    }
                ],
                "elements": [
                    {
                        "id": "existing-office-fixture-intake;open-the-principal-part-from-a-repository-fixture;;2",
                        "keyword": "Scenario Outline",
                        "name": "Open the principal part from a repository fixture",
                        "description": "",
                        "line": 13,
                        "type": "scenario",
                        "tags": [
                            {
                                "name": "@implemented",
                                "line": 1
                            },
                            {
                                "name": "@go",
                                "line": 1
                            },
                            {
                                "name": "@package",
                                "line": 1
                            },
                            {
                                "name": "@BASE-001",
                                "line": 5
                            }
                        ],
                        "steps": [
                            {
                                "keyword": "Given ",
                                "name": "the repository fixture \"word/minimal.docx\"",
                                "line": 7,
                                "match": {
                                    "location": "acceptance_test.go:137"
                                },
                                "result": {
                                    "status": "passed",
                                    "duration": 74547
                                }
                            },
                            {
                                "keyword": "When ",
                                "name": "I open its Office package",
                                "line": 8,
                                "match": {
                                    "location": "acceptance_test.go:138"
                                },
                                "result": {
                                    "status": "passed",
                                    "duration": 1678486
                                }
                            },
                            {
                                "keyword": "Then ",
                                "name": "the package contains a nonempty part \"word/document.xml\"",
                                "line": 9,
                                "match": {
                                    "location": "acceptance_test.go:139"
                                },
                                "result": {
                                    "status": "passed",
                                    "duration": 38079
                                }
                            }
                        ]
                    },
                    {
                        "id": "existing-office-fixture-intake;open-the-principal-part-from-a-repository-fixture;;3",
                        "keyword": "Scenario Outline",
                        "name": "Open the principal part from a repository fixture",
                        "description": "",
                        "line": 14,
                        "type": "scenario",
                        "tags": [
                            {
                                "name": "@implemented",
                                "line": 1
                            },
                            {
                                "name": "@go",
                                "line": 1
                            },
                            {
                                "name": "@package",
                                "line": 1
                            },
                            {
                                "name": "@BASE-001",
                                "line": 5
                            }
                        ],
                        "steps": [
                            {
                                "keyword": "Given ",
                                "name": "the repository fixture \"pptx/minimal.pptx\"",
                                "line": 7,
                                "match": {
                                    "location": "acceptance_test.go:137"
                                },
                                "result": {
                                    "status": "passed",
                                    "duration": 66830
                                }
                            },
                            {
                                "keyword": "When ",
                                "name": "I open its Office package",
                                "line": 8,
                                "match": {
                                    "location": "acceptance_test.go:138"
                                },
                                "result": {
                                    "status": "passed",
                                    "duration": 676887
                                }
                            },
                            {
                                "keyword": "Then ",
                                "name": "the package contains a nonempty part \"ppt/presentation.xml\"",
                                "line": 9,
                                "match": {
                                    "location": "acceptance_test.go:139"
                                },
                                "result": {
                                    "status": "passed",
                                    "duration": 32496
                                }
                            }
                        ]
                    },
                    {
                        "id": "existing-office-fixture-intake;open-the-principal-part-from-a-repository-fixture;;4",
                        "keyword": "Scenario Outline",
                        "name": "Open the principal part from a repository fixture",
                        "description": "",
                        "line": 15,
                        "type": "scenario",
                        "tags": [
                            {
                                "name": "@implemented",
                                "line": 1
                            },
                            {
                                "name": "@go",
                                "line": 1
                            },
                            {
                                "name": "@package",
                                "line": 1
                            },
                            {
                                "name": "@BASE-001",
                                "line": 5
                            }
                        ],
                        "steps": [
                            {
                                "keyword": "Given ",
                                "name": "the repository fixture \"excel/minimal.xlsx\"",
                                "line": 7,
                                "match": {
                                    "location": "acceptance_test.go:137"
                                },
                                "result": {
                                    "status": "passed",
                                    "duration": 69356
                                }
                            },
                            {
                                "keyword": "When ",
                                "name": "I open its Office package",
                                "line": 8,
                                "match": {
                                    "location": "acceptance_test.go:138"
                                },
                                "result": {
                                    "status": "passed",
                                    "duration": 211489
                                }
                            },
                            {
                                "keyword": "Then ",
                                "name": "the package contains a nonempty part \"xl/workbook.xml\"",
                                "line": 9,
                                "match": {
                                    "location": "acceptance_test.go:139"
                                },
                                "result": {
                                    "status": "passed",
                                    "duration": 47069
                                }
                            }
                        ]
                    },
                    {
                        "id": "existing-office-fixture-intake;open-the-principal-part-from-a-repository-fixture;;5",
                        "keyword": "Scenario Outline",
                        "name": "Open the principal part from a repository fixture",
                        "description": "",
                        "line": 16,
                        "type": "scenario",
                        "tags": [
                            {
                                "name": "@implemented",
                                "line": 1
                            },
                            {
                                "name": "@go",
                                "line": 1
                            },
                            {
                                "name": "@package",
                                "line": 1
                            },
                            {
                                "name": "@BASE-001",
                                "line": 5
                            }
                        ],
                        "steps": [
                            {
                                "keyword": "Given ",
                                "name": "the repository fixture \"pptx/comments.pptx\"",
                                "line": 7,
                                "match": {
                                    "location": "acceptance_test.go:137"
                                },
                                "result": {
                                    "status": "passed",
                                    "duration": 68244
                                }
                            },
                            {
                                "keyword": "When ",
                                "name": "I open its Office package",
                                "line": 8,
                                "match": {
                                    "location": "acceptance_test.go:138"
                                },
                                "result": {
                                    "status": "passed",
                                    "duration": 836480
                                }
                            },
                            {
                                "keyword": "Then ",
                                "name": "the package contains a nonempty part \"ppt/presentation.xml\"",
                                "line": 9,
                                "match": {
                                    "location": "acceptance_test.go:139"
                                },
                                "result": {
                                    "status": "passed",
                                    "duration": 65352
                                }
                            }
                        ]
                    },
                    {
                        "id": "existing-office-fixture-intake;open-the-principal-part-from-a-repository-fixture;;6",
                        "keyword": "Scenario Outline",
                        "name": "Open the principal part from a repository fixture",
                        "description": "",
                        "line": 17,
                        "type": "scenario",
                        "tags": [
                            {
                                "name": "@implemented",
                                "line": 1
                            },
                            {
                                "name": "@go",
                                "line": 1
                            },
                            {
                                "name": "@package",
                                "line": 1
                            },
                            {
                                "name": "@BASE-001",
                                "line": 5
                            }
                        ],
                        "steps": [
                            {
                                "keyword": "Given ",
                                "name": "the repository fixture \"excel/formatting.xlsx\"",
                                "line": 7,
                                "match": {
                                    "location": "acceptance_test.go:137"
                                },
                                "result": {
                                    "status": "passed",
                                    "duration": 59453
                                }
                            },
                            {
                                "keyword": "When ",
                                "name": "I open its Office package",
                                "line": 8,
                                "match": {
                                    "location": "acceptance_test.go:138"
                                },
                                "result": {
                                    "status": "passed",
                                    "duration": 173916
                                }
                            },
                            {
                                "keyword": "Then ",
                                "name": "the package contains a nonempty part \"xl/workbook.xml\"",
                                "line": 9,
                                "match": {
                                    "location": "acceptance_test.go:139"
                                },
                                "result": {
                                    "status": "passed",
                                    "duration": 29038
                                }
                            }
                        ]
                    },
                    {
                        "id": "existing-office-fixture-intake;open-the-principal-part-from-a-repository-fixture;;7",
                        "keyword": "Scenario Outline",
                        "name": "Open the principal part from a repository fixture",
                        "description": "",
                        "line": 18,
                        "type": "scenario",
                        "tags": [
                            {
                                "name": "@implemented",
                                "line": 1
                            },
                            {
                                "name": "@go",
                                "line": 1
                            },
                            {
                                "name": "@package",
                                "line": 1
                            },
                            {
                                "name": "@BASE-001",
                                "line": 5
                            }
                        ],
                        "steps": [
                            {
                                "keyword": "Given ",
                                "name": "the repository fixture \"excel/formulas.xlsx\"",
                                "line": 7,
                                "match": {
                                    "location": "acceptance_test.go:137"
                                },
                                "result": {
                                    "status": "passed",
                                    "duration": 53821
                                }
                            },
                            {
                                "keyword": "When ",
                                "name": "I open its Office package",
                                "line": 8,
                                "match": {
                                    "location": "acceptance_test.go:138"
                                },
                                "result": {
                                    "status": "passed",
                                    "duration": 176388
                                }
                            },
                            {
                                "keyword": "Then ",
                                "name": "the package contains a nonempty part \"xl/workbook.xml\"",
                                "line": 9,
                                "match": {
                                    "location": "acceptance_test.go:139"
                                },
                                "result": {
                                    "status": "passed",
                                    "duration": 31397
                                }
                            }
                        ]
                    },
                    {
                        "id": "existing-office-fixture-intake;open-the-principal-part-from-a-repository-fixture;;8",
                        "keyword": "Scenario Outline",
                        "name": "Open the principal part from a repository fixture",
                        "description": "",
                        "line": 19,
                        "type": "scenario",
                        "tags": [
                            {
                                "name": "@implemented",
                                "line": 1
                            },
                            {
                                "name": "@go",
                                "line": 1
                            },
                            {
                                "name": "@package",
                                "line": 1
                            },
                            {
                                "name": "@BASE-001",
                                "line": 5
                            }
                        ],
                        "steps": [
                            {
                                "keyword": "Given ",
                                "name": "the repository fixture \"excel/conditional_format.xlsx\"",
                                "line": 7,
                                "match": {
                                    "location": "acceptance_test.go:137"
                                },
                                "result": {
                                    "status": "passed",
                                    "duration": 50551
                                }
                            },
                            {
                                "keyword": "When ",
                                "name": "I open its Office package",
                                "line": 8,
                                "match": {
                                    "location": "acceptance_test.go:138"
                                },
                                "result": {
                                    "status": "passed",
                                    "duration": 173508
                                }
                            },
                            {
                                "keyword": "Then ",
                                "name": "the package contains a nonempty part \"xl/workbook.xml\"",
                                "line": 9,
                                "match": {
                                    "location": "acceptance_test.go:139"
                                },
                                "result": {
                                    "status": "passed",
                                    "duration": 28535
                                }
                            }
                        ]
                    }
                ]
            },
            {
                "uri": "../features/implemented/document/search-policy.feature",
                "id": "explicit-word-search-policy-and-context-ranking",
                "keyword": "Feature",
                "name": "Explicit Word search policy and context ranking",
                "description": "  Normalisation selects original text; proximity never hides ambiguous candidates.",
                "line": 2,
                "tags": [
                    {
                        "name": "@implemented",
                        "line": 1
                    },
                    {
                        "name": "@go",
                        "line": 1
                    },
                    {
                        "name": "@document",
                        "line": 1
                    }
                ],
                "elements": [
                    {
                        "id": "explicit-word-search-policy-and-context-ranking;normalised-matching-retains-original-typographic-text",
                        "keyword": "Scenario",
                        "name": "Normalised matching retains original typographic text",
                        "description": "",
                        "line": 6,
                        "type": "scenario",
                        "tags": [
                            {
                                "name": "@implemented",
                                "line": 1
                            },
                            {
                                "name": "@go",
                                "line": 1
                            },
                            {
                                "name": "@document",
                                "line": 1
                            },
                            {
                                "name": "@SEARCH-001",
                                "line": 5
                            }
                        ],
                        "steps": [
                            {
                                "keyword": "Given ",
                                "name": "a Word paragraph containing \"Straße – “Cost”\"",
                                "line": 7,
                                "match": {
                                    "location": "search_policy_test.go:41"
                                },
                                "result": {
                                    "status": "passed",
                                    "duration": 254833
                                }
                            },
                            {
                                "keyword": "When ",
                                "name": "I search with normalisation for \"STRASSE - “cost”\"",
                                "line": 8,
                                "match": {
                                    "location": "search_policy_test.go:43"
                                },
                                "result": {
                                    "status": "passed",
                                    "duration": 40342
                                }
                            },
                            {
                                "keyword": "Then ",
                                "name": "the search evidence is exactly \"Straße – “Cost”\"",
                                "line": 9,
                                "match": {
                                    "location": "search_policy_test.go:48"
                                },
                                "result": {
                                    "status": "passed",
                                    "duration": 31767
                                }
                            },
                            {
                                "keyword": "And ",
                                "name": "that selected evidence can authorise an ordinary replacement",
                                "line": 10,
                                "match": {
                                    "location": "search_policy_test.go:54"
                                },
                                "result": {
                                    "status": "passed",
                                    "duration": 92826
                                }
                            }
                        ]
                    },
                    {
                        "id": "explicit-word-search-policy-and-context-ranking;casefold-expansion-cannot-select-half-an-original-character",
                        "keyword": "Scenario",
                        "name": "Casefold expansion cannot select half an original character",
                        "description": "",
                        "line": 13,
                        "type": "scenario",
                        "tags": [
                            {
                                "name": "@implemented",
                                "line": 1
                            },
                            {
                                "name": "@go",
                                "line": 1
                            },
                            {
                                "name": "@document",
                                "line": 1
                            },
                            {
                                "name": "@SEARCH-002",
                                "line": 12
                            }
                        ],
                        "steps": [
                            {
                                "keyword": "Given ",
                                "name": "a Word paragraph containing \"ß\"",
                                "line": 14,
                                "match": {
                                    "location": "search_policy_test.go:41"
                                },
                                "result": {
                                    "status": "passed",
                                    "duration": 236435
                                }
                            },
                            {
                                "keyword": "When ",
                                "name": "I search with normalisation for \"s\"",
                                "line": 15,
                                "match": {
                                    "location": "search_policy_test.go:43"
                                },
                                "result": {
                                    "status": "passed",
                                    "duration": 31694
                                }
                            },
                            {
                                "keyword": "Then ",
                                "name": "normalised search returns no partial-character target",
                                "line": 16,
                                "match": {
                                    "location": "search_policy_test.go:55"
                                },
                                "result": {
                                    "status": "passed",
                                    "duration": 25076
                                }
                            }
                        ]
                    },
                    {
                        "id": "explicit-word-search-policy-and-context-ranking;near-ranks-every-candidate-but-does-not-discard-distant-matches",
                        "keyword": "Scenario",
                        "name": "Near ranks every candidate but does not discard distant matches",
                        "description": "",
                        "line": 19,
                        "type": "scenario",
                        "tags": [
                            {
                                "name": "@implemented",
                                "line": 1
                            },
                            {
                                "name": "@go",
                                "line": 1
                            },
                            {
                                "name": "@document",
                                "line": 1
                            },
                            {
                                "name": "@SEARCH-003",
                                "line": 18
                            }
                        ],
                        "steps": [
                            {
                                "keyword": "Given ",
                                "name": "Word search paragraphs \"red far\" and \"red context\"",
                                "line": 20,
                                "match": {
                                    "location": "search_policy_test.go:42"
                                },
                                "result": {
                                    "status": "passed",
                                    "duration": 647265
                                }
                            },
                            {
                                "keyword": "When ",
                                "name": "I rank matches for \"red\" near \"context\"",
                                "line": 21,
                                "match": {
                                    "location": "search_policy_test.go:61"
                                },
                                "result": {
                                    "status": "passed",
                                    "duration": 40327
                                }
                            },
                            {
                                "keyword": "Then ",
                                "name": "both candidates remain and the contextual paragraph ranks first",
                                "line": 22,
                                "match": {
                                    "location": "search_policy_test.go:66"
                                },
                                "result": {
                                    "status": "passed",
                                    "duration": 136945
                                }
                            }
                        ]
                    },
                    {
                        "id": "explicit-word-search-policy-and-context-ranking;conflicting-positional-and-contextual-selectors-refuse",
                        "keyword": "Scenario",
                        "name": "Conflicting positional and contextual selectors refuse",
                        "description": "",
                        "line": 25,
                        "type": "scenario",
                        "tags": [
                            {
                                "name": "@implemented",
                                "line": 1
                            },
                            {
                                "name": "@go",
                                "line": 1
                            },
                            {
                                "name": "@document",
                                "line": 1
                            },
                            {
                                "name": "@SEARCH-004",
                                "line": 24
                            }
                        ],
                        "steps": [
                            {
                                "keyword": "Given ",
                                "name": "a Word paragraph containing \"red red\"",
                                "line": 26,
                                "match": {
                                    "location": "search_policy_test.go:41"
                                },
                                "result": {
                                    "status": "passed",
                                    "duration": 281104
                                }
                            },
                            {
                                "keyword": "When ",
                                "name": "I combine an explicit occurrence with contextual ranking",
                                "line": 27,
                                "match": {
                                    "location": "search_policy_test.go:82"
                                },
                                "result": {
                                    "status": "passed",
                                    "duration": 34383
                                }
                            },
                            {
                                "keyword": "Then ",
                                "name": "the search argument conflict is reported",
                                "line": 28,
                                "match": {
                                    "location": "search_policy_test.go:86"
                                },
                                "result": {
                                    "status": "passed",
                                    "duration": 26406
                                }
                            }
                        ]
                    }
                ]
            },
            {
                "uri": "../features/implemented/spreadsheet/formula-tokens.feature",
                "id": "formula-punctuation-is-distinct-from-quoted-string-content",
                "keyword": "Feature",
                "name": "Formula punctuation is distinct from quoted string content",
                "description": "  Operator-looking text inside string literals never becomes grammar punctuation.",
                "line": 2,
                "tags": [
                    {
                        "name": "@implemented",
                        "line": 1
                    },
                    {
                        "name": "@go",
                        "line": 1
                    },
                    {
                        "name": "@spreadsheet",
                        "line": 1
                    }
                ],
                "elements": [
                    {
                        "id": "formula-punctuation-is-distinct-from-quoted-string-content;a-quoted-closing-parenthesis-is-a-literal-function-argument",
                        "keyword": "Scenario",
                        "name": "A quoted closing parenthesis is a literal function argument",
                        "description": "",
                        "line": 6,
                        "type": "scenario",
                        "tags": [
                            {
                                "name": "@implemented",
                                "line": 1
                            },
                            {
                                "name": "@go",
                                "line": 1
                            },
                            {
                                "name": "@spreadsheet",
                                "line": 1
                            },
                            {
                                "name": "@TOKEN-001",
                                "line": 5
                            }
                        ],
                        "steps": [
                            {
                                "keyword": "Given ",
                                "name": "a static formula with a quoted closing-parenthesis argument",
                                "line": 7,
                                "match": {
                                    "location": "formula_analysis_test.go:21"
                                },
                                "result": {
                                    "status": "passed",
                                    "duration": 29141
                                }
                            },
                            {
                                "keyword": "When ",
                                "name": "I analyse its static references",
                                "line": 8,
                                "match": {
                                    "location": "formula_analysis_test.go:29"
                                },
                                "result": {
                                    "status": "passed",
                                    "duration": 18914
                                }
                            },
                            {
                                "keyword": "Then ",
                                "name": "literal punctuation is accepted without hiding cell references",
                                "line": 9,
                                "match": {
                                    "location": "formula_analysis_test.go:23"
                                },
                                "result": {
                                    "status": "passed",
                                    "duration": 27107
                                }
                            }
                        ]
                    },
                    {
                        "id": "formula-punctuation-is-distinct-from-quoted-string-content;adjacent-quoted-operator-text-cannot-stand-in-for-a-binary-operator",
                        "keyword": "Scenario",
                        "name": "Adjacent quoted operator text cannot stand in for a binary operator",
                        "description": "",
                        "line": 12,
                        "type": "scenario",
                        "tags": [
                            {
                                "name": "@implemented",
                                "line": 1
                            },
                            {
                                "name": "@go",
                                "line": 1
                            },
                            {
                                "name": "@spreadsheet",
                                "line": 1
                            },
                            {
                                "name": "@TOKEN-002",
                                "line": 11
                            }
                        ],
                        "steps": [
                            {
                                "keyword": "Given ",
                                "name": "a formula with two references separated only by a quoted plus sign",
                                "line": 13,
                                "match": {
                                    "location": "formula_analysis_test.go:22"
                                },
                                "result": {
                                    "status": "passed",
                                    "duration": 37290
                                }
                            },
                            {
                                "keyword": "When ",
                                "name": "I analyse its static references",
                                "line": 14,
                                "match": {
                                    "location": "formula_analysis_test.go:29"
                                },
                                "result": {
                                    "status": "passed",
                                    "duration": 20972
                                }
                            },
                            {
                                "keyword": "Then ",
                                "name": "dependency analysis refuses instead of returning a partial answer",
                                "line": 15,
                                "match": {
                                    "location": "formula_analysis_test.go:39"
                                },
                                "result": {
                                    "status": "passed",
                                    "duration": 27597
                                }
                            }
                        ]
                    }
                ]
            },
            {
                "uri": "../features/implemented/document/span-guards.feature",
                "id": "hidden-run-content-cannot-be-crossed-by-word-text-edits",
                "keyword": "Feature",
                "name": "Hidden run content cannot be crossed by Word text edits",
                "description": "  Text matching does not grant authority to cross non-text content or differing namespace semantics.",
                "line": 2,
                "tags": [
                    {
                        "name": "@implemented",
                        "line": 1
                    },
                    {
                        "name": "@go",
                        "line": 1
                    },
                    {
                        "name": "@document",
                        "line": 1
                    }
                ],
                "elements": [
                    {
                        "id": "hidden-run-content-cannot-be-crossed-by-word-text-edits;a-drawing-only-run-inside-a-changed-interval-refuses-replacement",
                        "keyword": "Scenario",
                        "name": "A drawing-only run inside a changed interval refuses replacement",
                        "description": "",
                        "line": 6,
                        "type": "scenario",
                        "tags": [
                            {
                                "name": "@implemented",
                                "line": 1
                            },
                            {
                                "name": "@go",
                                "line": 1
                            },
                            {
                                "name": "@document",
                                "line": 1
                            },
                            {
                                "name": "@GUARD-001",
                                "line": 5
                            }
                        ],
                        "steps": [
                            {
                                "keyword": "Given ",
                                "name": "Word text split around a drawing-only run",
                                "line": 7,
                                "match": {
                                    "location": "span_guards_test.go:38"
                                },
                                "result": {
                                    "status": "passed",
                                    "duration": 1176805
                                }
                            },
                            {
                                "keyword": "When ",
                                "name": "I attempt the matched cross-run correction",
                                "line": 8,
                                "match": {
                                    "location": "span_guards_test.go:42"
                                },
                                "result": {
                                    "status": "passed",
                                    "duration": 90186
                                }
                            },
                            {
                                "keyword": "Then ",
                                "name": "the hidden-content correction refuses without changing the archive",
                                "line": 9,
                                "match": {
                                    "location": "span_guards_test.go:58"
                                },
                                "result": {
                                    "status": "passed",
                                    "duration": 1493206
                                }
                            }
                        ]
                    },
                    {
                        "id": "hidden-run-content-cannot-be-crossed-by-word-text-edits;lexically-equal-properties-with-different-namespace-bindings-refuse-insertion",
                        "keyword": "Scenario",
                        "name": "Lexically equal properties with different namespace bindings refuse insertion",
                        "description": "",
                        "line": 12,
                        "type": "scenario",
                        "tags": [
                            {
                                "name": "@implemented",
                                "line": 1
                            },
                            {
                                "name": "@go",
                                "line": 1
                            },
                            {
                                "name": "@document",
                                "line": 1
                            },
                            {
                                "name": "@GUARD-002",
                                "line": 11
                            }
                        ],
                        "steps": [
                            {
                                "keyword": "Given ",
                                "name": "boundary runs with equal property bytes but different prefix bindings",
                                "line": 13,
                                "match": {
                                    "location": "span_guards_test.go:39"
                                },
                                "result": {
                                    "status": "passed",
                                    "duration": 256817
                                }
                            },
                            {
                                "keyword": "When ",
                                "name": "I attempt the matched boundary insertion",
                                "line": 14,
                                "match": {
                                    "location": "span_guards_test.go:50"
                                },
                                "result": {
                                    "status": "passed",
                                    "duration": 43903
                                }
                            },
                            {
                                "keyword": "Then ",
                                "name": "the hidden-content correction refuses without changing the archive",
                                "line": 15,
                                "match": {
                                    "location": "span_guards_test.go:58"
                                },
                                "result": {
                                    "status": "passed",
                                    "duration": 1629561
                                }
                            }
                        ]
                    }
                ]
            },
            {
                "uri": "../features/implemented/package/structure.feature",
                "id": "local-and-central-zip-structures-agree",
                "keyword": "Feature",
                "name": "Local and central ZIP structures agree",
                "description": "  Member identity cannot change between directory lookup and payload reading.",
                "line": 2,
                "tags": [
                    {
                        "name": "@implemented",
                        "line": 1
                    },
                    {
                        "name": "@go",
                        "line": 1
                    },
                    {
                        "name": "@package",
                        "line": 1
                    }
                ],
                "elements": [
                    {
                        "id": "local-and-central-zip-structures-agree;disagreeing-local-headers-refuse-before-reading-xml;;2",
                        "keyword": "Scenario Outline",
                        "name": "Disagreeing local headers refuse before reading XML",
                        "description": "",
                        "line": 13,
                        "type": "scenario",
                        "tags": [
                            {
                                "name": "@implemented",
                                "line": 1
                            },
                            {
                                "name": "@go",
                                "line": 1
                            },
                            {
                                "name": "@package",
                                "line": 1
                            },
                            {
                                "name": "@ZIP-001",
                                "line": 5
                            }
                        ],
                        "steps": [
                            {
                                "keyword": "Given ",
                                "name": "a synthetic archive with a mismatched local \"name\"",
                                "line": 7,
                                "match": {
                                    "location": "io_test.go:158"
                                },
                                "result": {
                                    "status": "passed",
                                    "duration": 93928
                                }
                            },
                            {
                                "keyword": "When ",
                                "name": "I attempt to open the synthetic archive",
                                "line": 8,
                                "match": {
                                    "location": "io_test.go:180"
                                },
                                "result": {
                                    "status": "passed",
                                    "duration": 26096
                                }
                            },
                            {
                                "keyword": "Then ",
                                "name": "archive intake fails without changing the source bytes",
                                "line": 9,
                                "match": {
                                    "location": "io_test.go:181"
                                },
                                "result": {
                                    "status": "passed",
                                    "duration": 26289
                                }
                            }
                        ]
                    },
                    {
                        "id": "local-and-central-zip-structures-agree;disagreeing-local-headers-refuse-before-reading-xml;;3",
                        "keyword": "Scenario Outline",
                        "name": "Disagreeing local headers refuse before reading XML",
                        "description": "",
                        "line": 14,
                        "type": "scenario",
                        "tags": [
                            {
                                "name": "@implemented",
                                "line": 1
                            },
                            {
                                "name": "@go",
                                "line": 1
                            },
                            {
                                "name": "@package",
                                "line": 1
                            },
                            {
                                "name": "@ZIP-001",
                                "line": 5
                            }
                        ],
                        "steps": [
                            {
                                "keyword": "Given ",
                                "name": "a synthetic archive with a mismatched local \"method\"",
                                "line": 7,
                                "match": {
                                    "location": "io_test.go:158"
                                },
                                "result": {
                                    "status": "passed",
                                    "duration": 110958
                                }
                            },
                            {
                                "keyword": "When ",
                                "name": "I attempt to open the synthetic archive",
                                "line": 8,
                                "match": {
                                    "location": "io_test.go:180"
                                },
                                "result": {
                                    "status": "passed",
                                    "duration": 28619
                                }
                            },
                            {
                                "keyword": "Then ",
                                "name": "archive intake fails without changing the source bytes",
                                "line": 9,
                                "match": {
                                    "location": "io_test.go:181"
                                },
                                "result": {
                                    "status": "passed",
                                    "duration": 27906
                                }
                            }
                        ]
                    },
                    {
                        "id": "local-and-central-zip-structures-agree;disagreeing-local-headers-refuse-before-reading-xml;;4",
                        "keyword": "Scenario Outline",
                        "name": "Disagreeing local headers refuse before reading XML",
                        "description": "",
                        "line": 15,
                        "type": "scenario",
                        "tags": [
                            {
                                "name": "@implemented",
                                "line": 1
                            },
                            {
                                "name": "@go",
                                "line": 1
                            },
                            {
                                "name": "@package",
                                "line": 1
                            },
                            {
                                "name": "@ZIP-001",
                                "line": 5
                            }
                        ],
                        "steps": [
                            {
                                "keyword": "Given ",
                                "name": "a synthetic archive with a mismatched local \"flags\"",
                                "line": 7,
                                "match": {
                                    "location": "io_test.go:158"
                                },
                                "result": {
                                    "status": "passed",
                                    "duration": 100802
                                }
                            },
                            {
                                "keyword": "When ",
                                "name": "I attempt to open the synthetic archive",
                                "line": 8,
                                "match": {
                                    "location": "io_test.go:180"
                                },
                                "result": {
                                    "status": "passed",
                                    "duration": 26815
                                }
                            },
                            {
                                "keyword": "Then ",
                                "name": "archive intake fails without changing the source bytes",
                                "line": 9,
                                "match": {
                                    "location": "io_test.go:181"
                                },
                                "result": {
                                    "status": "passed",
                                    "duration": 29772
                                }
                            }
                        ]
                    },
                    {
                        "id": "local-and-central-zip-structures-agree;an-adjusted-archive-prefix-refuses-standalone-package-intake",
                        "keyword": "Scenario",
                        "name": "An adjusted archive prefix refuses standalone package intake",
                        "description": "",
                        "line": 18,
                        "type": "scenario",
                        "tags": [
                            {
                                "name": "@implemented",
                                "line": 1
                            },
                            {
                                "name": "@go",
                                "line": 1
                            },
                            {
                                "name": "@package",
                                "line": 1
                            },
                            {
                                "name": "@ZIP-002",
                                "line": 17
                            }
                        ],
                        "steps": [
                            {
                                "keyword": "Given ",
                                "name": "a synthetic archive with an adjusted prepended prefix",
                                "line": 19,
                                "match": {
                                    "location": "io_test.go:132"
                                },
                                "result": {
                                    "status": "passed",
                                    "duration": 112653
                                }
                            },
                            {
                                "keyword": "When ",
                                "name": "I attempt to open the synthetic archive",
                                "line": 20,
                                "match": {
                                    "location": "io_test.go:180"
                                },
                                "result": {
                                    "status": "passed",
                                    "duration": 42411
                                }
                            },
                            {
                                "keyword": "Then ",
                                "name": "archive intake fails without changing the source bytes",
                                "line": 21,
                                "match": {
                                    "location": "io_test.go:181"
                                },
                                "result": {
                                    "status": "passed",
                                    "duration": 50227
                                }
                            }
                        ]
                    }
                ]
            },
            {
                "uri": "../features/implemented/package/attributes.feature",
                "id": "lossless-xml-attribute-edits",
                "keyword": "Feature",
                "name": "Lossless XML attribute edits",
                "description": "  Attribute edits preserve unrelated start-tag bytes and cannot alter namespace bindings.",
                "line": 2,
                "tags": [
                    {
                        "name": "@implemented",
                        "line": 1
                    },
                    {
                        "name": "@go",
                        "line": 1
                    },
                    {
                        "name": "@package",
                        "line": 1
                    }
                ],
                "elements": [
                    {
                        "id": "lossless-xml-attribute-edits;add-a-namespaced-attribute-using-an-existing-binding",
                        "keyword": "Scenario",
                        "name": "Add a namespaced attribute using an existing binding",
                        "description": "",
                        "line": 6,
                        "type": "scenario",
                        "tags": [
                            {
                                "name": "@implemented",
                                "line": 1
                            },
                            {
                                "name": "@go",
                                "line": 1
                            },
                            {
                                "name": "@package",
                                "line": 1
                            },
                            {
                                "name": "@ATTR-001",
                                "line": 5
                            }
                        ],
                        "steps": [
                            {
                                "keyword": "Given ",
                                "name": "XML with a text element and unrelated attributes",
                                "line": 7,
                                "match": {
                                    "location": "attributes_test.go:25"
                                },
                                "result": {
                                    "status": "passed",
                                    "duration": 38834
                                }
                            },
                            {
                                "keyword": "When ",
                                "name": "I add XML space preservation and replace its text",
                                "line": 8,
                                "match": {
                                    "location": "attributes_test.go:34"
                                },
                                "result": {
                                    "status": "passed",
                                    "duration": 32377
                                }
                            },
                            {
                                "keyword": "Then ",
                                "name": "the original start-tag attributes retain their bytes",
                                "line": 9,
                                "match": {
                                    "location": "attributes_test.go:39"
                                },
                                "result": {
                                    "status": "passed",
                                    "duration": 23778
                                }
                            },
                            {
                                "keyword": "And ",
                                "name": "only the requested attribute and text are changed",
                                "line": 10,
                                "match": {
                                    "location": "attributes_test.go:45"
                                },
                                "result": {
                                    "status": "passed",
                                    "duration": 21353
                                }
                            }
                        ]
                    },
                    {
                        "id": "lossless-xml-attribute-edits;a-namespace-changing-batch-refuses-without-changing-the-snapshot",
                        "keyword": "Scenario",
                        "name": "A namespace-changing batch refuses without changing the snapshot",
                        "description": "",
                        "line": 13,
                        "type": "scenario",
                        "tags": [
                            {
                                "name": "@implemented",
                                "line": 1
                            },
                            {
                                "name": "@go",
                                "line": 1
                            },
                            {
                                "name": "@package",
                                "line": 1
                            },
                            {
                                "name": "@ATTR-002",
                                "line": 12
                            }
                        ],
                        "steps": [
                            {
                                "keyword": "Given ",
                                "name": "XML with a text element and unrelated attributes",
                                "line": 14,
                                "match": {
                                    "location": "attributes_test.go:25"
                                },
                                "result": {
                                    "status": "passed",
                                    "duration": 66379
                                }
                            },
                            {
                                "keyword": "When ",
                                "name": "an attribute edit attempts to change a namespace declaration",
                                "line": 15,
                                "match": {
                                    "location": "attributes_test.go:52"
                                },
                                "result": {
                                    "status": "passed",
                                    "duration": 49978
                                }
                            },
                            {
                                "keyword": "Then ",
                                "name": "the attribute batch refuses and the original snapshot remains reusable",
                                "line": 16,
                                "match": {
                                    "location": "attributes_test.go:56"
                                },
                                "result": {
                                    "status": "passed",
                                    "duration": 60648
                                }
                            }
                        ]
                    }
                ]
            },
            {
                "uri": "../features/implemented/package/xml.feature",
                "id": "lossless-namespace-aware-xml-leaf-edits",
                "keyword": "Feature",
                "name": "Lossless namespace-aware XML leaf edits",
                "description": "  XML inspection identifies expanded names while edits retain unrelated source bytes.",
                "line": 2,
                "tags": [
                    {
                        "name": "@implemented",
                        "line": 1
                    },
                    {
                        "name": "@go",
                        "line": 1
                    },
                    {
                        "name": "@package",
                        "line": 1
                    }
                ],
                "elements": [
                    {
                        "id": "lossless-namespace-aware-xml-leaf-edits;editing-a-text-leaf-preserves-unknown-markup-and-namespace-context",
                        "keyword": "Scenario",
                        "name": "Editing a text leaf preserves unknown markup and namespace context",
                        "description": "",
                        "line": 6,
                        "type": "scenario",
                        "tags": [
                            {
                                "name": "@implemented",
                                "line": 1
                            },
                            {
                                "name": "@go",
                                "line": 1
                            },
                            {
                                "name": "@package",
                                "line": 1
                            },
                            {
                                "name": "@XML-001",
                                "line": 5
                            }
                        ],
                        "steps": [
                            {
                                "keyword": "Given ",
                                "name": "XML with prefixed text and an opaque extension",
                                "line": 7,
                                "match": {
                                    "location": "xml_test.go:36"
                                },
                                "result": {
                                    "status": "passed",
                                    "duration": 45252
                                }
                            },
                            {
                                "keyword": "When ",
                                "name": "I replace the selected text leaf with \"A\u0026B \u003cnew\u003e\"",
                                "line": 8,
                                "match": {
                                    "location": "xml_test.go:43"
                                },
                                "result": {
                                    "status": "passed",
                                    "duration": 28864
                                }
                            },
                            {
                                "keyword": "Then ",
                                "name": "only the leaf character-data bytes change",
                                "line": 9,
                                "match": {
                                    "location": "xml_test.go:51"
                                },
                                "result": {
                                    "status": "passed",
                                    "duration": 25560
                                }
                            },
                            {
                                "keyword": "And ",
                                "name": "the replacement decodes to \"A\u0026B \u003cnew\u003e\"",
                                "line": 10,
                                "match": {
                                    "location": "xml_test.go:61"
                                },
                                "result": {
                                    "status": "passed",
                                    "duration": 25385
                                }
                            }
                        ]
                    },
                    {
                        "id": "lossless-namespace-aware-xml-leaf-edits;namespace-invalid-xml-is-rejected;;2",
                        "keyword": "Scenario Outline",
                        "name": "Namespace-invalid XML is rejected",
                        "description": "",
                        "line": 20,
                        "type": "scenario",
                        "tags": [
                            {
                                "name": "@implemented",
                                "line": 1
                            },
                            {
                                "name": "@go",
                                "line": 1
                            },
                            {
                                "name": "@package",
                                "line": 1
                            },
                            {
                                "name": "@XML-002",
                                "line": 12
                            }
                        ],
                        "steps": [
                            {
                                "keyword": "Given ",
                                "name": "XML with \"undeclared element prefix\"",
                                "line": 14,
                                "match": {
                                    "location": "xml_test.go:76"
                                },
                                "result": {
                                    "status": "passed",
                                    "duration": 24736
                                }
                            },
                            {
                                "keyword": "When ",
                                "name": "I parse the XML for lossless editing",
                                "line": 15,
                                "match": {
                                    "location": "xml_test.go:86"
                                },
                                "result": {
                                    "status": "passed",
                                    "duration": 22962
                                }
                            },
                            {
                                "keyword": "Then ",
                                "name": "parsing refuses without changing the source",
                                "line": 16,
                                "match": {
                                    "location": "xml_test.go:87"
                                },
                                "result": {
                                    "status": "passed",
                                    "duration": 27015
                                }
                            }
                        ]
                    },
                    {
                        "id": "lossless-namespace-aware-xml-leaf-edits;namespace-invalid-xml-is-rejected;;3",
                        "keyword": "Scenario Outline",
                        "name": "Namespace-invalid XML is rejected",
                        "description": "",
                        "line": 21,
                        "type": "scenario",
                        "tags": [
                            {
                                "name": "@implemented",
                                "line": 1
                            },
                            {
                                "name": "@go",
                                "line": 1
                            },
                            {
                                "name": "@package",
                                "line": 1
                            },
                            {
                                "name": "@XML-002",
                                "line": 12
                            }
                        ],
                        "steps": [
                            {
                                "keyword": "Given ",
                                "name": "XML with \"undeclared attribute prefix\"",
                                "line": 14,
                                "match": {
                                    "location": "xml_test.go:76"
                                },
                                "result": {
                                    "status": "passed",
                                    "duration": 39118
                                }
                            },
                            {
                                "keyword": "When ",
                                "name": "I parse the XML for lossless editing",
                                "line": 15,
                                "match": {
                                    "location": "xml_test.go:86"
                                },
                                "result": {
                                    "status": "passed",
                                    "duration": 31934
                                }
                            },
                            {
                                "keyword": "Then ",
                                "name": "parsing refuses without changing the source",
                                "line": 16,
                                "match": {
                                    "location": "xml_test.go:87"
                                },
                                "result": {
                                    "status": "passed",
                                    "duration": 23872
                                }
                            }
                        ]
                    },
                    {
                        "id": "lossless-namespace-aware-xml-leaf-edits;namespace-invalid-xml-is-rejected;;4",
                        "keyword": "Scenario Outline",
                        "name": "Namespace-invalid XML is rejected",
                        "description": "",
                        "line": 22,
                        "type": "scenario",
                        "tags": [
                            {
                                "name": "@implemented",
                                "line": 1
                            },
                            {
                                "name": "@go",
                                "line": 1
                            },
                            {
                                "name": "@package",
                                "line": 1
                            },
                            {
                                "name": "@XML-002",
                                "line": 12
                            }
                        ],
                        "steps": [
                            {
                                "keyword": "Given ",
                                "name": "XML with \"duplicate expanded attribute\"",
                                "line": 14,
                                "match": {
                                    "location": "xml_test.go:76"
                                },
                                "result": {
                                    "status": "passed",
                                    "duration": 54825
                                }
                            },
                            {
                                "keyword": "When ",
                                "name": "I parse the XML for lossless editing",
                                "line": 15,
                                "match": {
                                    "location": "xml_test.go:86"
                                },
                                "result": {
                                    "status": "passed",
                                    "duration": 46545
                                }
                            },
                            {
                                "keyword": "Then ",
                                "name": "parsing refuses without changing the source",
                                "line": 16,
                                "match": {
                                    "location": "xml_test.go:87"
                                },
                                "result": {
                                    "status": "passed",
                                    "duration": 49404
                                }
                            }
                        ]
                    },
                    {
                        "id": "lossless-namespace-aware-xml-leaf-edits;namespace-invalid-xml-is-rejected;;5",
                        "keyword": "Scenario Outline",
                        "name": "Namespace-invalid XML is rejected",
                        "description": "",
                        "line": 23,
                        "type": "scenario",
                        "tags": [
                            {
                                "name": "@implemented",
                                "line": 1
                            },
                            {
                                "name": "@go",
                                "line": 1
                            },
                            {
                                "name": "@package",
                                "line": 1
                            },
                            {
                                "name": "@XML-002",
                                "line": 12
                            }
                        ],
                        "steps": [
                            {
                                "keyword": "Given ",
                                "name": "XML with \"invalid xml binding\"",
                                "line": 14,
                                "match": {
                                    "location": "xml_test.go:76"
                                },
                                "result": {
                                    "status": "passed",
                                    "duration": 29388
                                }
                            },
                            {
                                "keyword": "When ",
                                "name": "I parse the XML for lossless editing",
                                "line": 15,
                                "match": {
                                    "location": "xml_test.go:86"
                                },
                                "result": {
                                    "status": "passed",
                                    "duration": 27691
                                }
                            },
                            {
                                "keyword": "Then ",
                                "name": "parsing refuses without changing the source",
                                "line": 16,
                                "match": {
                                    "location": "xml_test.go:87"
                                },
                                "result": {
                                    "status": "passed",
                                    "duration": 24705
                                }
                            }
                        ]
                    },
                    {
                        "id": "lossless-namespace-aware-xml-leaf-edits;namespace-invalid-xml-is-rejected;;6",
                        "keyword": "Scenario Outline",
                        "name": "Namespace-invalid XML is rejected",
                        "description": "",
                        "line": 24,
                        "type": "scenario",
                        "tags": [
                            {
                                "name": "@implemented",
                                "line": 1
                            },
                            {
                                "name": "@go",
                                "line": 1
                            },
                            {
                                "name": "@package",
                                "line": 1
                            },
                            {
                                "name": "@XML-002",
                                "line": 12
                            }
                        ],
                        "steps": [
                            {
                                "keyword": "Given ",
                                "name": "XML with \"mismatched end prefix\"",
                                "line": 14,
                                "match": {
                                    "location": "xml_test.go:76"
                                },
                                "result": {
                                    "status": "passed",
                                    "duration": 39940
                                }
                            },
                            {
                                "keyword": "When ",
                                "name": "I parse the XML for lossless editing",
                                "line": 15,
                                "match": {
                                    "location": "xml_test.go:86"
                                },
                                "result": {
                                    "status": "passed",
                                    "duration": 30787
                                }
                            },
                            {
                                "keyword": "Then ",
                                "name": "parsing refuses without changing the source",
                                "line": 16,
                                "match": {
                                    "location": "xml_test.go:87"
                                },
                                "result": {
                                    "status": "passed",
                                    "duration": 26668
                                }
                            }
                        ]
                    },
                    {
                        "id": "lossless-namespace-aware-xml-leaf-edits;a-foreign-target-refuses-the-entire-edit-batch",
                        "keyword": "Scenario",
                        "name": "A foreign target refuses the entire edit batch",
                        "description": "",
                        "line": 27,
                        "type": "scenario",
                        "tags": [
                            {
                                "name": "@implemented",
                                "line": 1
                            },
                            {
                                "name": "@go",
                                "line": 1
                            },
                            {
                                "name": "@package",
                                "line": 1
                            },
                            {
                                "name": "@XML-003",
                                "line": 26
                            }
                        ],
                        "steps": [
                            {
                                "keyword": "Given ",
                                "name": "XML with prefixed text and an opaque extension",
                                "line": 28,
                                "match": {
                                    "location": "xml_test.go:36"
                                },
                                "result": {
                                    "status": "passed",
                                    "duration": 46133
                                }
                            },
                            {
                                "keyword": "When ",
                                "name": "an edit batch contains a target from another parsed document",
                                "line": 29,
                                "match": {
                                    "location": "xml_test.go:96"
                                },
                                "result": {
                                    "status": "passed",
                                    "duration": 40151
                                }
                            },
                            {
                                "keyword": "Then ",
                                "name": "the batch refuses and a valid target remains reusable",
                                "line": 30,
                                "match": {
                                    "location": "xml_test.go:112"
                                },
                                "result": {
                                    "status": "passed",
                                    "duration": 28171
                                }
                            }
                        ]
                    }
                ]
            },
            {
                "uri": "../features/implemented/package/xml-conformance.feature",
                "id": "namespace-names-and-document-boundaries-obey-xml-rules",
                "keyword": "Feature",
                "name": "Namespace names and document boundaries obey XML rules",
                "description": "  Namespace expansion must not turn invalid qualified names into accepted nodes.",
                "line": 2,
                "tags": [
                    {
                        "name": "@implemented",
                        "line": 1
                    },
                    {
                        "name": "@go",
                        "line": 1
                    },
                    {
                        "name": "@package",
                        "line": 1
                    }
                ],
                "elements": [
                    {
                        "id": "namespace-names-and-document-boundaries-obey-xml-rules;invalid-qualified-names-refuse-before-editing;;2",
                        "keyword": "Scenario Outline",
                        "name": "Invalid qualified names refuse before editing",
                        "description": "",
                        "line": 13,
                        "type": "scenario",
                        "tags": [
                            {
                                "name": "@implemented",
                                "line": 1
                            },
                            {
                                "name": "@go",
                                "line": 1
                            },
                            {
                                "name": "@package",
                                "line": 1
                            },
                            {
                                "name": "@QNAME-001",
                                "line": 5
                            }
                        ],
                        "steps": [
                            {
                                "keyword": "Given ",
                                "name": "XML with invalid qualified-name case \"numeric local name\"",
                                "line": 7,
                                "match": {
                                    "location": "xml_conformance_test.go:25"
                                },
                                "result": {
                                    "status": "passed",
                                    "duration": 38253
                                }
                            },
                            {
                                "keyword": "When ",
                                "name": "I parse it as an editable XML snapshot",
                                "line": 8,
                                "match": {
                                    "location": "xml_conformance_test.go:35"
                                },
                                "result": {
                                    "status": "passed",
                                    "duration": 26010
                                }
                            },
                            {
                                "keyword": "Then ",
                                "name": "invalid XML structure is refused without changing the input",
                                "line": 9,
                                "match": {
                                    "location": "xml_conformance_test.go:36"
                                },
                                "result": {
                                    "status": "passed",
                                    "duration": 26202
                                }
                            }
                        ]
                    },
                    {
                        "id": "namespace-names-and-document-boundaries-obey-xml-rules;invalid-qualified-names-refuse-before-editing;;3",
                        "keyword": "Scenario Outline",
                        "name": "Invalid qualified names refuse before editing",
                        "description": "",
                        "line": 14,
                        "type": "scenario",
                        "tags": [
                            {
                                "name": "@implemented",
                                "line": 1
                            },
                            {
                                "name": "@go",
                                "line": 1
                            },
                            {
                                "name": "@package",
                                "line": 1
                            },
                            {
                                "name": "@QNAME-001",
                                "line": 5
                            }
                        ],
                        "steps": [
                            {
                                "keyword": "Given ",
                                "name": "XML with invalid qualified-name case \"numeric attribute local name\"",
                                "line": 7,
                                "match": {
                                    "location": "xml_conformance_test.go:25"
                                },
                                "result": {
                                    "status": "passed",
                                    "duration": 46414
                                }
                            },
                            {
                                "keyword": "When ",
                                "name": "I parse it as an editable XML snapshot",
                                "line": 8,
                                "match": {
                                    "location": "xml_conformance_test.go:35"
                                },
                                "result": {
                                    "status": "passed",
                                    "duration": 28598
                                }
                            },
                            {
                                "keyword": "Then ",
                                "name": "invalid XML structure is refused without changing the input",
                                "line": 9,
                                "match": {
                                    "location": "xml_conformance_test.go:36"
                                },
                                "result": {
                                    "status": "passed",
                                    "duration": 27928
                                }
                            }
                        ]
                    },
                    {
                        "id": "namespace-names-and-document-boundaries-obey-xml-rules;invalid-qualified-names-refuse-before-editing;;4",
                        "keyword": "Scenario Outline",
                        "name": "Invalid qualified names refuse before editing",
                        "description": "",
                        "line": 15,
                        "type": "scenario",
                        "tags": [
                            {
                                "name": "@implemented",
                                "line": 1
                            },
                            {
                                "name": "@go",
                                "line": 1
                            },
                            {
                                "name": "@package",
                                "line": 1
                            },
                            {
                                "name": "@QNAME-001",
                                "line": 5
                            }
                        ],
                        "steps": [
                            {
                                "keyword": "Given ",
                                "name": "XML with invalid qualified-name case \"numeric namespace prefix\"",
                                "line": 7,
                                "match": {
                                    "location": "xml_conformance_test.go:25"
                                },
                                "result": {
                                    "status": "passed",
                                    "duration": 31185
                                }
                            },
                            {
                                "keyword": "When ",
                                "name": "I parse it as an editable XML snapshot",
                                "line": 8,
                                "match": {
                                    "location": "xml_conformance_test.go:35"
                                },
                                "result": {
                                    "status": "passed",
                                    "duration": 26496
                                }
                            },
                            {
                                "keyword": "Then ",
                                "name": "invalid XML structure is refused without changing the input",
                                "line": 9,
                                "match": {
                                    "location": "xml_conformance_test.go:36"
                                },
                                "result": {
                                    "status": "passed",
                                    "duration": 26564
                                }
                            }
                        ]
                    },
                    {
                        "id": "namespace-names-and-document-boundaries-obey-xml-rules;invalid-qualified-names-refuse-before-editing;;5",
                        "keyword": "Scenario Outline",
                        "name": "Invalid qualified names refuse before editing",
                        "description": "",
                        "line": 16,
                        "type": "scenario",
                        "tags": [
                            {
                                "name": "@implemented",
                                "line": 1
                            },
                            {
                                "name": "@go",
                                "line": 1
                            },
                            {
                                "name": "@package",
                                "line": 1
                            },
                            {
                                "name": "@QNAME-001",
                                "line": 5
                            }
                        ],
                        "steps": [
                            {
                                "keyword": "Given ",
                                "name": "XML with invalid qualified-name case \"non XML whitespace outside root\"",
                                "line": 7,
                                "match": {
                                    "location": "xml_conformance_test.go:25"
                                },
                                "result": {
                                    "status": "passed",
                                    "duration": 43704
                                }
                            },
                            {
                                "keyword": "When ",
                                "name": "I parse it as an editable XML snapshot",
                                "line": 8,
                                "match": {
                                    "location": "xml_conformance_test.go:35"
                                },
                                "result": {
                                    "status": "passed",
                                    "duration": 24115
                                }
                            },
                            {
                                "keyword": "Then ",
                                "name": "invalid XML structure is refused without changing the input",
                                "line": 9,
                                "match": {
                                    "location": "xml_conformance_test.go:36"
                                },
                                "result": {
                                    "status": "passed",
                                    "duration": 28930
                                }
                            }
                        ]
                    },
                    {
                        "id": "namespace-names-and-document-boundaries-obey-xml-rules;fresh-insertion-bindings-do-not-leak-to-existing-or-later-siblings",
                        "keyword": "Scenario",
                        "name": "Fresh insertion bindings do not leak to existing or later siblings",
                        "description": "",
                        "line": 19,
                        "type": "scenario",
                        "tags": [
                            {
                                "name": "@implemented",
                                "line": 1
                            },
                            {
                                "name": "@go",
                                "line": 1
                            },
                            {
                                "name": "@package",
                                "line": 1
                            },
                            {
                                "name": "@QNAME-002",
                                "line": 18
                            }
                        ],
                        "steps": [
                            {
                                "keyword": "Given ",
                                "name": "a parent with an occupied generated prefix and default namespace",
                                "line": 20,
                                "match": {
                                    "location": "xml_conformance_test.go:45"
                                },
                                "result": {
                                    "status": "passed",
                                    "duration": 66406
                                }
                            },
                            {
                                "keyword": "When ",
                                "name": "I append children with independent new namespace requirements",
                                "line": 21,
                                "match": {
                                    "location": "xml_conformance_test.go:51"
                                },
                                "result": {
                                    "status": "passed",
                                    "duration": 67923
                                }
                            },
                            {
                                "keyword": "Then ",
                                "name": "all new and existing sibling names resolve to their intended namespaces",
                                "line": 22,
                                "match": {
                                    "location": "xml_conformance_test.go:56"
                                },
                                "result": {
                                    "status": "passed",
                                    "duration": 61126
                                }
                            }
                        ]
                    }
                ]
            },
            {
                "uri": "../features/implemented/spreadsheet/style-index.feature",
                "id": "numeric-edits-require-resolvable-cell-styles",
                "keyword": "Feature",
                "name": "Numeric edits require resolvable cell styles",
                "description": "  An omitted cell style attribute still selects style zero when a style table exists.",
                "line": 2,
                "tags": [
                    {
                        "name": "@implemented",
                        "line": 1
                    },
                    {
                        "name": "@go",
                        "line": 1
                    },
                    {
                        "name": "@spreadsheet",
                        "line": 1
                    }
                ],
                "elements": [
                    {
                        "id": "numeric-edits-require-resolvable-cell-styles;invalid-style-references-refuse-numeric-edits-unchanged;;2",
                        "keyword": "Scenario Outline",
                        "name": "Invalid style references refuse numeric edits unchanged",
                        "description": "",
                        "line": 13,
                        "type": "scenario",
                        "tags": [
                            {
                                "name": "@implemented",
                                "line": 1
                            },
                            {
                                "name": "@go",
                                "line": 1
                            },
                            {
                                "name": "@spreadsheet",
                                "line": 1
                            },
                            {
                                "name": "@STYLE-001",
                                "line": 5
                            }
                        ],
                        "steps": [
                            {
                                "keyword": "Given ",
                                "name": "a numeric workbook with \"empty cellXfs and omitted s\"",
                                "line": 7,
                                "match": {
                                    "location": "style_index_test.go:82"
                                },
                                "result": {
                                    "status": "passed",
                                    "duration": 411416
                                }
                            },
                            {
                                "keyword": "When ",
                                "name": "I attempt a numeric edit under the style policy",
                                "line": 8,
                                "match": {
                                    "location": "style_index_test.go:83"
                                },
                                "result": {
                                    "status": "passed",
                                    "duration": 101101
                                }
                            },
                            {
                                "keyword": "Then ",
                                "name": "style validation refuses with the original archive unchanged",
                                "line": 9,
                                "match": {
                                    "location": "style_index_test.go:84"
                                },
                                "result": {
                                    "status": "passed",
                                    "duration": 1340657
                                }
                            }
                        ]
                    },
                    {
                        "id": "numeric-edits-require-resolvable-cell-styles;invalid-style-references-refuse-numeric-edits-unchanged;;3",
                        "keyword": "Scenario Outline",
                        "name": "Invalid style references refuse numeric edits unchanged",
                        "description": "",
                        "line": 14,
                        "type": "scenario",
                        "tags": [
                            {
                                "name": "@implemented",
                                "line": 1
                            },
                            {
                                "name": "@go",
                                "line": 1
                            },
                            {
                                "name": "@spreadsheet",
                                "line": 1
                            },
                            {
                                "name": "@STYLE-001",
                                "line": 5
                            }
                        ],
                        "steps": [
                            {
                                "keyword": "Given ",
                                "name": "a numeric workbook with \"empty cellXfs and explicit zero\"",
                                "line": 7,
                                "match": {
                                    "location": "style_index_test.go:82"
                                },
                                "result": {
                                    "status": "passed",
                                    "duration": 360967
                                }
                            },
                            {
                                "keyword": "When ",
                                "name": "I attempt a numeric edit under the style policy",
                                "line": 8,
                                "match": {
                                    "location": "style_index_test.go:83"
                                },
                                "result": {
                                    "status": "passed",
                                    "duration": 93797
                                }
                            },
                            {
                                "keyword": "Then ",
                                "name": "style validation refuses with the original archive unchanged",
                                "line": 9,
                                "match": {
                                    "location": "style_index_test.go:84"
                                },
                                "result": {
                                    "status": "passed",
                                    "duration": 1161460
                                }
                            }
                        ]
                    },
                    {
                        "id": "numeric-edits-require-resolvable-cell-styles;invalid-style-references-refuse-numeric-edits-unchanged;;4",
                        "keyword": "Scenario Outline",
                        "name": "Invalid style references refuse numeric edits unchanged",
                        "description": "",
                        "line": 15,
                        "type": "scenario",
                        "tags": [
                            {
                                "name": "@implemented",
                                "line": 1
                            },
                            {
                                "name": "@go",
                                "line": 1
                            },
                            {
                                "name": "@spreadsheet",
                                "line": 1
                            },
                            {
                                "name": "@STYLE-001",
                                "line": 5
                            }
                        ],
                        "steps": [
                            {
                                "keyword": "Given ",
                                "name": "a numeric workbook with \"out of range style\"",
                                "line": 7,
                                "match": {
                                    "location": "style_index_test.go:82"
                                },
                                "result": {
                                    "status": "passed",
                                    "duration": 384056
                                }
                            },
                            {
                                "keyword": "When ",
                                "name": "I attempt a numeric edit under the style policy",
                                "line": 8,
                                "match": {
                                    "location": "style_index_test.go:83"
                                },
                                "result": {
                                    "status": "passed",
                                    "duration": 98818
                                }
                            },
                            {
                                "keyword": "Then ",
                                "name": "style validation refuses with the original archive unchanged",
                                "line": 9,
                                "match": {
                                    "location": "style_index_test.go:84"
                                },
                                "result": {
                                    "status": "passed",
                                    "duration": 1575535
                                }
                            }
                        ]
                    },
                    {
                        "id": "numeric-edits-require-resolvable-cell-styles;invalid-style-references-refuse-numeric-edits-unchanged;;5",
                        "keyword": "Scenario Outline",
                        "name": "Invalid style references refuse numeric edits unchanged",
                        "description": "",
                        "line": 16,
                        "type": "scenario",
                        "tags": [
                            {
                                "name": "@implemented",
                                "line": 1
                            },
                            {
                                "name": "@go",
                                "line": 1
                            },
                            {
                                "name": "@spreadsheet",
                                "line": 1
                            },
                            {
                                "name": "@STYLE-001",
                                "line": 5
                            }
                        ],
                        "steps": [
                            {
                                "keyword": "Given ",
                                "name": "a numeric workbook with \"mismatched cellXfs count\"",
                                "line": 7,
                                "match": {
                                    "location": "style_index_test.go:82"
                                },
                                "result": {
                                    "status": "passed",
                                    "duration": 376667
                                }
                            },
                            {
                                "keyword": "When ",
                                "name": "I attempt a numeric edit under the style policy",
                                "line": 8,
                                "match": {
                                    "location": "style_index_test.go:83"
                                },
                                "result": {
                                    "status": "passed",
                                    "duration": 88760
                                }
                            },
                            {
                                "keyword": "Then ",
                                "name": "style validation refuses with the original archive unchanged",
                                "line": 9,
                                "match": {
                                    "location": "style_index_test.go:84"
                                },
                                "result": {
                                    "status": "passed",
                                    "duration": 1577106
                                }
                            }
                        ]
                    },
                    {
                        "id": "numeric-edits-require-resolvable-cell-styles;invalid-style-references-refuse-numeric-edits-unchanged;;6",
                        "keyword": "Scenario Outline",
                        "name": "Invalid style references refuse numeric edits unchanged",
                        "description": "",
                        "line": 17,
                        "type": "scenario",
                        "tags": [
                            {
                                "name": "@implemented",
                                "line": 1
                            },
                            {
                                "name": "@go",
                                "line": 1
                            },
                            {
                                "name": "@spreadsheet",
                                "line": 1
                            },
                            {
                                "name": "@STYLE-001",
                                "line": 5
                            }
                        ],
                        "steps": [
                            {
                                "keyword": "Given ",
                                "name": "a numeric workbook with \"malformed style index\"",
                                "line": 7,
                                "match": {
                                    "location": "style_index_test.go:82"
                                },
                                "result": {
                                    "status": "passed",
                                    "duration": 449144
                                }
                            },
                            {
                                "keyword": "When ",
                                "name": "I attempt a numeric edit under the style policy",
                                "line": 8,
                                "match": {
                                    "location": "style_index_test.go:83"
                                },
                                "result": {
                                    "status": "passed",
                                    "duration": 331667
                                }
                            },
                            {
                                "keyword": "Then ",
                                "name": "style validation refuses with the original archive unchanged",
                                "line": 9,
                                "match": {
                                    "location": "style_index_test.go:84"
                                },
                                "result": {
                                    "status": "passed",
                                    "duration": 1541703
                                }
                            }
                        ]
                    },
                    {
                        "id": "numeric-edits-require-resolvable-cell-styles;invalid-style-references-refuse-numeric-edits-unchanged;;7",
                        "keyword": "Scenario Outline",
                        "name": "Invalid style references refuse numeric edits unchanged",
                        "description": "",
                        "line": 18,
                        "type": "scenario",
                        "tags": [
                            {
                                "name": "@implemented",
                                "line": 1
                            },
                            {
                                "name": "@go",
                                "line": 1
                            },
                            {
                                "name": "@spreadsheet",
                                "line": 1
                            },
                            {
                                "name": "@STYLE-001",
                                "line": 5
                            }
                        ],
                        "steps": [
                            {
                                "keyword": "Given ",
                                "name": "a numeric workbook with \"unrelated cell with invalid style\"",
                                "line": 7,
                                "match": {
                                    "location": "style_index_test.go:82"
                                },
                                "result": {
                                    "status": "passed",
                                    "duration": 387058
                                }
                            },
                            {
                                "keyword": "When ",
                                "name": "I attempt a numeric edit under the style policy",
                                "line": 8,
                                "match": {
                                    "location": "style_index_test.go:83"
                                },
                                "result": {
                                    "status": "passed",
                                    "duration": 97960
                                }
                            },
                            {
                                "keyword": "Then ",
                                "name": "style validation refuses with the original archive unchanged",
                                "line": 9,
                                "match": {
                                    "location": "style_index_test.go:84"
                                },
                                "result": {
                                    "status": "passed",
                                    "duration": 1184215
                                }
                            }
                        ]
                    },
                    {
                        "id": "numeric-edits-require-resolvable-cell-styles;implicit-style-zero-resolves-through-a-nonempty-table",
                        "keyword": "Scenario",
                        "name": "Implicit style zero resolves through a nonempty table",
                        "description": "",
                        "line": 21,
                        "type": "scenario",
                        "tags": [
                            {
                                "name": "@implemented",
                                "line": 1
                            },
                            {
                                "name": "@go",
                                "line": 1
                            },
                            {
                                "name": "@spreadsheet",
                                "line": 1
                            },
                            {
                                "name": "@STYLE-002",
                                "line": 20
                            }
                        ],
                        "steps": [
                            {
                                "keyword": "Given ",
                                "name": "a numeric workbook with \"one style and omitted s\"",
                                "line": 22,
                                "match": {
                                    "location": "style_index_test.go:82"
                                },
                                "result": {
                                    "status": "passed",
                                    "duration": 463281
                                }
                            },
                            {
                                "keyword": "When ",
                                "name": "I set its style-validated numeric value to 125",
                                "line": 23,
                                "match": {
                                    "location": "style_index_test.go:98"
                                },
                                "result": {
                                    "status": "passed",
                                    "duration": 268674
                                }
                            },
                            {
                                "keyword": "Then ",
                                "name": "the value changes without adding a style attribute or modifying styles",
                                "line": 24,
                                "match": {
                                    "location": "style_index_test.go:99"
                                },
                                "result": {
                                    "status": "passed",
                                    "duration": 1854644
                                }
                            }
                        ]
                    }
                ]
            },
            {
                "uri": "../features/implemented/package/graph-edit.feature",
                "id": "planned-part-addition-and-relationship-retargeting",
                "keyword": "Feature",
                "name": "Planned part addition and relationship retargeting",
                "description": "  New payloads and registry patches commit together without rewriting shared old payloads.",
                "line": 2,
                "tags": [
                    {
                        "name": "@implemented",
                        "line": 1
                    },
                    {
                        "name": "@go",
                        "line": 1
                    },
                    {
                        "name": "@package",
                        "line": 1
                    }
                ],
                "elements": [
                    {
                        "id": "planned-part-addition-and-relationship-retargeting;add-a-private-payload-and-retarget-one-of-two-shared-edges",
                        "keyword": "Scenario",
                        "name": "Add a private payload and retarget one of two shared edges",
                        "description": "",
                        "line": 6,
                        "type": "scenario",
                        "tags": [
                            {
                                "name": "@implemented",
                                "line": 1
                            },
                            {
                                "name": "@go",
                                "line": 1
                            },
                            {
                                "name": "@package",
                                "line": 1
                            },
                            {
                                "name": "@SURGERY-001",
                                "line": 5
                            }
                        ],
                        "steps": [
                            {
                                "keyword": "Given ",
                                "name": "a retained package with two edges sharing a payload",
                                "line": 7,
                                "match": {
                                    "location": "graph_edit_test.go:35"
                                },
                                "result": {
                                    "status": "passed",
                                    "duration": 375949
                                }
                            },
                            {
                                "keyword": "When ",
                                "name": "I plan a new payload for the first edge",
                                "line": 8,
                                "match": {
                                    "location": "graph_edit_test.go:55"
                                },
                                "result": {
                                    "status": "passed",
                                    "duration": 143188
                                }
                            },
                            {
                                "keyword": "Then ",
                                "name": "planning leaves the original archive byte-identical",
                                "line": 9,
                                "match": {
                                    "location": "graph_edit_test.go:56"
                                },
                                "result": {
                                    "status": "passed",
                                    "duration": 27427
                                }
                            },
                            {
                                "keyword": "When ",
                                "name": "I apply and deliver the graph plan",
                                "line": 10,
                                "match": {
                                    "location": "graph_edit_test.go:66"
                                },
                                "result": {
                                    "status": "passed",
                                    "duration": 1737894
                                }
                            },
                            {
                                "keyword": "Then ",
                                "name": "only the selected edge points to the new registered payload",
                                "line": 11,
                                "match": {
                                    "location": "graph_edit_test.go:86"
                                },
                                "result": {
                                    "status": "passed",
                                    "duration": 129511
                                }
                            },
                            {
                                "keyword": "And ",
                                "name": "unrelated registry bytes and original payloads are preserved",
                                "line": 12,
                                "match": {
                                    "location": "graph_edit_test.go:108"
                                },
                                "result": {
                                    "status": "passed",
                                    "duration": 54888
                                }
                            }
                        ]
                    },
                    {
                        "id": "planned-part-addition-and-relationship-retargeting;unproved-graph-changes-refuse-the-entire-plan;;2",
                        "keyword": "Scenario Outline",
                        "name": "Unproved graph changes refuse the entire plan",
                        "description": "",
                        "line": 22,
                        "type": "scenario",
                        "tags": [
                            {
                                "name": "@implemented",
                                "line": 1
                            },
                            {
                                "name": "@go",
                                "line": 1
                            },
                            {
                                "name": "@package",
                                "line": 1
                            },
                            {
                                "name": "@SURGERY-002",
                                "line": 14
                            }
                        ],
                        "steps": [
                            {
                                "keyword": "Given ",
                                "name": "a retained package with two edges sharing a payload",
                                "line": 16,
                                "match": {
                                    "location": "graph_edit_test.go:35"
                                },
                                "result": {
                                    "status": "passed",
                                    "duration": 187856
                                }
                            },
                            {
                                "keyword": "When ",
                                "name": "I plan a graph change with \"case colliding part\"",
                                "line": 17,
                                "match": {
                                    "location": "graph_edit_test.go:129"
                                },
                                "result": {
                                    "status": "passed",
                                    "duration": 80118
                                }
                            },
                            {
                                "keyword": "Then ",
                                "name": "graph planning refuses without adding parts or changing bytes",
                                "line": 18,
                                "match": {
                                    "location": "graph_edit_test.go:152"
                                },
                                "result": {
                                    "status": "passed",
                                    "duration": 33321
                                }
                            }
                        ]
                    },
                    {
                        "id": "planned-part-addition-and-relationship-retargeting;unproved-graph-changes-refuse-the-entire-plan;;3",
                        "keyword": "Scenario Outline",
                        "name": "Unproved graph changes refuse the entire plan",
                        "description": "",
                        "line": 23,
                        "type": "scenario",
                        "tags": [
                            {
                                "name": "@implemented",
                                "line": 1
                            },
                            {
                                "name": "@go",
                                "line": 1
                            },
                            {
                                "name": "@package",
                                "line": 1
                            },
                            {
                                "name": "@SURGERY-002",
                                "line": 14
                            }
                        ],
                        "steps": [
                            {
                                "keyword": "Given ",
                                "name": "a retained package with two edges sharing a payload",
                                "line": 16,
                                "match": {
                                    "location": "graph_edit_test.go:35"
                                },
                                "result": {
                                    "status": "passed",
                                    "duration": 195216
                                }
                            },
                            {
                                "keyword": "When ",
                                "name": "I plan a graph change with \"absent target\"",
                                "line": 17,
                                "match": {
                                    "location": "graph_edit_test.go:129"
                                },
                                "result": {
                                    "status": "passed",
                                    "duration": 100021
                                }
                            },
                            {
                                "keyword": "Then ",
                                "name": "graph planning refuses without adding parts or changing bytes",
                                "line": 18,
                                "match": {
                                    "location": "graph_edit_test.go:152"
                                },
                                "result": {
                                    "status": "passed",
                                    "duration": 35713
                                }
                            }
                        ]
                    },
                    {
                        "id": "planned-part-addition-and-relationship-retargeting;unproved-graph-changes-refuse-the-entire-plan;;4",
                        "keyword": "Scenario Outline",
                        "name": "Unproved graph changes refuse the entire plan",
                        "description": "",
                        "line": 24,
                        "type": "scenario",
                        "tags": [
                            {
                                "name": "@implemented",
                                "line": 1
                            },
                            {
                                "name": "@go",
                                "line": 1
                            },
                            {
                                "name": "@package",
                                "line": 1
                            },
                            {
                                "name": "@SURGERY-002",
                                "line": 14
                            }
                        ],
                        "steps": [
                            {
                                "keyword": "Given ",
                                "name": "a retained package with two edges sharing a payload",
                                "line": 16,
                                "match": {
                                    "location": "graph_edit_test.go:35"
                                },
                                "result": {
                                    "status": "passed",
                                    "duration": 266595
                                }
                            },
                            {
                                "keyword": "When ",
                                "name": "I plan a graph change with \"external edge\"",
                                "line": 17,
                                "match": {
                                    "location": "graph_edit_test.go:129"
                                },
                                "result": {
                                    "status": "passed",
                                    "duration": 96902
                                }
                            },
                            {
                                "keyword": "Then ",
                                "name": "graph planning refuses without adding parts or changing bytes",
                                "line": 18,
                                "match": {
                                    "location": "graph_edit_test.go:152"
                                },
                                "result": {
                                    "status": "passed",
                                    "duration": 32429
                                }
                            }
                        ]
                    },
                    {
                        "id": "planned-part-addition-and-relationship-retargeting;unproved-graph-changes-refuse-the-entire-plan;;5",
                        "keyword": "Scenario Outline",
                        "name": "Unproved graph changes refuse the entire plan",
                        "description": "",
                        "line": 25,
                        "type": "scenario",
                        "tags": [
                            {
                                "name": "@implemented",
                                "line": 1
                            },
                            {
                                "name": "@go",
                                "line": 1
                            },
                            {
                                "name": "@package",
                                "line": 1
                            },
                            {
                                "name": "@SURGERY-002",
                                "line": 14
                            }
                        ],
                        "steps": [
                            {
                                "keyword": "Given ",
                                "name": "a retained package with two edges sharing a payload",
                                "line": 16,
                                "match": {
                                    "location": "graph_edit_test.go:35"
                                },
                                "result": {
                                    "status": "passed",
                                    "duration": 165809
                                }
                            },
                            {
                                "keyword": "When ",
                                "name": "I plan a graph change with \"duplicate edge edit\"",
                                "line": 17,
                                "match": {
                                    "location": "graph_edit_test.go:129"
                                },
                                "result": {
                                    "status": "passed",
                                    "duration": 77367
                                }
                            },
                            {
                                "keyword": "Then ",
                                "name": "graph planning refuses without adding parts or changing bytes",
                                "line": 18,
                                "match": {
                                    "location": "graph_edit_test.go:152"
                                },
                                "result": {
                                    "status": "passed",
                                    "duration": 29566
                                }
                            }
                        ]
                    },
                    {
                        "id": "planned-part-addition-and-relationship-retargeting;unproved-graph-changes-refuse-the-entire-plan;;6",
                        "keyword": "Scenario Outline",
                        "name": "Unproved graph changes refuse the entire plan",
                        "description": "",
                        "line": 26,
                        "type": "scenario",
                        "tags": [
                            {
                                "name": "@implemented",
                                "line": 1
                            },
                            {
                                "name": "@go",
                                "line": 1
                            },
                            {
                                "name": "@package",
                                "line": 1
                            },
                            {
                                "name": "@SURGERY-002",
                                "line": 14
                            }
                        ],
                        "steps": [
                            {
                                "keyword": "Given ",
                                "name": "a retained package with two edges sharing a payload",
                                "line": 16,
                                "match": {
                                    "location": "graph_edit_test.go:35"
                                },
                                "result": {
                                    "status": "passed",
                                    "duration": 204982
                                }
                            },
                            {
                                "keyword": "When ",
                                "name": "I plan a graph change with \"reserved registry addition\"",
                                "line": 17,
                                "match": {
                                    "location": "graph_edit_test.go:129"
                                },
                                "result": {
                                    "status": "passed",
                                    "duration": 110009
                                }
                            },
                            {
                                "keyword": "Then ",
                                "name": "graph planning refuses without adding parts or changing bytes",
                                "line": 18,
                                "match": {
                                    "location": "graph_edit_test.go:152"
                                },
                                "result": {
                                    "status": "passed",
                                    "duration": 34919
                                }
                            }
                        ]
                    },
                    {
                        "id": "planned-part-addition-and-relationship-retargeting;unproved-graph-changes-refuse-the-entire-plan;;7",
                        "keyword": "Scenario Outline",
                        "name": "Unproved graph changes refuse the entire plan",
                        "description": "",
                        "line": 27,
                        "type": "scenario",
                        "tags": [
                            {
                                "name": "@implemented",
                                "line": 1
                            },
                            {
                                "name": "@go",
                                "line": 1
                            },
                            {
                                "name": "@package",
                                "line": 1
                            },
                            {
                                "name": "@SURGERY-002",
                                "line": 14
                            }
                        ],
                        "steps": [
                            {
                                "keyword": "Given ",
                                "name": "a retained package with two edges sharing a payload",
                                "line": 16,
                                "match": {
                                    "location": "graph_edit_test.go:35"
                                },
                                "result": {
                                    "status": "passed",
                                    "duration": 562597
                                }
                            },
                            {
                                "keyword": "When ",
                                "name": "I plan a graph change with \"malformed XML addition\"",
                                "line": 17,
                                "match": {
                                    "location": "graph_edit_test.go:129"
                                },
                                "result": {
                                    "status": "passed",
                                    "duration": 106307
                                }
                            },
                            {
                                "keyword": "Then ",
                                "name": "graph planning refuses without adding parts or changing bytes",
                                "line": 18,
                                "match": {
                                    "location": "graph_edit_test.go:152"
                                },
                                "result": {
                                    "status": "passed",
                                    "duration": 37947
                                }
                            }
                        ]
                    },
                    {
                        "id": "planned-part-addition-and-relationship-retargeting;a-graph-plan-cannot-overwrite-an-intervening-payload-edit",
                        "keyword": "Scenario",
                        "name": "A graph plan cannot overwrite an intervening payload edit",
                        "description": "",
                        "line": 30,
                        "type": "scenario",
                        "tags": [
                            {
                                "name": "@implemented",
                                "line": 1
                            },
                            {
                                "name": "@go",
                                "line": 1
                            },
                            {
                                "name": "@package",
                                "line": 1
                            },
                            {
                                "name": "@SURGERY-003",
                                "line": 29
                            }
                        ],
                        "steps": [
                            {
                                "keyword": "Given ",
                                "name": "a retained package with two edges sharing a payload",
                                "line": 31,
                                "match": {
                                    "location": "graph_edit_test.go:35"
                                },
                                "result": {
                                    "status": "passed",
                                    "duration": 247386
                                }
                            },
                            {
                                "keyword": "When ",
                                "name": "I plan a new payload for the first edge",
                                "line": 32,
                                "match": {
                                    "location": "graph_edit_test.go:55"
                                },
                                "result": {
                                    "status": "passed",
                                    "duration": 137538
                                }
                            },
                            {
                                "keyword": "And ",
                                "name": "I change an existing payload before applying the graph plan",
                                "line": 33,
                                "match": {
                                    "location": "graph_edit_test.go:166"
                                },
                                "result": {
                                    "status": "passed",
                                    "duration": 34389
                                }
                            },
                            {
                                "keyword": "Then ",
                                "name": "the stale graph plan refuses and preserves the intervening edit",
                                "line": 34,
                                "match": {
                                    "location": "graph_edit_test.go:173"
                                },
                                "result": {
                                    "status": "passed",
                                    "duration": 98871
                                }
                            }
                        ]
                    }
                ]
            },
            {
                "uri": "../features/implemented/document/stories.feature",
                "id": "read-only-word-story-projections",
                "keyword": "Feature",
                "name": "Read-only Word story projections",
                "description": "  Inspection includes related stories and nested paragraphs without double-counting.",
                "line": 2,
                "tags": [
                    {
                        "name": "@implemented",
                        "line": 1
                    },
                    {
                        "name": "@go",
                        "line": 1
                    },
                    {
                        "name": "@document",
                        "line": 1
                    }
                ],
                "elements": [
                    {
                        "id": "read-only-word-story-projections;revision-view-selects-the-appropriate-visible-text;;2",
                        "keyword": "Scenario Outline",
                        "name": "Revision view selects the appropriate visible text",
                        "description": "",
                        "line": 15,
                        "type": "scenario",
                        "tags": [
                            {
                                "name": "@implemented",
                                "line": 1
                            },
                            {
                                "name": "@go",
                                "line": 1
                            },
                            {
                                "name": "@document",
                                "line": 1
                            },
                            {
                                "name": "@STORY-001",
                                "line": 5
                            }
                        ],
                        "steps": [
                            {
                                "keyword": "Given ",
                                "name": "a Word document with body revisions and a related header",
                                "line": 7,
                                "match": {
                                    "location": "stories_test.go:43"
                                },
                                "result": {
                                    "status": "passed",
                                    "duration": 342063
                                }
                            },
                            {
                                "keyword": "When ",
                                "name": "I inspect its \"current\" story view",
                                "line": 8,
                                "match": {
                                    "location": "stories_test.go:45"
                                },
                                "result": {
                                    "status": "passed",
                                    "duration": 78589
                                }
                            },
                            {
                                "keyword": "Then ",
                                "name": "the body paragraph reads \"base new\"",
                                "line": 9,
                                "match": {
                                    "location": "stories_test.go:58"
                                },
                                "result": {
                                    "status": "passed",
                                    "duration": 17977
                                }
                            },
                            {
                                "keyword": "And ",
                                "name": "the related header paragraph reads \"Header text\"",
                                "line": 10,
                                "match": {
                                    "location": "stories_test.go:59"
                                },
                                "result": {
                                    "status": "passed",
                                    "duration": 22461
                                }
                            },
                            {
                                "keyword": "And ",
                                "name": "story inspection leaves the source archive unchanged",
                                "line": 11,
                                "match": {
                                    "location": "stories_test.go:62"
                                },
                                "result": {
                                    "status": "passed",
                                    "duration": 1605623
                                }
                            }
                        ]
                    },
                    {
                        "id": "read-only-word-story-projections;revision-view-selects-the-appropriate-visible-text;;3",
                        "keyword": "Scenario Outline",
                        "name": "Revision view selects the appropriate visible text",
                        "description": "",
                        "line": 16,
                        "type": "scenario",
                        "tags": [
                            {
                                "name": "@implemented",
                                "line": 1
                            },
                            {
                                "name": "@go",
                                "line": 1
                            },
                            {
                                "name": "@document",
                                "line": 1
                            },
                            {
                                "name": "@STORY-001",
                                "line": 5
                            }
                        ],
                        "steps": [
                            {
                                "keyword": "Given ",
                                "name": "a Word document with body revisions and a related header",
                                "line": 7,
                                "match": {
                                    "location": "stories_test.go:43"
                                },
                                "result": {
                                    "status": "passed",
                                    "duration": 1206285
                                }
                            },
                            {
                                "keyword": "When ",
                                "name": "I inspect its \"original\" story view",
                                "line": 8,
                                "match": {
                                    "location": "stories_test.go:45"
                                },
                                "result": {
                                    "status": "passed",
                                    "duration": 140225
                                }
                            },
                            {
                                "keyword": "Then ",
                                "name": "the body paragraph reads \"base old\"",
                                "line": 9,
                                "match": {
                                    "location": "stories_test.go:58"
                                },
                                "result": {
                                    "status": "passed",
                                    "duration": 93923
                                }
                            },
                            {
                                "keyword": "And ",
                                "name": "the related header paragraph reads \"Header text\"",
                                "line": 10,
                                "match": {
                                    "location": "stories_test.go:59"
                                },
                                "result": {
                                    "status": "passed",
                                    "duration": 28942
                                }
                            },
                            {
                                "keyword": "And ",
                                "name": "story inspection leaves the source archive unchanged",
                                "line": 11,
                                "match": {
                                    "location": "stories_test.go:62"
                                },
                                "result": {
                                    "status": "passed",
                                    "duration": 1498545
                                }
                            }
                        ]
                    },
                    {
                        "id": "read-only-word-story-projections;revision-view-selects-the-appropriate-visible-text;;4",
                        "keyword": "Scenario Outline",
                        "name": "Revision view selects the appropriate visible text",
                        "description": "",
                        "line": 17,
                        "type": "scenario",
                        "tags": [
                            {
                                "name": "@implemented",
                                "line": 1
                            },
                            {
                                "name": "@go",
                                "line": 1
                            },
                            {
                                "name": "@document",
                                "line": 1
                            },
                            {
                                "name": "@STORY-001",
                                "line": 5
                            }
                        ],
                        "steps": [
                            {
                                "keyword": "Given ",
                                "name": "a Word document with body revisions and a related header",
                                "line": 7,
                                "match": {
                                    "location": "stories_test.go:43"
                                },
                                "result": {
                                    "status": "passed",
                                    "duration": 681001
                                }
                            },
                            {
                                "keyword": "When ",
                                "name": "I inspect its \"all\" story view",
                                "line": 8,
                                "match": {
                                    "location": "stories_test.go:45"
                                },
                                "result": {
                                    "status": "passed",
                                    "duration": 136915
                                }
                            },
                            {
                                "keyword": "Then ",
                                "name": "the body paragraph reads \"base oldnew\"",
                                "line": 9,
                                "match": {
                                    "location": "stories_test.go:58"
                                },
                                "result": {
                                    "status": "passed",
                                    "duration": 37682
                                }
                            },
                            {
                                "keyword": "And ",
                                "name": "the related header paragraph reads \"Header text\"",
                                "line": 10,
                                "match": {
                                    "location": "stories_test.go:59"
                                },
                                "result": {
                                    "status": "passed",
                                    "duration": 38191
                                }
                            },
                            {
                                "keyword": "And ",
                                "name": "story inspection leaves the source archive unchanged",
                                "line": 11,
                                "match": {
                                    "location": "stories_test.go:62"
                                },
                                "result": {
                                    "status": "passed",
                                    "duration": 1590211
                                }
                            }
                        ]
                    },
                    {
                        "id": "read-only-word-story-projections;nested-text-box-paragraphs-do-not-duplicate-their-text-in-the-parent",
                        "keyword": "Scenario",
                        "name": "Nested text box paragraphs do not duplicate their text in the parent",
                        "description": "",
                        "line": 20,
                        "type": "scenario",
                        "tags": [
                            {
                                "name": "@implemented",
                                "line": 1
                            },
                            {
                                "name": "@go",
                                "line": 1
                            },
                            {
                                "name": "@document",
                                "line": 1
                            },
                            {
                                "name": "@STORY-002",
                                "line": 19
                            }
                        ],
                        "steps": [
                            {
                                "keyword": "Given ",
                                "name": "a Word document with a nested text box paragraph",
                                "line": 21,
                                "match": {
                                    "location": "stories_test.go:44"
                                },
                                "result": {
                                    "status": "passed",
                                    "duration": 333302
                                }
                            },
                            {
                                "keyword": "When ",
                                "name": "I inspect its \"current\" story view",
                                "line": 22,
                                "match": {
                                    "location": "stories_test.go:45"
                                },
                                "result": {
                                    "status": "passed",
                                    "duration": 80464
                                }
                            },
                            {
                                "keyword": "Then ",
                                "name": "the outer paragraph reads \"Outer\"",
                                "line": 23,
                                "match": {
                                    "location": "stories_test.go:60"
                                },
                                "result": {
                                    "status": "passed",
                                    "duration": 19386
                                }
                            },
                            {
                                "keyword": "And ",
                                "name": "one text-box paragraph reads \"Inner\"",
                                "line": 24,
                                "match": {
                                    "location": "stories_test.go:61"
                                },
                                "result": {
                                    "status": "passed",
                                    "duration": 17820
                                }
                            }
                        ]
                    }
                ]
            },
            {
                "uri": "../features/implemented/package/graph.feature",
                "id": "read-only-relationship-ownership-inspection",
                "keyword": "Feature",
                "name": "Read-only relationship ownership inspection",
                "description": "  Package inspection resolves local ownership without fetching external targets.",
                "line": 2,
                "tags": [
                    {
                        "name": "@implemented",
                        "line": 1
                    },
                    {
                        "name": "@go",
                        "line": 1
                    },
                    {
                        "name": "@package",
                        "line": 1
                    }
                ],
                "elements": [
                    {
                        "id": "read-only-relationship-ownership-inspection;shared-and-external-relationships-retain-distinct-ownership",
                        "keyword": "Scenario",
                        "name": "Shared and external relationships retain distinct ownership",
                        "description": "",
                        "line": 6,
                        "type": "scenario",
                        "tags": [
                            {
                                "name": "@implemented",
                                "line": 1
                            },
                            {
                                "name": "@go",
                                "line": 1
                            },
                            {
                                "name": "@package",
                                "line": 1
                            },
                            {
                                "name": "@GRAPH-001",
                                "line": 5
                            }
                        ],
                        "steps": [
                            {
                                "keyword": "Given ",
                                "name": "a package with two users of one image and an external hyperlink",
                                "line": 7,
                                "match": {
                                    "location": "graph_test.go:89"
                                },
                                "result": {
                                    "status": "passed",
                                    "duration": 282542
                                }
                            },
                            {
                                "keyword": "When ",
                                "name": "I inspect the retained package relationship graph",
                                "line": 8,
                                "match": {
                                    "location": "graph_test.go:91"
                                },
                                "result": {
                                    "status": "passed",
                                    "duration": 74626
                                }
                            },
                            {
                                "keyword": "Then ",
                                "name": "the image has two incoming relationships",
                                "line": 9,
                                "match": {
                                    "location": "graph_test.go:92"
                                },
                                "result": {
                                    "status": "passed",
                                    "duration": 20417
                                }
                            },
                            {
                                "keyword": "And ",
                                "name": "the hyperlink remains an unresolved external edge",
                                "line": 10,
                                "match": {
                                    "location": "graph_test.go:103"
                                },
                                "result": {
                                    "status": "passed",
                                    "duration": 21332
                                }
                            },
                            {
                                "keyword": "And ",
                                "name": "graph inspection leaves the archive byte-identical",
                                "line": 11,
                                "match": {
                                    "location": "graph_test.go:111"
                                },
                                "result": {
                                    "status": "passed",
                                    "duration": 22162
                                }
                            }
                        ]
                    },
                    {
                        "id": "read-only-relationship-ownership-inspection;ambiguous-or-dangling-registries-refuse-inspection;;2",
                        "keyword": "Scenario Outline",
                        "name": "Ambiguous or dangling registries refuse inspection",
                        "description": "",
                        "line": 21,
                        "type": "scenario",
                        "tags": [
                            {
                                "name": "@implemented",
                                "line": 1
                            },
                            {
                                "name": "@go",
                                "line": 1
                            },
                            {
                                "name": "@package",
                                "line": 1
                            },
                            {
                                "name": "@GRAPH-002",
                                "line": 13
                            }
                        ],
                        "steps": [
                            {
                                "keyword": "Given ",
                                "name": "a relationship package with \"missing target\"",
                                "line": 15,
                                "match": {
                                    "location": "graph_test.go:90"
                                },
                                "result": {
                                    "status": "passed",
                                    "duration": 263990
                                }
                            },
                            {
                                "keyword": "When ",
                                "name": "I inspect the retained package relationship graph",
                                "line": 16,
                                "match": {
                                    "location": "graph_test.go:91"
                                },
                                "result": {
                                    "status": "passed",
                                    "duration": 67673
                                }
                            },
                            {
                                "keyword": "Then ",
                                "name": "graph inspection returns a relationship-policy refusal",
                                "line": 17,
                                "match": {
                                    "location": "graph_test.go:121"
                                },
                                "result": {
                                    "status": "passed",
                                    "duration": 29009
                                }
                            }
                        ]
                    },
                    {
                        "id": "read-only-relationship-ownership-inspection;ambiguous-or-dangling-registries-refuse-inspection;;3",
                        "keyword": "Scenario Outline",
                        "name": "Ambiguous or dangling registries refuse inspection",
                        "description": "",
                        "line": 22,
                        "type": "scenario",
                        "tags": [
                            {
                                "name": "@implemented",
                                "line": 1
                            },
                            {
                                "name": "@go",
                                "line": 1
                            },
                            {
                                "name": "@package",
                                "line": 1
                            },
                            {
                                "name": "@GRAPH-002",
                                "line": 13
                            }
                        ],
                        "steps": [
                            {
                                "keyword": "Given ",
                                "name": "a relationship package with \"duplicate relationship ID\"",
                                "line": 15,
                                "match": {
                                    "location": "graph_test.go:90"
                                },
                                "result": {
                                    "status": "passed",
                                    "duration": 513266
                                }
                            },
                            {
                                "keyword": "When ",
                                "name": "I inspect the retained package relationship graph",
                                "line": 16,
                                "match": {
                                    "location": "graph_test.go:91"
                                },
                                "result": {
                                    "status": "passed",
                                    "duration": 78393
                                }
                            },
                            {
                                "keyword": "Then ",
                                "name": "graph inspection returns a relationship-policy refusal",
                                "line": 17,
                                "match": {
                                    "location": "graph_test.go:121"
                                },
                                "result": {
                                    "status": "passed",
                                    "duration": 27406
                                }
                            }
                        ]
                    },
                    {
                        "id": "read-only-relationship-ownership-inspection;ambiguous-or-dangling-registries-refuse-inspection;;4",
                        "keyword": "Scenario Outline",
                        "name": "Ambiguous or dangling registries refuse inspection",
                        "description": "",
                        "line": 23,
                        "type": "scenario",
                        "tags": [
                            {
                                "name": "@implemented",
                                "line": 1
                            },
                            {
                                "name": "@go",
                                "line": 1
                            },
                            {
                                "name": "@package",
                                "line": 1
                            },
                            {
                                "name": "@GRAPH-002",
                                "line": 13
                            }
                        ],
                        "steps": [
                            {
                                "keyword": "Given ",
                                "name": "a relationship package with \"escaping target\"",
                                "line": 15,
                                "match": {
                                    "location": "graph_test.go:90"
                                },
                                "result": {
                                    "status": "passed",
                                    "duration": 344715
                                }
                            },
                            {
                                "keyword": "When ",
                                "name": "I inspect the retained package relationship graph",
                                "line": 16,
                                "match": {
                                    "location": "graph_test.go:91"
                                },
                                "result": {
                                    "status": "passed",
                                    "duration": 163529
                                }
                            },
                            {
                                "keyword": "Then ",
                                "name": "graph inspection returns a relationship-policy refusal",
                                "line": 17,
                                "match": {
                                    "location": "graph_test.go:121"
                                },
                                "result": {
                                    "status": "passed",
                                    "duration": 34638
                                }
                            }
                        ]
                    },
                    {
                        "id": "read-only-relationship-ownership-inspection;ambiguous-or-dangling-registries-refuse-inspection;;5",
                        "keyword": "Scenario Outline",
                        "name": "Ambiguous or dangling registries refuse inspection",
                        "description": "",
                        "line": 24,
                        "type": "scenario",
                        "tags": [
                            {
                                "name": "@implemented",
                                "line": 1
                            },
                            {
                                "name": "@go",
                                "line": 1
                            },
                            {
                                "name": "@package",
                                "line": 1
                            },
                            {
                                "name": "@GRAPH-002",
                                "line": 13
                            }
                        ],
                        "steps": [
                            {
                                "keyword": "Given ",
                                "name": "a relationship package with \"duplicate content-type default\"",
                                "line": 15,
                                "match": {
                                    "location": "graph_test.go:90"
                                },
                                "result": {
                                    "status": "passed",
                                    "duration": 279173
                                }
                            },
                            {
                                "keyword": "When ",
                                "name": "I inspect the retained package relationship graph",
                                "line": 16,
                                "match": {
                                    "location": "graph_test.go:91"
                                },
                                "result": {
                                    "status": "passed",
                                    "duration": 48015
                                }
                            },
                            {
                                "keyword": "Then ",
                                "name": "graph inspection returns a relationship-policy refusal",
                                "line": 17,
                                "match": {
                                    "location": "graph_test.go:121"
                                },
                                "result": {
                                    "status": "passed",
                                    "duration": 26248
                                }
                            }
                        ]
                    },
                    {
                        "id": "read-only-relationship-ownership-inspection;ambiguous-or-dangling-registries-refuse-inspection;;6",
                        "keyword": "Scenario Outline",
                        "name": "Ambiguous or dangling registries refuse inspection",
                        "description": "",
                        "line": 25,
                        "type": "scenario",
                        "tags": [
                            {
                                "name": "@implemented",
                                "line": 1
                            },
                            {
                                "name": "@go",
                                "line": 1
                            },
                            {
                                "name": "@package",
                                "line": 1
                            },
                            {
                                "name": "@GRAPH-002",
                                "line": 13
                            }
                        ],
                        "steps": [
                            {
                                "keyword": "Given ",
                                "name": "a relationship package with \"unknown registry extension\"",
                                "line": 15,
                                "match": {
                                    "location": "graph_test.go:90"
                                },
                                "result": {
                                    "status": "passed",
                                    "duration": 436351
                                }
                            },
                            {
                                "keyword": "When ",
                                "name": "I inspect the retained package relationship graph",
                                "line": 16,
                                "match": {
                                    "location": "graph_test.go:91"
                                },
                                "result": {
                                    "status": "passed",
                                    "duration": 70533
                                }
                            },
                            {
                                "keyword": "Then ",
                                "name": "graph inspection returns a relationship-policy refusal",
                                "line": 17,
                                "match": {
                                    "location": "graph_test.go:121"
                                },
                                "result": {
                                    "status": "passed",
                                    "duration": 27403
                                }
                            }
                        ]
                    }
                ]
            },
            {
                "uri": "../features/implemented/spreadsheet/image-replace.feature",
                "id": "replace-one-loaded-worksheet-picture-without-rewriting-drawing-xml",
                "keyword": "Feature",
                "name": "Replace one loaded worksheet picture without rewriting drawing XML",
                "description": "  Image bytes are added to a fresh part; old shared media and other consumers remain.",
                "line": 2,
                "tags": [
                    {
                        "name": "@implemented",
                        "line": 1
                    },
                    {
                        "name": "@go",
                        "line": 1
                    },
                    {
                        "name": "@spreadsheet",
                        "line": 1
                    }
                ],
                "elements": [
                    {
                        "id": "replace-one-loaded-worksheet-picture-without-rewriting-drawing-xml;retarget-a-selected-picture-while-another-picture-shares-its-old-media",
                        "keyword": "Scenario",
                        "name": "Retarget a selected picture while another picture shares its old media",
                        "description": "",
                        "line": 6,
                        "type": "scenario",
                        "tags": [
                            {
                                "name": "@implemented",
                                "line": 1
                            },
                            {
                                "name": "@go",
                                "line": 1
                            },
                            {
                                "name": "@spreadsheet",
                                "line": 1
                            },
                            {
                                "name": "@IMAGE-001",
                                "line": 5
                            }
                        ],
                        "steps": [
                            {
                                "keyword": "Given ",
                                "name": "a worksheet with two pictures sharing old image bytes",
                                "line": 7,
                                "match": {
                                    "location": "image_replace_test.go:103"
                                },
                                "result": {
                                    "status": "passed",
                                    "duration": 2080674
                                }
                            },
                            {
                                "keyword": "When ",
                                "name": "I replace picture one with a valid PNG",
                                "line": 8,
                                "match": {
                                    "location": "image_replace_test.go:105"
                                },
                                "result": {
                                    "status": "passed",
                                    "duration": 2339420
                                }
                            },
                            {
                                "keyword": "Then ",
                                "name": "drawing geometry and the other picture remain byte-identical",
                                "line": 9,
                                "match": {
                                    "location": "image_replace_test.go:116"
                                },
                                "result": {
                                    "status": "passed",
                                    "duration": 146386
                                }
                            },
                            {
                                "keyword": "And ",
                                "name": "the selected image uses fresh media while original media is retained",
                                "line": 10,
                                "match": {
                                    "location": "image_replace_test.go:132"
                                },
                                "result": {
                                    "status": "passed",
                                    "duration": 224991
                                }
                            },
                            {
                                "keyword": "And ",
                                "name": "the consumed image target refuses reuse",
                                "line": 11,
                                "match": {
                                    "location": "image_replace_test.go:165"
                                },
                                "result": {
                                    "status": "passed",
                                    "duration": 21937
                                }
                            }
                        ]
                    },
                    {
                        "id": "replace-one-loaded-worksheet-picture-without-rewriting-drawing-xml;ambiguous-or-protected-image-replacement-refuses-unchanged;;2",
                        "keyword": "Scenario Outline",
                        "name": "Ambiguous or protected image replacement refuses unchanged",
                        "description": "",
                        "line": 21,
                        "type": "scenario",
                        "tags": [
                            {
                                "name": "@implemented",
                                "line": 1
                            },
                            {
                                "name": "@go",
                                "line": 1
                            },
                            {
                                "name": "@spreadsheet",
                                "line": 1
                            },
                            {
                                "name": "@IMAGE-002",
                                "line": 13
                            }
                        ],
                        "steps": [
                            {
                                "keyword": "Given ",
                                "name": "an image workbook with \"shared relationship ID\"",
                                "line": 15,
                                "match": {
                                    "location": "image_replace_test.go:104"
                                },
                                "result": {
                                    "status": "passed",
                                    "duration": 545416
                                }
                            },
                            {
                                "keyword": "When ",
                                "name": "I attempt to replace its selected picture",
                                "line": 16,
                                "match": {
                                    "location": "image_replace_test.go:173"
                                },
                                "result": {
                                    "status": "passed",
                                    "duration": 145076
                                }
                            },
                            {
                                "keyword": "Then ",
                                "name": "image replacement refuses without package mutation",
                                "line": 17,
                                "match": {
                                    "location": "image_replace_test.go:180"
                                },
                                "result": {
                                    "status": "passed",
                                    "duration": 1205153
                                }
                            }
                        ]
                    },
                    {
                        "id": "replace-one-loaded-worksheet-picture-without-rewriting-drawing-xml;ambiguous-or-protected-image-replacement-refuses-unchanged;;3",
                        "keyword": "Scenario Outline",
                        "name": "Ambiguous or protected image replacement refuses unchanged",
                        "description": "",
                        "line": 22,
                        "type": "scenario",
                        "tags": [
                            {
                                "name": "@implemented",
                                "line": 1
                            },
                            {
                                "name": "@go",
                                "line": 1
                            },
                            {
                                "name": "@spreadsheet",
                                "line": 1
                            },
                            {
                                "name": "@IMAGE-002",
                                "line": 13
                            }
                        ],
                        "steps": [
                            {
                                "keyword": "Given ",
                                "name": "an image workbook with \"shared drawing part\"",
                                "line": 15,
                                "match": {
                                    "location": "image_replace_test.go:104"
                                },
                                "result": {
                                    "status": "passed",
                                    "duration": 1021249
                                }
                            },
                            {
                                "keyword": "When ",
                                "name": "I attempt to replace its selected picture",
                                "line": 16,
                                "match": {
                                    "location": "image_replace_test.go:173"
                                },
                                "result": {
                                    "status": "passed",
                                    "duration": 112674
                                }
                            },
                            {
                                "keyword": "Then ",
                                "name": "image replacement refuses without package mutation",
                                "line": 17,
                                "match": {
                                    "location": "image_replace_test.go:180"
                                },
                                "result": {
                                    "status": "passed",
                                    "duration": 1634984
                                }
                            }
                        ]
                    },
                    {
                        "id": "replace-one-loaded-worksheet-picture-without-rewriting-drawing-xml;ambiguous-or-protected-image-replacement-refuses-unchanged;;4",
                        "keyword": "Scenario Outline",
                        "name": "Ambiguous or protected image replacement refuses unchanged",
                        "description": "",
                        "line": 23,
                        "type": "scenario",
                        "tags": [
                            {
                                "name": "@implemented",
                                "line": 1
                            },
                            {
                                "name": "@go",
                                "line": 1
                            },
                            {
                                "name": "@spreadsheet",
                                "line": 1
                            },
                            {
                                "name": "@IMAGE-002",
                                "line": 13
                            }
                        ],
                        "steps": [
                            {
                                "keyword": "Given ",
                                "name": "an image workbook with \"protected worksheet\"",
                                "line": 15,
                                "match": {
                                    "location": "image_replace_test.go:104"
                                },
                                "result": {
                                    "status": "passed",
                                    "duration": 905909
                                }
                            },
                            {
                                "keyword": "When ",
                                "name": "I attempt to replace its selected picture",
                                "line": 16,
                                "match": {
                                    "location": "image_replace_test.go:173"
                                },
                                "result": {
                                    "status": "passed",
                                    "duration": 125928
                                }
                            },
                            {
                                "keyword": "Then ",
                                "name": "image replacement refuses without package mutation",
                                "line": 17,
                                "match": {
                                    "location": "image_replace_test.go:180"
                                },
                                "result": {
                                    "status": "passed",
                                    "duration": 1366508
                                }
                            }
                        ]
                    },
                    {
                        "id": "replace-one-loaded-worksheet-picture-without-rewriting-drawing-xml;ambiguous-or-protected-image-replacement-refuses-unchanged;;5",
                        "keyword": "Scenario Outline",
                        "name": "Ambiguous or protected image replacement refuses unchanged",
                        "description": "",
                        "line": 24,
                        "type": "scenario",
                        "tags": [
                            {
                                "name": "@implemented",
                                "line": 1
                            },
                            {
                                "name": "@go",
                                "line": 1
                            },
                            {
                                "name": "@spreadsheet",
                                "line": 1
                            },
                            {
                                "name": "@IMAGE-002",
                                "line": 13
                            }
                        ],
                        "steps": [
                            {
                                "keyword": "Given ",
                                "name": "an image workbook with \"malformed image data\"",
                                "line": 15,
                                "match": {
                                    "location": "image_replace_test.go:104"
                                },
                                "result": {
                                    "status": "passed",
                                    "duration": 647483
                                }
                            },
                            {
                                "keyword": "When ",
                                "name": "I attempt to replace its selected picture",
                                "line": 16,
                                "match": {
                                    "location": "image_replace_test.go:173"
                                },
                                "result": {
                                    "status": "passed",
                                    "duration": 289185
                                }
                            },
                            {
                                "keyword": "Then ",
                                "name": "image replacement refuses without package mutation",
                                "line": 17,
                                "match": {
                                    "location": "image_replace_test.go:180"
                                },
                                "result": {
                                    "status": "passed",
                                    "duration": 1247440
                                }
                            }
                        ]
                    },
                    {
                        "id": "replace-one-loaded-worksheet-picture-without-rewriting-drawing-xml;ambiguous-or-protected-image-replacement-refuses-unchanged;;6",
                        "keyword": "Scenario Outline",
                        "name": "Ambiguous or protected image replacement refuses unchanged",
                        "description": "",
                        "line": 25,
                        "type": "scenario",
                        "tags": [
                            {
                                "name": "@implemented",
                                "line": 1
                            },
                            {
                                "name": "@go",
                                "line": 1
                            },
                            {
                                "name": "@spreadsheet",
                                "line": 1
                            },
                            {
                                "name": "@IMAGE-002",
                                "line": 13
                            }
                        ],
                        "steps": [
                            {
                                "keyword": "Given ",
                                "name": "an image workbook with \"external picture\"",
                                "line": 15,
                                "match": {
                                    "location": "image_replace_test.go:104"
                                },
                                "result": {
                                    "status": "passed",
                                    "duration": 665225
                                }
                            },
                            {
                                "keyword": "When ",
                                "name": "I attempt to replace its selected picture",
                                "line": 16,
                                "match": {
                                    "location": "image_replace_test.go:173"
                                },
                                "result": {
                                    "status": "passed",
                                    "duration": 158324
                                }
                            },
                            {
                                "keyword": "Then ",
                                "name": "image replacement refuses without package mutation",
                                "line": 17,
                                "match": {
                                    "location": "image_replace_test.go:180"
                                },
                                "result": {
                                    "status": "passed",
                                    "duration": 1532881
                                }
                            }
                        ]
                    }
                ]
            },
            {
                "uri": "../features/implemented/package/receipts.feature",
                "id": "retained-source-delivery-receipts",
                "keyword": "Feature",
                "name": "Retained-source delivery receipts",
                "description": "  Receipts describe observed payload changes and failed delivery preserves prior output.",
                "line": 2,
                "tags": [
                    {
                        "name": "@implemented",
                        "line": 1
                    },
                    {
                        "name": "@go",
                        "line": 1
                    },
                    {
                        "name": "@package",
                        "line": 1
                    }
                ],
                "elements": [
                    {
                        "id": "retained-source-delivery-receipts;a-saved-receipt-agrees-with-independent-package-hashes",
                        "keyword": "Scenario",
                        "name": "A saved receipt agrees with independent package hashes",
                        "description": "",
                        "line": 6,
                        "type": "scenario",
                        "tags": [
                            {
                                "name": "@implemented",
                                "line": 1
                            },
                            {
                                "name": "@go",
                                "line": 1
                            },
                            {
                                "name": "@package",
                                "line": 1
                            },
                            {
                                "name": "@RECEIPT-001",
                                "line": 5
                            }
                        ],
                        "steps": [
                            {
                                "keyword": "Given ",
                                "name": "a staged main-part edit with an opaque custom part",
                                "line": 7,
                                "match": {
                                    "location": "receipts_test.go:56"
                                },
                                "result": {
                                    "status": "passed",
                                    "duration": 171987
                                }
                            },
                            {
                                "keyword": "When ",
                                "name": "I save a main-part replacement with a delivery receipt",
                                "line": 8,
                                "match": {
                                    "location": "receipts_test.go:57"
                                },
                                "result": {
                                    "status": "passed",
                                    "duration": 1507264
                                }
                            },
                            {
                                "keyword": "Then ",
                                "name": "the receipt identifies exactly the changed member and both hashes",
                                "line": 9,
                                "match": {
                                    "location": "receipts_test.go:67"
                                },
                                "result": {
                                    "status": "passed",
                                    "duration": 69243
                                }
                            },
                            {
                                "keyword": "And ",
                                "name": "the delivered archive reopens with unchanged opaque bytes",
                                "line": 10,
                                "match": {
                                    "location": "receipts_test.go:90"
                                },
                                "result": {
                                    "status": "passed",
                                    "duration": 106959
                                }
                            }
                        ]
                    },
                    {
                        "id": "retained-source-delivery-receipts;a-directory-destination-refuses-without-consuming-staged-changes",
                        "keyword": "Scenario",
                        "name": "A directory destination refuses without consuming staged changes",
                        "description": "",
                        "line": 13,
                        "type": "scenario",
                        "tags": [
                            {
                                "name": "@implemented",
                                "line": 1
                            },
                            {
                                "name": "@go",
                                "line": 1
                            },
                            {
                                "name": "@package",
                                "line": 1
                            },
                            {
                                "name": "@RECEIPT-002",
                                "line": 12
                            }
                        ],
                        "steps": [
                            {
                                "keyword": "Given ",
                                "name": "a staged main-part edit with an opaque custom part",
                                "line": 14,
                                "match": {
                                    "location": "receipts_test.go:56"
                                },
                                "result": {
                                    "status": "passed",
                                    "duration": 173058
                                }
                            },
                            {
                                "keyword": "When ",
                                "name": "I deliver staged changes to a directory destination",
                                "line": 15,
                                "match": {
                                    "location": "receipts_test.go:109"
                                },
                                "result": {
                                    "status": "passed",
                                    "duration": 64912
                                }
                            },
                            {
                                "keyword": "Then ",
                                "name": "delivery fails without changing the directory",
                                "line": 16,
                                "match": {
                                    "location": "receipts_test.go:118"
                                },
                                "result": {
                                    "status": "passed",
                                    "duration": 38836
                                }
                            },
                            {
                                "keyword": "And ",
                                "name": "the staged change remains available for another save",
                                "line": 17,
                                "match": {
                                    "location": "receipts_test.go:131"
                                },
                                "result": {
                                    "status": "passed",
                                    "duration": 1461823
                                }
                            }
                        ]
                    }
                ]
            },
            {
                "uri": "../features/implemented/package/preservation.feature",
                "id": "retained-source-package-editing",
                "keyword": "Feature",
                "name": "Retained-source package editing",
                "description": "  A bounded part replacement preserves every other source payload.",
                "line": 2,
                "tags": [
                    {
                        "name": "@implemented",
                        "line": 1
                    },
                    {
                        "name": "@go",
                        "line": 1
                    },
                    {
                        "name": "@package",
                        "line": 1
                    }
                ],
                "elements": [
                    {
                        "id": "retained-source-package-editing;a-no-op-save-preserves-the-exact-source-archive",
                        "keyword": "Scenario",
                        "name": "A no-op save preserves the exact source archive",
                        "description": "",
                        "line": 6,
                        "type": "scenario",
                        "tags": [
                            {
                                "name": "@implemented",
                                "line": 1
                            },
                            {
                                "name": "@go",
                                "line": 1
                            },
                            {
                                "name": "@package",
                                "line": 1
                            },
                            {
                                "name": "@SOURCE-001",
                                "line": 5
                            }
                        ],
                        "steps": [
                            {
                                "keyword": "Given ",
                                "name": "an Office source archive with an opaque custom part",
                                "line": 7,
                                "match": {
                                    "location": "preserved_test.go:54"
                                },
                                "result": {
                                    "status": "passed",
                                    "duration": 172311
                                }
                            },
                            {
                                "keyword": "When ",
                                "name": "I open a retained-source editing session and save without edits",
                                "line": 8,
                                "match": {
                                    "location": "preserved_test.go:55"
                                },
                                "result": {
                                    "status": "passed",
                                    "duration": 32075
                                }
                            },
                            {
                                "keyword": "Then ",
                                "name": "the output archive is byte-identical to the source",
                                "line": 9,
                                "match": {
                                    "location": "preserved_test.go:56"
                                },
                                "result": {
                                    "status": "passed",
                                    "duration": 23567
                                }
                            }
                        ]
                    },
                    {
                        "id": "retained-source-package-editing;replacing-one-part-leaves-all-other-member-payloads-unchanged",
                        "keyword": "Scenario",
                        "name": "Replacing one part leaves all other member payloads unchanged",
                        "description": "",
                        "line": 12,
                        "type": "scenario",
                        "tags": [
                            {
                                "name": "@implemented",
                                "line": 1
                            },
                            {
                                "name": "@go",
                                "line": 1
                            },
                            {
                                "name": "@package",
                                "line": 1
                            },
                            {
                                "name": "@SOURCE-002",
                                "line": 11
                            }
                        ],
                        "steps": [
                            {
                                "keyword": "Given ",
                                "name": "an Office source archive with an opaque custom part",
                                "line": 13,
                                "match": {
                                    "location": "preserved_test.go:54"
                                },
                                "result": {
                                    "status": "passed",
                                    "duration": 198231
                                }
                            },
                            {
                                "keyword": "When ",
                                "name": "I replace the main XML part using its current fingerprint",
                                "line": 14,
                                "match": {
                                    "location": "preserved_test.go:62"
                                },
                                "result": {
                                    "status": "passed",
                                    "duration": 76312
                                }
                            },
                            {
                                "keyword": "Then ",
                                "name": "only that member payload changes after saving",
                                "line": 15,
                                "match": {
                                    "location": "preserved_test.go:73"
                                },
                                "result": {
                                    "status": "passed",
                                    "duration": 62988
                                }
                            },
                            {
                                "keyword": "And ",
                                "name": "the retained source bytes remain unchanged",
                                "line": 16,
                                "match": {
                                    "location": "preserved_test.go:100"
                                },
                                "result": {
                                    "status": "passed",
                                    "duration": 20175
                                }
                            }
                        ]
                    },
                    {
                        "id": "retained-source-package-editing;a-stale-replacement-batch-leaves-all-parts-unchanged",
                        "keyword": "Scenario",
                        "name": "A stale replacement batch leaves all parts unchanged",
                        "description": "",
                        "line": 19,
                        "type": "scenario",
                        "tags": [
                            {
                                "name": "@implemented",
                                "line": 1
                            },
                            {
                                "name": "@go",
                                "line": 1
                            },
                            {
                                "name": "@package",
                                "line": 1
                            },
                            {
                                "name": "@SOURCE-003",
                                "line": 18
                            }
                        ],
                        "steps": [
                            {
                                "keyword": "Given ",
                                "name": "an Office source archive with an opaque custom part",
                                "line": 20,
                                "match": {
                                    "location": "preserved_test.go:54"
                                },
                                "result": {
                                    "status": "passed",
                                    "duration": 191094
                                }
                            },
                            {
                                "keyword": "When ",
                                "name": "I request two replacements with one stale fingerprint",
                                "line": 21,
                                "match": {
                                    "location": "preserved_test.go:106"
                                },
                                "result": {
                                    "status": "passed",
                                    "duration": 37816
                                }
                            },
                            {
                                "keyword": "Then ",
                                "name": "the batch returns a stale-target refusal",
                                "line": 22,
                                "match": {
                                    "location": "preserved_test.go:114"
                                },
                                "result": {
                                    "status": "passed",
                                    "duration": 20933
                                }
                            },
                            {
                                "keyword": "And ",
                                "name": "the session still saves the exact original archive",
                                "line": 23,
                                "match": {
                                    "location": "preserved_test.go:121"
                                },
                                "result": {
                                    "status": "passed",
                                    "duration": 27989
                                }
                            }
                        ]
                    }
                ]
            },
            {
                "uri": "../features/implemented/package/graph-target-form.feature",
                "id": "retargeting-preserves-the-package-relative-or-absolute-target-form",
                "keyword": "Feature",
                "name": "Retargeting preserves the package-relative or absolute target form",
                "description": "  A new target must resolve from its actual source while retaining the input path form.",
                "line": 2,
                "tags": [
                    {
                        "name": "@implemented",
                        "line": 1
                    },
                    {
                        "name": "@go",
                        "line": 1
                    },
                    {
                        "name": "@package",
                        "line": 1
                    }
                ],
                "elements": [
                    {
                        "id": "retargeting-preserves-the-package-relative-or-absolute-target-form;retarget-paths-retain-their-original-form;;2",
                        "keyword": "Scenario Outline",
                        "name": "Retarget paths retain their original form",
                        "description": "",
                        "line": 14,
                        "type": "scenario",
                        "tags": [
                            {
                                "name": "@implemented",
                                "line": 1
                            },
                            {
                                "name": "@go",
                                "line": 1
                            },
                            {
                                "name": "@package",
                                "line": 1
                            },
                            {
                                "name": "@TARGETFORM-001",
                                "line": 5
                            }
                        ],
                        "steps": [
                            {
                                "keyword": "Given ",
                                "name": "a graph edge using \"relative\" target form",
                                "line": 7,
                                "match": {
                                    "location": "graph_target_form_test.go:23"
                                },
                                "result": {
                                    "status": "passed",
                                    "duration": 336944
                                }
                            },
                            {
                                "keyword": "When ",
                                "name": "I retarget it to media containing escaped characters",
                                "line": 8,
                                "match": {
                                    "location": "graph_target_form_test.go:44"
                                },
                                "result": {
                                    "status": "passed",
                                    "duration": 289872
                                }
                            },
                            {
                                "keyword": "Then ",
                                "name": "its new target has \"relative\" form and resolves to the exact added member",
                                "line": 9,
                                "match": {
                                    "location": "graph_target_form_test.go:59"
                                },
                                "result": {
                                    "status": "failed",
                                    "error_message": "wrong target form {Source:xl/drawings/d.xml ID:rId1 Type:http://schemas.openxmlformats.org/officeDocument/2006/relationships/image Target:/xl/media/new%20\u0026%20%E9%9B%AA.bin External:false ResolvedPart:xl/media/new \u0026 雪.bin}",
                                    "duration": 167492
                                }
                            },
                            {
                                "keyword": "And ",
                                "name": "the old media and all unrelated payloads remain unchanged",
                                "line": 10,
                                "match": {
                                    "location": "graph_target_form_test.go:79"
                                },
                                "result": {
                                    "status": "skipped"
                                }
                            }
                        ]
                    },
                    {
                        "id": "retargeting-preserves-the-package-relative-or-absolute-target-form;retarget-paths-retain-their-original-form;;3",
                        "keyword": "Scenario Outline",
                        "name": "Retarget paths retain their original form",
                        "description": "",
                        "line": 15,
                        "type": "scenario",
                        "tags": [
                            {
                                "name": "@implemented",
                                "line": 1
                            },
                            {
                                "name": "@go",
                                "line": 1
                            },
                            {
                                "name": "@package",
                                "line": 1
                            },
                            {
                                "name": "@TARGETFORM-001",
                                "line": 5
                            }
                        ],
                        "steps": [
                            {
                                "keyword": "Given ",
                                "name": "a graph edge using \"absolute\" target form",
                                "line": 7,
                                "match": {
                                    "location": "graph_target_form_test.go:23"
                                },
                                "result": {
                                    "status": "passed",
                                    "duration": 214968
                                }
                            },
                            {
                                "keyword": "When ",
                                "name": "I retarget it to media containing escaped characters",
                                "line": 8,
                                "match": {
                                    "location": "graph_target_form_test.go:44"
                                },
                                "result": {
                                    "status": "passed",
                                    "duration": 251222
                                }
                            },
                            {
                                "keyword": "Then ",
                                "name": "its new target has \"absolute\" form and resolves to the exact added member",
                                "line": 9,
                                "match": {
                                    "location": "graph_target_form_test.go:59"
                                },
                                "result": {
                                    "status": "passed",
                                    "duration": 135247
                                }
                            },
                            {
                                "keyword": "And ",
                                "name": "the old media and all unrelated payloads remain unchanged",
                                "line": 10,
                                "match": {
                                    "location": "graph_target_form_test.go:79"
                                },
                                "result": {
                                    "status": "passed",
                                    "duration": 62725
                                }
                            }
                        ]
                    }
                ]
            },
            {
                "uri": "../features/implemented/spreadsheet/cache-invalidation.feature",
                "id": "static-dependency-cache-invalidation-without-calculation",
                "keyword": "Feature",
                "name": "Static dependency cache invalidation without calculation",
                "description": "  A supported input edit removes affected cached results and preserves unrelated caches.",
                "line": 2,
                "tags": [
                    {
                        "name": "@implemented",
                        "line": 1
                    },
                    {
                        "name": "@go",
                        "line": 1
                    },
                    {
                        "name": "@spreadsheet",
                        "line": 1
                    }
                ],
                "elements": [
                    {
                        "id": "static-dependency-cache-invalidation-without-calculation;a-cross-sheet-chain-invalidates-transitively",
                        "keyword": "Scenario",
                        "name": "A cross-sheet chain invalidates transitively",
                        "description": "",
                        "line": 6,
                        "type": "scenario",
                        "tags": [
                            {
                                "name": "@implemented",
                                "line": 1
                            },
                            {
                                "name": "@go",
                                "line": 1
                            },
                            {
                                "name": "@spreadsheet",
                                "line": 1
                            },
                            {
                                "name": "@CACHE-001",
                                "line": 5
                            }
                        ],
                        "steps": [
                            {
                                "keyword": "Given ",
                                "name": "a workbook with input one and a static cross-sheet formula chain",
                                "line": 7,
                                "match": {
                                    "location": "cache_invalidation_test.go:109"
                                },
                                "result": {
                                    "status": "passed",
                                    "duration": 483588
                                }
                            },
                            {
                                "keyword": "When ",
                                "name": "I set the input to ten with explicit invalidation",
                                "line": 8,
                                "match": {
                                    "location": "cache_invalidation_test.go:112"
                                },
                                "result": {
                                    "status": "passed",
                                    "duration": 2214139
                                }
                            },
                            {
                                "keyword": "Then ",
                                "name": "direct and transitive cached results are absent or empty",
                                "line": 9,
                                "match": {
                                    "location": "cache_invalidation_test.go:113"
                                },
                                "result": {
                                    "status": "passed",
                                    "duration": 108543
                                }
                            },
                            {
                                "keyword": "And ",
                                "name": "unrelated cached results and all formula text remain unchanged",
                                "line": 10,
                                "match": {
                                    "location": "cache_invalidation_test.go:136"
                                },
                                "result": {
                                    "status": "passed",
                                    "duration": 100556
                                }
                            },
                            {
                                "keyword": "And ",
                                "name": "the workbook requests full recalculation without computing an answer",
                                "line": 11,
                                "match": {
                                    "location": "cache_invalidation_test.go:149"
                                },
                                "result": {
                                    "status": "passed",
                                    "duration": 71471
                                }
                            }
                        ]
                    },
                    {
                        "id": "static-dependency-cache-invalidation-without-calculation;an-unrelated-input-edit-preserves-all-formula-caches",
                        "keyword": "Scenario",
                        "name": "An unrelated input edit preserves all formula caches",
                        "description": "",
                        "line": 14,
                        "type": "scenario",
                        "tags": [
                            {
                                "name": "@implemented",
                                "line": 1
                            },
                            {
                                "name": "@go",
                                "line": 1
                            },
                            {
                                "name": "@spreadsheet",
                                "line": 1
                            },
                            {
                                "name": "@CACHE-002",
                                "line": 13
                            }
                        ],
                        "steps": [
                            {
                                "keyword": "Given ",
                                "name": "a workbook with input one and a static cross-sheet formula chain",
                                "line": 15,
                                "match": {
                                    "location": "cache_invalidation_test.go:109"
                                },
                                "result": {
                                    "status": "passed",
                                    "duration": 513263
                                }
                            },
                            {
                                "keyword": "When ",
                                "name": "I change an unrelated numeric cell with explicit invalidation",
                                "line": 16,
                                "match": {
                                    "location": "cache_invalidation_test.go:171"
                                },
                                "result": {
                                    "status": "passed",
                                    "duration": 2118165
                                }
                            },
                            {
                                "keyword": "Then ",
                                "name": "cache payloads and workbook calculation metadata remain byte-identical",
                                "line": 17,
                                "match": {
                                    "location": "cache_invalidation_test.go:172"
                                },
                                "result": {
                                    "status": "passed",
                                    "duration": 124323
                                }
                            }
                        ]
                    },
                    {
                        "id": "static-dependency-cache-invalidation-without-calculation;unproved-dependent-structures-refuse-the-complete-edit;;2",
                        "keyword": "Scenario Outline",
                        "name": "Unproved dependent structures refuse the complete edit",
                        "description": "",
                        "line": 27,
                        "type": "scenario",
                        "tags": [
                            {
                                "name": "@implemented",
                                "line": 1
                            },
                            {
                                "name": "@go",
                                "line": 1
                            },
                            {
                                "name": "@spreadsheet",
                                "line": 1
                            },
                            {
                                "name": "@CACHE-003",
                                "line": 19
                            }
                        ],
                        "steps": [
                            {
                                "keyword": "Given ",
                                "name": "a formula workbook containing \"dynamic formula\"",
                                "line": 21,
                                "match": {
                                    "location": "cache_invalidation_test.go:110"
                                },
                                "result": {
                                    "status": "passed",
                                    "duration": 382755
                                }
                            },
                            {
                                "keyword": "When ",
                                "name": "I attempt an explicit invalidating input edit",
                                "line": 22,
                                "match": {
                                    "location": "cache_invalidation_test.go:188"
                                },
                                "result": {
                                    "status": "passed",
                                    "duration": 275944
                                }
                            },
                            {
                                "keyword": "Then ",
                                "name": "invalidation returns a typed refusal without any package mutation",
                                "line": 23,
                                "match": {
                                    "location": "cache_invalidation_test.go:196"
                                },
                                "result": {
                                    "status": "passed",
                                    "duration": 1272566
                                }
                            }
                        ]
                    },
                    {
                        "id": "static-dependency-cache-invalidation-without-calculation;unproved-dependent-structures-refuse-the-complete-edit;;3",
                        "keyword": "Scenario Outline",
                        "name": "Unproved dependent structures refuse the complete edit",
                        "description": "",
                        "line": 28,
                        "type": "scenario",
                        "tags": [
                            {
                                "name": "@implemented",
                                "line": 1
                            },
                            {
                                "name": "@go",
                                "line": 1
                            },
                            {
                                "name": "@spreadsheet",
                                "line": 1
                            },
                            {
                                "name": "@CACHE-003",
                                "line": 19
                            }
                        ],
                        "steps": [
                            {
                                "keyword": "Given ",
                                "name": "a formula workbook containing \"shared formula\"",
                                "line": 21,
                                "match": {
                                    "location": "cache_invalidation_test.go:110"
                                },
                                "result": {
                                    "status": "passed",
                                    "duration": 425164
                                }
                            },
                            {
                                "keyword": "When ",
                                "name": "I attempt an explicit invalidating input edit",
                                "line": 22,
                                "match": {
                                    "location": "cache_invalidation_test.go:188"
                                },
                                "result": {
                                    "status": "passed",
                                    "duration": 261196
                                }
                            },
                            {
                                "keyword": "Then ",
                                "name": "invalidation returns a typed refusal without any package mutation",
                                "line": 23,
                                "match": {
                                    "location": "cache_invalidation_test.go:196"
                                },
                                "result": {
                                    "status": "passed",
                                    "duration": 1324162
                                }
                            }
                        ]
                    },
                    {
                        "id": "static-dependency-cache-invalidation-without-calculation;unproved-dependent-structures-refuse-the-complete-edit;;4",
                        "keyword": "Scenario Outline",
                        "name": "Unproved dependent structures refuse the complete edit",
                        "description": "",
                        "line": 29,
                        "type": "scenario",
                        "tags": [
                            {
                                "name": "@implemented",
                                "line": 1
                            },
                            {
                                "name": "@go",
                                "line": 1
                            },
                            {
                                "name": "@spreadsheet",
                                "line": 1
                            },
                            {
                                "name": "@CACHE-003",
                                "line": 19
                            }
                        ],
                        "steps": [
                            {
                                "keyword": "Given ",
                                "name": "a formula workbook containing \"unknown sheet\"",
                                "line": 21,
                                "match": {
                                    "location": "cache_invalidation_test.go:110"
                                },
                                "result": {
                                    "status": "passed",
                                    "duration": 383136
                                }
                            },
                            {
                                "keyword": "When ",
                                "name": "I attempt an explicit invalidating input edit",
                                "line": 22,
                                "match": {
                                    "location": "cache_invalidation_test.go:188"
                                },
                                "result": {
                                    "status": "passed",
                                    "duration": 265889
                                }
                            },
                            {
                                "keyword": "Then ",
                                "name": "invalidation returns a typed refusal without any package mutation",
                                "line": 23,
                                "match": {
                                    "location": "cache_invalidation_test.go:196"
                                },
                                "result": {
                                    "status": "passed",
                                    "duration": 1288731
                                }
                            }
                        ]
                    },
                    {
                        "id": "static-dependency-cache-invalidation-without-calculation;unproved-dependent-structures-refuse-the-complete-edit;;5",
                        "keyword": "Scenario Outline",
                        "name": "Unproved dependent structures refuse the complete edit",
                        "description": "",
                        "line": 30,
                        "type": "scenario",
                        "tags": [
                            {
                                "name": "@implemented",
                                "line": 1
                            },
                            {
                                "name": "@go",
                                "line": 1
                            },
                            {
                                "name": "@spreadsheet",
                                "line": 1
                            },
                            {
                                "name": "@CACHE-003",
                                "line": 19
                            }
                        ],
                        "steps": [
                            {
                                "keyword": "Given ",
                                "name": "a formula workbook containing \"existing calculation chain\"",
                                "line": 21,
                                "match": {
                                    "location": "cache_invalidation_test.go:110"
                                },
                                "result": {
                                    "status": "passed",
                                    "duration": 447344
                                }
                            },
                            {
                                "keyword": "When ",
                                "name": "I attempt an explicit invalidating input edit",
                                "line": 22,
                                "match": {
                                    "location": "cache_invalidation_test.go:188"
                                },
                                "result": {
                                    "status": "passed",
                                    "duration": 159260
                                }
                            },
                            {
                                "keyword": "Then ",
                                "name": "invalidation returns a typed refusal without any package mutation",
                                "line": 23,
                                "match": {
                                    "location": "cache_invalidation_test.go:196"
                                },
                                "result": {
                                    "status": "passed",
                                    "duration": 1339394
                                }
                            }
                        ]
                    },
                    {
                        "id": "static-dependency-cache-invalidation-without-calculation;unproved-dependent-structures-refuse-the-complete-edit;;6",
                        "keyword": "Scenario Outline",
                        "name": "Unproved dependent structures refuse the complete edit",
                        "description": "",
                        "line": 31,
                        "type": "scenario",
                        "tags": [
                            {
                                "name": "@implemented",
                                "line": 1
                            },
                            {
                                "name": "@go",
                                "line": 1
                            },
                            {
                                "name": "@spreadsheet",
                                "line": 1
                            },
                            {
                                "name": "@CACHE-003",
                                "line": 19
                            }
                        ],
                        "steps": [
                            {
                                "keyword": "Given ",
                                "name": "a formula workbook containing \"manual calculation mode\"",
                                "line": 21,
                                "match": {
                                    "location": "cache_invalidation_test.go:110"
                                },
                                "result": {
                                    "status": "passed",
                                    "duration": 387464
                                }
                            },
                            {
                                "keyword": "When ",
                                "name": "I attempt an explicit invalidating input edit",
                                "line": 22,
                                "match": {
                                    "location": "cache_invalidation_test.go:188"
                                },
                                "result": {
                                    "status": "passed",
                                    "duration": 191939
                                }
                            },
                            {
                                "keyword": "Then ",
                                "name": "invalidation returns a typed refusal without any package mutation",
                                "line": 23,
                                "match": {
                                    "location": "cache_invalidation_test.go:196"
                                },
                                "result": {
                                    "status": "passed",
                                    "duration": 1231913
                                }
                            }
                        ]
                    },
                    {
                        "id": "static-dependency-cache-invalidation-without-calculation;unproved-dependent-structures-refuse-the-complete-edit;;7",
                        "keyword": "Scenario Outline",
                        "name": "Unproved dependent structures refuse the complete edit",
                        "description": "",
                        "line": 32,
                        "type": "scenario",
                        "tags": [
                            {
                                "name": "@implemented",
                                "line": 1
                            },
                            {
                                "name": "@go",
                                "line": 1
                            },
                            {
                                "name": "@spreadsheet",
                                "line": 1
                            },
                            {
                                "name": "@CACHE-003",
                                "line": 19
                            }
                        ],
                        "steps": [
                            {
                                "keyword": "Given ",
                                "name": "a formula workbook containing \"locked workbook\"",
                                "line": 21,
                                "match": {
                                    "location": "cache_invalidation_test.go:110"
                                },
                                "result": {
                                    "status": "passed",
                                    "duration": 434935
                                }
                            },
                            {
                                "keyword": "When ",
                                "name": "I attempt an explicit invalidating input edit",
                                "line": 22,
                                "match": {
                                    "location": "cache_invalidation_test.go:188"
                                },
                                "result": {
                                    "status": "passed",
                                    "duration": 172539
                                }
                            },
                            {
                                "keyword": "Then ",
                                "name": "invalidation returns a typed refusal without any package mutation",
                                "line": 23,
                                "match": {
                                    "location": "cache_invalidation_test.go:196"
                                },
                                "result": {
                                    "status": "passed",
                                    "duration": 1234342
                                }
                            }
                        ]
                    },
                    {
                        "id": "static-dependency-cache-invalidation-without-calculation;an-empty-inactive-workbook-protection-marker-permits-invalidation",
                        "keyword": "Scenario",
                        "name": "An empty inactive workbook protection marker permits invalidation",
                        "description": "",
                        "line": 35,
                        "type": "scenario",
                        "tags": [
                            {
                                "name": "@implemented",
                                "line": 1
                            },
                            {
                                "name": "@go",
                                "line": 1
                            },
                            {
                                "name": "@spreadsheet",
                                "line": 1
                            },
                            {
                                "name": "@CACHE-004",
                                "line": 34
                            }
                        ],
                        "steps": [
                            {
                                "keyword": "Given ",
                                "name": "a formula workbook containing \"inactive workbook protection\"",
                                "line": 36,
                                "match": {
                                    "location": "cache_invalidation_test.go:110"
                                },
                                "result": {
                                    "status": "passed",
                                    "duration": 424623
                                }
                            },
                            {
                                "keyword": "When ",
                                "name": "I set the input to ten with explicit invalidation",
                                "line": 37,
                                "match": {
                                    "location": "cache_invalidation_test.go:112"
                                },
                                "result": {
                                    "status": "passed",
                                    "duration": 1711208
                                }
                            },
                            {
                                "keyword": "Then ",
                                "name": "direct and transitive cached results are absent or empty",
                                "line": 38,
                                "match": {
                                    "location": "cache_invalidation_test.go:113"
                                },
                                "result": {
                                    "status": "passed",
                                    "duration": 99983
                                }
                            },
                            {
                                "keyword": "And ",
                                "name": "the workbook requests full recalculation without computing an answer",
                                "line": 39,
                                "match": {
                                    "location": "cache_invalidation_test.go:149"
                                },
                                "result": {
                                    "status": "passed",
                                    "duration": 75581
                                }
                            }
                        ]
                    }
                ]
            },
            {
                "uri": "../features/implemented/spreadsheet/formula-analysis.feature",
                "id": "static-formula-dependency-analysis",
                "keyword": "Feature",
                "name": "Static formula dependency analysis",
                "description": "  Reference analysis distinguishes literal strings from actual A1 references and refuses unknown dependencies.",
                "line": 2,
                "tags": [
                    {
                        "name": "@implemented",
                        "line": 1
                    },
                    {
                        "name": "@go",
                        "line": 1
                    },
                    {
                        "name": "@spreadsheet",
                        "line": 1
                    }
                ],
                "elements": [
                    {
                        "id": "static-formula-dependency-analysis;static-expressions-expose-exact-reference-ranges;;2",
                        "keyword": "Scenario Outline",
                        "name": "Static expressions expose exact reference ranges",
                        "description": "",
                        "line": 13,
                        "type": "scenario",
                        "tags": [
                            {
                                "name": "@implemented",
                                "line": 1
                            },
                            {
                                "name": "@go",
                                "line": 1
                            },
                            {
                                "name": "@spreadsheet",
                                "line": 1
                            },
                            {
                                "name": "@FORMULA-001",
                                "line": 5
                            }
                        ],
                        "steps": [
                            {
                                "keyword": "Given ",
                                "name": "the formula expression \"Input!A1*2\"",
                                "line": 7,
                                "match": {
                                    "location": "formula_analysis_test.go:20"
                                },
                                "result": {
                                    "status": "passed",
                                    "duration": 24583
                                }
                            },
                            {
                                "keyword": "When ",
                                "name": "I analyse its static references",
                                "line": 8,
                                "match": {
                                    "location": "formula_analysis_test.go:29"
                                },
                                "result": {
                                    "status": "passed",
                                    "duration": 22413
                                }
                            },
                            {
                                "keyword": "Then ",
                                "name": "exactly 1 reference ranges are reported",
                                "line": 9,
                                "match": {
                                    "location": "formula_analysis_test.go:30"
                                },
                                "result": {
                                    "status": "passed",
                                    "duration": 23202
                                }
                            }
                        ]
                    },
                    {
                        "id": "static-formula-dependency-analysis;static-expressions-expose-exact-reference-ranges;;3",
                        "keyword": "Scenario Outline",
                        "name": "Static expressions expose exact reference ranges",
                        "description": "",
                        "line": 14,
                        "type": "scenario",
                        "tags": [
                            {
                                "name": "@implemented",
                                "line": 1
                            },
                            {
                                "name": "@go",
                                "line": 1
                            },
                            {
                                "name": "@spreadsheet",
                                "line": 1
                            },
                            {
                                "name": "@FORMULA-001",
                                "line": 5
                            }
                        ],
                        "steps": [
                            {
                                "keyword": "Given ",
                                "name": "the formula expression \"SUM($A$1:B3)+C$4\"",
                                "line": 7,
                                "match": {
                                    "location": "formula_analysis_test.go:20"
                                },
                                "result": {
                                    "status": "passed",
                                    "duration": 33903
                                }
                            },
                            {
                                "keyword": "When ",
                                "name": "I analyse its static references",
                                "line": 8,
                                "match": {
                                    "location": "formula_analysis_test.go:29"
                                },
                                "result": {
                                    "status": "passed",
                                    "duration": 22536
                                }
                            },
                            {
                                "keyword": "Then ",
                                "name": "exactly 2 reference ranges are reported",
                                "line": 9,
                                "match": {
                                    "location": "formula_analysis_test.go:30"
                                },
                                "result": {
                                    "status": "passed",
                                    "duration": 20118
                                }
                            }
                        ]
                    },
                    {
                        "id": "static-formula-dependency-analysis;static-expressions-expose-exact-reference-ranges;;4",
                        "keyword": "Scenario Outline",
                        "name": "Static expressions expose exact reference ranges",
                        "description": "",
                        "line": 15,
                        "type": "scenario",
                        "tags": [
                            {
                                "name": "@implemented",
                                "line": 1
                            },
                            {
                                "name": "@go",
                                "line": 1
                            },
                            {
                                "name": "@spreadsheet",
                                "line": 1
                            },
                            {
                                "name": "@FORMULA-001",
                                "line": 5
                            }
                        ],
                        "steps": [
                            {
                                "keyword": "Given ",
                                "name": "the formula expression \"'Input Data'!$B2+Sheet2!C3\"",
                                "line": 7,
                                "match": {
                                    "location": "formula_analysis_test.go:20"
                                },
                                "result": {
                                    "status": "passed",
                                    "duration": 30317
                                }
                            },
                            {
                                "keyword": "When ",
                                "name": "I analyse its static references",
                                "line": 8,
                                "match": {
                                    "location": "formula_analysis_test.go:29"
                                },
                                "result": {
                                    "status": "passed",
                                    "duration": 20119
                                }
                            },
                            {
                                "keyword": "Then ",
                                "name": "exactly 2 reference ranges are reported",
                                "line": 9,
                                "match": {
                                    "location": "formula_analysis_test.go:30"
                                },
                                "result": {
                                    "status": "passed",
                                    "duration": 20387
                                }
                            }
                        ]
                    },
                    {
                        "id": "static-formula-dependency-analysis;static-expressions-expose-exact-reference-ranges;;5",
                        "keyword": "Scenario Outline",
                        "name": "Static expressions expose exact reference ranges",
                        "description": "",
                        "line": 16,
                        "type": "scenario",
                        "tags": [
                            {
                                "name": "@implemented",
                                "line": 1
                            },
                            {
                                "name": "@go",
                                "line": 1
                            },
                            {
                                "name": "@spreadsheet",
                                "line": 1
                            },
                            {
                                "name": "@FORMULA-001",
                                "line": 5
                            }
                        ],
                        "steps": [
                            {
                                "keyword": "Given ",
                                "name": "the formula expression \"1+2*3\"",
                                "line": 7,
                                "match": {
                                    "location": "formula_analysis_test.go:20"
                                },
                                "result": {
                                    "status": "passed",
                                    "duration": 40135
                                }
                            },
                            {
                                "keyword": "When ",
                                "name": "I analyse its static references",
                                "line": 8,
                                "match": {
                                    "location": "formula_analysis_test.go:29"
                                },
                                "result": {
                                    "status": "passed",
                                    "duration": 32176
                                }
                            },
                            {
                                "keyword": "Then ",
                                "name": "exactly 0 reference ranges are reported",
                                "line": 9,
                                "match": {
                                    "location": "formula_analysis_test.go:30"
                                },
                                "result": {
                                    "status": "passed",
                                    "duration": 40899
                                }
                            }
                        ]
                    },
                    {
                        "id": "static-formula-dependency-analysis;unproved-dynamic-or-extended-syntax-refuses-analysis;;2",
                        "keyword": "Scenario Outline",
                        "name": "Unproved dynamic or extended syntax refuses analysis",
                        "description": "",
                        "line": 26,
                        "type": "scenario",
                        "tags": [
                            {
                                "name": "@implemented",
                                "line": 1
                            },
                            {
                                "name": "@go",
                                "line": 1
                            },
                            {
                                "name": "@spreadsheet",
                                "line": 1
                            },
                            {
                                "name": "@FORMULA-002",
                                "line": 18
                            }
                        ],
                        "steps": [
                            {
                                "keyword": "Given ",
                                "name": "the formula expression \"INDIRECT(A1)\"",
                                "line": 20,
                                "match": {
                                    "location": "formula_analysis_test.go:20"
                                },
                                "result": {
                                    "status": "passed",
                                    "duration": 24472
                                }
                            },
                            {
                                "keyword": "When ",
                                "name": "I analyse its static references",
                                "line": 21,
                                "match": {
                                    "location": "formula_analysis_test.go:29"
                                },
                                "result": {
                                    "status": "passed",
                                    "duration": 23341
                                }
                            },
                            {
                                "keyword": "Then ",
                                "name": "dependency analysis refuses instead of returning a partial answer",
                                "line": 22,
                                "match": {
                                    "location": "formula_analysis_test.go:39"
                                },
                                "result": {
                                    "status": "passed",
                                    "duration": 29430
                                }
                            }
                        ]
                    },
                    {
                        "id": "static-formula-dependency-analysis;unproved-dynamic-or-extended-syntax-refuses-analysis;;3",
                        "keyword": "Scenario Outline",
                        "name": "Unproved dynamic or extended syntax refuses analysis",
                        "description": "",
                        "line": 27,
                        "type": "scenario",
                        "tags": [
                            {
                                "name": "@implemented",
                                "line": 1
                            },
                            {
                                "name": "@go",
                                "line": 1
                            },
                            {
                                "name": "@spreadsheet",
                                "line": 1
                            },
                            {
                                "name": "@FORMULA-002",
                                "line": 18
                            }
                        ],
                        "steps": [
                            {
                                "keyword": "Given ",
                                "name": "the formula expression \"OFFSET(A1,1,1)\"",
                                "line": 20,
                                "match": {
                                    "location": "formula_analysis_test.go:20"
                                },
                                "result": {
                                    "status": "passed",
                                    "duration": 39496
                                }
                            },
                            {
                                "keyword": "When ",
                                "name": "I analyse its static references",
                                "line": 21,
                                "match": {
                                    "location": "formula_analysis_test.go:29"
                                },
                                "result": {
                                    "status": "passed",
                                    "duration": 37374
                                }
                            },
                            {
                                "keyword": "Then ",
                                "name": "dependency analysis refuses instead of returning a partial answer",
                                "line": 22,
                                "match": {
                                    "location": "formula_analysis_test.go:39"
                                },
                                "result": {
                                    "status": "passed",
                                    "duration": 53742
                                }
                            }
                        ]
                    },
                    {
                        "id": "static-formula-dependency-analysis;unproved-dynamic-or-extended-syntax-refuses-analysis;;4",
                        "keyword": "Scenario Outline",
                        "name": "Unproved dynamic or extended syntax refuses analysis",
                        "description": "",
                        "line": 28,
                        "type": "scenario",
                        "tags": [
                            {
                                "name": "@implemented",
                                "line": 1
                            },
                            {
                                "name": "@go",
                                "line": 1
                            },
                            {
                                "name": "@spreadsheet",
                                "line": 1
                            },
                            {
                                "name": "@FORMULA-002",
                                "line": 18
                            }
                        ],
                        "steps": [
                            {
                                "keyword": "Given ",
                                "name": "the formula expression \"Sheet1:Sheet3!A1\"",
                                "line": 20,
                                "match": {
                                    "location": "formula_analysis_test.go:20"
                                },
                                "result": {
                                    "status": "passed",
                                    "duration": 34073
                                }
                            },
                            {
                                "keyword": "When ",
                                "name": "I analyse its static references",
                                "line": 21,
                                "match": {
                                    "location": "formula_analysis_test.go:29"
                                },
                                "result": {
                                    "status": "passed",
                                    "duration": 23607
                                }
                            },
                            {
                                "keyword": "Then ",
                                "name": "dependency analysis refuses instead of returning a partial answer",
                                "line": 22,
                                "match": {
                                    "location": "formula_analysis_test.go:39"
                                },
                                "result": {
                                    "status": "passed",
                                    "duration": 30526
                                }
                            }
                        ]
                    },
                    {
                        "id": "static-formula-dependency-analysis;unproved-dynamic-or-extended-syntax-refuses-analysis;;5",
                        "keyword": "Scenario Outline",
                        "name": "Unproved dynamic or extended syntax refuses analysis",
                        "description": "",
                        "line": 29,
                        "type": "scenario",
                        "tags": [
                            {
                                "name": "@implemented",
                                "line": 1
                            },
                            {
                                "name": "@go",
                                "line": 1
                            },
                            {
                                "name": "@spreadsheet",
                                "line": 1
                            },
                            {
                                "name": "@FORMULA-002",
                                "line": 18
                            }
                        ],
                        "steps": [
                            {
                                "keyword": "Given ",
                                "name": "the formula expression \"Table1[Column]\"",
                                "line": 20,
                                "match": {
                                    "location": "formula_analysis_test.go:20"
                                },
                                "result": {
                                    "status": "passed",
                                    "duration": 41245
                                }
                            },
                            {
                                "keyword": "When ",
                                "name": "I analyse its static references",
                                "line": 21,
                                "match": {
                                    "location": "formula_analysis_test.go:29"
                                },
                                "result": {
                                    "status": "passed",
                                    "duration": 33858
                                }
                            },
                            {
                                "keyword": "Then ",
                                "name": "dependency analysis refuses instead of returning a partial answer",
                                "line": 22,
                                "match": {
                                    "location": "formula_analysis_test.go:39"
                                },
                                "result": {
                                    "status": "passed",
                                    "duration": 61095
                                }
                            }
                        ]
                    },
                    {
                        "id": "static-formula-dependency-analysis;unproved-dynamic-or-extended-syntax-refuses-analysis;;6",
                        "keyword": "Scenario Outline",
                        "name": "Unproved dynamic or extended syntax refuses analysis",
                        "description": "",
                        "line": 30,
                        "type": "scenario",
                        "tags": [
                            {
                                "name": "@implemented",
                                "line": 1
                            },
                            {
                                "name": "@go",
                                "line": 1
                            },
                            {
                                "name": "@spreadsheet",
                                "line": 1
                            },
                            {
                                "name": "@FORMULA-002",
                                "line": 18
                            }
                        ],
                        "steps": [
                            {
                                "keyword": "Given ",
                                "name": "the formula expression \"[Book.xlsx]Sheet1!A1\"",
                                "line": 20,
                                "match": {
                                    "location": "formula_analysis_test.go:20"
                                },
                                "result": {
                                    "status": "passed",
                                    "duration": 36024
                                }
                            },
                            {
                                "keyword": "When ",
                                "name": "I analyse its static references",
                                "line": 21,
                                "match": {
                                    "location": "formula_analysis_test.go:29"
                                },
                                "result": {
                                    "status": "passed",
                                    "duration": 20370
                                }
                            },
                            {
                                "keyword": "Then ",
                                "name": "dependency analysis refuses instead of returning a partial answer",
                                "line": 22,
                                "match": {
                                    "location": "formula_analysis_test.go:39"
                                },
                                "result": {
                                    "status": "passed",
                                    "duration": 30960
                                }
                            }
                        ]
                    },
                    {
                        "id": "static-formula-dependency-analysis;unproved-dynamic-or-extended-syntax-refuses-analysis;;7",
                        "keyword": "Scenario Outline",
                        "name": "Unproved dynamic or extended syntax refuses analysis",
                        "description": "",
                        "line": 31,
                        "type": "scenario",
                        "tags": [
                            {
                                "name": "@implemented",
                                "line": 1
                            },
                            {
                                "name": "@go",
                                "line": 1
                            },
                            {
                                "name": "@spreadsheet",
                                "line": 1
                            },
                            {
                                "name": "@FORMULA-002",
                                "line": 18
                            }
                        ],
                        "steps": [
                            {
                                "keyword": "Given ",
                                "name": "the formula expression \"A1#\"",
                                "line": 20,
                                "match": {
                                    "location": "formula_analysis_test.go:20"
                                },
                                "result": {
                                    "status": "passed",
                                    "duration": 20911
                                }
                            },
                            {
                                "keyword": "When ",
                                "name": "I analyse its static references",
                                "line": 21,
                                "match": {
                                    "location": "formula_analysis_test.go:29"
                                },
                                "result": {
                                    "status": "passed",
                                    "duration": 18500
                                }
                            },
                            {
                                "keyword": "Then ",
                                "name": "dependency analysis refuses instead of returning a partial answer",
                                "line": 22,
                                "match": {
                                    "location": "formula_analysis_test.go:39"
                                },
                                "result": {
                                    "status": "passed",
                                    "duration": 28423
                                }
                            }
                        ]
                    },
                    {
                        "id": "static-formula-dependency-analysis;unproved-dynamic-or-extended-syntax-refuses-analysis;;8",
                        "keyword": "Scenario Outline",
                        "name": "Unproved dynamic or extended syntax refuses analysis",
                        "description": "",
                        "line": 32,
                        "type": "scenario",
                        "tags": [
                            {
                                "name": "@implemented",
                                "line": 1
                            },
                            {
                                "name": "@go",
                                "line": 1
                            },
                            {
                                "name": "@spreadsheet",
                                "line": 1
                            },
                            {
                                "name": "@FORMULA-002",
                                "line": 18
                            }
                        ],
                        "steps": [
                            {
                                "keyword": "Given ",
                                "name": "the formula expression \"A1 B2\"",
                                "line": 20,
                                "match": {
                                    "location": "formula_analysis_test.go:20"
                                },
                                "result": {
                                    "status": "passed",
                                    "duration": 28762
                                }
                            },
                            {
                                "keyword": "When ",
                                "name": "I analyse its static references",
                                "line": 21,
                                "match": {
                                    "location": "formula_analysis_test.go:29"
                                },
                                "result": {
                                    "status": "passed",
                                    "duration": 25279
                                }
                            },
                            {
                                "keyword": "Then ",
                                "name": "dependency analysis refuses instead of returning a partial answer",
                                "line": 22,
                                "match": {
                                    "location": "formula_analysis_test.go:39"
                                },
                                "result": {
                                    "status": "passed",
                                    "duration": 47568
                                }
                            }
                        ]
                    },
                    {
                        "id": "static-formula-dependency-analysis;unproved-dynamic-or-extended-syntax-refuses-analysis;;9",
                        "keyword": "Scenario Outline",
                        "name": "Unproved dynamic or extended syntax refuses analysis",
                        "description": "",
                        "line": 33,
                        "type": "scenario",
                        "tags": [
                            {
                                "name": "@implemented",
                                "line": 1
                            },
                            {
                                "name": "@go",
                                "line": 1
                            },
                            {
                                "name": "@spreadsheet",
                                "line": 1
                            },
                            {
                                "name": "@FORMULA-002",
                                "line": 18
                            }
                        ],
                        "steps": [
                            {
                                "keyword": "Given ",
                                "name": "the formula expression \"A1+\"",
                                "line": 20,
                                "match": {
                                    "location": "formula_analysis_test.go:20"
                                },
                                "result": {
                                    "status": "passed",
                                    "duration": 36001
                                }
                            },
                            {
                                "keyword": "When ",
                                "name": "I analyse its static references",
                                "line": 21,
                                "match": {
                                    "location": "formula_analysis_test.go:29"
                                },
                                "result": {
                                    "status": "passed",
                                    "duration": 35054
                                }
                            },
                            {
                                "keyword": "Then ",
                                "name": "dependency analysis refuses instead of returning a partial answer",
                                "line": 22,
                                "match": {
                                    "location": "formula_analysis_test.go:39"
                                },
                                "result": {
                                    "status": "passed",
                                    "duration": 58364
                                }
                            }
                        ]
                    }
                ]
            },
            {
                "uri": "../features/implemented/spreadsheet/formula-remap.feature",
                "id": "structural-reference-remapping-uses-parsed-formula-tokens",
                "keyword": "Feature",
                "name": "Structural reference remapping uses parsed formula tokens",
                "description": "  Static reference edits preserve quoted literals and unrelated sheet references.",
                "line": 2,
                "tags": [
                    {
                        "name": "@implemented",
                        "line": 1
                    },
                    {
                        "name": "@go",
                        "line": 1
                    },
                    {
                        "name": "@spreadsheet",
                        "line": 1
                    }
                ],
                "elements": [
                    {
                        "id": "structural-reference-remapping-uses-parsed-formula-tokens;row-and-column-insertion-follows-structural-coordinates;;2",
                        "keyword": "Scenario Outline",
                        "name": "Row and column insertion follows structural coordinates",
                        "description": "",
                        "line": 13,
                        "type": "scenario",
                        "tags": [
                            {
                                "name": "@implemented",
                                "line": 1
                            },
                            {
                                "name": "@go",
                                "line": 1
                            },
                            {
                                "name": "@spreadsheet",
                                "line": 1
                            },
                            {
                                "name": "@REMAP-001",
                                "line": 5
                            }
                        ],
                        "steps": [
                            {
                                "keyword": "Given ",
                                "name": "a formula \"$A$1+A2+Other!A2\" located on \"Main\"",
                                "line": 7,
                                "match": {
                                    "location": "formula_remap_test.go:20"
                                },
                                "result": {
                                    "status": "passed",
                                    "duration": 35799
                                }
                            },
                            {
                                "keyword": "When ",
                                "name": "I insert 2 \"row\" before coordinate 2 on \"Main\"",
                                "line": 8,
                                "match": {
                                    "location": "formula_remap_test.go:21"
                                },
                                "result": {
                                    "status": "passed",
                                    "duration": 39364
                                }
                            },
                            {
                                "keyword": "Then ",
                                "name": "the remapped formula is \"$A$1+A4+Other!A2\"",
                                "line": 9,
                                "match": {
                                    "location": "formula_remap_test.go:26"
                                },
                                "result": {
                                    "status": "passed",
                                    "duration": 46999
                                }
                            }
                        ]
                    },
                    {
                        "id": "structural-reference-remapping-uses-parsed-formula-tokens;row-and-column-insertion-follows-structural-coordinates;;3",
                        "keyword": "Scenario Outline",
                        "name": "Row and column insertion follows structural coordinates",
                        "description": "",
                        "line": 14,
                        "type": "scenario",
                        "tags": [
                            {
                                "name": "@implemented",
                                "line": 1
                            },
                            {
                                "name": "@go",
                                "line": 1
                            },
                            {
                                "name": "@spreadsheet",
                                "line": 1
                            },
                            {
                                "name": "@REMAP-001",
                                "line": 5
                            }
                        ],
                        "steps": [
                            {
                                "keyword": "Given ",
                                "name": "a formula \"SUM(Main!A1:B3)\" located on \"Other\"",
                                "line": 7,
                                "match": {
                                    "location": "formula_remap_test.go:20"
                                },
                                "result": {
                                    "status": "passed",
                                    "duration": 86382
                                }
                            },
                            {
                                "keyword": "When ",
                                "name": "I insert 1 \"row\" before coordinate 2 on \"Main\"",
                                "line": 8,
                                "match": {
                                    "location": "formula_remap_test.go:21"
                                },
                                "result": {
                                    "status": "passed",
                                    "duration": 50794
                                }
                            },
                            {
                                "keyword": "Then ",
                                "name": "the remapped formula is \"SUM(Main!A1:B4)\"",
                                "line": 9,
                                "match": {
                                    "location": "formula_remap_test.go:26"
                                },
                                "result": {
                                    "status": "passed",
                                    "duration": 39065
                                }
                            }
                        ]
                    },
                    {
                        "id": "structural-reference-remapping-uses-parsed-formula-tokens;row-and-column-insertion-follows-structural-coordinates;;4",
                        "keyword": "Scenario Outline",
                        "name": "Row and column insertion follows structural coordinates",
                        "description": "",
                        "line": 15,
                        "type": "scenario",
                        "tags": [
                            {
                                "name": "@implemented",
                                "line": 1
                            },
                            {
                                "name": "@go",
                                "line": 1
                            },
                            {
                                "name": "@spreadsheet",
                                "line": 1
                            },
                            {
                                "name": "@REMAP-001",
                                "line": 5
                            }
                        ],
                        "steps": [
                            {
                                "keyword": "Given ",
                                "name": "a formula \"Main!$B2+C$4\" located on \"Main\"",
                                "line": 7,
                                "match": {
                                    "location": "formula_remap_test.go:20"
                                },
                                "result": {
                                    "status": "passed",
                                    "duration": 38454
                                }
                            },
                            {
                                "keyword": "When ",
                                "name": "I insert 2 \"column\" before coordinate 2 on \"Main\"",
                                "line": 8,
                                "match": {
                                    "location": "formula_remap_test.go:21"
                                },
                                "result": {
                                    "status": "passed",
                                    "duration": 34280
                                }
                            },
                            {
                                "keyword": "Then ",
                                "name": "the remapped formula is \"Main!$D2+E$4\"",
                                "line": 9,
                                "match": {
                                    "location": "formula_remap_test.go:26"
                                },
                                "result": {
                                    "status": "passed",
                                    "duration": 21317
                                }
                            }
                        ]
                    },
                    {
                        "id": "structural-reference-remapping-uses-parsed-formula-tokens;row-and-column-insertion-follows-structural-coordinates;;5",
                        "keyword": "Scenario Outline",
                        "name": "Row and column insertion follows structural coordinates",
                        "description": "",
                        "line": 16,
                        "type": "scenario",
                        "tags": [
                            {
                                "name": "@implemented",
                                "line": 1
                            },
                            {
                                "name": "@go",
                                "line": 1
                            },
                            {
                                "name": "@spreadsheet",
                                "line": 1
                            },
                            {
                                "name": "@REMAP-001",
                                "line": 5
                            }
                        ],
                        "steps": [
                            {
                                "keyword": "Given ",
                                "name": "a formula \"'Input Data'!A2+1\" located on \"Main\"",
                                "line": 7,
                                "match": {
                                    "location": "formula_remap_test.go:20"
                                },
                                "result": {
                                    "status": "passed",
                                    "duration": 31726
                                }
                            },
                            {
                                "keyword": "When ",
                                "name": "I insert 3 \"row\" before coordinate 2 on \"Input Data\"",
                                "line": 8,
                                "match": {
                                    "location": "formula_remap_test.go:21"
                                },
                                "result": {
                                    "status": "passed",
                                    "duration": 34381
                                }
                            },
                            {
                                "keyword": "Then ",
                                "name": "the remapped formula is \"'Input Data'!A5+1\"",
                                "line": 9,
                                "match": {
                                    "location": "formula_remap_test.go:26"
                                },
                                "result": {
                                    "status": "passed",
                                    "duration": 22642
                                }
                            }
                        ]
                    },
                    {
                        "id": "structural-reference-remapping-uses-parsed-formula-tokens;a-remap-beyond-the-worksheet-grid-refuses-without-a-partial-formula",
                        "keyword": "Scenario",
                        "name": "A remap beyond the worksheet grid refuses without a partial formula",
                        "description": "",
                        "line": 19,
                        "type": "scenario",
                        "tags": [
                            {
                                "name": "@implemented",
                                "line": 1
                            },
                            {
                                "name": "@go",
                                "line": 1
                            },
                            {
                                "name": "@spreadsheet",
                                "line": 1
                            },
                            {
                                "name": "@REMAP-002",
                                "line": 18
                            }
                        ],
                        "steps": [
                            {
                                "keyword": "Given ",
                                "name": "a formula \"A1048576+B1\" located on \"Main\"",
                                "line": 20,
                                "match": {
                                    "location": "formula_remap_test.go:20"
                                },
                                "result": {
                                    "status": "passed",
                                    "duration": 31524
                                }
                            },
                            {
                                "keyword": "When ",
                                "name": "I attempt a row insertion that shifts it beyond the grid",
                                "line": 21,
                                "match": {
                                    "location": "formula_remap_test.go:32"
                                },
                                "result": {
                                    "status": "passed",
                                    "duration": 32691
                                }
                            },
                            {
                                "keyword": "Then ",
                                "name": "remapping refuses and returns no partial expression",
                                "line": 22,
                                "match": {
                                    "location": "formula_remap_test.go:36"
                                },
                                "result": {
                                    "status": "passed",
                                    "duration": 24281
                                }
                            }
                        ]
                    }
                ]
            },
            {
                "uri": "../features/implemented/package/xml-insert.feature",
                "id": "structured-xml-insertion-preserves-namespace-meaning",
                "keyword": "Feature",
                "name": "Structured XML insertion preserves namespace meaning",
                "description": "  New elements use expanded names and cannot silently inherit the wrong default namespace.",
                "line": 2,
                "tags": [
                    {
                        "name": "@implemented",
                        "line": 1
                    },
                    {
                        "name": "@go",
                        "line": 1
                    },
                    {
                        "name": "@package",
                        "line": 1
                    }
                ],
                "elements": [
                    {
                        "id": "structured-xml-insertion-preserves-namespace-meaning;a-new-child-reuses-the-existing-prefix-for-its-namespace",
                        "keyword": "Scenario",
                        "name": "A new child reuses the existing prefix for its namespace",
                        "description": "",
                        "line": 6,
                        "type": "scenario",
                        "tags": [
                            {
                                "name": "@implemented",
                                "line": 1
                            },
                            {
                                "name": "@go",
                                "line": 1
                            },
                            {
                                "name": "@package",
                                "line": 1
                            },
                            {
                                "name": "@NODE-001",
                                "line": 5
                            }
                        ],
                        "steps": [
                            {
                                "keyword": "Given ",
                                "name": "a prefixed XML parent with opaque surrounding markup",
                                "line": 7,
                                "match": {
                                    "location": "xml_insert_test.go:37"
                                },
                                "result": {
                                    "status": "passed",
                                    "duration": 38125
                                }
                            },
                            {
                                "keyword": "When ",
                                "name": "I append a same-namespace child with a namespaced attribute",
                                "line": 8,
                                "match": {
                                    "location": "xml_insert_test.go:42"
                                },
                                "result": {
                                    "status": "passed",
                                    "duration": 37034
                                }
                            },
                            {
                                "keyword": "Then ",
                                "name": "the new child and attribute have the requested expanded names",
                                "line": 9,
                                "match": {
                                    "location": "xml_insert_test.go:47"
                                },
                                "result": {
                                    "status": "passed",
                                    "duration": 38555
                                }
                            },
                            {
                                "keyword": "And ",
                                "name": "every original byte outside the insertion remains identical",
                                "line": 10,
                                "match": {
                                    "location": "xml_insert_test.go:71"
                                },
                                "result": {
                                    "status": "passed",
                                    "duration": 26537
                                }
                            }
                        ]
                    },
                    {
                        "id": "structured-xml-insertion-preserves-namespace-meaning;an-unqualified-child-resets-an-inherited-default-namespace",
                        "keyword": "Scenario",
                        "name": "An unqualified child resets an inherited default namespace",
                        "description": "",
                        "line": 13,
                        "type": "scenario",
                        "tags": [
                            {
                                "name": "@implemented",
                                "line": 1
                            },
                            {
                                "name": "@go",
                                "line": 1
                            },
                            {
                                "name": "@package",
                                "line": 1
                            },
                            {
                                "name": "@NODE-002",
                                "line": 12
                            }
                        ],
                        "steps": [
                            {
                                "keyword": "Given ",
                                "name": "an XML parent in a default namespace",
                                "line": 14,
                                "match": {
                                    "location": "xml_insert_test.go:40"
                                },
                                "result": {
                                    "status": "passed",
                                    "duration": 31477
                                }
                            },
                            {
                                "keyword": "When ",
                                "name": "I append an explicitly no-namespace child",
                                "line": 15,
                                "match": {
                                    "location": "xml_insert_test.go:79"
                                },
                                "result": {
                                    "status": "passed",
                                    "duration": 28632
                                }
                            },
                            {
                                "keyword": "Then ",
                                "name": "the child has no namespace and the parent keeps its namespace",
                                "line": 16,
                                "match": {
                                    "location": "xml_insert_test.go:84"
                                },
                                "result": {
                                    "status": "passed",
                                    "duration": 30512
                                }
                            }
                        ]
                    },
                    {
                        "id": "structured-xml-insertion-preserves-namespace-meaning;a-self-closing-parent-expands-without-rewriting-its-attributes",
                        "keyword": "Scenario",
                        "name": "A self-closing parent expands without rewriting its attributes",
                        "description": "",
                        "line": 19,
                        "type": "scenario",
                        "tags": [
                            {
                                "name": "@implemented",
                                "line": 1
                            },
                            {
                                "name": "@go",
                                "line": 1
                            },
                            {
                                "name": "@package",
                                "line": 1
                            },
                            {
                                "name": "@NODE-003",
                                "line": 18
                            }
                        ],
                        "steps": [
                            {
                                "keyword": "Given ",
                                "name": "a self-closing prefixed parent with unusual attribute spacing",
                                "line": 20,
                                "match": {
                                    "location": "xml_insert_test.go:41"
                                },
                                "result": {
                                    "status": "passed",
                                    "duration": 60439
                                }
                            },
                            {
                                "keyword": "When ",
                                "name": "I append a same-namespace child with a namespaced attribute",
                                "line": 21,
                                "match": {
                                    "location": "xml_insert_test.go:42"
                                },
                                "result": {
                                    "status": "passed",
                                    "duration": 61571
                                }
                            },
                            {
                                "keyword": "Then ",
                                "name": "the new child and attribute have the requested expanded names",
                                "line": 22,
                                "match": {
                                    "location": "xml_insert_test.go:47"
                                },
                                "result": {
                                    "status": "passed",
                                    "duration": 51289
                                }
                            },
                            {
                                "keyword": "And ",
                                "name": "the parent attributes retain their original lexical bytes",
                                "line": 23,
                                "match": {
                                    "location": "xml_insert_test.go:95"
                                },
                                "result": {
                                    "status": "passed",
                                    "duration": 42373
                                }
                            }
                        ]
                    },
                    {
                        "id": "structured-xml-insertion-preserves-namespace-meaning;an-invalid-insertion-refuses-the-complete-batch",
                        "keyword": "Scenario",
                        "name": "An invalid insertion refuses the complete batch",
                        "description": "",
                        "line": 26,
                        "type": "scenario",
                        "tags": [
                            {
                                "name": "@implemented",
                                "line": 1
                            },
                            {
                                "name": "@go",
                                "line": 1
                            },
                            {
                                "name": "@package",
                                "line": 1
                            },
                            {
                                "name": "@NODE-004",
                                "line": 25
                            }
                        ],
                        "steps": [
                            {
                                "keyword": "Given ",
                                "name": "a prefixed XML parent with opaque surrounding markup",
                                "line": 27,
                                "match": {
                                    "location": "xml_insert_test.go:37"
                                },
                                "result": {
                                    "status": "passed",
                                    "duration": 42753
                                }
                            },
                            {
                                "keyword": "When ",
                                "name": "one insertion attempts to supply a namespace declaration",
                                "line": 28,
                                "match": {
                                    "location": "xml_insert_test.go:101"
                                },
                                "result": {
                                    "status": "passed",
                                    "duration": 30476
                                }
                            },
                            {
                                "keyword": "Then ",
                                "name": "the insertion batch refuses with a reusable unchanged snapshot",
                                "line": 29,
                                "match": {
                                    "location": "xml_insert_test.go:107"
                                },
                                "result": {
                                    "status": "passed",
                                    "duration": 38164
                                }
                            }
                        ]
                    }
                ]
            },
            {
                "uri": "../features/implemented/document/comment-mime-preservation.feature",
                "id": "unrelated-edits-preserve-differing-extended-comment-content-types",
                "keyword": "Feature",
                "name": "Unrelated edits preserve differing extended-comment content types",
                "description": "  Observed source-library disagreement does not authorise silent content-type normalization.",
                "line": 2,
                "tags": [
                    {
                        "name": "@implemented",
                        "line": 1
                    },
                    {
                        "name": "@go",
                        "line": 1
                    },
                    {
                        "name": "@document",
                        "line": 1
                    }
                ],
                "elements": [
                    {
                        "id": "unrelated-edits-preserve-differing-extended-comment-content-types;preserve-the-input-spelling-without-claiming-office-certification;;2",
                        "keyword": "Scenario Outline",
                        "name": "Preserve the input spelling without claiming Office certification",
                        "description": "",
                        "line": 14,
                        "type": "scenario",
                        "tags": [
                            {
                                "name": "@implemented",
                                "line": 1
                            },
                            {
                                "name": "@go",
                                "line": 1
                            },
                            {
                                "name": "@document",
                                "line": 1
                            },
                            {
                                "name": "@MIME-001",
                                "line": 5
                            }
                        ],
                        "steps": [
                            {
                                "keyword": "Given ",
                                "name": "a Word package with extended-comment MIME spelling \"pinned-go\"",
                                "line": 7,
                                "match": {
                                    "location": "comment_mime_test.go:30"
                                },
                                "result": {
                                    "status": "passed",
                                    "duration": 407299
                                }
                            },
                            {
                                "keyword": "When ",
                                "name": "I make an unrelated guarded body text correction",
                                "line": 8,
                                "match": {
                                    "location": "comment_mime_test.go:55"
                                },
                                "result": {
                                    "status": "passed",
                                    "duration": 4443641
                                }
                            },
                            {
                                "keyword": "Then ",
                                "name": "the delivered package retains the exact extended-comment MIME spelling",
                                "line": 9,
                                "match": {
                                    "location": "comment_mime_test.go:75"
                                },
                                "result": {
                                    "status": "passed",
                                    "duration": 204136
                                }
                            },
                            {
                                "keyword": "And ",
                                "name": "extended comments and relationship payloads remain byte-identical",
                                "line": 10,
                                "match": {
                                    "location": "comment_mime_test.go:97"
                                },
                                "result": {
                                    "status": "passed",
                                    "duration": 99065
                                }
                            }
                        ]
                    },
                    {
                        "id": "unrelated-edits-preserve-differing-extended-comment-content-types;preserve-the-input-spelling-without-claiming-office-certification;;3",
                        "keyword": "Scenario Outline",
                        "name": "Preserve the input spelling without claiming Office certification",
                        "description": "",
                        "line": 15,
                        "type": "scenario",
                        "tags": [
                            {
                                "name": "@implemented",
                                "line": 1
                            },
                            {
                                "name": "@go",
                                "line": 1
                            },
                            {
                                "name": "@document",
                                "line": 1
                            },
                            {
                                "name": "@MIME-001",
                                "line": 5
                            }
                        ],
                        "steps": [
                            {
                                "keyword": "Given ",
                                "name": "a Word package with extended-comment MIME spelling \"specified-metadata\"",
                                "line": 7,
                                "match": {
                                    "location": "comment_mime_test.go:30"
                                },
                                "result": {
                                    "status": "passed",
                                    "duration": 398928
                                }
                            },
                            {
                                "keyword": "When ",
                                "name": "I make an unrelated guarded body text correction",
                                "line": 8,
                                "match": {
                                    "location": "comment_mime_test.go:55"
                                },
                                "result": {
                                    "status": "passed",
                                    "duration": 1505241
                                }
                            },
                            {
                                "keyword": "Then ",
                                "name": "the delivered package retains the exact extended-comment MIME spelling",
                                "line": 9,
                                "match": {
                                    "location": "comment_mime_test.go:75"
                                },
                                "result": {
                                    "status": "passed",
                                    "duration": 176390
                                }
                            },
                            {
                                "keyword": "And ",
                                "name": "extended comments and relationship payloads remain byte-identical",
                                "line": 10,
                                "match": {
                                    "location": "comment_mime_test.go:97"
                                },
                                "result": {
                                    "status": "passed",
                                    "duration": 81946
                                }
                            }
                        ]
                    }
                ]
            },
            {
                "uri": "../features/implemented/document/run-boundary.feature",
                "id": "word-insertion-at-run-boundaries",
                "keyword": "Feature",
                "name": "Word insertion at run boundaries",
                "description": "  Insertion needs identical complete direct formatting and a proved shared owner.",
                "line": 2,
                "tags": [
                    {
                        "name": "@implemented",
                        "line": 1
                    },
                    {
                        "name": "@go",
                        "line": 1
                    },
                    {
                        "name": "@document",
                        "line": 1
                    }
                ],
                "elements": [
                    {
                        "id": "word-insertion-at-run-boundaries;identically-formatted-adjacent-runs-allow-a-boundary-insertion",
                        "keyword": "Scenario",
                        "name": "Identically formatted adjacent runs allow a boundary insertion",
                        "description": "",
                        "line": 6,
                        "type": "scenario",
                        "tags": [
                            {
                                "name": "@implemented",
                                "line": 1
                            },
                            {
                                "name": "@go",
                                "line": 1
                            },
                            {
                                "name": "@document",
                                "line": 1
                            },
                            {
                                "name": "@INSERT-001",
                                "line": 5
                            }
                        ],
                        "steps": [
                            {
                                "keyword": "Given ",
                                "name": "adjacent Word runs with identical direct formatting",
                                "line": 7,
                                "match": {
                                    "location": "run_boundary_test.go:55"
                                },
                                "result": {
                                    "status": "passed",
                                    "duration": 264689
                                }
                            },
                            {
                                "keyword": "When ",
                                "name": "I insert a character at their shared text boundary",
                                "line": 8,
                                "match": {
                                    "location": "run_boundary_test.go:57"
                                },
                                "result": {
                                    "status": "passed",
                                    "duration": 133957
                                }
                            },
                            {
                                "keyword": "Then ",
                                "name": "the combined text includes the insertion with unchanged run properties",
                                "line": 9,
                                "match": {
                                    "location": "run_boundary_test.go:58"
                                },
                                "result": {
                                    "status": "passed",
                                    "duration": 166977
                                }
                            }
                        ]
                    },
                    {
                        "id": "word-insertion-at-run-boundaries;differing-or-interrupted-boundary-ownership-refuses;;2",
                        "keyword": "Scenario Outline",
                        "name": "Differing or interrupted boundary ownership refuses",
                        "description": "",
                        "line": 19,
                        "type": "scenario",
                        "tags": [
                            {
                                "name": "@implemented",
                                "line": 1
                            },
                            {
                                "name": "@go",
                                "line": 1
                            },
                            {
                                "name": "@document",
                                "line": 1
                            },
                            {
                                "name": "@INSERT-002",
                                "line": 11
                            }
                        ],
                        "steps": [
                            {
                                "keyword": "Given ",
                                "name": "adjacent Word runs with \"different direct formatting\"",
                                "line": 13,
                                "match": {
                                    "location": "run_boundary_test.go:56"
                                },
                                "result": {
                                    "status": "passed",
                                    "duration": 533813
                                }
                            },
                            {
                                "keyword": "When ",
                                "name": "I attempt an insertion at their shared text boundary",
                                "line": 14,
                                "match": {
                                    "location": "run_boundary_test.go:68"
                                },
                                "result": {
                                    "status": "passed",
                                    "duration": 36719
                                }
                            },
                            {
                                "keyword": "Then ",
                                "name": "the insertion refuses and retains the original archive",
                                "line": 15,
                                "match": {
                                    "location": "run_boundary_test.go:69"
                                },
                                "result": {
                                    "status": "passed",
                                    "duration": 1476725
                                }
                            }
                        ]
                    },
                    {
                        "id": "word-insertion-at-run-boundaries;differing-or-interrupted-boundary-ownership-refuses;;3",
                        "keyword": "Scenario Outline",
                        "name": "Differing or interrupted boundary ownership refuses",
                        "description": "",
                        "line": 20,
                        "type": "scenario",
                        "tags": [
                            {
                                "name": "@implemented",
                                "line": 1
                            },
                            {
                                "name": "@go",
                                "line": 1
                            },
                            {
                                "name": "@document",
                                "line": 1
                            },
                            {
                                "name": "@INSERT-002",
                                "line": 11
                            }
                        ],
                        "steps": [
                            {
                                "keyword": "Given ",
                                "name": "adjacent Word runs with \"an intervening bookmark\"",
                                "line": 13,
                                "match": {
                                    "location": "run_boundary_test.go:56"
                                },
                                "result": {
                                    "status": "passed",
                                    "duration": 647632
                                }
                            },
                            {
                                "keyword": "When ",
                                "name": "I attempt an insertion at their shared text boundary",
                                "line": 14,
                                "match": {
                                    "location": "run_boundary_test.go:68"
                                },
                                "result": {
                                    "status": "passed",
                                    "duration": 114561
                                }
                            },
                            {
                                "keyword": "Then ",
                                "name": "the insertion refuses and retains the original archive",
                                "line": 15,
                                "match": {
                                    "location": "run_boundary_test.go:69"
                                },
                                "result": {
                                    "status": "passed",
                                    "duration": 1418593
                                }
                            }
                        ]
                    },
                    {
                        "id": "word-insertion-at-run-boundaries;differing-or-interrupted-boundary-ownership-refuses;;4",
                        "keyword": "Scenario Outline",
                        "name": "Differing or interrupted boundary ownership refuses",
                        "description": "",
                        "line": 21,
                        "type": "scenario",
                        "tags": [
                            {
                                "name": "@implemented",
                                "line": 1
                            },
                            {
                                "name": "@go",
                                "line": 1
                            },
                            {
                                "name": "@document",
                                "line": 1
                            },
                            {
                                "name": "@INSERT-002",
                                "line": 11
                            }
                        ],
                        "steps": [
                            {
                                "keyword": "Given ",
                                "name": "adjacent Word runs with \"different run attributes\"",
                                "line": 13,
                                "match": {
                                    "location": "run_boundary_test.go:56"
                                },
                                "result": {
                                    "status": "passed",
                                    "duration": 287455
                                }
                            },
                            {
                                "keyword": "When ",
                                "name": "I attempt an insertion at their shared text boundary",
                                "line": 14,
                                "match": {
                                    "location": "run_boundary_test.go:68"
                                },
                                "result": {
                                    "status": "passed",
                                    "duration": 36429
                                }
                            },
                            {
                                "keyword": "Then ",
                                "name": "the insertion refuses and retains the original archive",
                                "line": 15,
                                "match": {
                                    "location": "run_boundary_test.go:69"
                                },
                                "result": {
                                    "status": "passed",
                                    "duration": 1401577
                                }
                            }
                        ]
                    }
                ]
            },
            {
                "uri": "../features/implemented/document/search-boundaries.feature",
                "id": "word-normalised-and-paragraph-boundary-edge-cases",
                "keyword": "Feature",
                "name": "Word normalised and paragraph-boundary edge cases",
                "description": "  Failed folded candidates cannot hide later whole-character matches.",
                "line": 2,
                "tags": [
                    {
                        "name": "@implemented",
                        "line": 1
                    },
                    {
                        "name": "@go",
                        "line": 1
                    },
                    {
                        "name": "@document",
                        "line": 1
                    }
                ],
                "elements": [
                    {
                        "id": "word-normalised-and-paragraph-boundary-edge-cases;a-partial-folded-candidate-does-not-consume-a-later-valid-character-match",
                        "keyword": "Scenario",
                        "name": "A partial folded candidate does not consume a later valid character match",
                        "description": "",
                        "line": 6,
                        "type": "scenario",
                        "tags": [
                            {
                                "name": "@implemented",
                                "line": 1
                            },
                            {
                                "name": "@go",
                                "line": 1
                            },
                            {
                                "name": "@document",
                                "line": 1
                            },
                            {
                                "name": "@EDGE-001",
                                "line": 5
                            }
                        ],
                        "steps": [
                            {
                                "keyword": "Given ",
                                "name": "a Word paragraph containing \"sß\"",
                                "line": 7,
                                "match": {
                                    "location": "search_policy_test.go:41"
                                },
                                "result": {
                                    "status": "passed",
                                    "duration": 496389
                                }
                            },
                            {
                                "keyword": "When ",
                                "name": "I search with normalisation for \"ss\"",
                                "line": 8,
                                "match": {
                                    "location": "search_policy_test.go:43"
                                },
                                "result": {
                                    "status": "passed",
                                    "duration": 35893
                                }
                            },
                            {
                                "keyword": "Then ",
                                "name": "the search evidence is exactly \"ß\"",
                                "line": 9,
                                "match": {
                                    "location": "search_policy_test.go:48"
                                },
                                "result": {
                                    "status": "passed",
                                    "duration": 17435
                                }
                            }
                        ]
                    },
                    {
                        "id": "word-normalised-and-paragraph-boundary-edge-cases;a-span-ending-in-a-paragraph-separator-remains-inspection-only",
                        "keyword": "Scenario",
                        "name": "A span ending in a paragraph separator remains inspection-only",
                        "description": "",
                        "line": 12,
                        "type": "scenario",
                        "tags": [
                            {
                                "name": "@implemented",
                                "line": 1
                            },
                            {
                                "name": "@go",
                                "line": 1
                            },
                            {
                                "name": "@document",
                                "line": 1
                            },
                            {
                                "name": "@EDGE-002",
                                "line": 11
                            }
                        ],
                        "steps": [
                            {
                                "keyword": "Given ",
                                "name": "two scoped Word paragraphs containing \"first\" and \"second\"",
                                "line": 13,
                                "match": {
                                    "location": "search_scope_test.go:69"
                                },
                                "result": {
                                    "status": "passed",
                                    "duration": 276970
                                }
                            },
                            {
                                "keyword": "When ",
                                "name": "I search for text ending at the paragraph separator",
                                "line": 14,
                                "match": {
                                    "location": "search_scope_test.go:77"
                                },
                                "result": {
                                    "status": "passed",
                                    "duration": 41199
                                }
                            },
                            {
                                "keyword": "Then ",
                                "name": "attempting to edit that cross-paragraph match refuses",
                                "line": 15,
                                "match": {
                                    "location": "search_scope_test.go:84"
                                },
                                "result": {
                                    "status": "passed",
                                    "duration": 1364545
                                }
                            }
                        ]
                    }
                ]
            },
            {
                "uri": "../features/implemented/document/replace-all.feature",
                "id": "word-replace-all-reports-independent-refusals",
                "keyword": "Feature",
                "name": "Word replace-all reports independent refusals",
                "description": "  Supported matches commit together while unsupported matches remain unchanged and reported.",
                "line": 2,
                "tags": [
                    {
                        "name": "@implemented",
                        "line": 1
                    },
                    {
                        "name": "@go",
                        "line": 1
                    },
                    {
                        "name": "@document",
                        "line": 1
                    }
                ],
                "elements": [
                    {
                        "id": "word-replace-all-reports-independent-refusals;a-wrapper-refusal-does-not-discard-independent-supported-matches",
                        "keyword": "Scenario",
                        "name": "A wrapper refusal does not discard independent supported matches",
                        "description": "",
                        "line": 6,
                        "type": "scenario",
                        "tags": [
                            {
                                "name": "@implemented",
                                "line": 1
                            },
                            {
                                "name": "@go",
                                "line": 1
                            },
                            {
                                "name": "@document",
                                "line": 1
                            },
                            {
                                "name": "@ALL-001",
                                "line": 5
                            }
                        ],
                        "steps": [
                            {
                                "keyword": "Given ",
                                "name": "two plain Word matches and one hyperlink-owned match",
                                "line": 7,
                                "match": {
                                    "location": "replace_all_test.go:56"
                                },
                                "result": {
                                    "status": "passed",
                                    "duration": 968733
                                }
                            },
                            {
                                "keyword": "When ",
                                "name": "I replace all occurrences of \"red\" with \"blue\"",
                                "line": 8,
                                "match": {
                                    "location": "replace_all_test.go:57"
                                },
                                "result": {
                                    "status": "passed",
                                    "duration": 277147
                                }
                            },
                            {
                                "keyword": "Then ",
                                "name": "two matches change and one unsupported match is reported",
                                "line": 9,
                                "match": {
                                    "location": "replace_all_test.go:62"
                                },
                                "result": {
                                    "status": "passed",
                                    "duration": 27325
                                }
                            },
                            {
                                "keyword": "And ",
                                "name": "the hyperlink-owned text remains unchanged",
                                "line": 10,
                                "match": {
                                    "location": "replace_all_test.go:68"
                                },
                                "result": {
                                    "status": "passed",
                                    "duration": 58959
                                }
                            }
                        ]
                    },
                    {
                        "id": "word-replace-all-reports-independent-refusals;replace-all-skips-matches-already-equal-to-the-replacement",
                        "keyword": "Scenario",
                        "name": "Replace-all skips matches already equal to the replacement",
                        "description": "",
                        "line": 13,
                        "type": "scenario",
                        "tags": [
                            {
                                "name": "@implemented",
                                "line": 1
                            },
                            {
                                "name": "@go",
                                "line": 1
                            },
                            {
                                "name": "@document",
                                "line": 1
                            },
                            {
                                "name": "@ALL-002",
                                "line": 12
                            }
                        ],
                        "steps": [
                            {
                                "keyword": "Given ",
                                "name": "two plain Word matches and one hyperlink-owned match",
                                "line": 14,
                                "match": {
                                    "location": "replace_all_test.go:56"
                                },
                                "result": {
                                    "status": "passed",
                                    "duration": 244455
                                }
                            },
                            {
                                "keyword": "When ",
                                "name": "I replace all occurrences of \"red\" with \"red\"",
                                "line": 15,
                                "match": {
                                    "location": "replace_all_test.go:57"
                                },
                                "result": {
                                    "status": "passed",
                                    "duration": 40462
                                }
                            },
                            {
                                "keyword": "Then ",
                                "name": "all three matches are skipped without refusals or mutation",
                                "line": 16,
                                "match": {
                                    "location": "replace_all_test.go:78"
                                },
                                "result": {
                                    "status": "passed",
                                    "duration": 1300693
                                }
                            }
                        ]
                    },
                    {
                        "id": "word-replace-all-reports-independent-refusals;invalid-xml-replacement-cannot-commit-any-selected-match",
                        "keyword": "Scenario",
                        "name": "Invalid XML replacement cannot commit any selected match",
                        "description": "",
                        "line": 19,
                        "type": "scenario",
                        "tags": [
                            {
                                "name": "@implemented",
                                "line": 1
                            },
                            {
                                "name": "@go",
                                "line": 1
                            },
                            {
                                "name": "@document",
                                "line": 1
                            },
                            {
                                "name": "@ALL-003",
                                "line": 18
                            }
                        ],
                        "steps": [
                            {
                                "keyword": "Given ",
                                "name": "two plain Word matches and one hyperlink-owned match",
                                "line": 20,
                                "match": {
                                    "location": "replace_all_test.go:56"
                                },
                                "result": {
                                    "status": "passed",
                                    "duration": 273147
                                }
                            },
                            {
                                "keyword": "When ",
                                "name": "I replace all occurrences with an XML-illegal value",
                                "line": 21,
                                "match": {
                                    "location": "replace_all_test.go:84"
                                },
                                "result": {
                                    "status": "passed",
                                    "duration": 144022
                                }
                            },
                            {
                                "keyword": "Then ",
                                "name": "no match changes and the original package bytes remain exact",
                                "line": 22,
                                "match": {
                                    "location": "replace_all_test.go:85"
                                },
                                "result": {
                                    "status": "passed",
                                    "duration": 1413441
                                }
                            }
                        ]
                    }
                ]
            },
            {
                "uri": "../features/implemented/document/search-scope.feature",
                "id": "word-search-story-and-view-scope",
                "keyword": "Feature",
                "name": "Word search story and view scope",
                "description": "  Paragraph boundaries are explicit characters and historical evidence cannot authorise current edits.",
                "line": 2,
                "tags": [
                    {
                        "name": "@implemented",
                        "line": 1
                    },
                    {
                        "name": "@go",
                        "line": 1
                    },
                    {
                        "name": "@document",
                        "line": 1
                    }
                ],
                "elements": [
                    {
                        "id": "word-search-story-and-view-scope;search-sees-exactly-one-newline-between-paragraphs",
                        "keyword": "Scenario",
                        "name": "Search sees exactly one newline between paragraphs",
                        "description": "",
                        "line": 6,
                        "type": "scenario",
                        "tags": [
                            {
                                "name": "@implemented",
                                "line": 1
                            },
                            {
                                "name": "@go",
                                "line": 1
                            },
                            {
                                "name": "@document",
                                "line": 1
                            },
                            {
                                "name": "@SCOPE-001",
                                "line": 5
                            }
                        ],
                        "steps": [
                            {
                                "keyword": "Given ",
                                "name": "two scoped Word paragraphs containing \"first\" and \"second\"",
                                "line": 7,
                                "match": {
                                    "location": "search_scope_test.go:69"
                                },
                                "result": {
                                    "status": "passed",
                                    "duration": 263301
                                }
                            },
                            {
                                "keyword": "When ",
                                "name": "I search for their text with an explicit paragraph separator",
                                "line": 8,
                                "match": {
                                    "location": "search_scope_test.go:72"
                                },
                                "result": {
                                    "status": "passed",
                                    "duration": 42454
                                }
                            },
                            {
                                "keyword": "Then ",
                                "name": "one cross-paragraph match reports the exact combined text",
                                "line": 9,
                                "match": {
                                    "location": "search_scope_test.go:78"
                                },
                                "result": {
                                    "status": "passed",
                                    "duration": 25040
                                }
                            },
                            {
                                "keyword": "And ",
                                "name": "attempting to edit that cross-paragraph match refuses",
                                "line": 10,
                                "match": {
                                    "location": "search_scope_test.go:84"
                                },
                                "result": {
                                    "status": "passed",
                                    "duration": 1331716
                                }
                            }
                        ]
                    },
                    {
                        "id": "word-search-story-and-view-scope;historical-view-matches-are-read-only",
                        "keyword": "Scenario",
                        "name": "Historical-view matches are read-only",
                        "description": "",
                        "line": 13,
                        "type": "scenario",
                        "tags": [
                            {
                                "name": "@implemented",
                                "line": 1
                            },
                            {
                                "name": "@go",
                                "line": 1
                            },
                            {
                                "name": "@document",
                                "line": 1
                            },
                            {
                                "name": "@SCOPE-002",
                                "line": 12
                            }
                        ],
                        "steps": [
                            {
                                "keyword": "Given ",
                                "name": "scoped Word text with a tracked deletion",
                                "line": 14,
                                "match": {
                                    "location": "search_scope_test.go:85"
                                },
                                "result": {
                                    "status": "passed",
                                    "duration": 327328
                                }
                            },
                            {
                                "keyword": "When ",
                                "name": "I search original-view text for \"removed\"",
                                "line": 15,
                                "match": {
                                    "location": "search_scope_test.go:88"
                                },
                                "result": {
                                    "status": "passed",
                                    "duration": 39491
                                }
                            },
                            {
                                "keyword": "Then ",
                                "name": "the historical match reports \"removed\"",
                                "line": 16,
                                "match": {
                                    "location": "search_scope_test.go:93"
                                },
                                "result": {
                                    "status": "passed",
                                    "duration": 18229
                                }
                            },
                            {
                                "keyword": "And ",
                                "name": "editing the historical match refuses without mutation",
                                "line": 17,
                                "match": {
                                    "location": "search_scope_test.go:99"
                                },
                                "result": {
                                    "status": "passed",
                                    "duration": 1294808
                                }
                            }
                        ]
                    },
                    {
                        "id": "word-search-story-and-view-scope;an-explicit-related-story-does-not-search-the-body-instead",
                        "keyword": "Scenario",
                        "name": "An explicit related story does not search the body instead",
                        "description": "",
                        "line": 20,
                        "type": "scenario",
                        "tags": [
                            {
                                "name": "@implemented",
                                "line": 1
                            },
                            {
                                "name": "@go",
                                "line": 1
                            },
                            {
                                "name": "@document",
                                "line": 1
                            },
                            {
                                "name": "@SCOPE-003",
                                "line": 19
                            }
                        ],
                        "steps": [
                            {
                                "keyword": "Given ",
                                "name": "scoped Word body and header text both equal to \"repeat\"",
                                "line": 21,
                                "match": {
                                    "location": "search_scope_test.go:100"
                                },
                                "result": {
                                    "status": "passed",
                                    "duration": 1148870
                                }
                            },
                            {
                                "keyword": "When ",
                                "name": "I search only the header story for \"repeat\"",
                                "line": 22,
                                "match": {
                                    "location": "search_scope_test.go:101"
                                },
                                "result": {
                                    "status": "passed",
                                    "duration": 95583
                                }
                            },
                            {
                                "keyword": "Then ",
                                "name": "exactly one match identifies the header story",
                                "line": 23,
                                "match": {
                                    "location": "search_scope_test.go:106"
                                },
                                "result": {
                                    "status": "passed",
                                    "duration": 22916
                                }
                            }
                        ]
                    }
                ]
            },
            {
                "uri": "../features/implemented/document/span-replace.feature",
                "id": "word-span-replacement-with-exact-affix-alignment",
                "keyword": "Feature",
                "name": "Word span replacement with exact affix alignment",
                "description": "  A replacement changes one proved interval and leaves surrounding run markup intact.",
                "line": 2,
                "tags": [
                    {
                        "name": "@implemented",
                        "line": 1
                    },
                    {
                        "name": "@go",
                        "line": 1
                    },
                    {
                        "name": "@document",
                        "line": 1
                    }
                ],
                "elements": [
                    {
                        "id": "word-span-replacement-with-exact-affix-alignment;replacement-keeps-unchanged-fragments-in-their-source-runs;;2",
                        "keyword": "Scenario Outline",
                        "name": "Replacement keeps unchanged fragments in their source runs",
                        "description": "",
                        "line": 14,
                        "type": "scenario",
                        "tags": [
                            {
                                "name": "@implemented",
                                "line": 1
                            },
                            {
                                "name": "@go",
                                "line": 1
                            },
                            {
                                "name": "@document",
                                "line": 1
                            },
                            {
                                "name": "@REPLACE-001",
                                "line": 5
                            }
                        ],
                        "steps": [
                            {
                                "keyword": "Given ",
                                "name": "editable Word runs \"pre Al\" and \"pha post\"",
                                "line": 7,
                                "match": {
                                    "location": "span_replace_test.go:82"
                                },
                                "result": {
                                    "status": "passed",
                                    "duration": 261167
                                }
                            },
                            {
                                "keyword": "When ",
                                "name": "I replace the exact span \"Alpha\" with \"Omega\"",
                                "line": 8,
                                "match": {
                                    "location": "span_replace_test.go:84"
                                },
                                "result": {
                                    "status": "passed",
                                    "duration": 2433601
                                }
                            },
                            {
                                "keyword": "Then ",
                                "name": "the resulting run texts are \"pre Omeg\" and \"a post\"",
                                "line": 9,
                                "match": {
                                    "location": "span_replace_test.go:104"
                                },
                                "result": {
                                    "status": "passed",
                                    "duration": 39066
                                }
                            },
                            {
                                "keyword": "And ",
                                "name": "all run properties and surrounding XML are byte-preserved",
                                "line": 10,
                                "match": {
                                    "location": "span_replace_test.go:105"
                                },
                                "result": {
                                    "status": "passed",
                                    "duration": 30432
                                }
                            }
                        ]
                    },
                    {
                        "id": "word-span-replacement-with-exact-affix-alignment;replacement-keeps-unchanged-fragments-in-their-source-runs;;3",
                        "keyword": "Scenario Outline",
                        "name": "Replacement keeps unchanged fragments in their source runs",
                        "description": "",
                        "line": 15,
                        "type": "scenario",
                        "tags": [
                            {
                                "name": "@implemented",
                                "line": 1
                            },
                            {
                                "name": "@go",
                                "line": 1
                            },
                            {
                                "name": "@document",
                                "line": 1
                            },
                            {
                                "name": "@REPLACE-001",
                                "line": 5
                            }
                        ],
                        "steps": [
                            {
                                "keyword": "Given ",
                                "name": "editable Word runs \"Al\" and \"pha\"",
                                "line": 7,
                                "match": {
                                    "location": "span_replace_test.go:82"
                                },
                                "result": {
                                    "status": "passed",
                                    "duration": 306880
                                }
                            },
                            {
                                "keyword": "When ",
                                "name": "I replace the exact span \"Alpha\" with \"Beta\"",
                                "line": 8,
                                "match": {
                                    "location": "span_replace_test.go:84"
                                },
                                "result": {
                                    "status": "passed",
                                    "duration": 2089173
                                }
                            },
                            {
                                "keyword": "Then ",
                                "name": "the resulting run texts are \"Bet\" and \"a\"",
                                "line": 9,
                                "match": {
                                    "location": "span_replace_test.go:104"
                                },
                                "result": {
                                    "status": "passed",
                                    "duration": 65259
                                }
                            },
                            {
                                "keyword": "And ",
                                "name": "all run properties and surrounding XML are byte-preserved",
                                "line": 10,
                                "match": {
                                    "location": "span_replace_test.go:105"
                                },
                                "result": {
                                    "status": "passed",
                                    "duration": 48978
                                }
                            }
                        ]
                    },
                    {
                        "id": "word-span-replacement-with-exact-affix-alignment;replacement-keeps-unchanged-fragments-in-their-source-runs;;4",
                        "keyword": "Scenario Outline",
                        "name": "Replacement keeps unchanged fragments in their source runs",
                        "description": "",
                        "line": 16,
                        "type": "scenario",
                        "tags": [
                            {
                                "name": "@implemented",
                                "line": 1
                            },
                            {
                                "name": "@go",
                                "line": 1
                            },
                            {
                                "name": "@document",
                                "line": 1
                            },
                            {
                                "name": "@REPLACE-001",
                                "line": 5
                            }
                        ],
                        "steps": [
                            {
                                "keyword": "Given ",
                                "name": "editable Word runs \"fee😀\" and \"caféEnd\"",
                                "line": 7,
                                "match": {
                                    "location": "span_replace_test.go:82"
                                },
                                "result": {
                                    "status": "passed",
                                    "duration": 426602
                                }
                            },
                            {
                                "keyword": "When ",
                                "name": "I replace the exact span \"😀café\" with \"tea\"",
                                "line": 8,
                                "match": {
                                    "location": "span_replace_test.go:84"
                                },
                                "result": {
                                    "status": "passed",
                                    "duration": 1916504
                                }
                            },
                            {
                                "keyword": "Then ",
                                "name": "the resulting run texts are \"feetea\" and \"End\"",
                                "line": 9,
                                "match": {
                                    "location": "span_replace_test.go:104"
                                },
                                "result": {
                                    "status": "passed",
                                    "duration": 36117
                                }
                            },
                            {
                                "keyword": "And ",
                                "name": "all run properties and surrounding XML are byte-preserved",
                                "line": 10,
                                "match": {
                                    "location": "span_replace_test.go:105"
                                },
                                "result": {
                                    "status": "passed",
                                    "duration": 29553
                                }
                            }
                        ]
                    },
                    {
                        "id": "word-span-replacement-with-exact-affix-alignment;repeated-affix-ambiguity-refuses-without-consuming-the-target",
                        "keyword": "Scenario",
                        "name": "Repeated affix ambiguity refuses without consuming the target",
                        "description": "",
                        "line": 19,
                        "type": "scenario",
                        "tags": [
                            {
                                "name": "@implemented",
                                "line": 1
                            },
                            {
                                "name": "@go",
                                "line": 1
                            },
                            {
                                "name": "@document",
                                "line": 1
                            },
                            {
                                "name": "@REPLACE-002",
                                "line": 18
                            }
                        ],
                        "steps": [
                            {
                                "keyword": "Given ",
                                "name": "editable Word runs \"Term\" and \"Term\"",
                                "line": 20,
                                "match": {
                                    "location": "span_replace_test.go:82"
                                },
                                "result": {
                                    "status": "passed",
                                    "duration": 966203
                                }
                            },
                            {
                                "keyword": "When ",
                                "name": "I attempt to replace \"TermTerm\" with \"Term\"",
                                "line": 21,
                                "match": {
                                    "location": "span_replace_test.go:112"
                                },
                                "result": {
                                    "status": "passed",
                                    "duration": 53980
                                }
                            },
                            {
                                "keyword": "Then ",
                                "name": "ambiguous alignment refuses with the original archive intact",
                                "line": 22,
                                "match": {
                                    "location": "span_replace_test.go:121"
                                },
                                "result": {
                                    "status": "passed",
                                    "duration": 1336945
                                }
                            },
                            {
                                "keyword": "And ",
                                "name": "the same span remains reusable for a different replacement",
                                "line": 23,
                                "match": {
                                    "location": "span_replace_test.go:123"
                                },
                                "result": {
                                    "status": "passed",
                                    "duration": 132718
                                }
                            }
                        ]
                    },
                    {
                        "id": "word-span-replacement-with-exact-affix-alignment;a-visible-span-across-a-hyperlink-boundary-cannot-authorise-an-edit",
                        "keyword": "Scenario",
                        "name": "A visible span across a hyperlink boundary cannot authorise an edit",
                        "description": "",
                        "line": 26,
                        "type": "scenario",
                        "tags": [
                            {
                                "name": "@implemented",
                                "line": 1
                            },
                            {
                                "name": "@go",
                                "line": 1
                            },
                            {
                                "name": "@document",
                                "line": 1
                            },
                            {
                                "name": "@REPLACE-003",
                                "line": 25
                            }
                        ],
                        "steps": [
                            {
                                "keyword": "Given ",
                                "name": "text split across a plain run and a hyperlink wrapper",
                                "line": 27,
                                "match": {
                                    "location": "span_replace_test.go:83"
                                },
                                "result": {
                                    "status": "passed",
                                    "duration": 245819
                                }
                            },
                            {
                                "keyword": "When ",
                                "name": "I attempt to replace \"Alpha\" with \"Omega\"",
                                "line": 28,
                                "match": {
                                    "location": "span_replace_test.go:112"
                                },
                                "result": {
                                    "status": "passed",
                                    "duration": 77035
                                }
                            },
                            {
                                "keyword": "Then ",
                                "name": "wrapper-crossing replacement refuses with the original archive intact",
                                "line": 29,
                                "match": {
                                    "location": "span_replace_test.go:122"
                                },
                                "result": {
                                    "status": "passed",
                                    "duration": 1747503
                                }
                            }
                        ]
                    }
                ]
            },
            {
                "uri": "../features/implemented/document/whitespace.feature",
                "id": "word-whitespace-preservation-on-successful-edits",
                "keyword": "Feature",
                "name": "Word whitespace preservation on successful edits",
                "description": "  Changed text receives explicit XML space preservation without altering unrelated attributes.",
                "line": 2,
                "tags": [
                    {
                        "name": "@implemented",
                        "line": 1
                    },
                    {
                        "name": "@go",
                        "line": 1
                    },
                    {
                        "name": "@document",
                        "line": 1
                    }
                ],
                "elements": [
                    {
                        "id": "word-whitespace-preservation-on-successful-edits;a-single-replacement-adds-the-required-preservation-attribute",
                        "keyword": "Scenario",
                        "name": "A single replacement adds the required preservation attribute",
                        "description": "",
                        "line": 6,
                        "type": "scenario",
                        "tags": [
                            {
                                "name": "@implemented",
                                "line": 1
                            },
                            {
                                "name": "@go",
                                "line": 1
                            },
                            {
                                "name": "@document",
                                "line": 1
                            },
                            {
                                "name": "@SPACE-001",
                                "line": 5
                            }
                        ],
                        "steps": [
                            {
                                "keyword": "Given ",
                                "name": "a Word text leaf without XML space preservation",
                                "line": 7,
                                "match": {
                                    "location": "whitespace_test.go:83"
                                },
                                "result": {
                                    "status": "passed",
                                    "duration": 253835
                                }
                            },
                            {
                                "keyword": "When ",
                                "name": "I replace its text with leading and trailing spaces",
                                "line": 8,
                                "match": {
                                    "location": "whitespace_test.go:85"
                                },
                                "result": {
                                    "status": "passed",
                                    "duration": 1704854
                                }
                            },
                            {
                                "keyword": "Then ",
                                "name": "the changed leaf has XML space preserve and exact new text",
                                "line": 9,
                                "match": {
                                    "location": "whitespace_test.go:95"
                                },
                                "result": {
                                    "status": "passed",
                                    "duration": 43432
                                }
                            },
                            {
                                "keyword": "And ",
                                "name": "its unrelated attribute bytes remain unchanged",
                                "line": 10,
                                "match": {
                                    "location": "whitespace_test.go:96"
                                },
                                "result": {
                                    "status": "passed",
                                    "duration": 34457
                                }
                            }
                        ]
                    },
                    {
                        "id": "word-whitespace-preservation-on-successful-edits;a-selected-batch-adds-one-preservation-attribute-to-a-shared-leaf",
                        "keyword": "Scenario",
                        "name": "A selected batch adds one preservation attribute to a shared leaf",
                        "description": "",
                        "line": 13,
                        "type": "scenario",
                        "tags": [
                            {
                                "name": "@implemented",
                                "line": 1
                            },
                            {
                                "name": "@go",
                                "line": 1
                            },
                            {
                                "name": "@document",
                                "line": 1
                            },
                            {
                                "name": "@SPACE-002",
                                "line": 12
                            }
                        ],
                        "steps": [
                            {
                                "keyword": "Given ",
                                "name": "two Word matches in a leaf without XML space preservation",
                                "line": 14,
                                "match": {
                                    "location": "whitespace_test.go:84"
                                },
                                "result": {
                                    "status": "passed",
                                    "duration": 240544
                                }
                            },
                            {
                                "keyword": "When ",
                                "name": "a selected batch adds significant spaces to both matches",
                                "line": 15,
                                "match": {
                                    "location": "whitespace_test.go:102"
                                },
                                "result": {
                                    "status": "passed",
                                    "duration": 1683821
                                }
                            },
                            {
                                "keyword": "Then ",
                                "name": "the saved leaf has one XML space preserve attribute",
                                "line": 16,
                                "match": {
                                    "location": "whitespace_test.go:116"
                                },
                                "result": {
                                    "status": "passed",
                                    "duration": 36261
                                }
                            },
                            {
                                "keyword": "And ",
                                "name": "both replacements retain their significant spaces",
                                "line": 17,
                                "match": {
                                    "location": "whitespace_test.go:122"
                                },
                                "result": {
                                    "status": "passed",
                                    "duration": 31498
                                }
                            }
                        ]
                    }
                ]
            },
            {
                "uri": "../features/implemented/package/xml-normalization.feature",
                "id": "xml-line-endings-and-attribute-values-retain-original-edit-offsets",
                "keyword": "Feature",
                "name": "XML line endings and attribute values retain original edit offsets",
                "description": "  Decoded values follow XML normalization without reserializing untouched source bytes.",
                "line": 2,
                "tags": [
                    {
                        "name": "@implemented",
                        "line": 1
                    },
                    {
                        "name": "@go",
                        "line": 1
                    },
                    {
                        "name": "@package",
                        "line": 1
                    }
                ],
                "elements": [
                    {
                        "id": "xml-line-endings-and-attribute-values-retain-original-edit-offsets;literal-line-endings-normalize-but-no-op-and-edits-use-original-offsets",
                        "keyword": "Scenario",
                        "name": "Literal line endings normalize but no-op and edits use original offsets",
                        "description": "",
                        "line": 6,
                        "type": "scenario",
                        "tags": [
                            {
                                "name": "@implemented",
                                "line": 1
                            },
                            {
                                "name": "@go",
                                "line": 1
                            },
                            {
                                "name": "@package",
                                "line": 1
                            },
                            {
                                "name": "@NORM-001",
                                "line": 5
                            }
                        ],
                        "steps": [
                            {
                                "keyword": "Given ",
                                "name": "XML text containing mixed CRLF and CR line endings",
                                "line": 7,
                                "match": {
                                    "location": "xml_normalization_test.go:33"
                                },
                                "result": {
                                    "status": "passed",
                                    "duration": 42589
                                }
                            },
                            {
                                "keyword": "When ",
                                "name": "I inspect its decoded character data",
                                "line": 8,
                                "match": {
                                    "location": "xml_normalization_test.go:42"
                                },
                                "result": {
                                    "status": "passed",
                                    "duration": 19734
                                }
                            },
                            {
                                "keyword": "Then ",
                                "name": "literal line endings are LF while numeric CR remains CR",
                                "line": 9,
                                "match": {
                                    "location": "xml_normalization_test.go:50"
                                },
                                "result": {
                                    "status": "passed",
                                    "duration": 27113
                                }
                            },
                            {
                                "keyword": "And ",
                                "name": "a decoded-text no-op preserves the original bytes",
                                "line": 10,
                                "match": {
                                    "location": "xml_normalization_test.go:56"
                                },
                                "result": {
                                    "status": "passed",
                                    "duration": 24854
                                }
                            },
                            {
                                "keyword": "And ",
                                "name": "a changed text leaf preserves surrounding original line endings",
                                "line": 11,
                                "match": {
                                    "location": "xml_normalization_test.go:66"
                                },
                                "result": {
                                    "status": "passed",
                                    "duration": 31660
                                }
                            }
                        ]
                    },
                    {
                        "id": "xml-line-endings-and-attribute-values-retain-original-edit-offsets;literal-attribute-whitespace-differs-from-numeric-character-references",
                        "keyword": "Scenario",
                        "name": "Literal attribute whitespace differs from numeric character references",
                        "description": "",
                        "line": 14,
                        "type": "scenario",
                        "tags": [
                            {
                                "name": "@implemented",
                                "line": 1
                            },
                            {
                                "name": "@go",
                                "line": 1
                            },
                            {
                                "name": "@package",
                                "line": 1
                            },
                            {
                                "name": "@NORM-002",
                                "line": 13
                            }
                        ],
                        "steps": [
                            {
                                "keyword": "Given ",
                                "name": "an XML attribute with literal whitespace and numeric whitespace references",
                                "line": 15,
                                "match": {
                                    "location": "xml_normalization_test.go:77"
                                },
                                "result": {
                                    "status": "passed",
                                    "duration": 44587
                                }
                            },
                            {
                                "keyword": "When ",
                                "name": "I inspect its decoded attribute value",
                                "line": 16,
                                "match": {
                                    "location": "xml_normalization_test.go:86"
                                },
                                "result": {
                                    "status": "passed",
                                    "duration": 18259
                                }
                            },
                            {
                                "keyword": "Then ",
                                "name": "literal attribute whitespace is spaces and numeric references retain their characters",
                                "line": 17,
                                "match": {
                                    "location": "xml_normalization_test.go:87"
                                },
                                "result": {
                                    "status": "passed",
                                    "duration": 26525
                                }
                            },
                            {
                                "keyword": "And ",
                                "name": "a decoded-attribute no-op preserves its original lexical bytes",
                                "line": 18,
                                "match": {
                                    "location": "xml_normalization_test.go:93"
                                },
                                "result": {
                                    "status": "passed",
                                    "duration": 32673
                                }
                            }
                        ]
                    },
                    {
                        "id": "xml-line-endings-and-attribute-values-retain-original-edit-offsets;changed-attribute-whitespace-round-trips-without-losing-numeric-characters",
                        "keyword": "Scenario",
                        "name": "Changed attribute whitespace round-trips without losing numeric characters",
                        "description": "",
                        "line": 21,
                        "type": "scenario",
                        "tags": [
                            {
                                "name": "@implemented",
                                "line": 1
                            },
                            {
                                "name": "@go",
                                "line": 1
                            },
                            {
                                "name": "@package",
                                "line": 1
                            },
                            {
                                "name": "@NORM-003",
                                "line": 20
                            }
                        ],
                        "steps": [
                            {
                                "keyword": "Given ",
                                "name": "an XML attribute with literal whitespace and numeric whitespace references",
                                "line": 22,
                                "match": {
                                    "location": "xml_normalization_test.go:77"
                                },
                                "result": {
                                    "status": "passed",
                                    "duration": 51365
                                }
                            },
                            {
                                "keyword": "When ",
                                "name": "I replace the attribute with tab CR and LF characters",
                                "line": 23,
                                "match": {
                                    "location": "xml_normalization_test.go:103"
                                },
                                "result": {
                                    "status": "passed",
                                    "duration": 32448
                                }
                            },
                            {
                                "keyword": "Then ",
                                "name": "the changed attribute decodes to the requested characters",
                                "line": 24,
                                "match": {
                                    "location": "xml_normalization_test.go:109"
                                },
                                "result": {
                                    "status": "passed",
                                    "duration": 27651
                                }
                            },
                            {
                                "keyword": "And ",
                                "name": "unrelated attributes and start-tag spacing remain byte-identical",
                                "line": 25,
                                "match": {
                                    "location": "xml_normalization_test.go:123"
                                },
                                "result": {
                                    "status": "passed",
                                    "duration": 24836
                                }
                            }
                        ]
                    }
                ]
            }
        ]
    acceptance_test.go:165: {File:../features/implemented/package/graph-target-form.feature ID:@TARGETFORM-001 Line:14} step "its new target has \"relative\" form and resolves to the exact added member": failed
FAIL
FAIL	github.com/rcarmo/go-ooxml/acceptance	0.689s
FAIL
