ok  	github.com/rcarmo/go-ooxml/internal/testutil	(cached)
--- FAIL: TestZIP64IntakeBatch (0.00s)
    --- FAIL: TestZIP64IntakeBatch/deflate=false/descriptor= (0.00s)
        zip64_test.go:36: open: invalid_package ([Content_Types].xml): local ZIP64 sizes require unsupported verification
    --- FAIL: TestZIP64IntakeBatch/deflate=false/descriptor=signed (0.00s)
        zip64_test.go:36: open: invalid_package ([Content_Types].xml): missing, inconsistent or ambiguous data descriptor
    --- FAIL: TestZIP64IntakeBatch/deflate=false/descriptor=unsigned (0.00s)
        zip64_test.go:36: open: invalid_package ([Content_Types].xml): missing, inconsistent or ambiguous data descriptor
    --- FAIL: TestZIP64IntakeBatch/deflate=true/descriptor= (0.00s)
        zip64_test.go:36: open: invalid_package ([Content_Types].xml): local ZIP64 sizes require unsupported verification
    --- FAIL: TestZIP64IntakeBatch/deflate=true/descriptor=signed (0.00s)
        zip64_test.go:36: open: invalid_package ([Content_Types].xml): missing, inconsistent or ambiguous data descriptor
    --- FAIL: TestZIP64IntakeBatch/deflate=true/descriptor=unsigned (0.00s)
        zip64_test.go:36: open: invalid_package ([Content_Types].xml): missing, inconsistent or ambiguous data descriptor
--- FAIL: TestZIP64TerminalGeometryBatch (0.00s)
    --- FAIL: TestZIP64TerminalGeometryBatch/gap_before_ZIP64_end (0.00s)
        zip64_test.go:109: gap before ZIP64 end: <nil>
    --- FAIL: TestZIP64TerminalGeometryBatch/gap_before_locator (0.00s)
        zip64_test.go:109: gap before locator: <nil>
    --- FAIL: TestZIP64TerminalGeometryBatch/bad_record_length (0.00s)
        zip64_test.go:109: bad record length: <nil>
FAIL
FAIL	github.com/rcarmo/go-ooxml/pkg/packaging	0.095s
FAIL
--- FAIL: TestAcceptance (0.74s)
    acceptance_test.go:163: Godog failed (1): [
            {
                "uri": "../features/implemented/package/io-safety.feature",
                "id": "archive-intake-and-failure-safe-package-delivery",
                "keyword": "Feature",
                "name": "Archive intake and failure-safe package delivery",
                "description": "  Ambiguous archive names and failed writes must not produce a successful edit.",
                "line": 2,
                "tags": [
                    {
                        "name": "@implemented",
                        "line": 1
                    },
                    {
                        "name": "@go",
                        "line": 1
                    },
                    {
                        "name": "@package",
                        "line": 1
                    }
                ],
                "elements": [
                    {
                        "id": "archive-intake-and-failure-safe-package-delivery;unsafe-archive-names-refuse-before-package-parsing;;2",
                        "keyword": "Scenario Outline",
                        "name": "Unsafe archive names refuse before package parsing",
                        "description": "",
                        "line": 13,
                        "type": "scenario",
                        "tags": [
                            {
                                "name": "@implemented",
                                "line": 1
                            },
                            {
                                "name": "@go",
                                "line": 1
                            },
                            {
                                "name": "@package",
                                "line": 1
                            },
                            {
                                "name": "@IO-001",
                                "line": 5
                            }
                        ],
                        "steps": [
                            {
                                "keyword": "Given ",
                                "name": "a synthetic archive with \"duplicate\" member names",
                                "line": 7,
                                "match": {
                                    "location": "io_test.go:131"
                                },
                                "result": {
                                    "status": "passed",
                                    "duration": 299934
                                }
                            },
                            {
                                "keyword": "When ",
                                "name": "I attempt to open the synthetic archive",
                                "line": 8,
                                "match": {
                                    "location": "io_test.go:180"
                                },
                                "result": {
                                    "status": "passed",
                                    "duration": 33489
                                }
                            },
                            {
                                "keyword": "Then ",
                                "name": "archive intake fails without changing the source bytes",
                                "line": 9,
                                "match": {
                                    "location": "io_test.go:181"
                                },
                                "result": {
                                    "status": "passed",
                                    "duration": 25982
                                }
                            }
                        ]
                    },
                    {
                        "id": "archive-intake-and-failure-safe-package-delivery;unsafe-archive-names-refuse-before-package-parsing;;3",
                        "keyword": "Scenario Outline",
                        "name": "Unsafe archive names refuse before package parsing",
                        "description": "",
                        "line": 14,
                        "type": "scenario",
                        "tags": [
                            {
                                "name": "@implemented",
                                "line": 1
                            },
                            {
                                "name": "@go",
                                "line": 1
                            },
                            {
                                "name": "@package",
                                "line": 1
                            },
                            {
                                "name": "@IO-001",
                                "line": 5
                            }
                        ],
                        "steps": [
                            {
                                "keyword": "Given ",
                                "name": "a synthetic archive with \"collision\" member names",
                                "line": 7,
                                "match": {
                                    "location": "io_test.go:131"
                                },
                                "result": {
                                    "status": "passed",
                                    "duration": 132922
                                }
                            },
                            {
                                "keyword": "When ",
                                "name": "I attempt to open the synthetic archive",
                                "line": 8,
                                "match": {
                                    "location": "io_test.go:180"
                                },
                                "result": {
                                    "status": "passed",
                                    "duration": 32094
                                }
                            },
                            {
                                "keyword": "Then ",
                                "name": "archive intake fails without changing the source bytes",
                                "line": 9,
                                "match": {
                                    "location": "io_test.go:181"
                                },
                                "result": {
                                    "status": "passed",
                                    "duration": 28112
                                }
                            }
                        ]
                    },
                    {
                        "id": "archive-intake-and-failure-safe-package-delivery;unsafe-archive-names-refuse-before-package-parsing;;4",
                        "keyword": "Scenario Outline",
                        "name": "Unsafe archive names refuse before package parsing",
                        "description": "",
                        "line": 15,
                        "type": "scenario",
                        "tags": [
                            {
                                "name": "@implemented",
                                "line": 1
                            },
                            {
                                "name": "@go",
                                "line": 1
                            },
                            {
                                "name": "@package",
                                "line": 1
                            },
                            {
                                "name": "@IO-001",
                                "line": 5
                            }
                        ],
                        "steps": [
                            {
                                "keyword": "Given ",
                                "name": "a synthetic archive with \"traversal\" member names",
                                "line": 7,
                                "match": {
                                    "location": "io_test.go:131"
                                },
                                "result": {
                                    "status": "passed",
                                    "duration": 130629
                                }
                            },
                            {
                                "keyword": "When ",
                                "name": "I attempt to open the synthetic archive",
                                "line": 8,
                                "match": {
                                    "location": "io_test.go:180"
                                },
                                "result": {
                                    "status": "passed",
                                    "duration": 29867
                                }
                            },
                            {
                                "keyword": "Then ",
                                "name": "archive intake fails without changing the source bytes",
                                "line": 9,
                                "match": {
                                    "location": "io_test.go:181"
                                },
                                "result": {
                                    "status": "passed",
                                    "duration": 27405
                                }
                            }
                        ]
                    },
                    {
                        "id": "archive-intake-and-failure-safe-package-delivery;unsafe-archive-names-refuse-before-package-parsing;;5",
                        "keyword": "Scenario Outline",
                        "name": "Unsafe archive names refuse before package parsing",
                        "description": "",
                        "line": 16,
                        "type": "scenario",
                        "tags": [
                            {
                                "name": "@implemented",
                                "line": 1
                            },
                            {
                                "name": "@go",
                                "line": 1
                            },
                            {
                                "name": "@package",
                                "line": 1
                            },
                            {
                                "name": "@IO-001",
                                "line": 5
                            }
                        ],
                        "steps": [
                            {
                                "keyword": "Given ",
                                "name": "a synthetic archive with \"absolute\" member names",
                                "line": 7,
                                "match": {
                                    "location": "io_test.go:131"
                                },
                                "result": {
                                    "status": "passed",
                                    "duration": 703203
                                }
                            },
                            {
                                "keyword": "When ",
                                "name": "I attempt to open the synthetic archive",
                                "line": 8,
                                "match": {
                                    "location": "io_test.go:180"
                                },
                                "result": {
                                    "status": "passed",
                                    "duration": 60210
                                }
                            },
                            {
                                "keyword": "Then ",
                                "name": "archive intake fails without changing the source bytes",
                                "line": 9,
                                "match": {
                                    "location": "io_test.go:181"
                                },
                                "result": {
                                    "status": "passed",
                                    "duration": 52921
                                }
                            }
                        ]
                    },
                    {
                        "id": "archive-intake-and-failure-safe-package-delivery;unsafe-archive-names-refuse-before-package-parsing;;6",
                        "keyword": "Scenario Outline",
                        "name": "Unsafe archive names refuse before package parsing",
                        "description": "",
                        "line": 17,
                        "type": "scenario",
                        "tags": [
                            {
                                "name": "@implemented",
                                "line": 1
                            },
                            {
                                "name": "@go",
                                "line": 1
                            },
                            {
                                "name": "@package",
                                "line": 1
                            },
                            {
                                "name": "@IO-001",
                                "line": 5
                            }
                        ],
                        "steps": [
                            {
                                "keyword": "Given ",
                                "name": "a synthetic archive with \"backslash\" member names",
                                "line": 7,
                                "match": {
                                    "location": "io_test.go:131"
                                },
                                "result": {
                                    "status": "passed",
                                    "duration": 86702
                                }
                            },
                            {
                                "keyword": "When ",
                                "name": "I attempt to open the synthetic archive",
                                "line": 8,
                                "match": {
                                    "location": "io_test.go:180"
                                },
                                "result": {
                                    "status": "passed",
                                    "duration": 29329
                                }
                            },
                            {
                                "keyword": "Then ",
                                "name": "archive intake fails without changing the source bytes",
                                "line": 9,
                                "match": {
                                    "location": "io_test.go:181"
                                },
                                "result": {
                                    "status": "passed",
                                    "duration": 27499
                                }
                            }
                        ]
                    },
                    {
                        "id": "archive-intake-and-failure-safe-package-delivery;stream-finalisation-failure-is-returned-to-the-caller",
                        "keyword": "Scenario",
                        "name": "Stream finalisation failure is returned to the caller",
                        "description": "",
                        "line": 20,
                        "type": "scenario",
                        "tags": [
                            {
                                "name": "@implemented",
                                "line": 1
                            },
                            {
                                "name": "@go",
                                "line": 1
                            },
                            {
                                "name": "@package",
                                "line": 1
                            },
                            {
                                "name": "@IO-002",
                                "line": 19
                            }
                        ],
                        "steps": [
                            {
                                "keyword": "Given ",
                                "name": "a small new Office package",
                                "line": 21,
                                "match": {
                                    "location": "io_test.go:182"
                                },
                                "result": {
                                    "status": "passed",
                                    "duration": 25716
                                }
                            },
                            {
                                "keyword": "When ",
                                "name": "I write it to a stream that fails during finalisation",
                                "line": 22,
                                "match": {
                                    "location": "io_test.go:183"
                                },
                                "result": {
                                    "status": "passed",
                                    "duration": 93197
                                }
                            },
                            {
                                "keyword": "Then ",
                                "name": "the write reports the injected failure",
                                "line": 23,
                                "match": {
                                    "location": "io_test.go:184"
                                },
                                "result": {
                                    "status": "passed",
                                    "duration": 25324
                                }
                            }
                        ]
                    },
                    {
                        "id": "archive-intake-and-failure-safe-package-delivery;a-serialisation-failure-preserves-an-existing-destination",
                        "keyword": "Scenario",
                        "name": "A serialisation failure preserves an existing destination",
                        "description": "",
                        "line": 26,
                        "type": "scenario",
                        "tags": [
                            {
                                "name": "@implemented",
                                "line": 1
                            },
                            {
                                "name": "@go",
                                "line": 1
                            },
                            {
                                "name": "@package",
                                "line": 1
                            },
                            {
                                "name": "@IO-003",
                                "line": 25
                            }
                        ],
                        "steps": [
                            {
                                "keyword": "Given ",
                                "name": "an existing destination and an unserialisable package",
                                "line": 27,
                                "match": {
                                    "location": "io_test.go:190"
                                },
                                "result": {
                                    "status": "passed",
                                    "duration": 120409
                                }
                            },
                            {
                                "keyword": "When ",
                                "name": "I attempt to save over the destination",
                                "line": 28,
                                "match": {
                                    "location": "io_test.go:191"
                                },
                                "result": {
                                    "status": "passed",
                                    "duration": 59276
                                }
                            },
                            {
                                "keyword": "Then ",
                                "name": "saving fails and the destination and package state remain unchanged",
                                "line": 29,
                                "match": {
                                    "location": "io_test.go:192"
                                },
                                "result": {
                                    "status": "passed",
                                    "duration": 36652
                                }
                            },
                            {
                                "keyword": "And ",
                                "name": "no temporary files remain in the destination directory",
                                "line": 30,
                                "match": {
                                    "location": "io_test.go:193"
                                },
                                "result": {
                                    "status": "passed",
                                    "duration": 64318
                                }
                            }
                        ]
                    }
                ]
            },
            {
                "uri": "../features/implemented/document/span-batch.feature",
                "id": "atomic-selected-word-span-batches",
                "keyword": "Feature",
                "name": "Atomic selected Word span batches",
                "description": "  A batch commits every selected replacement together or leaves all targets unchanged.",
                "line": 2,
                "tags": [
                    {
                        "name": "@implemented",
                        "line": 1
                    },
                    {
                        "name": "@go",
                        "line": 1
                    },
                    {
                        "name": "@document",
                        "line": 1
                    }
                ],
                "elements": [
                    {
                        "id": "atomic-selected-word-span-batches;several-matches-in-one-leaf-are-replaced-in-one-transaction",
                        "keyword": "Scenario",
                        "name": "Several matches in one leaf are replaced in one transaction",
                        "description": "",
                        "line": 6,
                        "type": "scenario",
                        "tags": [
                            {
                                "name": "@implemented",
                                "line": 1
                            },
                            {
                                "name": "@go",
                                "line": 1
                            },
                            {
                                "name": "@document",
                                "line": 1
                            },
                            {
                                "name": "@BATCH-001",
                                "line": 5
                            }
                        ],
                        "steps": [
                            {
                                "keyword": "Given ",
                                "name": "selected Word spans for three occurrences of \"red\"",
                                "line": 7,
                                "match": {
                                    "location": "span_batch_test.go:69"
                                },
                                "result": {
                                    "status": "passed",
                                    "duration": 403879
                                }
                            },
                            {
                                "keyword": "When ",
                                "name": "I replace all selected spans with \"blue\"",
                                "line": 8,
                                "match": {
                                    "location": "span_batch_test.go:71"
                                },
                                "result": {
                                    "status": "passed",
                                    "duration": 353964
                                }
                            },
                            {
                                "keyword": "Then ",
                                "name": "the paragraph reads \"blue blue blue\"",
                                "line": 9,
                                "match": {
                                    "location": "span_batch_test.go:72"
                                },
                                "result": {
                                    "status": "passed",
                                    "duration": 128423
                                }
                            },
                            {
                                "keyword": "And ",
                                "name": "every changed selected target is consumed",
                                "line": 10,
                                "match": {
                                    "location": "span_batch_test.go:82"
                                },
                                "result": {
                                    "status": "passed",
                                    "duration": 25489
                                }
                            }
                        ]
                    },
                    {
                        "id": "atomic-selected-word-span-batches;an-unsupported-later-target-rolls-back-earlier-selected-edits",
                        "keyword": "Scenario",
                        "name": "An unsupported later target rolls back earlier selected edits",
                        "description": "",
                        "line": 13,
                        "type": "scenario",
                        "tags": [
                            {
                                "name": "@implemented",
                                "line": 1
                            },
                            {
                                "name": "@go",
                                "line": 1
                            },
                            {
                                "name": "@document",
                                "line": 1
                            },
                            {
                                "name": "@BATCH-002",
                                "line": 12
                            }
                        ],
                        "steps": [
                            {
                                "keyword": "Given ",
                                "name": "selected Word spans with a later hyperlink-owned occurrence",
                                "line": 14,
                                "match": {
                                    "location": "span_batch_test.go:70"
                                },
                                "result": {
                                    "status": "passed",
                                    "duration": 481719
                                }
                            },
                            {
                                "keyword": "When ",
                                "name": "I attempt a selected batch replacement with \"blue\"",
                                "line": 15,
                                "match": {
                                    "location": "span_batch_test.go:92"
                                },
                                "result": {
                                    "status": "passed",
                                    "duration": 156855
                                }
                            },
                            {
                                "keyword": "Then ",
                                "name": "the selected batch refuses without changing the source archive",
                                "line": 16,
                                "match": {
                                    "location": "span_batch_test.go:93"
                                },
                                "result": {
                                    "status": "passed",
                                    "duration": 1556159
                                }
                            },
                            {
                                "keyword": "And ",
                                "name": "the first ordinary target remains reusable",
                                "line": 17,
                                "match": {
                                    "location": "span_batch_test.go:107"
                                },
                                "result": {
                                    "status": "passed",
                                    "duration": 116304
                                }
                            }
                        ]
                    },
                    {
                        "id": "atomic-selected-word-span-batches;a-stale-selected-target-aborts-the-whole-batch",
                        "keyword": "Scenario",
                        "name": "A stale selected target aborts the whole batch",
                        "description": "",
                        "line": 20,
                        "type": "scenario",
                        "tags": [
                            {
                                "name": "@implemented",
                                "line": 1
                            },
                            {
                                "name": "@go",
                                "line": 1
                            },
                            {
                                "name": "@document",
                                "line": 1
                            },
                            {
                                "name": "@BATCH-003",
                                "line": 19
                            }
                        ],
                        "steps": [
                            {
                                "keyword": "Given ",
                                "name": "selected Word spans for three occurrences of \"red\"",
                                "line": 21,
                                "match": {
                                    "location": "span_batch_test.go:69"
                                },
                                "result": {
                                    "status": "passed",
                                    "duration": 297342
                                }
                            },
                            {
                                "keyword": "And ",
                                "name": "the first occurrence has already been changed",
                                "line": 22,
                                "match": {
                                    "location": "span_batch_test.go:108"
                                },
                                "result": {
                                    "status": "passed",
                                    "duration": 1297954
                                }
                            },
                            {
                                "keyword": "When ",
                                "name": "I attempt a selected batch replacement with \"blue\"",
                                "line": 23,
                                "match": {
                                    "location": "span_batch_test.go:92"
                                },
                                "result": {
                                    "status": "passed",
                                    "duration": 47763
                                }
                            },
                            {
                                "keyword": "Then ",
                                "name": "the stale batch leaves the previously committed edit unchanged",
                                "line": 24,
                                "match": {
                                    "location": "span_batch_test.go:116"
                                },
                                "result": {
                                    "status": "passed",
                                    "duration": 1185925
                                }
                            }
                        ]
                    }
                ]
            },
            {
                "uri": "../features/implemented/package/zip64.feature",
                "id": "bounded-zip64-declarations-agree-with-physical-archive-ranges",
                "keyword": "Feature",
                "name": "Bounded ZIP64 declarations agree with physical archive ranges",
                "description": "  Tiny fixtures exercise ZIP64 without allocating multi-gigabyte payloads.",
                "line": 2,
                "tags": [
                    {
                        "name": "@implemented",
                        "line": 1
                    },
                    {
                        "name": "@go",
                        "line": 1
                    },
                    {
                        "name": "@package",
                        "line": 1
                    }
                ],
                "elements": [
                    {
                        "id": "bounded-zip64-declarations-agree-with-physical-archive-ranges;verified-local-zip64-payloads-survive-no-op-delivery;;2",
                        "keyword": "Scenario Outline",
                        "name": "Verified local ZIP64 payloads survive no-op delivery",
                        "description": "",
                        "line": 13,
                        "type": "scenario",
                        "tags": [
                            {
                                "name": "@implemented",
                                "line": 1
                            },
                            {
                                "name": "@go",
                                "line": 1
                            },
                            {
                                "name": "@package",
                                "line": 1
                            },
                            {
                                "name": "@ZSIX-001",
                                "line": 5
                            }
                        ],
                        "steps": [
                            {
                                "keyword": "Given ",
                                "name": "a tiny ZIP64 package using \"stored local sizes\"",
                                "line": 7,
                                "match": {
                                    "location": "zip64_test.go:26"
                                },
                                "result": {
                                    "status": "passed",
                                    "duration": 55328
                                }
                            },
                            {
                                "keyword": "When ",
                                "name": "I open and round-trip its retained payloads",
                                "line": 8,
                                "match": {
                                    "location": "zip64_test.go:45"
                                },
                                "result": {
                                    "status": "failed",
                                    "error_message": "open: invalid_package ([Content_Types].xml): local ZIP64 sizes require unsupported verification",
                                    "duration": 52201
                                }
                            },
                            {
                                "keyword": "Then ",
                                "name": "all ZIP64 source bytes and the empty member are preserved",
                                "line": 9,
                                "match": {
                                    "location": "zip64_test.go:58"
                                },
                                "result": {
                                    "status": "skipped"
                                }
                            }
                        ]
                    },
                    {
                        "id": "bounded-zip64-declarations-agree-with-physical-archive-ranges;verified-local-zip64-payloads-survive-no-op-delivery;;3",
                        "keyword": "Scenario Outline",
                        "name": "Verified local ZIP64 payloads survive no-op delivery",
                        "description": "",
                        "line": 14,
                        "type": "scenario",
                        "tags": [
                            {
                                "name": "@implemented",
                                "line": 1
                            },
                            {
                                "name": "@go",
                                "line": 1
                            },
                            {
                                "name": "@package",
                                "line": 1
                            },
                            {
                                "name": "@ZSIX-001",
                                "line": 5
                            }
                        ],
                        "steps": [
                            {
                                "keyword": "Given ",
                                "name": "a tiny ZIP64 package using \"deflated local sizes\"",
                                "line": 7,
                                "match": {
                                    "location": "zip64_test.go:26"
                                },
                                "result": {
                                    "status": "passed",
                                    "duration": 411786
                                }
                            },
                            {
                                "keyword": "When ",
                                "name": "I open and round-trip its retained payloads",
                                "line": 8,
                                "match": {
                                    "location": "zip64_test.go:45"
                                },
                                "result": {
                                    "status": "failed",
                                    "error_message": "open: invalid_package ([Content_Types].xml): local ZIP64 sizes require unsupported verification",
                                    "duration": 62505
                                }
                            },
                            {
                                "keyword": "Then ",
                                "name": "all ZIP64 source bytes and the empty member are preserved",
                                "line": 9,
                                "match": {
                                    "location": "zip64_test.go:58"
                                },
                                "result": {
                                    "status": "skipped"
                                }
                            }
                        ]
                    },
                    {
                        "id": "bounded-zip64-declarations-agree-with-physical-archive-ranges;verified-local-zip64-payloads-survive-no-op-delivery;;4",
                        "keyword": "Scenario Outline",
                        "name": "Verified local ZIP64 payloads survive no-op delivery",
                        "description": "",
                        "line": 15,
                        "type": "scenario",
                        "tags": [
                            {
                                "name": "@implemented",
                                "line": 1
                            },
                            {
                                "name": "@go",
                                "line": 1
                            },
                            {
                                "name": "@package",
                                "line": 1
                            },
                            {
                                "name": "@ZSIX-001",
                                "line": 5
                            }
                        ],
                        "steps": [
                            {
                                "keyword": "Given ",
                                "name": "a tiny ZIP64 package using \"signed descriptor\"",
                                "line": 7,
                                "match": {
                                    "location": "zip64_test.go:26"
                                },
                                "result": {
                                    "status": "passed",
                                    "duration": 424967
                                }
                            },
                            {
                                "keyword": "When ",
                                "name": "I open and round-trip its retained payloads",
                                "line": 8,
                                "match": {
                                    "location": "zip64_test.go:45"
                                },
                                "result": {
                                    "status": "failed",
                                    "error_message": "open: invalid_package ([Content_Types].xml): missing, inconsistent or ambiguous data descriptor",
                                    "duration": 37401
                                }
                            },
                            {
                                "keyword": "Then ",
                                "name": "all ZIP64 source bytes and the empty member are preserved",
                                "line": 9,
                                "match": {
                                    "location": "zip64_test.go:58"
                                },
                                "result": {
                                    "status": "skipped"
                                }
                            }
                        ]
                    },
                    {
                        "id": "bounded-zip64-declarations-agree-with-physical-archive-ranges;verified-local-zip64-payloads-survive-no-op-delivery;;5",
                        "keyword": "Scenario Outline",
                        "name": "Verified local ZIP64 payloads survive no-op delivery",
                        "description": "",
                        "line": 16,
                        "type": "scenario",
                        "tags": [
                            {
                                "name": "@implemented",
                                "line": 1
                            },
                            {
                                "name": "@go",
                                "line": 1
                            },
                            {
                                "name": "@package",
                                "line": 1
                            },
                            {
                                "name": "@ZSIX-001",
                                "line": 5
                            }
                        ],
                        "steps": [
                            {
                                "keyword": "Given ",
                                "name": "a tiny ZIP64 package using \"unsigned descriptor\"",
                                "line": 7,
                                "match": {
                                    "location": "zip64_test.go:26"
                                },
                                "result": {
                                    "status": "passed",
                                    "duration": 363351
                                }
                            },
                            {
                                "keyword": "When ",
                                "name": "I open and round-trip its retained payloads",
                                "line": 8,
                                "match": {
                                    "location": "zip64_test.go:45"
                                },
                                "result": {
                                    "status": "failed",
                                    "error_message": "open: invalid_package ([Content_Types].xml): missing, inconsistent or ambiguous data descriptor",
                                    "duration": 38867
                                }
                            },
                            {
                                "keyword": "Then ",
                                "name": "all ZIP64 source bytes and the empty member are preserved",
                                "line": 9,
                                "match": {
                                    "location": "zip64_test.go:58"
                                },
                                "result": {
                                    "status": "skipped"
                                }
                            }
                        ]
                    },
                    {
                        "id": "bounded-zip64-declarations-agree-with-physical-archive-ranges;conflicting-or-undeclared-zip64-bytes-refuse-intake;;2",
                        "keyword": "Scenario Outline",
                        "name": "Conflicting or undeclared ZIP64 bytes refuse intake",
                        "description": "",
                        "line": 26,
                        "type": "scenario",
                        "tags": [
                            {
                                "name": "@implemented",
                                "line": 1
                            },
                            {
                                "name": "@go",
                                "line": 1
                            },
                            {
                                "name": "@package",
                                "line": 1
                            },
                            {
                                "name": "@ZSIX-002",
                                "line": 18
                            }
                        ],
                        "steps": [
                            {
                                "keyword": "Given ",
                                "name": "a tiny ZIP64 package with \"gap before ZIP64 end\"",
                                "line": 20,
                                "match": {
                                    "location": "zip64_test.go:72"
                                },
                                "result": {
                                    "status": "passed",
                                    "duration": 36741
                                }
                            },
                            {
                                "keyword": "When ",
                                "name": "I validate the ZIP64 package for editing",
                                "line": 21,
                                "match": {
                                    "location": "zip64_test.go:81"
                                },
                                "result": {
                                    "status": "passed",
                                    "duration": 27277
                                }
                            },
                            {
                                "keyword": "Then ",
                                "name": "ZIP64 intake refuses with a typed error and unchanged bytes",
                                "line": 22,
                                "match": {
                                    "location": "zip64_test.go:85"
                                },
                                "result": {
                                    "status": "passed",
                                    "duration": 32198
                                }
                            }
                        ]
                    },
                    {
                        "id": "bounded-zip64-declarations-agree-with-physical-archive-ranges;conflicting-or-undeclared-zip64-bytes-refuse-intake;;3",
                        "keyword": "Scenario Outline",
                        "name": "Conflicting or undeclared ZIP64 bytes refuse intake",
                        "description": "",
                        "line": 27,
                        "type": "scenario",
                        "tags": [
                            {
                                "name": "@implemented",
                                "line": 1
                            },
                            {
                                "name": "@go",
                                "line": 1
                            },
                            {
                                "name": "@package",
                                "line": 1
                            },
                            {
                                "name": "@ZSIX-002",
                                "line": 18
                            }
                        ],
                        "steps": [
                            {
                                "keyword": "Given ",
                                "name": "a tiny ZIP64 package with \"gap before locator\"",
                                "line": 20,
                                "match": {
                                    "location": "zip64_test.go:72"
                                },
                                "result": {
                                    "status": "passed",
                                    "duration": 55590
                                }
                            },
                            {
                                "keyword": "When ",
                                "name": "I validate the ZIP64 package for editing",
                                "line": 21,
                                "match": {
                                    "location": "zip64_test.go:81"
                                },
                                "result": {
                                    "status": "passed",
                                    "duration": 64528
                                }
                            },
                            {
                                "keyword": "Then ",
                                "name": "ZIP64 intake refuses with a typed error and unchanged bytes",
                                "line": 22,
                                "match": {
                                    "location": "zip64_test.go:85"
                                },
                                "result": {
                                    "status": "passed",
                                    "duration": 76744
                                }
                            }
                        ]
                    },
                    {
                        "id": "bounded-zip64-declarations-agree-with-physical-archive-ranges;conflicting-or-undeclared-zip64-bytes-refuse-intake;;4",
                        "keyword": "Scenario Outline",
                        "name": "Conflicting or undeclared ZIP64 bytes refuse intake",
                        "description": "",
                        "line": 28,
                        "type": "scenario",
                        "tags": [
                            {
                                "name": "@implemented",
                                "line": 1
                            },
                            {
                                "name": "@go",
                                "line": 1
                            },
                            {
                                "name": "@package",
                                "line": 1
                            },
                            {
                                "name": "@ZSIX-002",
                                "line": 18
                            }
                        ],
                        "steps": [
                            {
                                "keyword": "Given ",
                                "name": "a tiny ZIP64 package with \"ZIP64 length overflow\"",
                                "line": 20,
                                "match": {
                                    "location": "zip64_test.go:72"
                                },
                                "result": {
                                    "status": "passed",
                                    "duration": 47574
                                }
                            },
                            {
                                "keyword": "When ",
                                "name": "I validate the ZIP64 package for editing",
                                "line": 21,
                                "match": {
                                    "location": "zip64_test.go:81"
                                },
                                "result": {
                                    "status": "passed",
                                    "duration": 32777
                                }
                            },
                            {
                                "keyword": "Then ",
                                "name": "ZIP64 intake refuses with a typed error and unchanged bytes",
                                "line": 22,
                                "match": {
                                    "location": "zip64_test.go:85"
                                },
                                "result": {
                                    "status": "passed",
                                    "duration": 28587
                                }
                            }
                        ]
                    },
                    {
                        "id": "bounded-zip64-declarations-agree-with-physical-archive-ranges;conflicting-or-undeclared-zip64-bytes-refuse-intake;;5",
                        "keyword": "Scenario Outline",
                        "name": "Conflicting or undeclared ZIP64 bytes refuse intake",
                        "description": "",
                        "line": 29,
                        "type": "scenario",
                        "tags": [
                            {
                                "name": "@implemented",
                                "line": 1
                            },
                            {
                                "name": "@go",
                                "line": 1
                            },
                            {
                                "name": "@package",
                                "line": 1
                            },
                            {
                                "name": "@ZSIX-002",
                                "line": 18
                            }
                        ],
                        "steps": [
                            {
                                "keyword": "Given ",
                                "name": "a tiny ZIP64 package with \"ZIP64 length crosses locator\"",
                                "line": 20,
                                "match": {
                                    "location": "zip64_test.go:72"
                                },
                                "result": {
                                    "status": "passed",
                                    "duration": 45400
                                }
                            },
                            {
                                "keyword": "When ",
                                "name": "I validate the ZIP64 package for editing",
                                "line": 21,
                                "match": {
                                    "location": "zip64_test.go:81"
                                },
                                "result": {
                                    "status": "passed",
                                    "duration": 30169
                                }
                            },
                            {
                                "keyword": "Then ",
                                "name": "ZIP64 intake refuses with a typed error and unchanged bytes",
                                "line": 22,
                                "match": {
                                    "location": "zip64_test.go:85"
                                },
                                "result": {
                                    "status": "passed",
                                    "duration": 32528
                                }
                            }
                        ]
                    },
                    {
                        "id": "bounded-zip64-declarations-agree-with-physical-archive-ranges;conflicting-or-undeclared-zip64-bytes-refuse-intake;;6",
                        "keyword": "Scenario Outline",
                        "name": "Conflicting or undeclared ZIP64 bytes refuse intake",
                        "description": "",
                        "line": 30,
                        "type": "scenario",
                        "tags": [
                            {
                                "name": "@implemented",
                                "line": 1
                            },
                            {
                                "name": "@go",
                                "line": 1
                            },
                            {
                                "name": "@package",
                                "line": 1
                            },
                            {
                                "name": "@ZSIX-002",
                                "line": 18
                            }
                        ],
                        "steps": [
                            {
                                "keyword": "Given ",
                                "name": "a tiny ZIP64 package with \"short local extra\"",
                                "line": 20,
                                "match": {
                                    "location": "zip64_test.go:72"
                                },
                                "result": {
                                    "status": "passed",
                                    "duration": 42867
                                }
                            },
                            {
                                "keyword": "When ",
                                "name": "I validate the ZIP64 package for editing",
                                "line": 21,
                                "match": {
                                    "location": "zip64_test.go:81"
                                },
                                "result": {
                                    "status": "passed",
                                    "duration": 26387
                                }
                            },
                            {
                                "keyword": "Then ",
                                "name": "ZIP64 intake refuses with a typed error and unchanged bytes",
                                "line": 22,
                                "match": {
                                    "location": "zip64_test.go:85"
                                },
                                "result": {
                                    "status": "passed",
                                    "duration": 29579
                                }
                            }
                        ]
                    },
                    {
                        "id": "bounded-zip64-declarations-agree-with-physical-archive-ranges;conflicting-or-undeclared-zip64-bytes-refuse-intake;;7",
                        "keyword": "Scenario Outline",
                        "name": "Conflicting or undeclared ZIP64 bytes refuse intake",
                        "description": "",
                        "line": 31,
                        "type": "scenario",
                        "tags": [
                            {
                                "name": "@implemented",
                                "line": 1
                            },
                            {
                                "name": "@go",
                                "line": 1
                            },
                            {
                                "name": "@package",
                                "line": 1
                            },
                            {
                                "name": "@ZSIX-002",
                                "line": 18
                            }
                        ],
                        "steps": [
                            {
                                "keyword": "Given ",
                                "name": "a tiny ZIP64 package with \"local size mismatch\"",
                                "line": 20,
                                "match": {
                                    "location": "zip64_test.go:72"
                                },
                                "result": {
                                    "status": "passed",
                                    "duration": 78558
                                }
                            },
                            {
                                "keyword": "When ",
                                "name": "I validate the ZIP64 package for editing",
                                "line": 21,
                                "match": {
                                    "location": "zip64_test.go:81"
                                },
                                "result": {
                                    "status": "passed",
                                    "duration": 26564
                                }
                            },
                            {
                                "keyword": "Then ",
                                "name": "ZIP64 intake refuses with a typed error and unchanged bytes",
                                "line": 22,
                                "match": {
                                    "location": "zip64_test.go:85"
                                },
                                "result": {
                                    "status": "passed",
                                    "duration": 30378
                                }
                            }
                        ]
                    },
                    {
                        "id": "bounded-zip64-declarations-agree-with-physical-archive-ranges;conflicting-or-undeclared-zip64-bytes-refuse-intake;;8",
                        "keyword": "Scenario Outline",
                        "name": "Conflicting or undeclared ZIP64 bytes refuse intake",
                        "description": "",
                        "line": 32,
                        "type": "scenario",
                        "tags": [
                            {
                                "name": "@implemented",
                                "line": 1
                            },
                            {
                                "name": "@go",
                                "line": 1
                            },
                            {
                                "name": "@package",
                                "line": 1
                            },
                            {
                                "name": "@ZSIX-002",
                                "line": 18
                            }
                        ],
                        "steps": [
                            {
                                "keyword": "Given ",
                                "name": "a tiny ZIP64 package with \"short central extra\"",
                                "line": 20,
                                "match": {
                                    "location": "zip64_test.go:72"
                                },
                                "result": {
                                    "status": "passed",
                                    "duration": 45413
                                }
                            },
                            {
                                "keyword": "When ",
                                "name": "I validate the ZIP64 package for editing",
                                "line": 21,
                                "match": {
                                    "location": "zip64_test.go:81"
                                },
                                "result": {
                                    "status": "passed",
                                    "duration": 23087
                                }
                            },
                            {
                                "keyword": "Then ",
                                "name": "ZIP64 intake refuses with a typed error and unchanged bytes",
                                "line": 22,
                                "match": {
                                    "location": "zip64_test.go:85"
                                },
                                "result": {
                                    "status": "failed",
                                    "error_message": "expected typed refusal: zip: not a valid zip file",
                                    "duration": 33531
                                }
                            }
                        ]
                    },
                    {
                        "id": "bounded-zip64-declarations-agree-with-physical-archive-ranges;conflicting-or-undeclared-zip64-bytes-refuse-intake;;9",
                        "keyword": "Scenario Outline",
                        "name": "Conflicting or undeclared ZIP64 bytes refuse intake",
                        "description": "",
                        "line": 33,
                        "type": "scenario",
                        "tags": [
                            {
                                "name": "@implemented",
                                "line": 1
                            },
                            {
                                "name": "@go",
                                "line": 1
                            },
                            {
                                "name": "@package",
                                "line": 1
                            },
                            {
                                "name": "@ZSIX-002",
                                "line": 18
                            }
                        ],
                        "steps": [
                            {
                                "keyword": "Given ",
                                "name": "a tiny ZIP64 package with \"duplicate central extra\"",
                                "line": 20,
                                "match": {
                                    "location": "zip64_test.go:72"
                                },
                                "result": {
                                    "status": "passed",
                                    "duration": 50134
                                }
                            },
                            {
                                "keyword": "When ",
                                "name": "I validate the ZIP64 package for editing",
                                "line": 21,
                                "match": {
                                    "location": "zip64_test.go:81"
                                },
                                "result": {
                                    "status": "passed",
                                    "duration": 35555
                                }
                            },
                            {
                                "keyword": "Then ",
                                "name": "ZIP64 intake refuses with a typed error and unchanged bytes",
                                "line": 22,
                                "match": {
                                    "location": "zip64_test.go:85"
                                },
                                "result": {
                                    "status": "passed",
                                    "duration": 28556
                                }
                            }
                        ]
                    },
                    {
                        "id": "bounded-zip64-declarations-agree-with-physical-archive-ranges;conflicting-or-undeclared-zip64-bytes-refuse-intake;;10",
                        "keyword": "Scenario Outline",
                        "name": "Conflicting or undeclared ZIP64 bytes refuse intake",
                        "description": "",
                        "line": 34,
                        "type": "scenario",
                        "tags": [
                            {
                                "name": "@implemented",
                                "line": 1
                            },
                            {
                                "name": "@go",
                                "line": 1
                            },
                            {
                                "name": "@package",
                                "line": 1
                            },
                            {
                                "name": "@ZSIX-002",
                                "line": 18
                            }
                        ],
                        "steps": [
                            {
                                "keyword": "Given ",
                                "name": "a tiny ZIP64 package with \"descriptor mismatch\"",
                                "line": 20,
                                "match": {
                                    "location": "zip64_test.go:72"
                                },
                                "result": {
                                    "status": "passed",
                                    "duration": 45155
                                }
                            },
                            {
                                "keyword": "When ",
                                "name": "I validate the ZIP64 package for editing",
                                "line": 21,
                                "match": {
                                    "location": "zip64_test.go:81"
                                },
                                "result": {
                                    "status": "passed",
                                    "duration": 25687
                                }
                            },
                            {
                                "keyword": "Then ",
                                "name": "ZIP64 intake refuses with a typed error and unchanged bytes",
                                "line": 22,
                                "match": {
                                    "location": "zip64_test.go:85"
                                },
                                "result": {
                                    "status": "passed",
                                    "duration": 29928
                                }
                            }
                        ]
                    },
                    {
                        "id": "bounded-zip64-declarations-agree-with-physical-archive-ranges;conflicting-or-undeclared-zip64-bytes-refuse-intake;;11",
                        "keyword": "Scenario Outline",
                        "name": "Conflicting or undeclared ZIP64 bytes refuse intake",
                        "description": "",
                        "line": 35,
                        "type": "scenario",
                        "tags": [
                            {
                                "name": "@implemented",
                                "line": 1
                            },
                            {
                                "name": "@go",
                                "line": 1
                            },
                            {
                                "name": "@package",
                                "line": 1
                            },
                            {
                                "name": "@ZSIX-002",
                                "line": 18
                            }
                        ],
                        "steps": [
                            {
                                "keyword": "Given ",
                                "name": "a tiny ZIP64 package with \"classic count mismatch\"",
                                "line": 20,
                                "match": {
                                    "location": "zip64_test.go:72"
                                },
                                "result": {
                                    "status": "passed",
                                    "duration": 35119
                                }
                            },
                            {
                                "keyword": "When ",
                                "name": "I validate the ZIP64 package for editing",
                                "line": 21,
                                "match": {
                                    "location": "zip64_test.go:81"
                                },
                                "result": {
                                    "status": "passed",
                                    "duration": 25618
                                }
                            },
                            {
                                "keyword": "Then ",
                                "name": "ZIP64 intake refuses with a typed error and unchanged bytes",
                                "line": 22,
                                "match": {
                                    "location": "zip64_test.go:85"
                                },
                                "result": {
                                    "status": "passed",
                                    "duration": 53154
                                }
                            }
                        ]
                    }
                ]
            },
            {
                "uri": "../features/implemented/spreadsheet/bounded-edit.feature",
                "id": "bounded-formula-free-numeric-cell-correction",
                "keyword": "Feature",
                "name": "Bounded formula-free numeric cell correction",
                "description": "  Existing numeric cells can change only when dependent structures are absent.",
                "line": 2,
                "tags": [
                    {
                        "name": "@implemented",
                        "line": 1
                    },
                    {
                        "name": "@go",
                        "line": 1
                    },
                    {
                        "name": "@spreadsheet",
                        "line": 1
                    }
                ],
                "elements": [
                    {
                        "id": "bounded-formula-free-numeric-cell-correction;changing-a-formula-free-numeric-cell-preserves-styles-and-opaque-parts",
                        "keyword": "Scenario",
                        "name": "Changing a formula-free numeric cell preserves styles and opaque parts",
                        "description": "",
                        "line": 6,
                        "type": "scenario",
                        "tags": [
                            {
                                "name": "@implemented",
                                "line": 1
                            },
                            {
                                "name": "@go",
                                "line": 1
                            },
                            {
                                "name": "@spreadsheet",
                                "line": 1
                            },
                            {
                                "name": "@CELL-001",
                                "line": 5
                            }
                        ],
                        "steps": [
                            {
                                "keyword": "Given ",
                                "name": "a formula-free workbook with numeric cell \"B2\"",
                                "line": 7,
                                "match": {
                                    "location": "cell_test.go:95"
                                },
                                "result": {
                                    "status": "passed",
                                    "duration": 394758
                                }
                            },
                            {
                                "keyword": "When ",
                                "name": "I set the guarded numeric cell to 125",
                                "line": 8,
                                "match": {
                                    "location": "cell_test.go:97"
                                },
                                "result": {
                                    "status": "passed",
                                    "duration": 185917
                                }
                            },
                            {
                                "keyword": "Then ",
                                "name": "delivery changes only the cell value bytes",
                                "line": 9,
                                "match": {
                                    "location": "cell_test.go:105"
                                },
                                "result": {
                                    "status": "passed",
                                    "duration": 2109255
                                }
                            },
                            {
                                "keyword": "And ",
                                "name": "the consumed cell target refuses reuse",
                                "line": 10,
                                "match": {
                                    "location": "cell_test.go:132"
                                },
                                "result": {
                                    "status": "passed",
                                    "duration": 69912
                                }
                            }
                        ]
                    },
                    {
                        "id": "bounded-formula-free-numeric-cell-correction;unproved-workbook-dependencies-refuse-numeric-writes;;2",
                        "keyword": "Scenario Outline",
                        "name": "Unproved workbook dependencies refuse numeric writes",
                        "description": "",
                        "line": 21,
                        "type": "scenario",
                        "tags": [
                            {
                                "name": "@implemented",
                                "line": 1
                            },
                            {
                                "name": "@go",
                                "line": 1
                            },
                            {
                                "name": "@spreadsheet",
                                "line": 1
                            },
                            {
                                "name": "@CELL-002",
                                "line": 12
                            }
                        ],
                        "steps": [
                            {
                                "keyword": "Given ",
                                "name": "a workbook containing \"formula on another sheet\"",
                                "line": 14,
                                "match": {
                                    "location": "cell_test.go:96"
                                },
                                "result": {
                                    "status": "passed",
                                    "duration": 415228
                                }
                            },
                            {
                                "keyword": "When ",
                                "name": "I attempt the guarded numeric correction",
                                "line": 15,
                                "match": {
                                    "location": "cell_test.go:140"
                                },
                                "result": {
                                    "status": "passed",
                                    "duration": 181083
                                }
                            },
                            {
                                "keyword": "Then ",
                                "name": "the numeric correction returns a typed refusal",
                                "line": 16,
                                "match": {
                                    "location": "cell_test.go:147"
                                },
                                "result": {
                                    "status": "passed",
                                    "duration": 26417
                                }
                            },
                            {
                                "keyword": "And ",
                                "name": "saving the numeric session preserves the original archive",
                                "line": 17,
                                "match": {
                                    "location": "cell_test.go:154"
                                },
                                "result": {
                                    "status": "passed",
                                    "duration": 1288176
                                }
                            }
                        ]
                    },
                    {
                        "id": "bounded-formula-free-numeric-cell-correction;unproved-workbook-dependencies-refuse-numeric-writes;;3",
                        "keyword": "Scenario Outline",
                        "name": "Unproved workbook dependencies refuse numeric writes",
                        "description": "",
                        "line": 22,
                        "type": "scenario",
                        "tags": [
                            {
                                "name": "@implemented",
                                "line": 1
                            },
                            {
                                "name": "@go",
                                "line": 1
                            },
                            {
                                "name": "@spreadsheet",
                                "line": 1
                            },
                            {
                                "name": "@CELL-002",
                                "line": 12
                            }
                        ],
                        "steps": [
                            {
                                "keyword": "Given ",
                                "name": "a workbook containing \"protected worksheet\"",
                                "line": 14,
                                "match": {
                                    "location": "cell_test.go:96"
                                },
                                "result": {
                                    "status": "passed",
                                    "duration": 370218
                                }
                            },
                            {
                                "keyword": "When ",
                                "name": "I attempt the guarded numeric correction",
                                "line": 15,
                                "match": {
                                    "location": "cell_test.go:140"
                                },
                                "result": {
                                    "status": "passed",
                                    "duration": 160927
                                }
                            },
                            {
                                "keyword": "Then ",
                                "name": "the numeric correction returns a typed refusal",
                                "line": 16,
                                "match": {
                                    "location": "cell_test.go:147"
                                },
                                "result": {
                                    "status": "passed",
                                    "duration": 26144
                                }
                            },
                            {
                                "keyword": "And ",
                                "name": "saving the numeric session preserves the original archive",
                                "line": 17,
                                "match": {
                                    "location": "cell_test.go:154"
                                },
                                "result": {
                                    "status": "passed",
                                    "duration": 1251082
                                }
                            }
                        ]
                    },
                    {
                        "id": "bounded-formula-free-numeric-cell-correction;unproved-workbook-dependencies-refuse-numeric-writes;;4",
                        "keyword": "Scenario Outline",
                        "name": "Unproved workbook dependencies refuse numeric writes",
                        "description": "",
                        "line": 23,
                        "type": "scenario",
                        "tags": [
                            {
                                "name": "@implemented",
                                "line": 1
                            },
                            {
                                "name": "@go",
                                "line": 1
                            },
                            {
                                "name": "@spreadsheet",
                                "line": 1
                            },
                            {
                                "name": "@CELL-002",
                                "line": 12
                            }
                        ],
                        "steps": [
                            {
                                "keyword": "Given ",
                                "name": "a workbook containing \"defined name\"",
                                "line": 14,
                                "match": {
                                    "location": "cell_test.go:96"
                                },
                                "result": {
                                    "status": "passed",
                                    "duration": 408004
                                }
                            },
                            {
                                "keyword": "When ",
                                "name": "I attempt the guarded numeric correction",
                                "line": 15,
                                "match": {
                                    "location": "cell_test.go:140"
                                },
                                "result": {
                                    "status": "passed",
                                    "duration": 173409
                                }
                            },
                            {
                                "keyword": "Then ",
                                "name": "the numeric correction returns a typed refusal",
                                "line": 16,
                                "match": {
                                    "location": "cell_test.go:147"
                                },
                                "result": {
                                    "status": "passed",
                                    "duration": 28770
                                }
                            },
                            {
                                "keyword": "And ",
                                "name": "saving the numeric session preserves the original archive",
                                "line": 17,
                                "match": {
                                    "location": "cell_test.go:154"
                                },
                                "result": {
                                    "status": "passed",
                                    "duration": 1250769
                                }
                            }
                        ]
                    },
                    {
                        "id": "bounded-formula-free-numeric-cell-correction;unproved-workbook-dependencies-refuse-numeric-writes;;5",
                        "keyword": "Scenario Outline",
                        "name": "Unproved workbook dependencies refuse numeric writes",
                        "description": "",
                        "line": 24,
                        "type": "scenario",
                        "tags": [
                            {
                                "name": "@implemented",
                                "line": 1
                            },
                            {
                                "name": "@go",
                                "line": 1
                            },
                            {
                                "name": "@spreadsheet",
                                "line": 1
                            },
                            {
                                "name": "@CELL-002",
                                "line": 12
                            }
                        ],
                        "steps": [
                            {
                                "keyword": "Given ",
                                "name": "a workbook containing \"duplicate cell address\"",
                                "line": 14,
                                "match": {
                                    "location": "cell_test.go:96"
                                },
                                "result": {
                                    "status": "passed",
                                    "duration": 391069
                                }
                            },
                            {
                                "keyword": "When ",
                                "name": "I attempt the guarded numeric correction",
                                "line": 15,
                                "match": {
                                    "location": "cell_test.go:140"
                                },
                                "result": {
                                    "status": "passed",
                                    "duration": 40027
                                }
                            },
                            {
                                "keyword": "Then ",
                                "name": "the numeric correction returns a typed refusal",
                                "line": 16,
                                "match": {
                                    "location": "cell_test.go:147"
                                },
                                "result": {
                                    "status": "passed",
                                    "duration": 24869
                                }
                            },
                            {
                                "keyword": "And ",
                                "name": "saving the numeric session preserves the original archive",
                                "line": 17,
                                "match": {
                                    "location": "cell_test.go:154"
                                },
                                "result": {
                                    "status": "passed",
                                    "duration": 1231654
                                }
                            }
                        ]
                    },
                    {
                        "id": "bounded-formula-free-numeric-cell-correction;unproved-workbook-dependencies-refuse-numeric-writes;;6",
                        "keyword": "Scenario Outline",
                        "name": "Unproved workbook dependencies refuse numeric writes",
                        "description": "",
                        "line": 25,
                        "type": "scenario",
                        "tags": [
                            {
                                "name": "@implemented",
                                "line": 1
                            },
                            {
                                "name": "@go",
                                "line": 1
                            },
                            {
                                "name": "@spreadsheet",
                                "line": 1
                            },
                            {
                                "name": "@CELL-002",
                                "line": 12
                            }
                        ],
                        "steps": [
                            {
                                "keyword": "Given ",
                                "name": "a workbook containing \"chart dependency\"",
                                "line": 14,
                                "match": {
                                    "location": "cell_test.go:96"
                                },
                                "result": {
                                    "status": "passed",
                                    "duration": 415873
                                }
                            },
                            {
                                "keyword": "When ",
                                "name": "I attempt the guarded numeric correction",
                                "line": 15,
                                "match": {
                                    "location": "cell_test.go:140"
                                },
                                "result": {
                                    "status": "passed",
                                    "duration": 153216
                                }
                            },
                            {
                                "keyword": "Then ",
                                "name": "the numeric correction returns a typed refusal",
                                "line": 16,
                                "match": {
                                    "location": "cell_test.go:147"
                                },
                                "result": {
                                    "status": "passed",
                                    "duration": 27112
                                }
                            },
                            {
                                "keyword": "And ",
                                "name": "saving the numeric session preserves the original archive",
                                "line": 17,
                                "match": {
                                    "location": "cell_test.go:154"
                                },
                                "result": {
                                    "status": "passed",
                                    "duration": 1245783
                                }
                            }
                        ]
                    },
                    {
                        "id": "bounded-formula-free-numeric-cell-correction;unproved-workbook-dependencies-refuse-numeric-writes;;7",
                        "keyword": "Scenario Outline",
                        "name": "Unproved workbook dependencies refuse numeric writes",
                        "description": "",
                        "line": 26,
                        "type": "scenario",
                        "tags": [
                            {
                                "name": "@implemented",
                                "line": 1
                            },
                            {
                                "name": "@go",
                                "line": 1
                            },
                            {
                                "name": "@spreadsheet",
                                "line": 1
                            },
                            {
                                "name": "@CELL-002",
                                "line": 12
                            }
                        ],
                        "steps": [
                            {
                                "keyword": "Given ",
                                "name": "a workbook containing \"data validation\"",
                                "line": 14,
                                "match": {
                                    "location": "cell_test.go:96"
                                },
                                "result": {
                                    "status": "passed",
                                    "duration": 367463
                                }
                            },
                            {
                                "keyword": "When ",
                                "name": "I attempt the guarded numeric correction",
                                "line": 15,
                                "match": {
                                    "location": "cell_test.go:140"
                                },
                                "result": {
                                    "status": "passed",
                                    "duration": 181739
                                }
                            },
                            {
                                "keyword": "Then ",
                                "name": "the numeric correction returns a typed refusal",
                                "line": 16,
                                "match": {
                                    "location": "cell_test.go:147"
                                },
                                "result": {
                                    "status": "passed",
                                    "duration": 26867
                                }
                            },
                            {
                                "keyword": "And ",
                                "name": "saving the numeric session preserves the original archive",
                                "line": 17,
                                "match": {
                                    "location": "cell_test.go:154"
                                },
                                "result": {
                                    "status": "passed",
                                    "duration": 1278508
                                }
                            }
                        ]
                    },
                    {
                        "id": "bounded-formula-free-numeric-cell-correction;unproved-workbook-dependencies-refuse-numeric-writes;;8",
                        "keyword": "Scenario Outline",
                        "name": "Unproved workbook dependencies refuse numeric writes",
                        "description": "",
                        "line": 27,
                        "type": "scenario",
                        "tags": [
                            {
                                "name": "@implemented",
                                "line": 1
                            },
                            {
                                "name": "@go",
                                "line": 1
                            },
                            {
                                "name": "@spreadsheet",
                                "line": 1
                            },
                            {
                                "name": "@CELL-002",
                                "line": 12
                            }
                        ],
                        "steps": [
                            {
                                "keyword": "Given ",
                                "name": "a workbook containing \"unknown worksheet element\"",
                                "line": 14,
                                "match": {
                                    "location": "cell_test.go:96"
                                },
                                "result": {
                                    "status": "passed",
                                    "duration": 549554
                                }
                            },
                            {
                                "keyword": "When ",
                                "name": "I attempt the guarded numeric correction",
                                "line": 15,
                                "match": {
                                    "location": "cell_test.go:140"
                                },
                                "result": {
                                    "status": "passed",
                                    "duration": 182964
                                }
                            },
                            {
                                "keyword": "Then ",
                                "name": "the numeric correction returns a typed refusal",
                                "line": 16,
                                "match": {
                                    "location": "cell_test.go:147"
                                },
                                "result": {
                                    "status": "passed",
                                    "duration": 27154
                                }
                            },
                            {
                                "keyword": "And ",
                                "name": "saving the numeric session preserves the original archive",
                                "line": 17,
                                "match": {
                                    "location": "cell_test.go:154"
                                },
                                "result": {
                                    "status": "passed",
                                    "duration": 1264580
                                }
                            }
                        ]
                    },
                    {
                        "id": "bounded-formula-free-numeric-cell-correction;unproved-workbook-dependencies-refuse-numeric-writes;;9",
                        "keyword": "Scenario Outline",
                        "name": "Unproved workbook dependencies refuse numeric writes",
                        "description": "",
                        "line": 28,
                        "type": "scenario",
                        "tags": [
                            {
                                "name": "@implemented",
                                "line": 1
                            },
                            {
                                "name": "@go",
                                "line": 1
                            },
                            {
                                "name": "@spreadsheet",
                                "line": 1
                            },
                            {
                                "name": "@CELL-002",
                                "line": 12
                            }
                        ],
                        "steps": [
                            {
                                "keyword": "Given ",
                                "name": "a workbook containing \"unknown cell attribute namespace\"",
                                "line": 14,
                                "match": {
                                    "location": "cell_test.go:96"
                                },
                                "result": {
                                    "status": "passed",
                                    "duration": 380157
                                }
                            },
                            {
                                "keyword": "When ",
                                "name": "I attempt the guarded numeric correction",
                                "line": 15,
                                "match": {
                                    "location": "cell_test.go:140"
                                },
                                "result": {
                                    "status": "passed",
                                    "duration": 172717
                                }
                            },
                            {
                                "keyword": "Then ",
                                "name": "the numeric correction returns a typed refusal",
                                "line": 16,
                                "match": {
                                    "location": "cell_test.go:147"
                                },
                                "result": {
                                    "status": "passed",
                                    "duration": 33953
                                }
                            },
                            {
                                "keyword": "And ",
                                "name": "saving the numeric session preserves the original archive",
                                "line": 17,
                                "match": {
                                    "location": "cell_test.go:154"
                                },
                                "result": {
                                    "status": "passed",
                                    "duration": 1225313
                                }
                            }
                        ]
                    }
                ]
            },
            {
                "uri": "../features/implemented/presentation/bounded-edit.feature",
                "id": "bounded-presentation-text-correction",
                "keyword": "Feature",
                "name": "Bounded presentation text correction",
                "description": "  A shape-ID target changes only its plain text while preserving source formatting.",
                "line": 2,
                "tags": [
                    {
                        "name": "@implemented",
                        "line": 1
                    },
                    {
                        "name": "@go",
                        "line": 1
                    },
                    {
                        "name": "@presentation",
                        "line": 1
                    }
                ],
                "elements": [
                    {
                        "id": "bounded-presentation-text-correction;shape-id-targeting-preserves-geometry-and-opaque-extension-bytes",
                        "keyword": "Scenario",
                        "name": "Shape-ID targeting preserves geometry and opaque extension bytes",
                        "description": "",
                        "line": 6,
                        "type": "scenario",
                        "tags": [
                            {
                                "name": "@implemented",
                                "line": 1
                            },
                            {
                                "name": "@go",
                                "line": 1
                            },
                            {
                                "name": "@presentation",
                                "line": 1
                            },
                            {
                                "name": "@SLIDE-001",
                                "line": 5
                            }
                        ],
                        "steps": [
                            {
                                "keyword": "Given ",
                                "name": "a presentation with a plain text shape and opaque slide markup",
                                "line": 7,
                                "match": {
                                    "location": "slide_test.go:77"
                                },
                                "result": {
                                    "status": "passed",
                                    "duration": 643073
                                }
                            },
                            {
                                "keyword": "When ",
                                "name": "I replace \"old text\" in shape 7 on \"ppt/slides/slide1.xml\"",
                                "line": 8,
                                "match": {
                                    "location": "slide_test.go:79"
                                },
                                "result": {
                                    "status": "passed",
                                    "duration": 136029
                                }
                            },
                            {
                                "keyword": "Then ",
                                "name": "only the selected slide text bytes differ after delivery",
                                "line": 9,
                                "match": {
                                    "location": "slide_test.go:87"
                                },
                                "result": {
                                    "status": "passed",
                                    "duration": 11253651
                                }
                            },
                            {
                                "keyword": "And ",
                                "name": "the consumed presentation target refuses reuse",
                                "line": 10,
                                "match": {
                                    "location": "slide_test.go:114"
                                },
                                "result": {
                                    "status": "passed",
                                    "duration": 87490
                                }
                            }
                        ]
                    },
                    {
                        "id": "bounded-presentation-text-correction;unsupported-presentation-text-context-refuses-unchanged;;2",
                        "keyword": "Scenario Outline",
                        "name": "Unsupported presentation text context refuses unchanged",
                        "description": "",
                        "line": 21,
                        "type": "scenario",
                        "tags": [
                            {
                                "name": "@implemented",
                                "line": 1
                            },
                            {
                                "name": "@go",
                                "line": 1
                            },
                            {
                                "name": "@presentation",
                                "line": 1
                            },
                            {
                                "name": "@SLIDE-002",
                                "line": 12
                            }
                        ],
                        "steps": [
                            {
                                "keyword": "Given ",
                                "name": "a presentation text shape with \"duplicate shape IDs\"",
                                "line": 14,
                                "match": {
                                    "location": "slide_test.go:78"
                                },
                                "result": {
                                    "status": "passed",
                                    "duration": 648054
                                }
                            },
                            {
                                "keyword": "When ",
                                "name": "I request a guarded presentation text correction",
                                "line": 15,
                                "match": {
                                    "location": "slide_test.go:122"
                                },
                                "result": {
                                    "status": "passed",
                                    "duration": 63817
                                }
                            },
                            {
                                "keyword": "Then ",
                                "name": "the presentation operation returns a typed refusal",
                                "line": 16,
                                "match": {
                                    "location": "slide_test.go:133"
                                },
                                "result": {
                                    "status": "passed",
                                    "duration": 26041
                                }
                            },
                            {
                                "keyword": "And ",
                                "name": "its delivered archive is byte-identical to the source",
                                "line": 17,
                                "match": {
                                    "location": "slide_test.go:140"
                                },
                                "result": {
                                    "status": "passed",
                                    "duration": 4456849
                                }
                            }
                        ]
                    },
                    {
                        "id": "bounded-presentation-text-correction;unsupported-presentation-text-context-refuses-unchanged;;3",
                        "keyword": "Scenario Outline",
                        "name": "Unsupported presentation text context refuses unchanged",
                        "description": "",
                        "line": 22,
                        "type": "scenario",
                        "tags": [
                            {
                                "name": "@implemented",
                                "line": 1
                            },
                            {
                                "name": "@go",
                                "line": 1
                            },
                            {
                                "name": "@presentation",
                                "line": 1
                            },
                            {
                                "name": "@SLIDE-002",
                                "line": 12
                            }
                        ],
                        "steps": [
                            {
                                "keyword": "Given ",
                                "name": "a presentation text shape with \"repeated leaf text\"",
                                "line": 14,
                                "match": {
                                    "location": "slide_test.go:78"
                                },
                                "result": {
                                    "status": "passed",
                                    "duration": 380557
                                }
                            },
                            {
                                "keyword": "When ",
                                "name": "I request a guarded presentation text correction",
                                "line": 15,
                                "match": {
                                    "location": "slide_test.go:122"
                                },
                                "result": {
                                    "status": "passed",
                                    "duration": 57638
                                }
                            },
                            {
                                "keyword": "Then ",
                                "name": "the presentation operation returns a typed refusal",
                                "line": 16,
                                "match": {
                                    "location": "slide_test.go:133"
                                },
                                "result": {
                                    "status": "passed",
                                    "duration": 26130
                                }
                            },
                            {
                                "keyword": "And ",
                                "name": "its delivered archive is byte-identical to the source",
                                "line": 17,
                                "match": {
                                    "location": "slide_test.go:140"
                                },
                                "result": {
                                    "status": "passed",
                                    "duration": 8373627
                                }
                            }
                        ]
                    },
                    {
                        "id": "bounded-presentation-text-correction;unsupported-presentation-text-context-refuses-unchanged;;4",
                        "keyword": "Scenario Outline",
                        "name": "Unsupported presentation text context refuses unchanged",
                        "description": "",
                        "line": 23,
                        "type": "scenario",
                        "tags": [
                            {
                                "name": "@implemented",
                                "line": 1
                            },
                            {
                                "name": "@go",
                                "line": 1
                            },
                            {
                                "name": "@presentation",
                                "line": 1
                            },
                            {
                                "name": "@SLIDE-002",
                                "line": 12
                            }
                        ],
                        "steps": [
                            {
                                "keyword": "Given ",
                                "name": "a presentation text shape with \"field-bearing paragraph\"",
                                "line": 14,
                                "match": {
                                    "location": "slide_test.go:78"
                                },
                                "result": {
                                    "status": "passed",
                                    "duration": 519820
                                }
                            },
                            {
                                "keyword": "When ",
                                "name": "I request a guarded presentation text correction",
                                "line": 15,
                                "match": {
                                    "location": "slide_test.go:122"
                                },
                                "result": {
                                    "status": "passed",
                                    "duration": 63806
                                }
                            },
                            {
                                "keyword": "Then ",
                                "name": "the presentation operation returns a typed refusal",
                                "line": 16,
                                "match": {
                                    "location": "slide_test.go:133"
                                },
                                "result": {
                                    "status": "passed",
                                    "duration": 25895
                                }
                            },
                            {
                                "keyword": "And ",
                                "name": "its delivered archive is byte-identical to the source",
                                "line": 17,
                                "match": {
                                    "location": "slide_test.go:140"
                                },
                                "result": {
                                    "status": "passed",
                                    "duration": 4353754
                                }
                            }
                        ]
                    },
                    {
                        "id": "bounded-presentation-text-correction;unsupported-presentation-text-context-refuses-unchanged;;5",
                        "keyword": "Scenario Outline",
                        "name": "Unsupported presentation text context refuses unchanged",
                        "description": "",
                        "line": 24,
                        "type": "scenario",
                        "tags": [
                            {
                                "name": "@implemented",
                                "line": 1
                            },
                            {
                                "name": "@go",
                                "line": 1
                            },
                            {
                                "name": "@presentation",
                                "line": 1
                            },
                            {
                                "name": "@SLIDE-002",
                                "line": 12
                            }
                        ],
                        "steps": [
                            {
                                "keyword": "Given ",
                                "name": "a presentation text shape with \"foreign slide part\"",
                                "line": 14,
                                "match": {
                                    "location": "slide_test.go:78"
                                },
                                "result": {
                                    "status": "passed",
                                    "duration": 1109907
                                }
                            },
                            {
                                "keyword": "When ",
                                "name": "I request a guarded presentation text correction",
                                "line": 15,
                                "match": {
                                    "location": "slide_test.go:122"
                                },
                                "result": {
                                    "status": "passed",
                                    "duration": 36311
                                }
                            },
                            {
                                "keyword": "Then ",
                                "name": "the presentation operation returns a typed refusal",
                                "line": 16,
                                "match": {
                                    "location": "slide_test.go:133"
                                },
                                "result": {
                                    "status": "passed",
                                    "duration": 25272
                                }
                            },
                            {
                                "keyword": "And ",
                                "name": "its delivered archive is byte-identical to the source",
                                "line": 17,
                                "match": {
                                    "location": "slide_test.go:140"
                                },
                                "result": {
                                    "status": "passed",
                                    "duration": 1991386
                                }
                            }
                        ]
                    }
                ]
            },
            {
                "uri": "../features/implemented/document/bounded-edit.feature",
                "id": "bounded-preservation-safe-word-text-correction",
                "keyword": "Feature",
                "name": "Bounded preservation-safe Word text correction",
                "description": "  Plain body text corrections preserve every unrelated XML byte and package part.",
                "line": 2,
                "tags": [
                    {
                        "name": "@implemented",
                        "line": 1
                    },
                    {
                        "name": "@go",
                        "line": 1
                    },
                    {
                        "name": "@document",
                        "line": 1
                    }
                ],
                "elements": [
                    {
                        "id": "bounded-preservation-safe-word-text-correction;a-plain-run-correction-preserves-opaque-markup-and-media",
                        "keyword": "Scenario",
                        "name": "A plain run correction preserves opaque markup and media",
                        "description": "",
                        "line": 6,
                        "type": "scenario",
                        "tags": [
                            {
                                "name": "@implemented",
                                "line": 1
                            },
                            {
                                "name": "@go",
                                "line": 1
                            },
                            {
                                "name": "@document",
                                "line": 1
                            },
                            {
                                "name": "@WORD-001",
                                "line": 5
                            }
                        ],
                        "steps": [
                            {
                                "keyword": "Given ",
                                "name": "a Word package containing a plain body text run and opaque content",
                                "line": 7,
                                "match": {
                                    "location": "word_test.go:71"
                                },
                                "result": {
                                    "status": "passed",
                                    "duration": 838424
                                }
                            },
                            {
                                "keyword": "When ",
                                "name": "I replace the unique text \"old text\" with \"new \u0026 text\" through a guarded target",
                                "line": 8,
                                "match": {
                                    "location": "word_test.go:73"
                                },
                                "result": {
                                    "status": "passed",
                                    "duration": 207023
                                }
                            },
                            {
                                "keyword": "And ",
                                "name": "save the edited Word package",
                                "line": 9,
                                "match": {
                                    "location": "word_test.go:91"
                                },
                                "result": {
                                    "status": "passed",
                                    "duration": 3097818
                                }
                            },
                            {
                                "keyword": "Then ",
                                "name": "only the matched XML character data differs",
                                "line": 10,
                                "match": {
                                    "location": "word_test.go:92"
                                },
                                "result": {
                                    "status": "passed",
                                    "duration": 84804
                                }
                            },
                            {
                                "keyword": "And ",
                                "name": "every other package member retains its payload bytes",
                                "line": 11,
                                "match": {
                                    "location": "word_test.go:107"
                                },
                                "result": {
                                    "status": "passed",
                                    "duration": 95116
                                }
                            },
                            {
                                "keyword": "And ",
                                "name": "reusing the consumed target returns a stale-target refusal",
                                "line": 12,
                                "match": {
                                    "location": "word_test.go:130"
                                },
                                "result": {
                                    "status": "passed",
                                    "duration": 106062
                                }
                            }
                        ]
                    },
                    {
                        "id": "bounded-preservation-safe-word-text-correction;unsupported-ownership-or-editing-policy-refuses-unchanged;;2",
                        "keyword": "Scenario Outline",
                        "name": "Unsupported ownership or editing policy refuses unchanged",
                        "description": "",
                        "line": 23,
                        "type": "scenario",
                        "tags": [
                            {
                                "name": "@implemented",
                                "line": 1
                            },
                            {
                                "name": "@go",
                                "line": 1
                            },
                            {
                                "name": "@document",
                                "line": 1
                            },
                            {
                                "name": "@WORD-002",
                                "line": 14
                            }
                        ],
                        "steps": [
                            {
                                "keyword": "Given ",
                                "name": "a Word package with \"duplicate text\"",
                                "line": 16,
                                "match": {
                                    "location": "word_test.go:72"
                                },
                                "result": {
                                    "status": "passed",
                                    "duration": 282714
                                }
                            },
                            {
                                "keyword": "When ",
                                "name": "I request a guarded correction of \"old text\"",
                                "line": 17,
                                "match": {
                                    "location": "word_test.go:138"
                                },
                                "result": {
                                    "status": "passed",
                                    "duration": 49020
                                }
                            },
                            {
                                "keyword": "Then ",
                                "name": "the correction returns a typed refusal",
                                "line": 18,
                                "match": {
                                    "location": "word_test.go:145"
                                },
                                "result": {
                                    "status": "passed",
                                    "duration": 17683
                                }
                            },
                            {
                                "keyword": "And ",
                                "name": "saving the Word session retains the original archive bytes",
                                "line": 19,
                                "match": {
                                    "location": "word_test.go:152"
                                },
                                "result": {
                                    "status": "passed",
                                    "duration": 1425628
                                }
                            }
                        ]
                    },
                    {
                        "id": "bounded-preservation-safe-word-text-correction;unsupported-ownership-or-editing-policy-refuses-unchanged;;3",
                        "keyword": "Scenario Outline",
                        "name": "Unsupported ownership or editing policy refuses unchanged",
                        "description": "",
                        "line": 24,
                        "type": "scenario",
                        "tags": [
                            {
                                "name": "@implemented",
                                "line": 1
                            },
                            {
                                "name": "@go",
                                "line": 1
                            },
                            {
                                "name": "@document",
                                "line": 1
                            },
                            {
                                "name": "@WORD-002",
                                "line": 14
                            }
                        ],
                        "steps": [
                            {
                                "keyword": "Given ",
                                "name": "a Word package with \"active document protection\"",
                                "line": 16,
                                "match": {
                                    "location": "word_test.go:72"
                                },
                                "result": {
                                    "status": "passed",
                                    "duration": 838187
                                }
                            },
                            {
                                "keyword": "When ",
                                "name": "I request a guarded correction of \"old text\"",
                                "line": 17,
                                "match": {
                                    "location": "word_test.go:138"
                                },
                                "result": {
                                    "status": "passed",
                                    "duration": 230275
                                }
                            },
                            {
                                "keyword": "Then ",
                                "name": "the correction returns a typed refusal",
                                "line": 18,
                                "match": {
                                    "location": "word_test.go:145"
                                },
                                "result": {
                                    "status": "passed",
                                    "duration": 33091
                                }
                            },
                            {
                                "keyword": "And ",
                                "name": "saving the Word session retains the original archive bytes",
                                "line": 19,
                                "match": {
                                    "location": "word_test.go:152"
                                },
                                "result": {
                                    "status": "passed",
                                    "duration": 1552435
                                }
                            }
                        ]
                    },
                    {
                        "id": "bounded-preservation-safe-word-text-correction;unsupported-ownership-or-editing-policy-refuses-unchanged;;4",
                        "keyword": "Scenario Outline",
                        "name": "Unsupported ownership or editing policy refuses unchanged",
                        "description": "",
                        "line": 25,
                        "type": "scenario",
                        "tags": [
                            {
                                "name": "@implemented",
                                "line": 1
                            },
                            {
                                "name": "@go",
                                "line": 1
                            },
                            {
                                "name": "@document",
                                "line": 1
                            },
                            {
                                "name": "@WORD-002",
                                "line": 14
                            }
                        ],
                        "steps": [
                            {
                                "keyword": "Given ",
                                "name": "a Word package with \"tracked revisions\"",
                                "line": 16,
                                "match": {
                                    "location": "word_test.go:72"
                                },
                                "result": {
                                    "status": "passed",
                                    "duration": 269258
                                }
                            },
                            {
                                "keyword": "When ",
                                "name": "I request a guarded correction of \"old text\"",
                                "line": 17,
                                "match": {
                                    "location": "word_test.go:138"
                                },
                                "result": {
                                    "status": "passed",
                                    "duration": 94270
                                }
                            },
                            {
                                "keyword": "Then ",
                                "name": "the correction returns a typed refusal",
                                "line": 18,
                                "match": {
                                    "location": "word_test.go:145"
                                },
                                "result": {
                                    "status": "passed",
                                    "duration": 19438
                                }
                            },
                            {
                                "keyword": "And ",
                                "name": "saving the Word session retains the original archive bytes",
                                "line": 19,
                                "match": {
                                    "location": "word_test.go:152"
                                },
                                "result": {
                                    "status": "passed",
                                    "duration": 1486347
                                }
                            }
                        ]
                    },
                    {
                        "id": "bounded-preservation-safe-word-text-correction;unsupported-ownership-or-editing-policy-refuses-unchanged;;5",
                        "keyword": "Scenario Outline",
                        "name": "Unsupported ownership or editing policy refuses unchanged",
                        "description": "",
                        "line": 26,
                        "type": "scenario",
                        "tags": [
                            {
                                "name": "@implemented",
                                "line": 1
                            },
                            {
                                "name": "@go",
                                "line": 1
                            },
                            {
                                "name": "@document",
                                "line": 1
                            },
                            {
                                "name": "@WORD-002",
                                "line": 14
                            }
                        ],
                        "steps": [
                            {
                                "keyword": "Given ",
                                "name": "a Word package with \"field boundary\"",
                                "line": 16,
                                "match": {
                                    "location": "word_test.go:72"
                                },
                                "result": {
                                    "status": "passed",
                                    "duration": 515583
                                }
                            },
                            {
                                "keyword": "When ",
                                "name": "I request a guarded correction of \"old text\"",
                                "line": 17,
                                "match": {
                                    "location": "word_test.go:138"
                                },
                                "result": {
                                    "status": "passed",
                                    "duration": 89561
                                }
                            },
                            {
                                "keyword": "Then ",
                                "name": "the correction returns a typed refusal",
                                "line": 18,
                                "match": {
                                    "location": "word_test.go:145"
                                },
                                "result": {
                                    "status": "passed",
                                    "duration": 20009
                                }
                            },
                            {
                                "keyword": "And ",
                                "name": "saving the Word session retains the original archive bytes",
                                "line": 19,
                                "match": {
                                    "location": "word_test.go:152"
                                },
                                "result": {
                                    "status": "passed",
                                    "duration": 1349332
                                }
                            }
                        ]
                    },
                    {
                        "id": "bounded-preservation-safe-word-text-correction;unsupported-ownership-or-editing-policy-refuses-unchanged;;6",
                        "keyword": "Scenario Outline",
                        "name": "Unsupported ownership or editing policy refuses unchanged",
                        "description": "",
                        "line": 27,
                        "type": "scenario",
                        "tags": [
                            {
                                "name": "@implemented",
                                "line": 1
                            },
                            {
                                "name": "@go",
                                "line": 1
                            },
                            {
                                "name": "@document",
                                "line": 1
                            },
                            {
                                "name": "@WORD-002",
                                "line": 14
                            }
                        ],
                        "steps": [
                            {
                                "keyword": "Given ",
                                "name": "a Word package with \"unknown settings extension\"",
                                "line": 16,
                                "match": {
                                    "location": "word_test.go:72"
                                },
                                "result": {
                                    "status": "passed",
                                    "duration": 701319
                                }
                            },
                            {
                                "keyword": "When ",
                                "name": "I request a guarded correction of \"old text\"",
                                "line": 17,
                                "match": {
                                    "location": "word_test.go:138"
                                },
                                "result": {
                                    "status": "passed",
                                    "duration": 187264
                                }
                            },
                            {
                                "keyword": "Then ",
                                "name": "the correction returns a typed refusal",
                                "line": 18,
                                "match": {
                                    "location": "word_test.go:145"
                                },
                                "result": {
                                    "status": "passed",
                                    "duration": 33991
                                }
                            },
                            {
                                "keyword": "And ",
                                "name": "saving the Word session retains the original archive bytes",
                                "line": 19,
                                "match": {
                                    "location": "word_test.go:152"
                                },
                                "result": {
                                    "status": "passed",
                                    "duration": 1560603
                                }
                            }
                        ]
                    }
                ]
            },
            {
                "uri": "../features/implemented/package/limits.feature",
                "id": "caller-defined-package-intake-budgets",
                "keyword": "Feature",
                "name": "Caller-defined package intake budgets",
                "description": "  Budget violations are refused before payload allocation or decompression.",
                "line": 2,
                "tags": [
                    {
                        "name": "@implemented",
                        "line": 1
                    },
                    {
                        "name": "@go",
                        "line": 1
                    },
                    {
                        "name": "@package",
                        "line": 1
                    }
                ],
                "elements": [
                    {
                        "id": "caller-defined-package-intake-budgets;intake-enforces-a-configured-resource-ceiling;;2",
                        "keyword": "Scenario Outline",
                        "name": "Intake enforces a configured resource ceiling",
                        "description": "",
                        "line": 13,
                        "type": "scenario",
                        "tags": [
                            {
                                "name": "@implemented",
                                "line": 1
                            },
                            {
                                "name": "@go",
                                "line": 1
                            },
                            {
                                "name": "@package",
                                "line": 1
                            },
                            {
                                "name": "@LIMIT-001",
                                "line": 5
                            }
                        ],
                        "steps": [
                            {
                                "keyword": "Given ",
                                "name": "an archive exceeding its \"source\" budget",
                                "line": 7,
                                "match": {
                                    "location": "limits_test.go:43"
                                },
                                "result": {
                                    "status": "passed",
                                    "duration": 109600
                                }
                            },
                            {
                                "keyword": "When ",
                                "name": "I open it with the configured resource limits",
                                "line": 8,
                                "match": {
                                    "location": "limits_test.go:62"
                                },
                                "result": {
                                    "status": "passed",
                                    "duration": 28771
                                }
                            },
                            {
                                "keyword": "Then ",
                                "name": "I receive a typed resource-limit refusal",
                                "line": 9,
                                "match": {
                                    "location": "limits_test.go:66"
                                },
                                "result": {
                                    "status": "passed",
                                    "duration": 21607
                                }
                            }
                        ]
                    },
                    {
                        "id": "caller-defined-package-intake-budgets;intake-enforces-a-configured-resource-ceiling;;3",
                        "keyword": "Scenario Outline",
                        "name": "Intake enforces a configured resource ceiling",
                        "description": "",
                        "line": 14,
                        "type": "scenario",
                        "tags": [
                            {
                                "name": "@implemented",
                                "line": 1
                            },
                            {
                                "name": "@go",
                                "line": 1
                            },
                            {
                                "name": "@package",
                                "line": 1
                            },
                            {
                                "name": "@LIMIT-001",
                                "line": 5
                            }
                        ],
                        "steps": [
                            {
                                "keyword": "Given ",
                                "name": "an archive exceeding its \"entries\" budget",
                                "line": 7,
                                "match": {
                                    "location": "limits_test.go:43"
                                },
                                "result": {
                                    "status": "passed",
                                    "duration": 215385
                                }
                            },
                            {
                                "keyword": "When ",
                                "name": "I open it with the configured resource limits",
                                "line": 8,
                                "match": {
                                    "location": "limits_test.go:62"
                                },
                                "result": {
                                    "status": "passed",
                                    "duration": 31439
                                }
                            },
                            {
                                "keyword": "Then ",
                                "name": "I receive a typed resource-limit refusal",
                                "line": 9,
                                "match": {
                                    "location": "limits_test.go:66"
                                },
                                "result": {
                                    "status": "passed",
                                    "duration": 23521
                                }
                            }
                        ]
                    },
                    {
                        "id": "caller-defined-package-intake-budgets;intake-enforces-a-configured-resource-ceiling;;4",
                        "keyword": "Scenario Outline",
                        "name": "Intake enforces a configured resource ceiling",
                        "description": "",
                        "line": 15,
                        "type": "scenario",
                        "tags": [
                            {
                                "name": "@implemented",
                                "line": 1
                            },
                            {
                                "name": "@go",
                                "line": 1
                            },
                            {
                                "name": "@package",
                                "line": 1
                            },
                            {
                                "name": "@LIMIT-001",
                                "line": 5
                            }
                        ],
                        "steps": [
                            {
                                "keyword": "Given ",
                                "name": "an archive exceeding its \"part\" budget",
                                "line": 7,
                                "match": {
                                    "location": "limits_test.go:43"
                                },
                                "result": {
                                    "status": "passed",
                                    "duration": 94568
                                }
                            },
                            {
                                "keyword": "When ",
                                "name": "I open it with the configured resource limits",
                                "line": 8,
                                "match": {
                                    "location": "limits_test.go:62"
                                },
                                "result": {
                                    "status": "passed",
                                    "duration": 32540
                                }
                            },
                            {
                                "keyword": "Then ",
                                "name": "I receive a typed resource-limit refusal",
                                "line": 9,
                                "match": {
                                    "location": "limits_test.go:66"
                                },
                                "result": {
                                    "status": "passed",
                                    "duration": 25221
                                }
                            }
                        ]
                    },
                    {
                        "id": "caller-defined-package-intake-budgets;intake-enforces-a-configured-resource-ceiling;;5",
                        "keyword": "Scenario Outline",
                        "name": "Intake enforces a configured resource ceiling",
                        "description": "",
                        "line": 16,
                        "type": "scenario",
                        "tags": [
                            {
                                "name": "@implemented",
                                "line": 1
                            },
                            {
                                "name": "@go",
                                "line": 1
                            },
                            {
                                "name": "@package",
                                "line": 1
                            },
                            {
                                "name": "@LIMIT-001",
                                "line": 5
                            }
                        ],
                        "steps": [
                            {
                                "keyword": "Given ",
                                "name": "an archive exceeding its \"total\" budget",
                                "line": 7,
                                "match": {
                                    "location": "limits_test.go:43"
                                },
                                "result": {
                                    "status": "passed",
                                    "duration": 85870
                                }
                            },
                            {
                                "keyword": "When ",
                                "name": "I open it with the configured resource limits",
                                "line": 8,
                                "match": {
                                    "location": "limits_test.go:62"
                                },
                                "result": {
                                    "status": "passed",
                                    "duration": 28252
                                }
                            },
                            {
                                "keyword": "Then ",
                                "name": "I receive a typed resource-limit refusal",
                                "line": 9,
                                "match": {
                                    "location": "limits_test.go:66"
                                },
                                "result": {
                                    "status": "passed",
                                    "duration": 19818
                                }
                            }
                        ]
                    },
                    {
                        "id": "caller-defined-package-intake-budgets;finite-sufficient-budgets-permit-normal-intake",
                        "keyword": "Scenario",
                        "name": "Finite sufficient budgets permit normal intake",
                        "description": "",
                        "line": 19,
                        "type": "scenario",
                        "tags": [
                            {
                                "name": "@implemented",
                                "line": 1
                            },
                            {
                                "name": "@go",
                                "line": 1
                            },
                            {
                                "name": "@package",
                                "line": 1
                            },
                            {
                                "name": "@LIMIT-002",
                                "line": 18
                            }
                        ],
                        "steps": [
                            {
                                "keyword": "Given ",
                                "name": "an archive within all configured budgets",
                                "line": 20,
                                "match": {
                                    "location": "limits_test.go:61"
                                },
                                "result": {
                                    "status": "passed",
                                    "duration": 90335
                                }
                            },
                            {
                                "keyword": "When ",
                                "name": "I open it with the configured resource limits",
                                "line": 21,
                                "match": {
                                    "location": "limits_test.go:62"
                                },
                                "result": {
                                    "status": "passed",
                                    "duration": 68591
                                }
                            },
                            {
                                "keyword": "Then ",
                                "name": "its XML payload is available without changes",
                                "line": 22,
                                "match": {
                                    "location": "limits_test.go:76"
                                },
                                "result": {
                                    "status": "passed",
                                    "duration": 24567
                                }
                            }
                        ]
                    }
                ]
            },
            {
                "uri": "../features/implemented/spreadsheet/dependency-structure.feature",
                "id": "dependency-analysis-validates-worksheet-structure",
                "keyword": "Feature",
                "name": "Dependency analysis validates worksheet structure",
                "description": "  A static expression is not enough when its cell ownership or input value structure is ambiguous.",
                "line": 2,
                "tags": [
                    {
                        "name": "@implemented",
                        "line": 1
                    },
                    {
                        "name": "@go",
                        "line": 1
                    },
                    {
                        "name": "@spreadsheet",
                        "line": 1
                    }
                ],
                "elements": [
                    {
                        "id": "dependency-analysis-validates-worksheet-structure;malformed-non-formula-cells-refuse-the-complete-dependency-plan;;2",
                        "keyword": "Scenario Outline",
                        "name": "Malformed non-formula cells refuse the complete dependency plan",
                        "description": "",
                        "line": 13,
                        "type": "scenario",
                        "tags": [
                            {
                                "name": "@implemented",
                                "line": 1
                            },
                            {
                                "name": "@go",
                                "line": 1
                            },
                            {
                                "name": "@spreadsheet",
                                "line": 1
                            },
                            {
                                "name": "@DEPEND-001",
                                "line": 5
                            }
                        ],
                        "steps": [
                            {
                                "keyword": "Given ",
                                "name": "a dependency workbook with \"duplicate unrelated value\"",
                                "line": 7,
                                "match": {
                                    "location": "cache_invalidation_test.go:111"
                                },
                                "result": {
                                    "status": "passed",
                                    "duration": 748665
                                }
                            },
                            {
                                "keyword": "When ",
                                "name": "I attempt an explicit invalidating input edit",
                                "line": 8,
                                "match": {
                                    "location": "cache_invalidation_test.go:188"
                                },
                                "result": {
                                    "status": "passed",
                                    "duration": 271936
                                }
                            },
                            {
                                "keyword": "Then ",
                                "name": "invalidation returns a typed refusal without any package mutation",
                                "line": 9,
                                "match": {
                                    "location": "cache_invalidation_test.go:196"
                                },
                                "result": {
                                    "status": "passed",
                                    "duration": 1336702
                                }
                            }
                        ]
                    },
                    {
                        "id": "dependency-analysis-validates-worksheet-structure;malformed-non-formula-cells-refuse-the-complete-dependency-plan;;3",
                        "keyword": "Scenario Outline",
                        "name": "Malformed non-formula cells refuse the complete dependency plan",
                        "description": "",
                        "line": 14,
                        "type": "scenario",
                        "tags": [
                            {
                                "name": "@implemented",
                                "line": 1
                            },
                            {
                                "name": "@go",
                                "line": 1
                            },
                            {
                                "name": "@spreadsheet",
                                "line": 1
                            },
                            {
                                "name": "@DEPEND-001",
                                "line": 5
                            }
                        ],
                        "steps": [
                            {
                                "keyword": "Given ",
                                "name": "a dependency workbook with \"unclassified cell metadata\"",
                                "line": 7,
                                "match": {
                                    "location": "cache_invalidation_test.go:111"
                                },
                                "result": {
                                    "status": "passed",
                                    "duration": 406579
                                }
                            },
                            {
                                "keyword": "When ",
                                "name": "I attempt an explicit invalidating input edit",
                                "line": 8,
                                "match": {
                                    "location": "cache_invalidation_test.go:188"
                                },
                                "result": {
                                    "status": "passed",
                                    "duration": 260074
                                }
                            },
                            {
                                "keyword": "Then ",
                                "name": "invalidation returns a typed refusal without any package mutation",
                                "line": 9,
                                "match": {
                                    "location": "cache_invalidation_test.go:196"
                                },
                                "result": {
                                    "status": "passed",
                                    "duration": 1307631
                                }
                            }
                        ]
                    },
                    {
                        "id": "dependency-analysis-validates-worksheet-structure;malformed-non-formula-cells-refuse-the-complete-dependency-plan;;4",
                        "keyword": "Scenario Outline",
                        "name": "Malformed non-formula cells refuse the complete dependency plan",
                        "description": "",
                        "line": 15,
                        "type": "scenario",
                        "tags": [
                            {
                                "name": "@implemented",
                                "line": 1
                            },
                            {
                                "name": "@go",
                                "line": 1
                            },
                            {
                                "name": "@spreadsheet",
                                "line": 1
                            },
                            {
                                "name": "@DEPEND-001",
                                "line": 5
                            }
                        ],
                        "steps": [
                            {
                                "keyword": "Given ",
                                "name": "a dependency workbook with \"duplicate sheetData containers\"",
                                "line": 7,
                                "match": {
                                    "location": "cache_invalidation_test.go:111"
                                },
                                "result": {
                                    "status": "passed",
                                    "duration": 507842
                                }
                            },
                            {
                                "keyword": "When ",
                                "name": "I attempt an explicit invalidating input edit",
                                "line": 8,
                                "match": {
                                    "location": "cache_invalidation_test.go:188"
                                },
                                "result": {
                                    "status": "passed",
                                    "duration": 476114
                                }
                            },
                            {
                                "keyword": "Then ",
                                "name": "invalidation returns a typed refusal without any package mutation",
                                "line": 9,
                                "match": {
                                    "location": "cache_invalidation_test.go:196"
                                },
                                "result": {
                                    "status": "passed",
                                    "duration": 1319224
                                }
                            }
                        ]
                    }
                ]
            },
            {
                "uri": "../features/implemented/document/spans.feature",
                "id": "exact-word-spans-across-run-fragmentation",
                "keyword": "Feature",
                "name": "Exact Word spans across run fragmentation",
                "description": "  Search exposes all exact matches without selecting an arbitrary occurrence.",
                "line": 2,
                "tags": [
                    {
                        "name": "@implemented",
                        "line": 1
                    },
                    {
                        "name": "@go",
                        "line": 1
                    },
                    {
                        "name": "@document",
                        "line": 1
                    }
                ],
                "elements": [
                    {
                        "id": "exact-word-spans-across-run-fragmentation;exact-matching-crosses-formatting-runs-and-unicode-boundaries;;2",
                        "keyword": "Scenario Outline",
                        "name": "Exact matching crosses formatting runs and Unicode boundaries",
                        "description": "",
                        "line": 13,
                        "type": "scenario",
                        "tags": [
                            {
                                "name": "@implemented",
                                "line": 1
                            },
                            {
                                "name": "@go",
                                "line": 1
                            },
                            {
                                "name": "@document",
                                "line": 1
                            },
                            {
                                "name": "@SPAN-001",
                                "line": 5
                            }
                        ],
                        "steps": [
                            {
                                "keyword": "Given ",
                                "name": "a Word paragraph with run text \"Payment\" and \"terms\"",
                                "line": 7,
                                "match": {
                                    "location": "spans_test.go:45"
                                },
                                "result": {
                                    "status": "passed",
                                    "duration": 338223
                                }
                            },
                            {
                                "keyword": "When ",
                                "name": "I find exact Word spans for \"Paymentterms\"",
                                "line": 8,
                                "match": {
                                    "location": "spans_test.go:47"
                                },
                                "result": {
                                    "status": "passed",
                                    "duration": 65063
                                }
                            },
                            {
                                "keyword": "Then ",
                                "name": "exactly one span reports the original text \"Paymentterms\"",
                                "line": 9,
                                "match": {
                                    "location": "spans_test.go:48"
                                },
                                "result": {
                                    "status": "passed",
                                    "duration": 61886
                                }
                            }
                        ]
                    },
                    {
                        "id": "exact-word-spans-across-run-fragmentation;exact-matching-crosses-formatting-runs-and-unicode-boundaries;;3",
                        "keyword": "Scenario Outline",
                        "name": "Exact matching crosses formatting runs and Unicode boundaries",
                        "description": "",
                        "line": 14,
                        "type": "scenario",
                        "tags": [
                            {
                                "name": "@implemented",
                                "line": 1
                            },
                            {
                                "name": "@go",
                                "line": 1
                            },
                            {
                                "name": "@document",
                                "line": 1
                            },
                            {
                                "name": "@SPAN-001",
                                "line": 5
                            }
                        ],
                        "steps": [
                            {
                                "keyword": "Given ",
                                "name": "a Word paragraph with run text \"pre Al\" and \"pha post\"",
                                "line": 7,
                                "match": {
                                    "location": "spans_test.go:45"
                                },
                                "result": {
                                    "status": "passed",
                                    "duration": 608927
                                }
                            },
                            {
                                "keyword": "When ",
                                "name": "I find exact Word spans for \"Alpha\"",
                                "line": 8,
                                "match": {
                                    "location": "spans_test.go:47"
                                },
                                "result": {
                                    "status": "passed",
                                    "duration": 64925
                                }
                            },
                            {
                                "keyword": "Then ",
                                "name": "exactly one span reports the original text \"Alpha\"",
                                "line": 9,
                                "match": {
                                    "location": "spans_test.go:48"
                                },
                                "result": {
                                    "status": "passed",
                                    "duration": 62432
                                }
                            }
                        ]
                    },
                    {
                        "id": "exact-word-spans-across-run-fragmentation;exact-matching-crosses-formatting-runs-and-unicode-boundaries;;4",
                        "keyword": "Scenario Outline",
                        "name": "Exact matching crosses formatting runs and Unicode boundaries",
                        "description": "",
                        "line": 15,
                        "type": "scenario",
                        "tags": [
                            {
                                "name": "@implemented",
                                "line": 1
                            },
                            {
                                "name": "@go",
                                "line": 1
                            },
                            {
                                "name": "@document",
                                "line": 1
                            },
                            {
                                "name": "@SPAN-001",
                                "line": 5
                            }
                        ],
                        "steps": [
                            {
                                "keyword": "Given ",
                                "name": "a Word paragraph with run text \"fee 😀\" and \"café\"",
                                "line": 7,
                                "match": {
                                    "location": "spans_test.go:45"
                                },
                                "result": {
                                    "status": "passed",
                                    "duration": 264343
                                }
                            },
                            {
                                "keyword": "When ",
                                "name": "I find exact Word spans for \"😀café\"",
                                "line": 8,
                                "match": {
                                    "location": "spans_test.go:47"
                                },
                                "result": {
                                    "status": "passed",
                                    "duration": 41055
                                }
                            },
                            {
                                "keyword": "Then ",
                                "name": "exactly one span reports the original text \"😀café\"",
                                "line": 9,
                                "match": {
                                    "location": "spans_test.go:48"
                                },
                                "result": {
                                    "status": "passed",
                                    "duration": 40018
                                }
                            }
                        ]
                    },
                    {
                        "id": "exact-word-spans-across-run-fragmentation;repeated-matches-remain-explicit-and-single-target-lookup-refuses",
                        "keyword": "Scenario",
                        "name": "Repeated matches remain explicit and single-target lookup refuses",
                        "description": "",
                        "line": 18,
                        "type": "scenario",
                        "tags": [
                            {
                                "name": "@implemented",
                                "line": 1
                            },
                            {
                                "name": "@go",
                                "line": 1
                            },
                            {
                                "name": "@document",
                                "line": 1
                            },
                            {
                                "name": "@SPAN-002",
                                "line": 17
                            }
                        ],
                        "steps": [
                            {
                                "keyword": "Given ",
                                "name": "a Word paragraph with run text \"red red\" and \" red\"",
                                "line": 19,
                                "match": {
                                    "location": "spans_test.go:45"
                                },
                                "result": {
                                    "status": "passed",
                                    "duration": 252665
                                }
                            },
                            {
                                "keyword": "When ",
                                "name": "I find exact Word spans for \"red\"",
                                "line": 20,
                                "match": {
                                    "location": "spans_test.go:47"
                                },
                                "result": {
                                    "status": "passed",
                                    "duration": 36036
                                }
                            },
                            {
                                "keyword": "Then ",
                                "name": "all three spans remain available in source order",
                                "line": 21,
                                "match": {
                                    "location": "spans_test.go:61"
                                },
                                "result": {
                                    "status": "passed",
                                    "duration": 24041
                                }
                            },
                            {
                                "keyword": "And ",
                                "name": "single-target lookup reports ambiguous-target",
                                "line": 22,
                                "match": {
                                    "location": "spans_test.go:72"
                                },
                                "result": {
                                    "status": "passed",
                                    "duration": 32672
                                }
                            }
                        ]
                    },
                    {
                        "id": "exact-word-spans-across-run-fragmentation;text-separated-by-paragraph-boundaries-is-not-silently-concatenated",
                        "keyword": "Scenario",
                        "name": "Text separated by paragraph boundaries is not silently concatenated",
                        "description": "",
                        "line": 25,
                        "type": "scenario",
                        "tags": [
                            {
                                "name": "@implemented",
                                "line": 1
                            },
                            {
                                "name": "@go",
                                "line": 1
                            },
                            {
                                "name": "@document",
                                "line": 1
                            },
                            {
                                "name": "@SPAN-003",
                                "line": 24
                            }
                        ],
                        "steps": [
                            {
                                "keyword": "Given ",
                                "name": "Word paragraphs containing \"first\" and \"second\"",
                                "line": 26,
                                "match": {
                                    "location": "spans_test.go:46"
                                },
                                "result": {
                                    "status": "passed",
                                    "duration": 485537
                                }
                            },
                            {
                                "keyword": "When ",
                                "name": "I find exact Word spans for \"firstsecond\"",
                                "line": 27,
                                "match": {
                                    "location": "spans_test.go:47"
                                },
                                "result": {
                                    "status": "passed",
                                    "duration": 42004
                                }
                            },
                            {
                                "keyword": "Then ",
                                "name": "no spans are returned",
                                "line": 28,
                                "match": {
                                    "location": "spans_test.go:80"
                                },
                                "result": {
                                    "status": "passed",
                                    "duration": 14194
                                }
                            }
                        ]
                    }
                ]
            },
            {
                "uri": "../features/implemented/package/baseline.feature",
                "id": "existing-office-fixture-intake",
                "keyword": "Feature",
                "name": "Existing Office fixture intake",
                "description": "  Repository fixtures can be inspected without a fixed workspace mount.",
                "line": 2,
                "tags": [
                    {
                        "name": "@implemented",
                        "line": 1
                    },
                    {
                        "name": "@go",
                        "line": 1
                    },
                    {
                        "name": "@package",
                        "line": 1
                    }
                ],
                "elements": [
                    {
                        "id": "existing-office-fixture-intake;open-the-principal-part-from-a-repository-fixture;;2",
                        "keyword": "Scenario Outline",
                        "name": "Open the principal part from a repository fixture",
                        "description": "",
                        "line": 13,
                        "type": "scenario",
                        "tags": [
                            {
                                "name": "@implemented",
                                "line": 1
                            },
                            {
                                "name": "@go",
                                "line": 1
                            },
                            {
                                "name": "@package",
                                "line": 1
                            },
                            {
                                "name": "@BASE-001",
                                "line": 5
                            }
                        ],
                        "steps": [
                            {
                                "keyword": "Given ",
                                "name": "the repository fixture \"word/minimal.docx\"",
                                "line": 7,
                                "match": {
                                    "location": "acceptance_test.go:138"
                                },
                                "result": {
                                    "status": "passed",
                                    "duration": 90486
                                }
                            },
                            {
                                "keyword": "When ",
                                "name": "I open its Office package",
                                "line": 8,
                                "match": {
                                    "location": "acceptance_test.go:139"
                                },
                                "result": {
                                    "status": "passed",
                                    "duration": 1233567
                                }
                            },
                            {
                                "keyword": "Then ",
                                "name": "the package contains a nonempty part \"word/document.xml\"",
                                "line": 9,
                                "match": {
                                    "location": "acceptance_test.go:140"
                                },
                                "result": {
                                    "status": "passed",
                                    "duration": 61176
                                }
                            }
                        ]
                    },
                    {
                        "id": "existing-office-fixture-intake;open-the-principal-part-from-a-repository-fixture;;3",
                        "keyword": "Scenario Outline",
                        "name": "Open the principal part from a repository fixture",
                        "description": "",
                        "line": 14,
                        "type": "scenario",
                        "tags": [
                            {
                                "name": "@implemented",
                                "line": 1
                            },
                            {
                                "name": "@go",
                                "line": 1
                            },
                            {
                                "name": "@package",
                                "line": 1
                            },
                            {
                                "name": "@BASE-001",
                                "line": 5
                            }
                        ],
                        "steps": [
                            {
                                "keyword": "Given ",
                                "name": "the repository fixture \"pptx/minimal.pptx\"",
                                "line": 7,
                                "match": {
                                    "location": "acceptance_test.go:138"
                                },
                                "result": {
                                    "status": "passed",
                                    "duration": 64129
                                }
                            },
                            {
                                "keyword": "When ",
                                "name": "I open its Office package",
                                "line": 8,
                                "match": {
                                    "location": "acceptance_test.go:139"
                                },
                                "result": {
                                    "status": "passed",
                                    "duration": 705942
                                }
                            },
                            {
                                "keyword": "Then ",
                                "name": "the package contains a nonempty part \"ppt/presentation.xml\"",
                                "line": 9,
                                "match": {
                                    "location": "acceptance_test.go:140"
                                },
                                "result": {
                                    "status": "passed",
                                    "duration": 34484
                                }
                            }
                        ]
                    },
                    {
                        "id": "existing-office-fixture-intake;open-the-principal-part-from-a-repository-fixture;;4",
                        "keyword": "Scenario Outline",
                        "name": "Open the principal part from a repository fixture",
                        "description": "",
                        "line": 15,
                        "type": "scenario",
                        "tags": [
                            {
                                "name": "@implemented",
                                "line": 1
                            },
                            {
                                "name": "@go",
                                "line": 1
                            },
                            {
                                "name": "@package",
                                "line": 1
                            },
                            {
                                "name": "@BASE-001",
                                "line": 5
                            }
                        ],
                        "steps": [
                            {
                                "keyword": "Given ",
                                "name": "the repository fixture \"excel/minimal.xlsx\"",
                                "line": 7,
                                "match": {
                                    "location": "acceptance_test.go:138"
                                },
                                "result": {
                                    "status": "passed",
                                    "duration": 56483
                                }
                            },
                            {
                                "keyword": "When ",
                                "name": "I open its Office package",
                                "line": 8,
                                "match": {
                                    "location": "acceptance_test.go:139"
                                },
                                "result": {
                                    "status": "passed",
                                    "duration": 164526
                                }
                            },
                            {
                                "keyword": "Then ",
                                "name": "the package contains a nonempty part \"xl/workbook.xml\"",
                                "line": 9,
                                "match": {
                                    "location": "acceptance_test.go:140"
                                },
                                "result": {
                                    "status": "passed",
                                    "duration": 33127
                                }
                            }
                        ]
                    },
                    {
                        "id": "existing-office-fixture-intake;open-the-principal-part-from-a-repository-fixture;;5",
                        "keyword": "Scenario Outline",
                        "name": "Open the principal part from a repository fixture",
                        "description": "",
                        "line": 16,
                        "type": "scenario",
                        "tags": [
                            {
                                "name": "@implemented",
                                "line": 1
                            },
                            {
                                "name": "@go",
                                "line": 1
                            },
                            {
                                "name": "@package",
                                "line": 1
                            },
                            {
                                "name": "@BASE-001",
                                "line": 5
                            }
                        ],
                        "steps": [
                            {
                                "keyword": "Given ",
                                "name": "the repository fixture \"pptx/comments.pptx\"",
                                "line": 7,
                                "match": {
                                    "location": "acceptance_test.go:138"
                                },
                                "result": {
                                    "status": "passed",
                                    "duration": 69112
                                }
                            },
                            {
                                "keyword": "When ",
                                "name": "I open its Office package",
                                "line": 8,
                                "match": {
                                    "location": "acceptance_test.go:139"
                                },
                                "result": {
                                    "status": "passed",
                                    "duration": 972895
                                }
                            },
                            {
                                "keyword": "Then ",
                                "name": "the package contains a nonempty part \"ppt/presentation.xml\"",
                                "line": 9,
                                "match": {
                                    "location": "acceptance_test.go:140"
                                },
                                "result": {
                                    "status": "passed",
                                    "duration": 62774
                                }
                            }
                        ]
                    },
                    {
                        "id": "existing-office-fixture-intake;open-the-principal-part-from-a-repository-fixture;;6",
                        "keyword": "Scenario Outline",
                        "name": "Open the principal part from a repository fixture",
                        "description": "",
                        "line": 17,
                        "type": "scenario",
                        "tags": [
                            {
                                "name": "@implemented",
                                "line": 1
                            },
                            {
                                "name": "@go",
                                "line": 1
                            },
                            {
                                "name": "@package",
                                "line": 1
                            },
                            {
                                "name": "@BASE-001",
                                "line": 5
                            }
                        ],
                        "steps": [
                            {
                                "keyword": "Given ",
                                "name": "the repository fixture \"excel/formatting.xlsx\"",
                                "line": 7,
                                "match": {
                                    "location": "acceptance_test.go:138"
                                },
                                "result": {
                                    "status": "passed",
                                    "duration": 57546
                                }
                            },
                            {
                                "keyword": "When ",
                                "name": "I open its Office package",
                                "line": 8,
                                "match": {
                                    "location": "acceptance_test.go:139"
                                },
                                "result": {
                                    "status": "passed",
                                    "duration": 176499
                                }
                            },
                            {
                                "keyword": "Then ",
                                "name": "the package contains a nonempty part \"xl/workbook.xml\"",
                                "line": 9,
                                "match": {
                                    "location": "acceptance_test.go:140"
                                },
                                "result": {
                                    "status": "passed",
                                    "duration": 30947
                                }
                            }
                        ]
                    },
                    {
                        "id": "existing-office-fixture-intake;open-the-principal-part-from-a-repository-fixture;;7",
                        "keyword": "Scenario Outline",
                        "name": "Open the principal part from a repository fixture",
                        "description": "",
                        "line": 18,
                        "type": "scenario",
                        "tags": [
                            {
                                "name": "@implemented",
                                "line": 1
                            },
                            {
                                "name": "@go",
                                "line": 1
                            },
                            {
                                "name": "@package",
                                "line": 1
                            },
                            {
                                "name": "@BASE-001",
                                "line": 5
                            }
                        ],
                        "steps": [
                            {
                                "keyword": "Given ",
                                "name": "the repository fixture \"excel/formulas.xlsx\"",
                                "line": 7,
                                "match": {
                                    "location": "acceptance_test.go:138"
                                },
                                "result": {
                                    "status": "passed",
                                    "duration": 54484
                                }
                            },
                            {
                                "keyword": "When ",
                                "name": "I open its Office package",
                                "line": 8,
                                "match": {
                                    "location": "acceptance_test.go:139"
                                },
                                "result": {
                                    "status": "passed",
                                    "duration": 171315
                                }
                            },
                            {
                                "keyword": "Then ",
                                "name": "the package contains a nonempty part \"xl/workbook.xml\"",
                                "line": 9,
                                "match": {
                                    "location": "acceptance_test.go:140"
                                },
                                "result": {
                                    "status": "passed",
                                    "duration": 29827
                                }
                            }
                        ]
                    },
                    {
                        "id": "existing-office-fixture-intake;open-the-principal-part-from-a-repository-fixture;;8",
                        "keyword": "Scenario Outline",
                        "name": "Open the principal part from a repository fixture",
                        "description": "",
                        "line": 19,
                        "type": "scenario",
                        "tags": [
                            {
                                "name": "@implemented",
                                "line": 1
                            },
                            {
                                "name": "@go",
                                "line": 1
                            },
                            {
                                "name": "@package",
                                "line": 1
                            },
                            {
                                "name": "@BASE-001",
                                "line": 5
                            }
                        ],
                        "steps": [
                            {
                                "keyword": "Given ",
                                "name": "the repository fixture \"excel/conditional_format.xlsx\"",
                                "line": 7,
                                "match": {
                                    "location": "acceptance_test.go:138"
                                },
                                "result": {
                                    "status": "passed",
                                    "duration": 63265
                                }
                            },
                            {
                                "keyword": "When ",
                                "name": "I open its Office package",
                                "line": 8,
                                "match": {
                                    "location": "acceptance_test.go:139"
                                },
                                "result": {
                                    "status": "passed",
                                    "duration": 189615
                                }
                            },
                            {
                                "keyword": "Then ",
                                "name": "the package contains a nonempty part \"xl/workbook.xml\"",
                                "line": 9,
                                "match": {
                                    "location": "acceptance_test.go:140"
                                },
                                "result": {
                                    "status": "passed",
                                    "duration": 31911
                                }
                            }
                        ]
                    }
                ]
            },
            {
                "uri": "../features/implemented/document/search-policy.feature",
                "id": "explicit-word-search-policy-and-context-ranking",
                "keyword": "Feature",
                "name": "Explicit Word search policy and context ranking",
                "description": "  Normalisation selects original text; proximity never hides ambiguous candidates.",
                "line": 2,
                "tags": [
                    {
                        "name": "@implemented",
                        "line": 1
                    },
                    {
                        "name": "@go",
                        "line": 1
                    },
                    {
                        "name": "@document",
                        "line": 1
                    }
                ],
                "elements": [
                    {
                        "id": "explicit-word-search-policy-and-context-ranking;normalised-matching-retains-original-typographic-text",
                        "keyword": "Scenario",
                        "name": "Normalised matching retains original typographic text",
                        "description": "",
                        "line": 6,
                        "type": "scenario",
                        "tags": [
                            {
                                "name": "@implemented",
                                "line": 1
                            },
                            {
                                "name": "@go",
                                "line": 1
                            },
                            {
                                "name": "@document",
                                "line": 1
                            },
                            {
                                "name": "@SEARCH-001",
                                "line": 5
                            }
                        ],
                        "steps": [
                            {
                                "keyword": "Given ",
                                "name": "a Word paragraph containing \"Straße – “Cost”\"",
                                "line": 7,
                                "match": {
                                    "location": "search_policy_test.go:41"
                                },
                                "result": {
                                    "status": "passed",
                                    "duration": 317396
                                }
                            },
                            {
                                "keyword": "When ",
                                "name": "I search with normalisation for \"STRASSE - “cost”\"",
                                "line": 8,
                                "match": {
                                    "location": "search_policy_test.go:43"
                                },
                                "result": {
                                    "status": "passed",
                                    "duration": 65771
                                }
                            },
                            {
                                "keyword": "Then ",
                                "name": "the search evidence is exactly \"Straße – “Cost”\"",
                                "line": 9,
                                "match": {
                                    "location": "search_policy_test.go:48"
                                },
                                "result": {
                                    "status": "passed",
                                    "duration": 41787
                                }
                            },
                            {
                                "keyword": "And ",
                                "name": "that selected evidence can authorise an ordinary replacement",
                                "line": 10,
                                "match": {
                                    "location": "search_policy_test.go:54"
                                },
                                "result": {
                                    "status": "passed",
                                    "duration": 117042
                                }
                            }
                        ]
                    },
                    {
                        "id": "explicit-word-search-policy-and-context-ranking;casefold-expansion-cannot-select-half-an-original-character",
                        "keyword": "Scenario",
                        "name": "Casefold expansion cannot select half an original character",
                        "description": "",
                        "line": 13,
                        "type": "scenario",
                        "tags": [
                            {
                                "name": "@implemented",
                                "line": 1
                            },
                            {
                                "name": "@go",
                                "line": 1
                            },
                            {
                                "name": "@document",
                                "line": 1
                            },
                            {
                                "name": "@SEARCH-002",
                                "line": 12
                            }
                        ],
                        "steps": [
                            {
                                "keyword": "Given ",
                                "name": "a Word paragraph containing \"ß\"",
                                "line": 14,
                                "match": {
                                    "location": "search_policy_test.go:41"
                                },
                                "result": {
                                    "status": "passed",
                                    "duration": 1459877
                                }
                            },
                            {
                                "keyword": "When ",
                                "name": "I search with normalisation for \"s\"",
                                "line": 15,
                                "match": {
                                    "location": "search_policy_test.go:43"
                                },
                                "result": {
                                    "status": "passed",
                                    "duration": 36370
                                }
                            },
                            {
                                "keyword": "Then ",
                                "name": "normalised search returns no partial-character target",
                                "line": 16,
                                "match": {
                                    "location": "search_policy_test.go:55"
                                },
                                "result": {
                                    "status": "passed",
                                    "duration": 27563
                                }
                            }
                        ]
                    },
                    {
                        "id": "explicit-word-search-policy-and-context-ranking;near-ranks-every-candidate-but-does-not-discard-distant-matches",
                        "keyword": "Scenario",
                        "name": "Near ranks every candidate but does not discard distant matches",
                        "description": "",
                        "line": 19,
                        "type": "scenario",
                        "tags": [
                            {
                                "name": "@implemented",
                                "line": 1
                            },
                            {
                                "name": "@go",
                                "line": 1
                            },
                            {
                                "name": "@document",
                                "line": 1
                            },
                            {
                                "name": "@SEARCH-003",
                                "line": 18
                            }
                        ],
                        "steps": [
                            {
                                "keyword": "Given ",
                                "name": "Word search paragraphs \"red far\" and \"red context\"",
                                "line": 20,
                                "match": {
                                    "location": "search_policy_test.go:42"
                                },
                                "result": {
                                    "status": "passed",
                                    "duration": 1349567
                                }
                            },
                            {
                                "keyword": "When ",
                                "name": "I rank matches for \"red\" near \"context\"",
                                "line": 21,
                                "match": {
                                    "location": "search_policy_test.go:61"
                                },
                                "result": {
                                    "status": "passed",
                                    "duration": 43302
                                }
                            },
                            {
                                "keyword": "Then ",
                                "name": "both candidates remain and the contextual paragraph ranks first",
                                "line": 22,
                                "match": {
                                    "location": "search_policy_test.go:66"
                                },
                                "result": {
                                    "status": "passed",
                                    "duration": 152387
                                }
                            }
                        ]
                    },
                    {
                        "id": "explicit-word-search-policy-and-context-ranking;conflicting-positional-and-contextual-selectors-refuse",
                        "keyword": "Scenario",
                        "name": "Conflicting positional and contextual selectors refuse",
                        "description": "",
                        "line": 25,
                        "type": "scenario",
                        "tags": [
                            {
                                "name": "@implemented",
                                "line": 1
                            },
                            {
                                "name": "@go",
                                "line": 1
                            },
                            {
                                "name": "@document",
                                "line": 1
                            },
                            {
                                "name": "@SEARCH-004",
                                "line": 24
                            }
                        ],
                        "steps": [
                            {
                                "keyword": "Given ",
                                "name": "a Word paragraph containing \"red red\"",
                                "line": 26,
                                "match": {
                                    "location": "search_policy_test.go:41"
                                },
                                "result": {
                                    "status": "passed",
                                    "duration": 657948
                                }
                            },
                            {
                                "keyword": "When ",
                                "name": "I combine an explicit occurrence with contextual ranking",
                                "line": 27,
                                "match": {
                                    "location": "search_policy_test.go:82"
                                },
                                "result": {
                                    "status": "passed",
                                    "duration": 63535
                                }
                            },
                            {
                                "keyword": "Then ",
                                "name": "the search argument conflict is reported",
                                "line": 28,
                                "match": {
                                    "location": "search_policy_test.go:86"
                                },
                                "result": {
                                    "status": "passed",
                                    "duration": 35047
                                }
                            }
                        ]
                    }
                ]
            },
            {
                "uri": "../features/implemented/spreadsheet/formula-tokens.feature",
                "id": "formula-punctuation-is-distinct-from-quoted-string-content",
                "keyword": "Feature",
                "name": "Formula punctuation is distinct from quoted string content",
                "description": "  Operator-looking text inside string literals never becomes grammar punctuation.",
                "line": 2,
                "tags": [
                    {
                        "name": "@implemented",
                        "line": 1
                    },
                    {
                        "name": "@go",
                        "line": 1
                    },
                    {
                        "name": "@spreadsheet",
                        "line": 1
                    }
                ],
                "elements": [
                    {
                        "id": "formula-punctuation-is-distinct-from-quoted-string-content;a-quoted-closing-parenthesis-is-a-literal-function-argument",
                        "keyword": "Scenario",
                        "name": "A quoted closing parenthesis is a literal function argument",
                        "description": "",
                        "line": 6,
                        "type": "scenario",
                        "tags": [
                            {
                                "name": "@implemented",
                                "line": 1
                            },
                            {
                                "name": "@go",
                                "line": 1
                            },
                            {
                                "name": "@spreadsheet",
                                "line": 1
                            },
                            {
                                "name": "@TOKEN-001",
                                "line": 5
                            }
                        ],
                        "steps": [
                            {
                                "keyword": "Given ",
                                "name": "a static formula with a quoted closing-parenthesis argument",
                                "line": 7,
                                "match": {
                                    "location": "formula_analysis_test.go:21"
                                },
                                "result": {
                                    "status": "passed",
                                    "duration": 37464
                                }
                            },
                            {
                                "keyword": "When ",
                                "name": "I analyse its static references",
                                "line": 8,
                                "match": {
                                    "location": "formula_analysis_test.go:29"
                                },
                                "result": {
                                    "status": "passed",
                                    "duration": 23030
                                }
                            },
                            {
                                "keyword": "Then ",
                                "name": "literal punctuation is accepted without hiding cell references",
                                "line": 9,
                                "match": {
                                    "location": "formula_analysis_test.go:23"
                                },
                                "result": {
                                    "status": "passed",
                                    "duration": 29872
                                }
                            }
                        ]
                    },
                    {
                        "id": "formula-punctuation-is-distinct-from-quoted-string-content;adjacent-quoted-operator-text-cannot-stand-in-for-a-binary-operator",
                        "keyword": "Scenario",
                        "name": "Adjacent quoted operator text cannot stand in for a binary operator",
                        "description": "",
                        "line": 12,
                        "type": "scenario",
                        "tags": [
                            {
                                "name": "@implemented",
                                "line": 1
                            },
                            {
                                "name": "@go",
                                "line": 1
                            },
                            {
                                "name": "@spreadsheet",
                                "line": 1
                            },
                            {
                                "name": "@TOKEN-002",
                                "line": 11
                            }
                        ],
                        "steps": [
                            {
                                "keyword": "Given ",
                                "name": "a formula with two references separated only by a quoted plus sign",
                                "line": 13,
                                "match": {
                                    "location": "formula_analysis_test.go:22"
                                },
                                "result": {
                                    "status": "passed",
                                    "duration": 32413
                                }
                            },
                            {
                                "keyword": "When ",
                                "name": "I analyse its static references",
                                "line": 14,
                                "match": {
                                    "location": "formula_analysis_test.go:29"
                                },
                                "result": {
                                    "status": "passed",
                                    "duration": 20066
                                }
                            },
                            {
                                "keyword": "Then ",
                                "name": "dependency analysis refuses instead of returning a partial answer",
                                "line": 15,
                                "match": {
                                    "location": "formula_analysis_test.go:39"
                                },
                                "result": {
                                    "status": "passed",
                                    "duration": 27307
                                }
                            }
                        ]
                    }
                ]
            },
            {
                "uri": "../features/implemented/document/span-guards.feature",
                "id": "hidden-run-content-cannot-be-crossed-by-word-text-edits",
                "keyword": "Feature",
                "name": "Hidden run content cannot be crossed by Word text edits",
                "description": "  Text matching does not grant authority to cross non-text content or differing namespace semantics.",
                "line": 2,
                "tags": [
                    {
                        "name": "@implemented",
                        "line": 1
                    },
                    {
                        "name": "@go",
                        "line": 1
                    },
                    {
                        "name": "@document",
                        "line": 1
                    }
                ],
                "elements": [
                    {
                        "id": "hidden-run-content-cannot-be-crossed-by-word-text-edits;a-drawing-only-run-inside-a-changed-interval-refuses-replacement",
                        "keyword": "Scenario",
                        "name": "A drawing-only run inside a changed interval refuses replacement",
                        "description": "",
                        "line": 6,
                        "type": "scenario",
                        "tags": [
                            {
                                "name": "@implemented",
                                "line": 1
                            },
                            {
                                "name": "@go",
                                "line": 1
                            },
                            {
                                "name": "@document",
                                "line": 1
                            },
                            {
                                "name": "@GUARD-001",
                                "line": 5
                            }
                        ],
                        "steps": [
                            {
                                "keyword": "Given ",
                                "name": "Word text split around a drawing-only run",
                                "line": 7,
                                "match": {
                                    "location": "span_guards_test.go:38"
                                },
                                "result": {
                                    "status": "passed",
                                    "duration": 282014
                                }
                            },
                            {
                                "keyword": "When ",
                                "name": "I attempt the matched cross-run correction",
                                "line": 8,
                                "match": {
                                    "location": "span_guards_test.go:42"
                                },
                                "result": {
                                    "status": "passed",
                                    "duration": 125302
                                }
                            },
                            {
                                "keyword": "Then ",
                                "name": "the hidden-content correction refuses without changing the archive",
                                "line": 9,
                                "match": {
                                    "location": "span_guards_test.go:58"
                                },
                                "result": {
                                    "status": "passed",
                                    "duration": 1330330
                                }
                            }
                        ]
                    },
                    {
                        "id": "hidden-run-content-cannot-be-crossed-by-word-text-edits;lexically-equal-properties-with-different-namespace-bindings-refuse-insertion",
                        "keyword": "Scenario",
                        "name": "Lexically equal properties with different namespace bindings refuse insertion",
                        "description": "",
                        "line": 12,
                        "type": "scenario",
                        "tags": [
                            {
                                "name": "@implemented",
                                "line": 1
                            },
                            {
                                "name": "@go",
                                "line": 1
                            },
                            {
                                "name": "@document",
                                "line": 1
                            },
                            {
                                "name": "@GUARD-002",
                                "line": 11
                            }
                        ],
                        "steps": [
                            {
                                "keyword": "Given ",
                                "name": "boundary runs with equal property bytes but different prefix bindings",
                                "line": 13,
                                "match": {
                                    "location": "span_guards_test.go:39"
                                },
                                "result": {
                                    "status": "passed",
                                    "duration": 439146
                                }
                            },
                            {
                                "keyword": "When ",
                                "name": "I attempt the matched boundary insertion",
                                "line": 14,
                                "match": {
                                    "location": "span_guards_test.go:50"
                                },
                                "result": {
                                    "status": "passed",
                                    "duration": 66634
                                }
                            },
                            {
                                "keyword": "Then ",
                                "name": "the hidden-content correction refuses without changing the archive",
                                "line": 15,
                                "match": {
                                    "location": "span_guards_test.go:58"
                                },
                                "result": {
                                    "status": "passed",
                                    "duration": 1360031
                                }
                            }
                        ]
                    }
                ]
            },
            {
                "uri": "../features/implemented/package/structure.feature",
                "id": "local-and-central-zip-structures-agree",
                "keyword": "Feature",
                "name": "Local and central ZIP structures agree",
                "description": "  Member identity cannot change between directory lookup and payload reading.",
                "line": 2,
                "tags": [
                    {
                        "name": "@implemented",
                        "line": 1
                    },
                    {
                        "name": "@go",
                        "line": 1
                    },
                    {
                        "name": "@package",
                        "line": 1
                    }
                ],
                "elements": [
                    {
                        "id": "local-and-central-zip-structures-agree;disagreeing-local-headers-refuse-before-reading-xml;;2",
                        "keyword": "Scenario Outline",
                        "name": "Disagreeing local headers refuse before reading XML",
                        "description": "",
                        "line": 13,
                        "type": "scenario",
                        "tags": [
                            {
                                "name": "@implemented",
                                "line": 1
                            },
                            {
                                "name": "@go",
                                "line": 1
                            },
                            {
                                "name": "@package",
                                "line": 1
                            },
                            {
                                "name": "@ZIP-001",
                                "line": 5
                            }
                        ],
                        "steps": [
                            {
                                "keyword": "Given ",
                                "name": "a synthetic archive with a mismatched local \"name\"",
                                "line": 7,
                                "match": {
                                    "location": "io_test.go:158"
                                },
                                "result": {
                                    "status": "passed",
                                    "duration": 140531
                                }
                            },
                            {
                                "keyword": "When ",
                                "name": "I attempt to open the synthetic archive",
                                "line": 8,
                                "match": {
                                    "location": "io_test.go:180"
                                },
                                "result": {
                                    "status": "passed",
                                    "duration": 38749
                                }
                            },
                            {
                                "keyword": "Then ",
                                "name": "archive intake fails without changing the source bytes",
                                "line": 9,
                                "match": {
                                    "location": "io_test.go:181"
                                },
                                "result": {
                                    "status": "passed",
                                    "duration": 27541
                                }
                            }
                        ]
                    },
                    {
                        "id": "local-and-central-zip-structures-agree;disagreeing-local-headers-refuse-before-reading-xml;;3",
                        "keyword": "Scenario Outline",
                        "name": "Disagreeing local headers refuse before reading XML",
                        "description": "",
                        "line": 14,
                        "type": "scenario",
                        "tags": [
                            {
                                "name": "@implemented",
                                "line": 1
                            },
                            {
                                "name": "@go",
                                "line": 1
                            },
                            {
                                "name": "@package",
                                "line": 1
                            },
                            {
                                "name": "@ZIP-001",
                                "line": 5
                            }
                        ],
                        "steps": [
                            {
                                "keyword": "Given ",
                                "name": "a synthetic archive with a mismatched local \"method\"",
                                "line": 7,
                                "match": {
                                    "location": "io_test.go:158"
                                },
                                "result": {
                                    "status": "passed",
                                    "duration": 140217
                                }
                            },
                            {
                                "keyword": "When ",
                                "name": "I attempt to open the synthetic archive",
                                "line": 8,
                                "match": {
                                    "location": "io_test.go:180"
                                },
                                "result": {
                                    "status": "passed",
                                    "duration": 59107
                                }
                            },
                            {
                                "keyword": "Then ",
                                "name": "archive intake fails without changing the source bytes",
                                "line": 9,
                                "match": {
                                    "location": "io_test.go:181"
                                },
                                "result": {
                                    "status": "passed",
                                    "duration": 110992
                                }
                            }
                        ]
                    },
                    {
                        "id": "local-and-central-zip-structures-agree;disagreeing-local-headers-refuse-before-reading-xml;;4",
                        "keyword": "Scenario Outline",
                        "name": "Disagreeing local headers refuse before reading XML",
                        "description": "",
                        "line": 15,
                        "type": "scenario",
                        "tags": [
                            {
                                "name": "@implemented",
                                "line": 1
                            },
                            {
                                "name": "@go",
                                "line": 1
                            },
                            {
                                "name": "@package",
                                "line": 1
                            },
                            {
                                "name": "@ZIP-001",
                                "line": 5
                            }
                        ],
                        "steps": [
                            {
                                "keyword": "Given ",
                                "name": "a synthetic archive with a mismatched local \"flags\"",
                                "line": 7,
                                "match": {
                                    "location": "io_test.go:158"
                                },
                                "result": {
                                    "status": "passed",
                                    "duration": 92730
                                }
                            },
                            {
                                "keyword": "When ",
                                "name": "I attempt to open the synthetic archive",
                                "line": 8,
                                "match": {
                                    "location": "io_test.go:180"
                                },
                                "result": {
                                    "status": "passed",
                                    "duration": 26574
                                }
                            },
                            {
                                "keyword": "Then ",
                                "name": "archive intake fails without changing the source bytes",
                                "line": 9,
                                "match": {
                                    "location": "io_test.go:181"
                                },
                                "result": {
                                    "status": "passed",
                                    "duration": 26296
                                }
                            }
                        ]
                    },
                    {
                        "id": "local-and-central-zip-structures-agree;an-adjusted-archive-prefix-refuses-standalone-package-intake",
                        "keyword": "Scenario",
                        "name": "An adjusted archive prefix refuses standalone package intake",
                        "description": "",
                        "line": 18,
                        "type": "scenario",
                        "tags": [
                            {
                                "name": "@implemented",
                                "line": 1
                            },
                            {
                                "name": "@go",
                                "line": 1
                            },
                            {
                                "name": "@package",
                                "line": 1
                            },
                            {
                                "name": "@ZIP-002",
                                "line": 17
                            }
                        ],
                        "steps": [
                            {
                                "keyword": "Given ",
                                "name": "a synthetic archive with an adjusted prepended prefix",
                                "line": 19,
                                "match": {
                                    "location": "io_test.go:132"
                                },
                                "result": {
                                    "status": "passed",
                                    "duration": 294719
                                }
                            },
                            {
                                "keyword": "When ",
                                "name": "I attempt to open the synthetic archive",
                                "line": 20,
                                "match": {
                                    "location": "io_test.go:180"
                                },
                                "result": {
                                    "status": "passed",
                                    "duration": 52189
                                }
                            },
                            {
                                "keyword": "Then ",
                                "name": "archive intake fails without changing the source bytes",
                                "line": 21,
                                "match": {
                                    "location": "io_test.go:181"
                                },
                                "result": {
                                    "status": "passed",
                                    "duration": 52397
                                }
                            }
                        ]
                    }
                ]
            },
            {
                "uri": "../features/implemented/package/attributes.feature",
                "id": "lossless-xml-attribute-edits",
                "keyword": "Feature",
                "name": "Lossless XML attribute edits",
                "description": "  Attribute edits preserve unrelated start-tag bytes and cannot alter namespace bindings.",
                "line": 2,
                "tags": [
                    {
                        "name": "@implemented",
                        "line": 1
                    },
                    {
                        "name": "@go",
                        "line": 1
                    },
                    {
                        "name": "@package",
                        "line": 1
                    }
                ],
                "elements": [
                    {
                        "id": "lossless-xml-attribute-edits;add-a-namespaced-attribute-using-an-existing-binding",
                        "keyword": "Scenario",
                        "name": "Add a namespaced attribute using an existing binding",
                        "description": "",
                        "line": 6,
                        "type": "scenario",
                        "tags": [
                            {
                                "name": "@implemented",
                                "line": 1
                            },
                            {
                                "name": "@go",
                                "line": 1
                            },
                            {
                                "name": "@package",
                                "line": 1
                            },
                            {
                                "name": "@ATTR-001",
                                "line": 5
                            }
                        ],
                        "steps": [
                            {
                                "keyword": "Given ",
                                "name": "XML with a text element and unrelated attributes",
                                "line": 7,
                                "match": {
                                    "location": "attributes_test.go:25"
                                },
                                "result": {
                                    "status": "passed",
                                    "duration": 37692
                                }
                            },
                            {
                                "keyword": "When ",
                                "name": "I add XML space preservation and replace its text",
                                "line": 8,
                                "match": {
                                    "location": "attributes_test.go:34"
                                },
                                "result": {
                                    "status": "passed",
                                    "duration": 32565
                                }
                            },
                            {
                                "keyword": "Then ",
                                "name": "the original start-tag attributes retain their bytes",
                                "line": 9,
                                "match": {
                                    "location": "attributes_test.go:39"
                                },
                                "result": {
                                    "status": "passed",
                                    "duration": 31882
                                }
                            },
                            {
                                "keyword": "And ",
                                "name": "only the requested attribute and text are changed",
                                "line": 10,
                                "match": {
                                    "location": "attributes_test.go:45"
                                },
                                "result": {
                                    "status": "passed",
                                    "duration": 30758
                                }
                            }
                        ]
                    },
                    {
                        "id": "lossless-xml-attribute-edits;a-namespace-changing-batch-refuses-without-changing-the-snapshot",
                        "keyword": "Scenario",
                        "name": "A namespace-changing batch refuses without changing the snapshot",
                        "description": "",
                        "line": 13,
                        "type": "scenario",
                        "tags": [
                            {
                                "name": "@implemented",
                                "line": 1
                            },
                            {
                                "name": "@go",
                                "line": 1
                            },
                            {
                                "name": "@package",
                                "line": 1
                            },
                            {
                                "name": "@ATTR-002",
                                "line": 12
                            }
                        ],
                        "steps": [
                            {
                                "keyword": "Given ",
                                "name": "XML with a text element and unrelated attributes",
                                "line": 14,
                                "match": {
                                    "location": "attributes_test.go:25"
                                },
                                "result": {
                                    "status": "passed",
                                    "duration": 43127
                                }
                            },
                            {
                                "keyword": "When ",
                                "name": "an attribute edit attempts to change a namespace declaration",
                                "line": 15,
                                "match": {
                                    "location": "attributes_test.go:52"
                                },
                                "result": {
                                    "status": "passed",
                                    "duration": 30507
                                }
                            },
                            {
                                "keyword": "Then ",
                                "name": "the attribute batch refuses and the original snapshot remains reusable",
                                "line": 16,
                                "match": {
                                    "location": "attributes_test.go:56"
                                },
                                "result": {
                                    "status": "passed",
                                    "duration": 39876
                                }
                            }
                        ]
                    }
                ]
            },
            {
                "uri": "../features/implemented/package/xml.feature",
                "id": "lossless-namespace-aware-xml-leaf-edits",
                "keyword": "Feature",
                "name": "Lossless namespace-aware XML leaf edits",
                "description": "  XML inspection identifies expanded names while edits retain unrelated source bytes.",
                "line": 2,
                "tags": [
                    {
                        "name": "@implemented",
                        "line": 1
                    },
                    {
                        "name": "@go",
                        "line": 1
                    },
                    {
                        "name": "@package",
                        "line": 1
                    }
                ],
                "elements": [
                    {
                        "id": "lossless-namespace-aware-xml-leaf-edits;editing-a-text-leaf-preserves-unknown-markup-and-namespace-context",
                        "keyword": "Scenario",
                        "name": "Editing a text leaf preserves unknown markup and namespace context",
                        "description": "",
                        "line": 6,
                        "type": "scenario",
                        "tags": [
                            {
                                "name": "@implemented",
                                "line": 1
                            },
                            {
                                "name": "@go",
                                "line": 1
                            },
                            {
                                "name": "@package",
                                "line": 1
                            },
                            {
                                "name": "@XML-001",
                                "line": 5
                            }
                        ],
                        "steps": [
                            {
                                "keyword": "Given ",
                                "name": "XML with prefixed text and an opaque extension",
                                "line": 7,
                                "match": {
                                    "location": "xml_test.go:36"
                                },
                                "result": {
                                    "status": "passed",
                                    "duration": 37962
                                }
                            },
                            {
                                "keyword": "When ",
                                "name": "I replace the selected text leaf with \"A\u0026B \u003cnew\u003e\"",
                                "line": 8,
                                "match": {
                                    "location": "xml_test.go:43"
                                },
                                "result": {
                                    "status": "passed",
                                    "duration": 140018
                                }
                            },
                            {
                                "keyword": "Then ",
                                "name": "only the leaf character-data bytes change",
                                "line": 9,
                                "match": {
                                    "location": "xml_test.go:51"
                                },
                                "result": {
                                    "status": "passed",
                                    "duration": 59470
                                }
                            },
                            {
                                "keyword": "And ",
                                "name": "the replacement decodes to \"A\u0026B \u003cnew\u003e\"",
                                "line": 10,
                                "match": {
                                    "location": "xml_test.go:61"
                                },
                                "result": {
                                    "status": "passed",
                                    "duration": 48093
                                }
                            }
                        ]
                    },
                    {
                        "id": "lossless-namespace-aware-xml-leaf-edits;namespace-invalid-xml-is-rejected;;2",
                        "keyword": "Scenario Outline",
                        "name": "Namespace-invalid XML is rejected",
                        "description": "",
                        "line": 20,
                        "type": "scenario",
                        "tags": [
                            {
                                "name": "@implemented",
                                "line": 1
                            },
                            {
                                "name": "@go",
                                "line": 1
                            },
                            {
                                "name": "@package",
                                "line": 1
                            },
                            {
                                "name": "@XML-002",
                                "line": 12
                            }
                        ],
                        "steps": [
                            {
                                "keyword": "Given ",
                                "name": "XML with \"undeclared element prefix\"",
                                "line": 14,
                                "match": {
                                    "location": "xml_test.go:76"
                                },
                                "result": {
                                    "status": "passed",
                                    "duration": 30142
                                }
                            },
                            {
                                "keyword": "When ",
                                "name": "I parse the XML for lossless editing",
                                "line": 15,
                                "match": {
                                    "location": "xml_test.go:86"
                                },
                                "result": {
                                    "status": "passed",
                                    "duration": 24855
                                }
                            },
                            {
                                "keyword": "Then ",
                                "name": "parsing refuses without changing the source",
                                "line": 16,
                                "match": {
                                    "location": "xml_test.go:87"
                                },
                                "result": {
                                    "status": "passed",
                                    "duration": 23392
                                }
                            }
                        ]
                    },
                    {
                        "id": "lossless-namespace-aware-xml-leaf-edits;namespace-invalid-xml-is-rejected;;3",
                        "keyword": "Scenario Outline",
                        "name": "Namespace-invalid XML is rejected",
                        "description": "",
                        "line": 21,
                        "type": "scenario",
                        "tags": [
                            {
                                "name": "@implemented",
                                "line": 1
                            },
                            {
                                "name": "@go",
                                "line": 1
                            },
                            {
                                "name": "@package",
                                "line": 1
                            },
                            {
                                "name": "@XML-002",
                                "line": 12
                            }
                        ],
                        "steps": [
                            {
                                "keyword": "Given ",
                                "name": "XML with \"undeclared attribute prefix\"",
                                "line": 14,
                                "match": {
                                    "location": "xml_test.go:76"
                                },
                                "result": {
                                    "status": "passed",
                                    "duration": 30752
                                }
                            },
                            {
                                "keyword": "When ",
                                "name": "I parse the XML for lossless editing",
                                "line": 15,
                                "match": {
                                    "location": "xml_test.go:86"
                                },
                                "result": {
                                    "status": "passed",
                                    "duration": 25134
                                }
                            },
                            {
                                "keyword": "Then ",
                                "name": "parsing refuses without changing the source",
                                "line": 16,
                                "match": {
                                    "location": "xml_test.go:87"
                                },
                                "result": {
                                    "status": "passed",
                                    "duration": 23755
                                }
                            }
                        ]
                    },
                    {
                        "id": "lossless-namespace-aware-xml-leaf-edits;namespace-invalid-xml-is-rejected;;4",
                        "keyword": "Scenario Outline",
                        "name": "Namespace-invalid XML is rejected",
                        "description": "",
                        "line": 22,
                        "type": "scenario",
                        "tags": [
                            {
                                "name": "@implemented",
                                "line": 1
                            },
                            {
                                "name": "@go",
                                "line": 1
                            },
                            {
                                "name": "@package",
                                "line": 1
                            },
                            {
                                "name": "@XML-002",
                                "line": 12
                            }
                        ],
                        "steps": [
                            {
                                "keyword": "Given ",
                                "name": "XML with \"duplicate expanded attribute\"",
                                "line": 14,
                                "match": {
                                    "location": "xml_test.go:76"
                                },
                                "result": {
                                    "status": "passed",
                                    "duration": 26804
                                }
                            },
                            {
                                "keyword": "When ",
                                "name": "I parse the XML for lossless editing",
                                "line": 15,
                                "match": {
                                    "location": "xml_test.go:86"
                                },
                                "result": {
                                    "status": "passed",
                                    "duration": 23909
                                }
                            },
                            {
                                "keyword": "Then ",
                                "name": "parsing refuses without changing the source",
                                "line": 16,
                                "match": {
                                    "location": "xml_test.go:87"
                                },
                                "result": {
                                    "status": "passed",
                                    "duration": 22357
                                }
                            }
                        ]
                    },
                    {
                        "id": "lossless-namespace-aware-xml-leaf-edits;namespace-invalid-xml-is-rejected;;5",
                        "keyword": "Scenario Outline",
                        "name": "Namespace-invalid XML is rejected",
                        "description": "",
                        "line": 23,
                        "type": "scenario",
                        "tags": [
                            {
                                "name": "@implemented",
                                "line": 1
                            },
                            {
                                "name": "@go",
                                "line": 1
                            },
                            {
                                "name": "@package",
                                "line": 1
                            },
                            {
                                "name": "@XML-002",
                                "line": 12
                            }
                        ],
                        "steps": [
                            {
                                "keyword": "Given ",
                                "name": "XML with \"invalid xml binding\"",
                                "line": 14,
                                "match": {
                                    "location": "xml_test.go:76"
                                },
                                "result": {
                                    "status": "passed",
                                    "duration": 27293
                                }
                            },
                            {
                                "keyword": "When ",
                                "name": "I parse the XML for lossless editing",
                                "line": 15,
                                "match": {
                                    "location": "xml_test.go:86"
                                },
                                "result": {
                                    "status": "passed",
                                    "duration": 24755
                                }
                            },
                            {
                                "keyword": "Then ",
                                "name": "parsing refuses without changing the source",
                                "line": 16,
                                "match": {
                                    "location": "xml_test.go:87"
                                },
                                "result": {
                                    "status": "passed",
                                    "duration": 25029
                                }
                            }
                        ]
                    },
                    {
                        "id": "lossless-namespace-aware-xml-leaf-edits;namespace-invalid-xml-is-rejected;;6",
                        "keyword": "Scenario Outline",
                        "name": "Namespace-invalid XML is rejected",
                        "description": "",
                        "line": 24,
                        "type": "scenario",
                        "tags": [
                            {
                                "name": "@implemented",
                                "line": 1
                            },
                            {
                                "name": "@go",
                                "line": 1
                            },
                            {
                                "name": "@package",
                                "line": 1
                            },
                            {
                                "name": "@XML-002",
                                "line": 12
                            }
                        ],
                        "steps": [
                            {
                                "keyword": "Given ",
                                "name": "XML with \"mismatched end prefix\"",
                                "line": 14,
                                "match": {
                                    "location": "xml_test.go:76"
                                },
                                "result": {
                                    "status": "passed",
                                    "duration": 55492
                                }
                            },
                            {
                                "keyword": "When ",
                                "name": "I parse the XML for lossless editing",
                                "line": 15,
                                "match": {
                                    "location": "xml_test.go:86"
                                },
                                "result": {
                                    "status": "passed",
                                    "duration": 50025
                                }
                            },
                            {
                                "keyword": "Then ",
                                "name": "parsing refuses without changing the source",
                                "line": 16,
                                "match": {
                                    "location": "xml_test.go:87"
                                },
                                "result": {
                                    "status": "passed",
                                    "duration": 44474
                                }
                            }
                        ]
                    },
                    {
                        "id": "lossless-namespace-aware-xml-leaf-edits;a-foreign-target-refuses-the-entire-edit-batch",
                        "keyword": "Scenario",
                        "name": "A foreign target refuses the entire edit batch",
                        "description": "",
                        "line": 27,
                        "type": "scenario",
                        "tags": [
                            {
                                "name": "@implemented",
                                "line": 1
                            },
                            {
                                "name": "@go",
                                "line": 1
                            },
                            {
                                "name": "@package",
                                "line": 1
                            },
                            {
                                "name": "@XML-003",
                                "line": 26
                            }
                        ],
                        "steps": [
                            {
                                "keyword": "Given ",
                                "name": "XML with prefixed text and an opaque extension",
                                "line": 28,
                                "match": {
                                    "location": "xml_test.go:36"
                                },
                                "result": {
                                    "status": "passed",
                                    "duration": 46260
                                }
                            },
                            {
                                "keyword": "When ",
                                "name": "an edit batch contains a target from another parsed document",
                                "line": 29,
                                "match": {
                                    "location": "xml_test.go:96"
                                },
                                "result": {
                                    "status": "passed",
                                    "duration": 39306
                                }
                            },
                            {
                                "keyword": "Then ",
                                "name": "the batch refuses and a valid target remains reusable",
                                "line": 30,
                                "match": {
                                    "location": "xml_test.go:112"
                                },
                                "result": {
                                    "status": "passed",
                                    "duration": 28533
                                }
                            }
                        ]
                    }
                ]
            },
            {
                "uri": "../features/implemented/package/xml-conformance.feature",
                "id": "namespace-names-and-document-boundaries-obey-xml-rules",
                "keyword": "Feature",
                "name": "Namespace names and document boundaries obey XML rules",
                "description": "  Namespace expansion must not turn invalid qualified names into accepted nodes.",
                "line": 2,
                "tags": [
                    {
                        "name": "@implemented",
                        "line": 1
                    },
                    {
                        "name": "@go",
                        "line": 1
                    },
                    {
                        "name": "@package",
                        "line": 1
                    }
                ],
                "elements": [
                    {
                        "id": "namespace-names-and-document-boundaries-obey-xml-rules;invalid-qualified-names-refuse-before-editing;;2",
                        "keyword": "Scenario Outline",
                        "name": "Invalid qualified names refuse before editing",
                        "description": "",
                        "line": 13,
                        "type": "scenario",
                        "tags": [
                            {
                                "name": "@implemented",
                                "line": 1
                            },
                            {
                                "name": "@go",
                                "line": 1
                            },
                            {
                                "name": "@package",
                                "line": 1
                            },
                            {
                                "name": "@QNAME-001",
                                "line": 5
                            }
                        ],
                        "steps": [
                            {
                                "keyword": "Given ",
                                "name": "XML with invalid qualified-name case \"numeric local name\"",
                                "line": 7,
                                "match": {
                                    "location": "xml_conformance_test.go:25"
                                },
                                "result": {
                                    "status": "passed",
                                    "duration": 58320
                                }
                            },
                            {
                                "keyword": "When ",
                                "name": "I parse it as an editable XML snapshot",
                                "line": 8,
                                "match": {
                                    "location": "xml_conformance_test.go:35"
                                },
                                "result": {
                                    "status": "passed",
                                    "duration": 39417
                                }
                            },
                            {
                                "keyword": "Then ",
                                "name": "invalid XML structure is refused without changing the input",
                                "line": 9,
                                "match": {
                                    "location": "xml_conformance_test.go:36"
                                },
                                "result": {
                                    "status": "passed",
                                    "duration": 45076
                                }
                            }
                        ]
                    },
                    {
                        "id": "namespace-names-and-document-boundaries-obey-xml-rules;invalid-qualified-names-refuse-before-editing;;3",
                        "keyword": "Scenario Outline",
                        "name": "Invalid qualified names refuse before editing",
                        "description": "",
                        "line": 14,
                        "type": "scenario",
                        "tags": [
                            {
                                "name": "@implemented",
                                "line": 1
                            },
                            {
                                "name": "@go",
                                "line": 1
                            },
                            {
                                "name": "@package",
                                "line": 1
                            },
                            {
                                "name": "@QNAME-001",
                                "line": 5
                            }
                        ],
                        "steps": [
                            {
                                "keyword": "Given ",
                                "name": "XML with invalid qualified-name case \"numeric attribute local name\"",
                                "line": 7,
                                "match": {
                                    "location": "xml_conformance_test.go:25"
                                },
                                "result": {
                                    "status": "passed",
                                    "duration": 44086
                                }
                            },
                            {
                                "keyword": "When ",
                                "name": "I parse it as an editable XML snapshot",
                                "line": 8,
                                "match": {
                                    "location": "xml_conformance_test.go:35"
                                },
                                "result": {
                                    "status": "passed",
                                    "duration": 27735
                                }
                            },
                            {
                                "keyword": "Then ",
                                "name": "invalid XML structure is refused without changing the input",
                                "line": 9,
                                "match": {
                                    "location": "xml_conformance_test.go:36"
                                },
                                "result": {
                                    "status": "passed",
                                    "duration": 27259
                                }
                            }
                        ]
                    },
                    {
                        "id": "namespace-names-and-document-boundaries-obey-xml-rules;invalid-qualified-names-refuse-before-editing;;4",
                        "keyword": "Scenario Outline",
                        "name": "Invalid qualified names refuse before editing",
                        "description": "",
                        "line": 15,
                        "type": "scenario",
                        "tags": [
                            {
                                "name": "@implemented",
                                "line": 1
                            },
                            {
                                "name": "@go",
                                "line": 1
                            },
                            {
                                "name": "@package",
                                "line": 1
                            },
                            {
                                "name": "@QNAME-001",
                                "line": 5
                            }
                        ],
                        "steps": [
                            {
                                "keyword": "Given ",
                                "name": "XML with invalid qualified-name case \"numeric namespace prefix\"",
                                "line": 7,
                                "match": {
                                    "location": "xml_conformance_test.go:25"
                                },
                                "result": {
                                    "status": "passed",
                                    "duration": 42095
                                }
                            },
                            {
                                "keyword": "When ",
                                "name": "I parse it as an editable XML snapshot",
                                "line": 8,
                                "match": {
                                    "location": "xml_conformance_test.go:35"
                                },
                                "result": {
                                    "status": "passed",
                                    "duration": 23945
                                }
                            },
                            {
                                "keyword": "Then ",
                                "name": "invalid XML structure is refused without changing the input",
                                "line": 9,
                                "match": {
                                    "location": "xml_conformance_test.go:36"
                                },
                                "result": {
                                    "status": "passed",
                                    "duration": 33753
                                }
                            }
                        ]
                    },
                    {
                        "id": "namespace-names-and-document-boundaries-obey-xml-rules;invalid-qualified-names-refuse-before-editing;;5",
                        "keyword": "Scenario Outline",
                        "name": "Invalid qualified names refuse before editing",
                        "description": "",
                        "line": 16,
                        "type": "scenario",
                        "tags": [
                            {
                                "name": "@implemented",
                                "line": 1
                            },
                            {
                                "name": "@go",
                                "line": 1
                            },
                            {
                                "name": "@package",
                                "line": 1
                            },
                            {
                                "name": "@QNAME-001",
                                "line": 5
                            }
                        ],
                        "steps": [
                            {
                                "keyword": "Given ",
                                "name": "XML with invalid qualified-name case \"non XML whitespace outside root\"",
                                "line": 7,
                                "match": {
                                    "location": "xml_conformance_test.go:25"
                                },
                                "result": {
                                    "status": "passed",
                                    "duration": 35401
                                }
                            },
                            {
                                "keyword": "When ",
                                "name": "I parse it as an editable XML snapshot",
                                "line": 8,
                                "match": {
                                    "location": "xml_conformance_test.go:35"
                                },
                                "result": {
                                    "status": "passed",
                                    "duration": 21374
                                }
                            },
                            {
                                "keyword": "Then ",
                                "name": "invalid XML structure is refused without changing the input",
                                "line": 9,
                                "match": {
                                    "location": "xml_conformance_test.go:36"
                                },
                                "result": {
                                    "status": "passed",
                                    "duration": 36430
                                }
                            }
                        ]
                    },
                    {
                        "id": "namespace-names-and-document-boundaries-obey-xml-rules;fresh-insertion-bindings-do-not-leak-to-existing-or-later-siblings",
                        "keyword": "Scenario",
                        "name": "Fresh insertion bindings do not leak to existing or later siblings",
                        "description": "",
                        "line": 19,
                        "type": "scenario",
                        "tags": [
                            {
                                "name": "@implemented",
                                "line": 1
                            },
                            {
                                "name": "@go",
                                "line": 1
                            },
                            {
                                "name": "@package",
                                "line": 1
                            },
                            {
                                "name": "@QNAME-002",
                                "line": 18
                            }
                        ],
                        "steps": [
                            {
                                "keyword": "Given ",
                                "name": "a parent with an occupied generated prefix and default namespace",
                                "line": 20,
                                "match": {
                                    "location": "xml_conformance_test.go:45"
                                },
                                "result": {
                                    "status": "passed",
                                    "duration": 51710
                                }
                            },
                            {
                                "keyword": "When ",
                                "name": "I append children with independent new namespace requirements",
                                "line": 21,
                                "match": {
                                    "location": "xml_conformance_test.go:51"
                                },
                                "result": {
                                    "status": "passed",
                                    "duration": 41997
                                }
                            },
                            {
                                "keyword": "Then ",
                                "name": "all new and existing sibling names resolve to their intended namespaces",
                                "line": 22,
                                "match": {
                                    "location": "xml_conformance_test.go:56"
                                },
                                "result": {
                                    "status": "passed",
                                    "duration": 34595
                                }
                            }
                        ]
                    }
                ]
            },
            {
                "uri": "../features/implemented/spreadsheet/style-index.feature",
                "id": "numeric-edits-require-resolvable-cell-styles",
                "keyword": "Feature",
                "name": "Numeric edits require resolvable cell styles",
                "description": "  An omitted cell style attribute still selects style zero when a style table exists.",
                "line": 2,
                "tags": [
                    {
                        "name": "@implemented",
                        "line": 1
                    },
                    {
                        "name": "@go",
                        "line": 1
                    },
                    {
                        "name": "@spreadsheet",
                        "line": 1
                    }
                ],
                "elements": [
                    {
                        "id": "numeric-edits-require-resolvable-cell-styles;invalid-style-references-refuse-numeric-edits-unchanged;;2",
                        "keyword": "Scenario Outline",
                        "name": "Invalid style references refuse numeric edits unchanged",
                        "description": "",
                        "line": 13,
                        "type": "scenario",
                        "tags": [
                            {
                                "name": "@implemented",
                                "line": 1
                            },
                            {
                                "name": "@go",
                                "line": 1
                            },
                            {
                                "name": "@spreadsheet",
                                "line": 1
                            },
                            {
                                "name": "@STYLE-001",
                                "line": 5
                            }
                        ],
                        "steps": [
                            {
                                "keyword": "Given ",
                                "name": "a numeric workbook with \"empty cellXfs and omitted s\"",
                                "line": 7,
                                "match": {
                                    "location": "style_index_test.go:82"
                                },
                                "result": {
                                    "status": "passed",
                                    "duration": 538417
                                }
                            },
                            {
                                "keyword": "When ",
                                "name": "I attempt a numeric edit under the style policy",
                                "line": 8,
                                "match": {
                                    "location": "style_index_test.go:83"
                                },
                                "result": {
                                    "status": "passed",
                                    "duration": 101179
                                }
                            },
                            {
                                "keyword": "Then ",
                                "name": "style validation refuses with the original archive unchanged",
                                "line": 9,
                                "match": {
                                    "location": "style_index_test.go:84"
                                },
                                "result": {
                                    "status": "passed",
                                    "duration": 1362531
                                }
                            }
                        ]
                    },
                    {
                        "id": "numeric-edits-require-resolvable-cell-styles;invalid-style-references-refuse-numeric-edits-unchanged;;3",
                        "keyword": "Scenario Outline",
                        "name": "Invalid style references refuse numeric edits unchanged",
                        "description": "",
                        "line": 14,
                        "type": "scenario",
                        "tags": [
                            {
                                "name": "@implemented",
                                "line": 1
                            },
                            {
                                "name": "@go",
                                "line": 1
                            },
                            {
                                "name": "@spreadsheet",
                                "line": 1
                            },
                            {
                                "name": "@STYLE-001",
                                "line": 5
                            }
                        ],
                        "steps": [
                            {
                                "keyword": "Given ",
                                "name": "a numeric workbook with \"empty cellXfs and explicit zero\"",
                                "line": 7,
                                "match": {
                                    "location": "style_index_test.go:82"
                                },
                                "result": {
                                    "status": "passed",
                                    "duration": 387281
                                }
                            },
                            {
                                "keyword": "When ",
                                "name": "I attempt a numeric edit under the style policy",
                                "line": 8,
                                "match": {
                                    "location": "style_index_test.go:83"
                                },
                                "result": {
                                    "status": "passed",
                                    "duration": 90203
                                }
                            },
                            {
                                "keyword": "Then ",
                                "name": "style validation refuses with the original archive unchanged",
                                "line": 9,
                                "match": {
                                    "location": "style_index_test.go:84"
                                },
                                "result": {
                                    "status": "passed",
                                    "duration": 1196836
                                }
                            }
                        ]
                    },
                    {
                        "id": "numeric-edits-require-resolvable-cell-styles;invalid-style-references-refuse-numeric-edits-unchanged;;4",
                        "keyword": "Scenario Outline",
                        "name": "Invalid style references refuse numeric edits unchanged",
                        "description": "",
                        "line": 15,
                        "type": "scenario",
                        "tags": [
                            {
                                "name": "@implemented",
                                "line": 1
                            },
                            {
                                "name": "@go",
                                "line": 1
                            },
                            {
                                "name": "@spreadsheet",
                                "line": 1
                            },
                            {
                                "name": "@STYLE-001",
                                "line": 5
                            }
                        ],
                        "steps": [
                            {
                                "keyword": "Given ",
                                "name": "a numeric workbook with \"out of range style\"",
                                "line": 7,
                                "match": {
                                    "location": "style_index_test.go:82"
                                },
                                "result": {
                                    "status": "passed",
                                    "duration": 358520
                                }
                            },
                            {
                                "keyword": "When ",
                                "name": "I attempt a numeric edit under the style policy",
                                "line": 8,
                                "match": {
                                    "location": "style_index_test.go:83"
                                },
                                "result": {
                                    "status": "passed",
                                    "duration": 99666
                                }
                            },
                            {
                                "keyword": "Then ",
                                "name": "style validation refuses with the original archive unchanged",
                                "line": 9,
                                "match": {
                                    "location": "style_index_test.go:84"
                                },
                                "result": {
                                    "status": "passed",
                                    "duration": 1229036
                                }
                            }
                        ]
                    },
                    {
                        "id": "numeric-edits-require-resolvable-cell-styles;invalid-style-references-refuse-numeric-edits-unchanged;;5",
                        "keyword": "Scenario Outline",
                        "name": "Invalid style references refuse numeric edits unchanged",
                        "description": "",
                        "line": 16,
                        "type": "scenario",
                        "tags": [
                            {
                                "name": "@implemented",
                                "line": 1
                            },
                            {
                                "name": "@go",
                                "line": 1
                            },
                            {
                                "name": "@spreadsheet",
                                "line": 1
                            },
                            {
                                "name": "@STYLE-001",
                                "line": 5
                            }
                        ],
                        "steps": [
                            {
                                "keyword": "Given ",
                                "name": "a numeric workbook with \"mismatched cellXfs count\"",
                                "line": 7,
                                "match": {
                                    "location": "style_index_test.go:82"
                                },
                                "result": {
                                    "status": "passed",
                                    "duration": 401227
                                }
                            },
                            {
                                "keyword": "When ",
                                "name": "I attempt a numeric edit under the style policy",
                                "line": 8,
                                "match": {
                                    "location": "style_index_test.go:83"
                                },
                                "result": {
                                    "status": "passed",
                                    "duration": 124574
                                }
                            },
                            {
                                "keyword": "Then ",
                                "name": "style validation refuses with the original archive unchanged",
                                "line": 9,
                                "match": {
                                    "location": "style_index_test.go:84"
                                },
                                "result": {
                                    "status": "passed",
                                    "duration": 1469462
                                }
                            }
                        ]
                    },
                    {
                        "id": "numeric-edits-require-resolvable-cell-styles;invalid-style-references-refuse-numeric-edits-unchanged;;6",
                        "keyword": "Scenario Outline",
                        "name": "Invalid style references refuse numeric edits unchanged",
                        "description": "",
                        "line": 17,
                        "type": "scenario",
                        "tags": [
                            {
                                "name": "@implemented",
                                "line": 1
                            },
                            {
                                "name": "@go",
                                "line": 1
                            },
                            {
                                "name": "@spreadsheet",
                                "line": 1
                            },
                            {
                                "name": "@STYLE-001",
                                "line": 5
                            }
                        ],
                        "steps": [
                            {
                                "keyword": "Given ",
                                "name": "a numeric workbook with \"malformed style index\"",
                                "line": 7,
                                "match": {
                                    "location": "style_index_test.go:82"
                                },
                                "result": {
                                    "status": "passed",
                                    "duration": 358147
                                }
                            },
                            {
                                "keyword": "When ",
                                "name": "I attempt a numeric edit under the style policy",
                                "line": 8,
                                "match": {
                                    "location": "style_index_test.go:83"
                                },
                                "result": {
                                    "status": "passed",
                                    "duration": 96376
                                }
                            },
                            {
                                "keyword": "Then ",
                                "name": "style validation refuses with the original archive unchanged",
                                "line": 9,
                                "match": {
                                    "location": "style_index_test.go:84"
                                },
                                "result": {
                                    "status": "passed",
                                    "duration": 1210254
                                }
                            }
                        ]
                    },
                    {
                        "id": "numeric-edits-require-resolvable-cell-styles;invalid-style-references-refuse-numeric-edits-unchanged;;7",
                        "keyword": "Scenario Outline",
                        "name": "Invalid style references refuse numeric edits unchanged",
                        "description": "",
                        "line": 18,
                        "type": "scenario",
                        "tags": [
                            {
                                "name": "@implemented",
                                "line": 1
                            },
                            {
                                "name": "@go",
                                "line": 1
                            },
                            {
                                "name": "@spreadsheet",
                                "line": 1
                            },
                            {
                                "name": "@STYLE-001",
                                "line": 5
                            }
                        ],
                        "steps": [
                            {
                                "keyword": "Given ",
                                "name": "a numeric workbook with \"unrelated cell with invalid style\"",
                                "line": 7,
                                "match": {
                                    "location": "style_index_test.go:82"
                                },
                                "result": {
                                    "status": "passed",
                                    "duration": 673608
                                }
                            },
                            {
                                "keyword": "When ",
                                "name": "I attempt a numeric edit under the style policy",
                                "line": 8,
                                "match": {
                                    "location": "style_index_test.go:83"
                                },
                                "result": {
                                    "status": "passed",
                                    "duration": 107925
                                }
                            },
                            {
                                "keyword": "Then ",
                                "name": "style validation refuses with the original archive unchanged",
                                "line": 9,
                                "match": {
                                    "location": "style_index_test.go:84"
                                },
                                "result": {
                                    "status": "passed",
                                    "duration": 1263903
                                }
                            }
                        ]
                    },
                    {
                        "id": "numeric-edits-require-resolvable-cell-styles;implicit-style-zero-resolves-through-a-nonempty-table",
                        "keyword": "Scenario",
                        "name": "Implicit style zero resolves through a nonempty table",
                        "description": "",
                        "line": 21,
                        "type": "scenario",
                        "tags": [
                            {
                                "name": "@implemented",
                                "line": 1
                            },
                            {
                                "name": "@go",
                                "line": 1
                            },
                            {
                                "name": "@spreadsheet",
                                "line": 1
                            },
                            {
                                "name": "@STYLE-002",
                                "line": 20
                            }
                        ],
                        "steps": [
                            {
                                "keyword": "Given ",
                                "name": "a numeric workbook with \"one style and omitted s\"",
                                "line": 22,
                                "match": {
                                    "location": "style_index_test.go:82"
                                },
                                "result": {
                                    "status": "passed",
                                    "duration": 357327
                                }
                            },
                            {
                                "keyword": "When ",
                                "name": "I set its style-validated numeric value to 125",
                                "line": 23,
                                "match": {
                                    "location": "style_index_test.go:98"
                                },
                                "result": {
                                    "status": "passed",
                                    "duration": 187657
                                }
                            },
                            {
                                "keyword": "Then ",
                                "name": "the value changes without adding a style attribute or modifying styles",
                                "line": 24,
                                "match": {
                                    "location": "style_index_test.go:99"
                                },
                                "result": {
                                    "status": "passed",
                                    "duration": 1837650
                                }
                            }
                        ]
                    }
                ]
            },
            {
                "uri": "../features/implemented/package/graph-edit.feature",
                "id": "planned-part-addition-and-relationship-retargeting",
                "keyword": "Feature",
                "name": "Planned part addition and relationship retargeting",
                "description": "  New payloads and registry patches commit together without rewriting shared old payloads.",
                "line": 2,
                "tags": [
                    {
                        "name": "@implemented",
                        "line": 1
                    },
                    {
                        "name": "@go",
                        "line": 1
                    },
                    {
                        "name": "@package",
                        "line": 1
                    }
                ],
                "elements": [
                    {
                        "id": "planned-part-addition-and-relationship-retargeting;add-a-private-payload-and-retarget-one-of-two-shared-edges",
                        "keyword": "Scenario",
                        "name": "Add a private payload and retarget one of two shared edges",
                        "description": "",
                        "line": 6,
                        "type": "scenario",
                        "tags": [
                            {
                                "name": "@implemented",
                                "line": 1
                            },
                            {
                                "name": "@go",
                                "line": 1
                            },
                            {
                                "name": "@package",
                                "line": 1
                            },
                            {
                                "name": "@SURGERY-001",
                                "line": 5
                            }
                        ],
                        "steps": [
                            {
                                "keyword": "Given ",
                                "name": "a retained package with two edges sharing a payload",
                                "line": 7,
                                "match": {
                                    "location": "graph_edit_test.go:35"
                                },
                                "result": {
                                    "status": "passed",
                                    "duration": 571498
                                }
                            },
                            {
                                "keyword": "When ",
                                "name": "I plan a new payload for the first edge",
                                "line": 8,
                                "match": {
                                    "location": "graph_edit_test.go:55"
                                },
                                "result": {
                                    "status": "passed",
                                    "duration": 193949
                                }
                            },
                            {
                                "keyword": "Then ",
                                "name": "planning leaves the original archive byte-identical",
                                "line": 9,
                                "match": {
                                    "location": "graph_edit_test.go:56"
                                },
                                "result": {
                                    "status": "passed",
                                    "duration": 44988
                                }
                            },
                            {
                                "keyword": "When ",
                                "name": "I apply and deliver the graph plan",
                                "line": 10,
                                "match": {
                                    "location": "graph_edit_test.go:66"
                                },
                                "result": {
                                    "status": "passed",
                                    "duration": 2662999
                                }
                            },
                            {
                                "keyword": "Then ",
                                "name": "only the selected edge points to the new registered payload",
                                "line": 11,
                                "match": {
                                    "location": "graph_edit_test.go:86"
                                },
                                "result": {
                                    "status": "passed",
                                    "duration": 122712
                                }
                            },
                            {
                                "keyword": "And ",
                                "name": "unrelated registry bytes and original payloads are preserved",
                                "line": 12,
                                "match": {
                                    "location": "graph_edit_test.go:108"
                                },
                                "result": {
                                    "status": "passed",
                                    "duration": 55137
                                }
                            }
                        ]
                    },
                    {
                        "id": "planned-part-addition-and-relationship-retargeting;unproved-graph-changes-refuse-the-entire-plan;;2",
                        "keyword": "Scenario Outline",
                        "name": "Unproved graph changes refuse the entire plan",
                        "description": "",
                        "line": 22,
                        "type": "scenario",
                        "tags": [
                            {
                                "name": "@implemented",
                                "line": 1
                            },
                            {
                                "name": "@go",
                                "line": 1
                            },
                            {
                                "name": "@package",
                                "line": 1
                            },
                            {
                                "name": "@SURGERY-002",
                                "line": 14
                            }
                        ],
                        "steps": [
                            {
                                "keyword": "Given ",
                                "name": "a retained package with two edges sharing a payload",
                                "line": 16,
                                "match": {
                                    "location": "graph_edit_test.go:35"
                                },
                                "result": {
                                    "status": "passed",
                                    "duration": 760819
                                }
                            },
                            {
                                "keyword": "When ",
                                "name": "I plan a graph change with \"case colliding part\"",
                                "line": 17,
                                "match": {
                                    "location": "graph_edit_test.go:129"
                                },
                                "result": {
                                    "status": "passed",
                                    "duration": 93210
                                }
                            },
                            {
                                "keyword": "Then ",
                                "name": "graph planning refuses without adding parts or changing bytes",
                                "line": 18,
                                "match": {
                                    "location": "graph_edit_test.go:152"
                                },
                                "result": {
                                    "status": "passed",
                                    "duration": 62096
                                }
                            }
                        ]
                    },
                    {
                        "id": "planned-part-addition-and-relationship-retargeting;unproved-graph-changes-refuse-the-entire-plan;;3",
                        "keyword": "Scenario Outline",
                        "name": "Unproved graph changes refuse the entire plan",
                        "description": "",
                        "line": 23,
                        "type": "scenario",
                        "tags": [
                            {
                                "name": "@implemented",
                                "line": 1
                            },
                            {
                                "name": "@go",
                                "line": 1
                            },
                            {
                                "name": "@package",
                                "line": 1
                            },
                            {
                                "name": "@SURGERY-002",
                                "line": 14
                            }
                        ],
                        "steps": [
                            {
                                "keyword": "Given ",
                                "name": "a retained package with two edges sharing a payload",
                                "line": 16,
                                "match": {
                                    "location": "graph_edit_test.go:35"
                                },
                                "result": {
                                    "status": "passed",
                                    "duration": 175670
                                }
                            },
                            {
                                "keyword": "When ",
                                "name": "I plan a graph change with \"absent target\"",
                                "line": 17,
                                "match": {
                                    "location": "graph_edit_test.go:129"
                                },
                                "result": {
                                    "status": "passed",
                                    "duration": 76413
                                }
                            },
                            {
                                "keyword": "Then ",
                                "name": "graph planning refuses without adding parts or changing bytes",
                                "line": 18,
                                "match": {
                                    "location": "graph_edit_test.go:152"
                                },
                                "result": {
                                    "status": "passed",
                                    "duration": 31636
                                }
                            }
                        ]
                    },
                    {
                        "id": "planned-part-addition-and-relationship-retargeting;unproved-graph-changes-refuse-the-entire-plan;;4",
                        "keyword": "Scenario Outline",
                        "name": "Unproved graph changes refuse the entire plan",
                        "description": "",
                        "line": 24,
                        "type": "scenario",
                        "tags": [
                            {
                                "name": "@implemented",
                                "line": 1
                            },
                            {
                                "name": "@go",
                                "line": 1
                            },
                            {
                                "name": "@package",
                                "line": 1
                            },
                            {
                                "name": "@SURGERY-002",
                                "line": 14
                            }
                        ],
                        "steps": [
                            {
                                "keyword": "Given ",
                                "name": "a retained package with two edges sharing a payload",
                                "line": 16,
                                "match": {
                                    "location": "graph_edit_test.go:35"
                                },
                                "result": {
                                    "status": "passed",
                                    "duration": 166937
                                }
                            },
                            {
                                "keyword": "When ",
                                "name": "I plan a graph change with \"external edge\"",
                                "line": 17,
                                "match": {
                                    "location": "graph_edit_test.go:129"
                                },
                                "result": {
                                    "status": "passed",
                                    "duration": 96339
                                }
                            },
                            {
                                "keyword": "Then ",
                                "name": "graph planning refuses without adding parts or changing bytes",
                                "line": 18,
                                "match": {
                                    "location": "graph_edit_test.go:152"
                                },
                                "result": {
                                    "status": "passed",
                                    "duration": 63483
                                }
                            }
                        ]
                    },
                    {
                        "id": "planned-part-addition-and-relationship-retargeting;unproved-graph-changes-refuse-the-entire-plan;;5",
                        "keyword": "Scenario Outline",
                        "name": "Unproved graph changes refuse the entire plan",
                        "description": "",
                        "line": 25,
                        "type": "scenario",
                        "tags": [
                            {
                                "name": "@implemented",
                                "line": 1
                            },
                            {
                                "name": "@go",
                                "line": 1
                            },
                            {
                                "name": "@package",
                                "line": 1
                            },
                            {
                                "name": "@SURGERY-002",
                                "line": 14
                            }
                        ],
                        "steps": [
                            {
                                "keyword": "Given ",
                                "name": "a retained package with two edges sharing a payload",
                                "line": 16,
                                "match": {
                                    "location": "graph_edit_test.go:35"
                                },
                                "result": {
                                    "status": "passed",
                                    "duration": 191447
                                }
                            },
                            {
                                "keyword": "When ",
                                "name": "I plan a graph change with \"duplicate edge edit\"",
                                "line": 17,
                                "match": {
                                    "location": "graph_edit_test.go:129"
                                },
                                "result": {
                                    "status": "passed",
                                    "duration": 186266
                                }
                            },
                            {
                                "keyword": "Then ",
                                "name": "graph planning refuses without adding parts or changing bytes",
                                "line": 18,
                                "match": {
                                    "location": "graph_edit_test.go:152"
                                },
                                "result": {
                                    "status": "passed",
                                    "duration": 43525
                                }
                            }
                        ]
                    },
                    {
                        "id": "planned-part-addition-and-relationship-retargeting;unproved-graph-changes-refuse-the-entire-plan;;6",
                        "keyword": "Scenario Outline",
                        "name": "Unproved graph changes refuse the entire plan",
                        "description": "",
                        "line": 26,
                        "type": "scenario",
                        "tags": [
                            {
                                "name": "@implemented",
                                "line": 1
                            },
                            {
                                "name": "@go",
                                "line": 1
                            },
                            {
                                "name": "@package",
                                "line": 1
                            },
                            {
                                "name": "@SURGERY-002",
                                "line": 14
                            }
                        ],
                        "steps": [
                            {
                                "keyword": "Given ",
                                "name": "a retained package with two edges sharing a payload",
                                "line": 16,
                                "match": {
                                    "location": "graph_edit_test.go:35"
                                },
                                "result": {
                                    "status": "passed",
                                    "duration": 166843
                                }
                            },
                            {
                                "keyword": "When ",
                                "name": "I plan a graph change with \"reserved registry addition\"",
                                "line": 17,
                                "match": {
                                    "location": "graph_edit_test.go:129"
                                },
                                "result": {
                                    "status": "passed",
                                    "duration": 59259
                                }
                            },
                            {
                                "keyword": "Then ",
                                "name": "graph planning refuses without adding parts or changing bytes",
                                "line": 18,
                                "match": {
                                    "location": "graph_edit_test.go:152"
                                },
                                "result": {
                                    "status": "passed",
                                    "duration": 29925
                                }
                            }
                        ]
                    },
                    {
                        "id": "planned-part-addition-and-relationship-retargeting;unproved-graph-changes-refuse-the-entire-plan;;7",
                        "keyword": "Scenario Outline",
                        "name": "Unproved graph changes refuse the entire plan",
                        "description": "",
                        "line": 27,
                        "type": "scenario",
                        "tags": [
                            {
                                "name": "@implemented",
                                "line": 1
                            },
                            {
                                "name": "@go",
                                "line": 1
                            },
                            {
                                "name": "@package",
                                "line": 1
                            },
                            {
                                "name": "@SURGERY-002",
                                "line": 14
                            }
                        ],
                        "steps": [
                            {
                                "keyword": "Given ",
                                "name": "a retained package with two edges sharing a payload",
                                "line": 16,
                                "match": {
                                    "location": "graph_edit_test.go:35"
                                },
                                "result": {
                                    "status": "passed",
                                    "duration": 172970
                                }
                            },
                            {
                                "keyword": "When ",
                                "name": "I plan a graph change with \"malformed XML addition\"",
                                "line": 17,
                                "match": {
                                    "location": "graph_edit_test.go:129"
                                },
                                "result": {
                                    "status": "passed",
                                    "duration": 78822
                                }
                            },
                            {
                                "keyword": "Then ",
                                "name": "graph planning refuses without adding parts or changing bytes",
                                "line": 18,
                                "match": {
                                    "location": "graph_edit_test.go:152"
                                },
                                "result": {
                                    "status": "passed",
                                    "duration": 32228
                                }
                            }
                        ]
                    },
                    {
                        "id": "planned-part-addition-and-relationship-retargeting;a-graph-plan-cannot-overwrite-an-intervening-payload-edit",
                        "keyword": "Scenario",
                        "name": "A graph plan cannot overwrite an intervening payload edit",
                        "description": "",
                        "line": 30,
                        "type": "scenario",
                        "tags": [
                            {
                                "name": "@implemented",
                                "line": 1
                            },
                            {
                                "name": "@go",
                                "line": 1
                            },
                            {
                                "name": "@package",
                                "line": 1
                            },
                            {
                                "name": "@SURGERY-003",
                                "line": 29
                            }
                        ],
                        "steps": [
                            {
                                "keyword": "Given ",
                                "name": "a retained package with two edges sharing a payload",
                                "line": 31,
                                "match": {
                                    "location": "graph_edit_test.go:35"
                                },
                                "result": {
                                    "status": "passed",
                                    "duration": 161432
                                }
                            },
                            {
                                "keyword": "When ",
                                "name": "I plan a new payload for the first edge",
                                "line": 32,
                                "match": {
                                    "location": "graph_edit_test.go:55"
                                },
                                "result": {
                                    "status": "passed",
                                    "duration": 128640
                                }
                            },
                            {
                                "keyword": "And ",
                                "name": "I change an existing payload before applying the graph plan",
                                "line": 33,
                                "match": {
                                    "location": "graph_edit_test.go:166"
                                },
                                "result": {
                                    "status": "passed",
                                    "duration": 30385
                                }
                            },
                            {
                                "keyword": "Then ",
                                "name": "the stale graph plan refuses and preserves the intervening edit",
                                "line": 34,
                                "match": {
                                    "location": "graph_edit_test.go:173"
                                },
                                "result": {
                                    "status": "passed",
                                    "duration": 74717
                                }
                            }
                        ]
                    }
                ]
            },
            {
                "uri": "../features/implemented/document/stories.feature",
                "id": "read-only-word-story-projections",
                "keyword": "Feature",
                "name": "Read-only Word story projections",
                "description": "  Inspection includes related stories and nested paragraphs without double-counting.",
                "line": 2,
                "tags": [
                    {
                        "name": "@implemented",
                        "line": 1
                    },
                    {
                        "name": "@go",
                        "line": 1
                    },
                    {
                        "name": "@document",
                        "line": 1
                    }
                ],
                "elements": [
                    {
                        "id": "read-only-word-story-projections;revision-view-selects-the-appropriate-visible-text;;2",
                        "keyword": "Scenario Outline",
                        "name": "Revision view selects the appropriate visible text",
                        "description": "",
                        "line": 15,
                        "type": "scenario",
                        "tags": [
                            {
                                "name": "@implemented",
                                "line": 1
                            },
                            {
                                "name": "@go",
                                "line": 1
                            },
                            {
                                "name": "@document",
                                "line": 1
                            },
                            {
                                "name": "@STORY-001",
                                "line": 5
                            }
                        ],
                        "steps": [
                            {
                                "keyword": "Given ",
                                "name": "a Word document with body revisions and a related header",
                                "line": 7,
                                "match": {
                                    "location": "stories_test.go:43"
                                },
                                "result": {
                                    "status": "passed",
                                    "duration": 441428
                                }
                            },
                            {
                                "keyword": "When ",
                                "name": "I inspect its \"current\" story view",
                                "line": 8,
                                "match": {
                                    "location": "stories_test.go:45"
                                },
                                "result": {
                                    "status": "passed",
                                    "duration": 78874
                                }
                            },
                            {
                                "keyword": "Then ",
                                "name": "the body paragraph reads \"base new\"",
                                "line": 9,
                                "match": {
                                    "location": "stories_test.go:58"
                                },
                                "result": {
                                    "status": "passed",
                                    "duration": 23781
                                }
                            },
                            {
                                "keyword": "And ",
                                "name": "the related header paragraph reads \"Header text\"",
                                "line": 10,
                                "match": {
                                    "location": "stories_test.go:59"
                                },
                                "result": {
                                    "status": "passed",
                                    "duration": 23810
                                }
                            },
                            {
                                "keyword": "And ",
                                "name": "story inspection leaves the source archive unchanged",
                                "line": 11,
                                "match": {
                                    "location": "stories_test.go:62"
                                },
                                "result": {
                                    "status": "passed",
                                    "duration": 2118588
                                }
                            }
                        ]
                    },
                    {
                        "id": "read-only-word-story-projections;revision-view-selects-the-appropriate-visible-text;;3",
                        "keyword": "Scenario Outline",
                        "name": "Revision view selects the appropriate visible text",
                        "description": "",
                        "line": 16,
                        "type": "scenario",
                        "tags": [
                            {
                                "name": "@implemented",
                                "line": 1
                            },
                            {
                                "name": "@go",
                                "line": 1
                            },
                            {
                                "name": "@document",
                                "line": 1
                            },
                            {
                                "name": "@STORY-001",
                                "line": 5
                            }
                        ],
                        "steps": [
                            {
                                "keyword": "Given ",
                                "name": "a Word document with body revisions and a related header",
                                "line": 7,
                                "match": {
                                    "location": "stories_test.go:43"
                                },
                                "result": {
                                    "status": "passed",
                                    "duration": 322009
                                }
                            },
                            {
                                "keyword": "When ",
                                "name": "I inspect its \"original\" story view",
                                "line": 8,
                                "match": {
                                    "location": "stories_test.go:45"
                                },
                                "result": {
                                    "status": "passed",
                                    "duration": 80799
                                }
                            },
                            {
                                "keyword": "Then ",
                                "name": "the body paragraph reads \"base old\"",
                                "line": 9,
                                "match": {
                                    "location": "stories_test.go:58"
                                },
                                "result": {
                                    "status": "passed",
                                    "duration": 19635
                                }
                            },
                            {
                                "keyword": "And ",
                                "name": "the related header paragraph reads \"Header text\"",
                                "line": 10,
                                "match": {
                                    "location": "stories_test.go:59"
                                },
                                "result": {
                                    "status": "passed",
                                    "duration": 23804
                                }
                            },
                            {
                                "keyword": "And ",
                                "name": "story inspection leaves the source archive unchanged",
                                "line": 11,
                                "match": {
                                    "location": "stories_test.go:62"
                                },
                                "result": {
                                    "status": "passed",
                                    "duration": 2073068
                                }
                            }
                        ]
                    },
                    {
                        "id": "read-only-word-story-projections;revision-view-selects-the-appropriate-visible-text;;4",
                        "keyword": "Scenario Outline",
                        "name": "Revision view selects the appropriate visible text",
                        "description": "",
                        "line": 17,
                        "type": "scenario",
                        "tags": [
                            {
                                "name": "@implemented",
                                "line": 1
                            },
                            {
                                "name": "@go",
                                "line": 1
                            },
                            {
                                "name": "@document",
                                "line": 1
                            },
                            {
                                "name": "@STORY-001",
                                "line": 5
                            }
                        ],
                        "steps": [
                            {
                                "keyword": "Given ",
                                "name": "a Word document with body revisions and a related header",
                                "line": 7,
                                "match": {
                                    "location": "stories_test.go:43"
                                },
                                "result": {
                                    "status": "passed",
                                    "duration": 358907
                                }
                            },
                            {
                                "keyword": "When ",
                                "name": "I inspect its \"all\" story view",
                                "line": 8,
                                "match": {
                                    "location": "stories_test.go:45"
                                },
                                "result": {
                                    "status": "passed",
                                    "duration": 78256
                                }
                            },
                            {
                                "keyword": "Then ",
                                "name": "the body paragraph reads \"base oldnew\"",
                                "line": 9,
                                "match": {
                                    "location": "stories_test.go:58"
                                },
                                "result": {
                                    "status": "passed",
                                    "duration": 20265
                                }
                            },
                            {
                                "keyword": "And ",
                                "name": "the related header paragraph reads \"Header text\"",
                                "line": 10,
                                "match": {
                                    "location": "stories_test.go:59"
                                },
                                "result": {
                                    "status": "passed",
                                    "duration": 23509
                                }
                            },
                            {
                                "keyword": "And ",
                                "name": "story inspection leaves the source archive unchanged",
                                "line": 11,
                                "match": {
                                    "location": "stories_test.go:62"
                                },
                                "result": {
                                    "status": "passed",
                                    "duration": 1996253
                                }
                            }
                        ]
                    },
                    {
                        "id": "read-only-word-story-projections;nested-text-box-paragraphs-do-not-duplicate-their-text-in-the-parent",
                        "keyword": "Scenario",
                        "name": "Nested text box paragraphs do not duplicate their text in the parent",
                        "description": "",
                        "line": 20,
                        "type": "scenario",
                        "tags": [
                            {
                                "name": "@implemented",
                                "line": 1
                            },
                            {
                                "name": "@go",
                                "line": 1
                            },
                            {
                                "name": "@document",
                                "line": 1
                            },
                            {
                                "name": "@STORY-002",
                                "line": 19
                            }
                        ],
                        "steps": [
                            {
                                "keyword": "Given ",
                                "name": "a Word document with a nested text box paragraph",
                                "line": 21,
                                "match": {
                                    "location": "stories_test.go:44"
                                },
                                "result": {
                                    "status": "passed",
                                    "duration": 332579
                                }
                            },
                            {
                                "keyword": "When ",
                                "name": "I inspect its \"current\" story view",
                                "line": 22,
                                "match": {
                                    "location": "stories_test.go:45"
                                },
                                "result": {
                                    "status": "passed",
                                    "duration": 87584
                                }
                            },
                            {
                                "keyword": "Then ",
                                "name": "the outer paragraph reads \"Outer\"",
                                "line": 23,
                                "match": {
                                    "location": "stories_test.go:60"
                                },
                                "result": {
                                    "status": "passed",
                                    "duration": 18291
                                }
                            },
                            {
                                "keyword": "And ",
                                "name": "one text-box paragraph reads \"Inner\"",
                                "line": 24,
                                "match": {
                                    "location": "stories_test.go:61"
                                },
                                "result": {
                                    "status": "passed",
                                    "duration": 17763
                                }
                            }
                        ]
                    }
                ]
            },
            {
                "uri": "../features/implemented/package/graph.feature",
                "id": "read-only-relationship-ownership-inspection",
                "keyword": "Feature",
                "name": "Read-only relationship ownership inspection",
                "description": "  Package inspection resolves local ownership without fetching external targets.",
                "line": 2,
                "tags": [
                    {
                        "name": "@implemented",
                        "line": 1
                    },
                    {
                        "name": "@go",
                        "line": 1
                    },
                    {
                        "name": "@package",
                        "line": 1
                    }
                ],
                "elements": [
                    {
                        "id": "read-only-relationship-ownership-inspection;shared-and-external-relationships-retain-distinct-ownership",
                        "keyword": "Scenario",
                        "name": "Shared and external relationships retain distinct ownership",
                        "description": "",
                        "line": 6,
                        "type": "scenario",
                        "tags": [
                            {
                                "name": "@implemented",
                                "line": 1
                            },
                            {
                                "name": "@go",
                                "line": 1
                            },
                            {
                                "name": "@package",
                                "line": 1
                            },
                            {
                                "name": "@GRAPH-001",
                                "line": 5
                            }
                        ],
                        "steps": [
                            {
                                "keyword": "Given ",
                                "name": "a package with two users of one image and an external hyperlink",
                                "line": 7,
                                "match": {
                                    "location": "graph_test.go:89"
                                },
                                "result": {
                                    "status": "passed",
                                    "duration": 710904
                                }
                            },
                            {
                                "keyword": "When ",
                                "name": "I inspect the retained package relationship graph",
                                "line": 8,
                                "match": {
                                    "location": "graph_test.go:91"
                                },
                                "result": {
                                    "status": "passed",
                                    "duration": 211284
                                }
                            },
                            {
                                "keyword": "Then ",
                                "name": "the image has two incoming relationships",
                                "line": 9,
                                "match": {
                                    "location": "graph_test.go:92"
                                },
                                "result": {
                                    "status": "passed",
                                    "duration": 37333
                                }
                            },
                            {
                                "keyword": "And ",
                                "name": "the hyperlink remains an unresolved external edge",
                                "line": 10,
                                "match": {
                                    "location": "graph_test.go:103"
                                },
                                "result": {
                                    "status": "passed",
                                    "duration": 37082
                                }
                            },
                            {
                                "keyword": "And ",
                                "name": "graph inspection leaves the archive byte-identical",
                                "line": 11,
                                "match": {
                                    "location": "graph_test.go:111"
                                },
                                "result": {
                                    "status": "passed",
                                    "duration": 40899
                                }
                            }
                        ]
                    },
                    {
                        "id": "read-only-relationship-ownership-inspection;ambiguous-or-dangling-registries-refuse-inspection;;2",
                        "keyword": "Scenario Outline",
                        "name": "Ambiguous or dangling registries refuse inspection",
                        "description": "",
                        "line": 21,
                        "type": "scenario",
                        "tags": [
                            {
                                "name": "@implemented",
                                "line": 1
                            },
                            {
                                "name": "@go",
                                "line": 1
                            },
                            {
                                "name": "@package",
                                "line": 1
                            },
                            {
                                "name": "@GRAPH-002",
                                "line": 13
                            }
                        ],
                        "steps": [
                            {
                                "keyword": "Given ",
                                "name": "a relationship package with \"missing target\"",
                                "line": 15,
                                "match": {
                                    "location": "graph_test.go:90"
                                },
                                "result": {
                                    "status": "passed",
                                    "duration": 307241
                                }
                            },
                            {
                                "keyword": "When ",
                                "name": "I inspect the retained package relationship graph",
                                "line": 16,
                                "match": {
                                    "location": "graph_test.go:91"
                                },
                                "result": {
                                    "status": "passed",
                                    "duration": 83717
                                }
                            },
                            {
                                "keyword": "Then ",
                                "name": "graph inspection returns a relationship-policy refusal",
                                "line": 17,
                                "match": {
                                    "location": "graph_test.go:121"
                                },
                                "result": {
                                    "status": "passed",
                                    "duration": 29365
                                }
                            }
                        ]
                    },
                    {
                        "id": "read-only-relationship-ownership-inspection;ambiguous-or-dangling-registries-refuse-inspection;;3",
                        "keyword": "Scenario Outline",
                        "name": "Ambiguous or dangling registries refuse inspection",
                        "description": "",
                        "line": 22,
                        "type": "scenario",
                        "tags": [
                            {
                                "name": "@implemented",
                                "line": 1
                            },
                            {
                                "name": "@go",
                                "line": 1
                            },
                            {
                                "name": "@package",
                                "line": 1
                            },
                            {
                                "name": "@GRAPH-002",
                                "line": 13
                            }
                        ],
                        "steps": [
                            {
                                "keyword": "Given ",
                                "name": "a relationship package with \"duplicate relationship ID\"",
                                "line": 15,
                                "match": {
                                    "location": "graph_test.go:90"
                                },
                                "result": {
                                    "status": "passed",
                                    "duration": 296496
                                }
                            },
                            {
                                "keyword": "When ",
                                "name": "I inspect the retained package relationship graph",
                                "line": 16,
                                "match": {
                                    "location": "graph_test.go:91"
                                },
                                "result": {
                                    "status": "passed",
                                    "duration": 74486
                                }
                            },
                            {
                                "keyword": "Then ",
                                "name": "graph inspection returns a relationship-policy refusal",
                                "line": 17,
                                "match": {
                                    "location": "graph_test.go:121"
                                },
                                "result": {
                                    "status": "passed",
                                    "duration": 26937
                                }
                            }
                        ]
                    },
                    {
                        "id": "read-only-relationship-ownership-inspection;ambiguous-or-dangling-registries-refuse-inspection;;4",
                        "keyword": "Scenario Outline",
                        "name": "Ambiguous or dangling registries refuse inspection",
                        "description": "",
                        "line": 23,
                        "type": "scenario",
                        "tags": [
                            {
                                "name": "@implemented",
                                "line": 1
                            },
                            {
                                "name": "@go",
                                "line": 1
                            },
                            {
                                "name": "@package",
                                "line": 1
                            },
                            {
                                "name": "@GRAPH-002",
                                "line": 13
                            }
                        ],
                        "steps": [
                            {
                                "keyword": "Given ",
                                "name": "a relationship package with \"escaping target\"",
                                "line": 15,
                                "match": {
                                    "location": "graph_test.go:90"
                                },
                                "result": {
                                    "status": "passed",
                                    "duration": 280063
                                }
                            },
                            {
                                "keyword": "When ",
                                "name": "I inspect the retained package relationship graph",
                                "line": 16,
                                "match": {
                                    "location": "graph_test.go:91"
                                },
                                "result": {
                                    "status": "passed",
                                    "duration": 68138
                                }
                            },
                            {
                                "keyword": "Then ",
                                "name": "graph inspection returns a relationship-policy refusal",
                                "line": 17,
                                "match": {
                                    "location": "graph_test.go:121"
                                },
                                "result": {
                                    "status": "passed",
                                    "duration": 28921
                                }
                            }
                        ]
                    },
                    {
                        "id": "read-only-relationship-ownership-inspection;ambiguous-or-dangling-registries-refuse-inspection;;5",
                        "keyword": "Scenario Outline",
                        "name": "Ambiguous or dangling registries refuse inspection",
                        "description": "",
                        "line": 24,
                        "type": "scenario",
                        "tags": [
                            {
                                "name": "@implemented",
                                "line": 1
                            },
                            {
                                "name": "@go",
                                "line": 1
                            },
                            {
                                "name": "@package",
                                "line": 1
                            },
                            {
                                "name": "@GRAPH-002",
                                "line": 13
                            }
                        ],
                        "steps": [
                            {
                                "keyword": "Given ",
                                "name": "a relationship package with \"duplicate content-type default\"",
                                "line": 15,
                                "match": {
                                    "location": "graph_test.go:90"
                                },
                                "result": {
                                    "status": "passed",
                                    "duration": 279279
                                }
                            },
                            {
                                "keyword": "When ",
                                "name": "I inspect the retained package relationship graph",
                                "line": 16,
                                "match": {
                                    "location": "graph_test.go:91"
                                },
                                "result": {
                                    "status": "passed",
                                    "duration": 59870
                                }
                            },
                            {
                                "keyword": "Then ",
                                "name": "graph inspection returns a relationship-policy refusal",
                                "line": 17,
                                "match": {
                                    "location": "graph_test.go:121"
                                },
                                "result": {
                                    "status": "passed",
                                    "duration": 27649
                                }
                            }
                        ]
                    },
                    {
                        "id": "read-only-relationship-ownership-inspection;ambiguous-or-dangling-registries-refuse-inspection;;6",
                        "keyword": "Scenario Outline",
                        "name": "Ambiguous or dangling registries refuse inspection",
                        "description": "",
                        "line": 25,
                        "type": "scenario",
                        "tags": [
                            {
                                "name": "@implemented",
                                "line": 1
                            },
                            {
                                "name": "@go",
                                "line": 1
                            },
                            {
                                "name": "@package",
                                "line": 1
                            },
                            {
                                "name": "@GRAPH-002",
                                "line": 13
                            }
                        ],
                        "steps": [
                            {
                                "keyword": "Given ",
                                "name": "a relationship package with \"unknown registry extension\"",
                                "line": 15,
                                "match": {
                                    "location": "graph_test.go:90"
                                },
                                "result": {
                                    "status": "passed",
                                    "duration": 445441
                                }
                            },
                            {
                                "keyword": "When ",
                                "name": "I inspect the retained package relationship graph",
                                "line": 16,
                                "match": {
                                    "location": "graph_test.go:91"
                                },
                                "result": {
                                    "status": "passed",
                                    "duration": 71556
                                }
                            },
                            {
                                "keyword": "Then ",
                                "name": "graph inspection returns a relationship-policy refusal",
                                "line": 17,
                                "match": {
                                    "location": "graph_test.go:121"
                                },
                                "result": {
                                    "status": "passed",
                                    "duration": 26862
                                }
                            }
                        ]
                    }
                ]
            },
            {
                "uri": "../features/implemented/spreadsheet/image-replace.feature",
                "id": "replace-one-loaded-worksheet-picture-without-rewriting-drawing-xml",
                "keyword": "Feature",
                "name": "Replace one loaded worksheet picture without rewriting drawing XML",
                "description": "  Image bytes are added to a fresh part; old shared media and other consumers remain.",
                "line": 2,
                "tags": [
                    {
                        "name": "@implemented",
                        "line": 1
                    },
                    {
                        "name": "@go",
                        "line": 1
                    },
                    {
                        "name": "@spreadsheet",
                        "line": 1
                    }
                ],
                "elements": [
                    {
                        "id": "replace-one-loaded-worksheet-picture-without-rewriting-drawing-xml;retarget-a-selected-picture-while-another-picture-shares-its-old-media",
                        "keyword": "Scenario",
                        "name": "Retarget a selected picture while another picture shares its old media",
                        "description": "",
                        "line": 6,
                        "type": "scenario",
                        "tags": [
                            {
                                "name": "@implemented",
                                "line": 1
                            },
                            {
                                "name": "@go",
                                "line": 1
                            },
                            {
                                "name": "@spreadsheet",
                                "line": 1
                            },
                            {
                                "name": "@IMAGE-001",
                                "line": 5
                            }
                        ],
                        "steps": [
                            {
                                "keyword": "Given ",
                                "name": "a worksheet with two pictures sharing old image bytes",
                                "line": 7,
                                "match": {
                                    "location": "image_replace_test.go:107"
                                },
                                "result": {
                                    "status": "passed",
                                    "duration": 1052593
                                }
                            },
                            {
                                "keyword": "When ",
                                "name": "I replace picture one with a valid PNG",
                                "line": 8,
                                "match": {
                                    "location": "image_replace_test.go:109"
                                },
                                "result": {
                                    "status": "passed",
                                    "duration": 2373448
                                }
                            },
                            {
                                "keyword": "Then ",
                                "name": "drawing geometry and the other picture remain byte-identical",
                                "line": 9,
                                "match": {
                                    "location": "image_replace_test.go:120"
                                },
                                "result": {
                                    "status": "passed",
                                    "duration": 142255
                                }
                            },
                            {
                                "keyword": "And ",
                                "name": "the selected image uses fresh media while original media is retained",
                                "line": 10,
                                "match": {
                                    "location": "image_replace_test.go:136"
                                },
                                "result": {
                                    "status": "passed",
                                    "duration": 236380
                                }
                            },
                            {
                                "keyword": "And ",
                                "name": "the consumed image target refuses reuse",
                                "line": 11,
                                "match": {
                                    "location": "image_replace_test.go:169"
                                },
                                "result": {
                                    "status": "passed",
                                    "duration": 43286
                                }
                            }
                        ]
                    },
                    {
                        "id": "replace-one-loaded-worksheet-picture-without-rewriting-drawing-xml;ambiguous-or-protected-image-replacement-refuses-unchanged;;2",
                        "keyword": "Scenario Outline",
                        "name": "Ambiguous or protected image replacement refuses unchanged",
                        "description": "",
                        "line": 21,
                        "type": "scenario",
                        "tags": [
                            {
                                "name": "@implemented",
                                "line": 1
                            },
                            {
                                "name": "@go",
                                "line": 1
                            },
                            {
                                "name": "@spreadsheet",
                                "line": 1
                            },
                            {
                                "name": "@IMAGE-002",
                                "line": 13
                            }
                        ],
                        "steps": [
                            {
                                "keyword": "Given ",
                                "name": "an image workbook with \"shared relationship ID\"",
                                "line": 15,
                                "match": {
                                    "location": "image_replace_test.go:108"
                                },
                                "result": {
                                    "status": "passed",
                                    "duration": 783777
                                }
                            },
                            {
                                "keyword": "When ",
                                "name": "I attempt to replace its selected picture",
                                "line": 16,
                                "match": {
                                    "location": "image_replace_test.go:177"
                                },
                                "result": {
                                    "status": "passed",
                                    "duration": 183174
                                }
                            },
                            {
                                "keyword": "Then ",
                                "name": "image replacement refuses without package mutation",
                                "line": 17,
                                "match": {
                                    "location": "image_replace_test.go:184"
                                },
                                "result": {
                                    "status": "passed",
                                    "duration": 1353973
                                }
                            }
                        ]
                    },
                    {
                        "id": "replace-one-loaded-worksheet-picture-without-rewriting-drawing-xml;ambiguous-or-protected-image-replacement-refuses-unchanged;;3",
                        "keyword": "Scenario Outline",
                        "name": "Ambiguous or protected image replacement refuses unchanged",
                        "description": "",
                        "line": 22,
                        "type": "scenario",
                        "tags": [
                            {
                                "name": "@implemented",
                                "line": 1
                            },
                            {
                                "name": "@go",
                                "line": 1
                            },
                            {
                                "name": "@spreadsheet",
                                "line": 1
                            },
                            {
                                "name": "@IMAGE-002",
                                "line": 13
                            }
                        ],
                        "steps": [
                            {
                                "keyword": "Given ",
                                "name": "an image workbook with \"shared drawing part\"",
                                "line": 15,
                                "match": {
                                    "location": "image_replace_test.go:108"
                                },
                                "result": {
                                    "status": "passed",
                                    "duration": 858118
                                }
                            },
                            {
                                "keyword": "When ",
                                "name": "I attempt to replace its selected picture",
                                "line": 16,
                                "match": {
                                    "location": "image_replace_test.go:177"
                                },
                                "result": {
                                    "status": "passed",
                                    "duration": 115031
                                }
                            },
                            {
                                "keyword": "Then ",
                                "name": "image replacement refuses without package mutation",
                                "line": 17,
                                "match": {
                                    "location": "image_replace_test.go:184"
                                },
                                "result": {
                                    "status": "passed",
                                    "duration": 1285749
                                }
                            }
                        ]
                    },
                    {
                        "id": "replace-one-loaded-worksheet-picture-without-rewriting-drawing-xml;ambiguous-or-protected-image-replacement-refuses-unchanged;;4",
                        "keyword": "Scenario Outline",
                        "name": "Ambiguous or protected image replacement refuses unchanged",
                        "description": "",
                        "line": 23,
                        "type": "scenario",
                        "tags": [
                            {
                                "name": "@implemented",
                                "line": 1
                            },
                            {
                                "name": "@go",
                                "line": 1
                            },
                            {
                                "name": "@spreadsheet",
                                "line": 1
                            },
                            {
                                "name": "@IMAGE-002",
                                "line": 13
                            }
                        ],
                        "steps": [
                            {
                                "keyword": "Given ",
                                "name": "an image workbook with \"shared worksheet part\"",
                                "line": 15,
                                "match": {
                                    "location": "image_replace_test.go:108"
                                },
                                "result": {
                                    "status": "passed",
                                    "duration": 1489201
                                }
                            },
                            {
                                "keyword": "When ",
                                "name": "I attempt to replace its selected picture",
                                "line": 16,
                                "match": {
                                    "location": "image_replace_test.go:177"
                                },
                                "result": {
                                    "status": "passed",
                                    "duration": 97215
                                }
                            },
                            {
                                "keyword": "Then ",
                                "name": "image replacement refuses without package mutation",
                                "line": 17,
                                "match": {
                                    "location": "image_replace_test.go:184"
                                },
                                "result": {
                                    "status": "passed",
                                    "duration": 1318714
                                }
                            }
                        ]
                    },
                    {
                        "id": "replace-one-loaded-worksheet-picture-without-rewriting-drawing-xml;ambiguous-or-protected-image-replacement-refuses-unchanged;;5",
                        "keyword": "Scenario Outline",
                        "name": "Ambiguous or protected image replacement refuses unchanged",
                        "description": "",
                        "line": 24,
                        "type": "scenario",
                        "tags": [
                            {
                                "name": "@implemented",
                                "line": 1
                            },
                            {
                                "name": "@go",
                                "line": 1
                            },
                            {
                                "name": "@spreadsheet",
                                "line": 1
                            },
                            {
                                "name": "@IMAGE-002",
                                "line": 13
                            }
                        ],
                        "steps": [
                            {
                                "keyword": "Given ",
                                "name": "an image workbook with \"protected worksheet\"",
                                "line": 15,
                                "match": {
                                    "location": "image_replace_test.go:108"
                                },
                                "result": {
                                    "status": "passed",
                                    "duration": 683127
                                }
                            },
                            {
                                "keyword": "When ",
                                "name": "I attempt to replace its selected picture",
                                "line": 16,
                                "match": {
                                    "location": "image_replace_test.go:177"
                                },
                                "result": {
                                    "status": "passed",
                                    "duration": 118816
                                }
                            },
                            {
                                "keyword": "Then ",
                                "name": "image replacement refuses without package mutation",
                                "line": 17,
                                "match": {
                                    "location": "image_replace_test.go:184"
                                },
                                "result": {
                                    "status": "passed",
                                    "duration": 1251036
                                }
                            }
                        ]
                    },
                    {
                        "id": "replace-one-loaded-worksheet-picture-without-rewriting-drawing-xml;ambiguous-or-protected-image-replacement-refuses-unchanged;;6",
                        "keyword": "Scenario Outline",
                        "name": "Ambiguous or protected image replacement refuses unchanged",
                        "description": "",
                        "line": 25,
                        "type": "scenario",
                        "tags": [
                            {
                                "name": "@implemented",
                                "line": 1
                            },
                            {
                                "name": "@go",
                                "line": 1
                            },
                            {
                                "name": "@spreadsheet",
                                "line": 1
                            },
                            {
                                "name": "@IMAGE-002",
                                "line": 13
                            }
                        ],
                        "steps": [
                            {
                                "keyword": "Given ",
                                "name": "an image workbook with \"malformed image data\"",
                                "line": 15,
                                "match": {
                                    "location": "image_replace_test.go:108"
                                },
                                "result": {
                                    "status": "passed",
                                    "duration": 1063911
                                }
                            },
                            {
                                "keyword": "When ",
                                "name": "I attempt to replace its selected picture",
                                "line": 16,
                                "match": {
                                    "location": "image_replace_test.go:177"
                                },
                                "result": {
                                    "status": "passed",
                                    "duration": 492153
                                }
                            },
                            {
                                "keyword": "Then ",
                                "name": "image replacement refuses without package mutation",
                                "line": 17,
                                "match": {
                                    "location": "image_replace_test.go:184"
                                },
                                "result": {
                                    "status": "passed",
                                    "duration": 1391655
                                }
                            }
                        ]
                    },
                    {
                        "id": "replace-one-loaded-worksheet-picture-without-rewriting-drawing-xml;ambiguous-or-protected-image-replacement-refuses-unchanged;;7",
                        "keyword": "Scenario Outline",
                        "name": "Ambiguous or protected image replacement refuses unchanged",
                        "description": "",
                        "line": 26,
                        "type": "scenario",
                        "tags": [
                            {
                                "name": "@implemented",
                                "line": 1
                            },
                            {
                                "name": "@go",
                                "line": 1
                            },
                            {
                                "name": "@spreadsheet",
                                "line": 1
                            },
                            {
                                "name": "@IMAGE-002",
                                "line": 13
                            }
                        ],
                        "steps": [
                            {
                                "keyword": "Given ",
                                "name": "an image workbook with \"external picture\"",
                                "line": 15,
                                "match": {
                                    "location": "image_replace_test.go:108"
                                },
                                "result": {
                                    "status": "passed",
                                    "duration": 634964
                                }
                            },
                            {
                                "keyword": "When ",
                                "name": "I attempt to replace its selected picture",
                                "line": 16,
                                "match": {
                                    "location": "image_replace_test.go:177"
                                },
                                "result": {
                                    "status": "passed",
                                    "duration": 175177
                                }
                            },
                            {
                                "keyword": "Then ",
                                "name": "image replacement refuses without package mutation",
                                "line": 17,
                                "match": {
                                    "location": "image_replace_test.go:184"
                                },
                                "result": {
                                    "status": "passed",
                                    "duration": 5190478
                                }
                            }
                        ]
                    }
                ]
            },
            {
                "uri": "../features/implemented/package/receipts.feature",
                "id": "retained-source-delivery-receipts",
                "keyword": "Feature",
                "name": "Retained-source delivery receipts",
                "description": "  Receipts describe observed payload changes and failed delivery preserves prior output.",
                "line": 2,
                "tags": [
                    {
                        "name": "@implemented",
                        "line": 1
                    },
                    {
                        "name": "@go",
                        "line": 1
                    },
                    {
                        "name": "@package",
                        "line": 1
                    }
                ],
                "elements": [
                    {
                        "id": "retained-source-delivery-receipts;a-saved-receipt-agrees-with-independent-package-hashes",
                        "keyword": "Scenario",
                        "name": "A saved receipt agrees with independent package hashes",
                        "description": "",
                        "line": 6,
                        "type": "scenario",
                        "tags": [
                            {
                                "name": "@implemented",
                                "line": 1
                            },
                            {
                                "name": "@go",
                                "line": 1
                            },
                            {
                                "name": "@package",
                                "line": 1
                            },
                            {
                                "name": "@RECEIPT-001",
                                "line": 5
                            }
                        ],
                        "steps": [
                            {
                                "keyword": "Given ",
                                "name": "a staged main-part edit with an opaque custom part",
                                "line": 7,
                                "match": {
                                    "location": "receipts_test.go:56"
                                },
                                "result": {
                                    "status": "passed",
                                    "duration": 165251
                                }
                            },
                            {
                                "keyword": "When ",
                                "name": "I save a main-part replacement with a delivery receipt",
                                "line": 8,
                                "match": {
                                    "location": "receipts_test.go:57"
                                },
                                "result": {
                                    "status": "passed",
                                    "duration": 2814349
                                }
                            },
                            {
                                "keyword": "Then ",
                                "name": "the receipt identifies exactly the changed member and both hashes",
                                "line": 9,
                                "match": {
                                    "location": "receipts_test.go:67"
                                },
                                "result": {
                                    "status": "passed",
                                    "duration": 68069
                                }
                            },
                            {
                                "keyword": "And ",
                                "name": "the delivered archive reopens with unchanged opaque bytes",
                                "line": 10,
                                "match": {
                                    "location": "receipts_test.go:90"
                                },
                                "result": {
                                    "status": "passed",
                                    "duration": 89273
                                }
                            }
                        ]
                    },
                    {
                        "id": "retained-source-delivery-receipts;a-directory-destination-refuses-without-consuming-staged-changes",
                        "keyword": "Scenario",
                        "name": "A directory destination refuses without consuming staged changes",
                        "description": "",
                        "line": 13,
                        "type": "scenario",
                        "tags": [
                            {
                                "name": "@implemented",
                                "line": 1
                            },
                            {
                                "name": "@go",
                                "line": 1
                            },
                            {
                                "name": "@package",
                                "line": 1
                            },
                            {
                                "name": "@RECEIPT-002",
                                "line": 12
                            }
                        ],
                        "steps": [
                            {
                                "keyword": "Given ",
                                "name": "a staged main-part edit with an opaque custom part",
                                "line": 14,
                                "match": {
                                    "location": "receipts_test.go:56"
                                },
                                "result": {
                                    "status": "passed",
                                    "duration": 163477
                                }
                            },
                            {
                                "keyword": "When ",
                                "name": "I deliver staged changes to a directory destination",
                                "line": 15,
                                "match": {
                                    "location": "receipts_test.go:109"
                                },
                                "result": {
                                    "status": "passed",
                                    "duration": 62183
                                }
                            },
                            {
                                "keyword": "Then ",
                                "name": "delivery fails without changing the directory",
                                "line": 16,
                                "match": {
                                    "location": "receipts_test.go:118"
                                },
                                "result": {
                                    "status": "passed",
                                    "duration": 33956
                                }
                            },
                            {
                                "keyword": "And ",
                                "name": "the staged change remains available for another save",
                                "line": 17,
                                "match": {
                                    "location": "receipts_test.go:131"
                                },
                                "result": {
                                    "status": "passed",
                                    "duration": 2200115
                                }
                            }
                        ]
                    }
                ]
            },
            {
                "uri": "../features/implemented/package/preservation.feature",
                "id": "retained-source-package-editing",
                "keyword": "Feature",
                "name": "Retained-source package editing",
                "description": "  A bounded part replacement preserves every other source payload.",
                "line": 2,
                "tags": [
                    {
                        "name": "@implemented",
                        "line": 1
                    },
                    {
                        "name": "@go",
                        "line": 1
                    },
                    {
                        "name": "@package",
                        "line": 1
                    }
                ],
                "elements": [
                    {
                        "id": "retained-source-package-editing;a-no-op-save-preserves-the-exact-source-archive",
                        "keyword": "Scenario",
                        "name": "A no-op save preserves the exact source archive",
                        "description": "",
                        "line": 6,
                        "type": "scenario",
                        "tags": [
                            {
                                "name": "@implemented",
                                "line": 1
                            },
                            {
                                "name": "@go",
                                "line": 1
                            },
                            {
                                "name": "@package",
                                "line": 1
                            },
                            {
                                "name": "@SOURCE-001",
                                "line": 5
                            }
                        ],
                        "steps": [
                            {
                                "keyword": "Given ",
                                "name": "an Office source archive with an opaque custom part",
                                "line": 7,
                                "match": {
                                    "location": "preserved_test.go:54"
                                },
                                "result": {
                                    "status": "passed",
                                    "duration": 307392
                                }
                            },
                            {
                                "keyword": "When ",
                                "name": "I open a retained-source editing session and save without edits",
                                "line": 8,
                                "match": {
                                    "location": "preserved_test.go:55"
                                },
                                "result": {
                                    "status": "passed",
                                    "duration": 33998
                                }
                            },
                            {
                                "keyword": "Then ",
                                "name": "the output archive is byte-identical to the source",
                                "line": 9,
                                "match": {
                                    "location": "preserved_test.go:56"
                                },
                                "result": {
                                    "status": "passed",
                                    "duration": 23694
                                }
                            }
                        ]
                    },
                    {
                        "id": "retained-source-package-editing;replacing-one-part-leaves-all-other-member-payloads-unchanged",
                        "keyword": "Scenario",
                        "name": "Replacing one part leaves all other member payloads unchanged",
                        "description": "",
                        "line": 12,
                        "type": "scenario",
                        "tags": [
                            {
                                "name": "@implemented",
                                "line": 1
                            },
                            {
                                "name": "@go",
                                "line": 1
                            },
                            {
                                "name": "@package",
                                "line": 1
                            },
                            {
                                "name": "@SOURCE-002",
                                "line": 11
                            }
                        ],
                        "steps": [
                            {
                                "keyword": "Given ",
                                "name": "an Office source archive with an opaque custom part",
                                "line": 13,
                                "match": {
                                    "location": "preserved_test.go:54"
                                },
                                "result": {
                                    "status": "passed",
                                    "duration": 198607
                                }
                            },
                            {
                                "keyword": "When ",
                                "name": "I replace the main XML part using its current fingerprint",
                                "line": 14,
                                "match": {
                                    "location": "preserved_test.go:62"
                                },
                                "result": {
                                    "status": "passed",
                                    "duration": 335995
                                }
                            },
                            {
                                "keyword": "Then ",
                                "name": "only that member payload changes after saving",
                                "line": 15,
                                "match": {
                                    "location": "preserved_test.go:73"
                                },
                                "result": {
                                    "status": "passed",
                                    "duration": 81984
                                }
                            },
                            {
                                "keyword": "And ",
                                "name": "the retained source bytes remain unchanged",
                                "line": 16,
                                "match": {
                                    "location": "preserved_test.go:100"
                                },
                                "result": {
                                    "status": "passed",
                                    "duration": 34687
                                }
                            }
                        ]
                    },
                    {
                        "id": "retained-source-package-editing;a-stale-replacement-batch-leaves-all-parts-unchanged",
                        "keyword": "Scenario",
                        "name": "A stale replacement batch leaves all parts unchanged",
                        "description": "",
                        "line": 19,
                        "type": "scenario",
                        "tags": [
                            {
                                "name": "@implemented",
                                "line": 1
                            },
                            {
                                "name": "@go",
                                "line": 1
                            },
                            {
                                "name": "@package",
                                "line": 1
                            },
                            {
                                "name": "@SOURCE-003",
                                "line": 18
                            }
                        ],
                        "steps": [
                            {
                                "keyword": "Given ",
                                "name": "an Office source archive with an opaque custom part",
                                "line": 20,
                                "match": {
                                    "location": "preserved_test.go:54"
                                },
                                "result": {
                                    "status": "passed",
                                    "duration": 343872
                                }
                            },
                            {
                                "keyword": "When ",
                                "name": "I request two replacements with one stale fingerprint",
                                "line": 21,
                                "match": {
                                    "location": "preserved_test.go:106"
                                },
                                "result": {
                                    "status": "passed",
                                    "duration": 46437
                                }
                            },
                            {
                                "keyword": "Then ",
                                "name": "the batch returns a stale-target refusal",
                                "line": 22,
                                "match": {
                                    "location": "preserved_test.go:114"
                                },
                                "result": {
                                    "status": "passed",
                                    "duration": 20561
                                }
                            },
                            {
                                "keyword": "And ",
                                "name": "the session still saves the exact original archive",
                                "line": 23,
                                "match": {
                                    "location": "preserved_test.go:121"
                                },
                                "result": {
                                    "status": "passed",
                                    "duration": 24322
                                }
                            }
                        ]
                    }
                ]
            },
            {
                "uri": "../features/implemented/package/graph-target-form.feature",
                "id": "retargeting-preserves-the-package-relative-or-absolute-target-form",
                "keyword": "Feature",
                "name": "Retargeting preserves the package-relative or absolute target form",
                "description": "  A new target must resolve from its actual source while retaining the input path form.",
                "line": 2,
                "tags": [
                    {
                        "name": "@implemented",
                        "line": 1
                    },
                    {
                        "name": "@go",
                        "line": 1
                    },
                    {
                        "name": "@package",
                        "line": 1
                    }
                ],
                "elements": [
                    {
                        "id": "retargeting-preserves-the-package-relative-or-absolute-target-form;retarget-paths-retain-their-original-form;;2",
                        "keyword": "Scenario Outline",
                        "name": "Retarget paths retain their original form",
                        "description": "",
                        "line": 14,
                        "type": "scenario",
                        "tags": [
                            {
                                "name": "@implemented",
                                "line": 1
                            },
                            {
                                "name": "@go",
                                "line": 1
                            },
                            {
                                "name": "@package",
                                "line": 1
                            },
                            {
                                "name": "@TARGETFORM-001",
                                "line": 5
                            }
                        ],
                        "steps": [
                            {
                                "keyword": "Given ",
                                "name": "a graph edge using \"relative\" target form",
                                "line": 7,
                                "match": {
                                    "location": "graph_target_form_test.go:23"
                                },
                                "result": {
                                    "status": "passed",
                                    "duration": 316611
                                }
                            },
                            {
                                "keyword": "When ",
                                "name": "I retarget it to media containing escaped characters",
                                "line": 8,
                                "match": {
                                    "location": "graph_target_form_test.go:44"
                                },
                                "result": {
                                    "status": "passed",
                                    "duration": 303215
                                }
                            },
                            {
                                "keyword": "Then ",
                                "name": "its new target has \"relative\" form and resolves to the exact added member",
                                "line": 9,
                                "match": {
                                    "location": "graph_target_form_test.go:59"
                                },
                                "result": {
                                    "status": "passed",
                                    "duration": 140857
                                }
                            },
                            {
                                "keyword": "And ",
                                "name": "the old media and all unrelated payloads remain unchanged",
                                "line": 10,
                                "match": {
                                    "location": "graph_target_form_test.go:79"
                                },
                                "result": {
                                    "status": "passed",
                                    "duration": 69300
                                }
                            }
                        ]
                    },
                    {
                        "id": "retargeting-preserves-the-package-relative-or-absolute-target-form;retarget-paths-retain-their-original-form;;3",
                        "keyword": "Scenario Outline",
                        "name": "Retarget paths retain their original form",
                        "description": "",
                        "line": 15,
                        "type": "scenario",
                        "tags": [
                            {
                                "name": "@implemented",
                                "line": 1
                            },
                            {
                                "name": "@go",
                                "line": 1
                            },
                            {
                                "name": "@package",
                                "line": 1
                            },
                            {
                                "name": "@TARGETFORM-001",
                                "line": 5
                            }
                        ],
                        "steps": [
                            {
                                "keyword": "Given ",
                                "name": "a graph edge using \"absolute\" target form",
                                "line": 7,
                                "match": {
                                    "location": "graph_target_form_test.go:23"
                                },
                                "result": {
                                    "status": "passed",
                                    "duration": 263054
                                }
                            },
                            {
                                "keyword": "When ",
                                "name": "I retarget it to media containing escaped characters",
                                "line": 8,
                                "match": {
                                    "location": "graph_target_form_test.go:44"
                                },
                                "result": {
                                    "status": "passed",
                                    "duration": 293278
                                }
                            },
                            {
                                "keyword": "Then ",
                                "name": "its new target has \"absolute\" form and resolves to the exact added member",
                                "line": 9,
                                "match": {
                                    "location": "graph_target_form_test.go:59"
                                },
                                "result": {
                                    "status": "passed",
                                    "duration": 144129
                                }
                            },
                            {
                                "keyword": "And ",
                                "name": "the old media and all unrelated payloads remain unchanged",
                                "line": 10,
                                "match": {
                                    "location": "graph_target_form_test.go:79"
                                },
                                "result": {
                                    "status": "passed",
                                    "duration": 67055
                                }
                            }
                        ]
                    }
                ]
            },
            {
                "uri": "../features/implemented/spreadsheet/cache-invalidation.feature",
                "id": "static-dependency-cache-invalidation-without-calculation",
                "keyword": "Feature",
                "name": "Static dependency cache invalidation without calculation",
                "description": "  A supported input edit removes affected cached results and preserves unrelated caches.",
                "line": 2,
                "tags": [
                    {
                        "name": "@implemented",
                        "line": 1
                    },
                    {
                        "name": "@go",
                        "line": 1
                    },
                    {
                        "name": "@spreadsheet",
                        "line": 1
                    }
                ],
                "elements": [
                    {
                        "id": "static-dependency-cache-invalidation-without-calculation;a-cross-sheet-chain-invalidates-transitively",
                        "keyword": "Scenario",
                        "name": "A cross-sheet chain invalidates transitively",
                        "description": "",
                        "line": 6,
                        "type": "scenario",
                        "tags": [
                            {
                                "name": "@implemented",
                                "line": 1
                            },
                            {
                                "name": "@go",
                                "line": 1
                            },
                            {
                                "name": "@spreadsheet",
                                "line": 1
                            },
                            {
                                "name": "@CACHE-001",
                                "line": 5
                            }
                        ],
                        "steps": [
                            {
                                "keyword": "Given ",
                                "name": "a workbook with input one and a static cross-sheet formula chain",
                                "line": 7,
                                "match": {
                                    "location": "cache_invalidation_test.go:109"
                                },
                                "result": {
                                    "status": "passed",
                                    "duration": 502251
                                }
                            },
                            {
                                "keyword": "When ",
                                "name": "I set the input to ten with explicit invalidation",
                                "line": 8,
                                "match": {
                                    "location": "cache_invalidation_test.go:112"
                                },
                                "result": {
                                    "status": "passed",
                                    "duration": 1855360
                                }
                            },
                            {
                                "keyword": "Then ",
                                "name": "direct and transitive cached results are absent or empty",
                                "line": 9,
                                "match": {
                                    "location": "cache_invalidation_test.go:113"
                                },
                                "result": {
                                    "status": "passed",
                                    "duration": 105163
                                }
                            },
                            {
                                "keyword": "And ",
                                "name": "unrelated cached results and all formula text remain unchanged",
                                "line": 10,
                                "match": {
                                    "location": "cache_invalidation_test.go:136"
                                },
                                "result": {
                                    "status": "passed",
                                    "duration": 122080
                                }
                            },
                            {
                                "keyword": "And ",
                                "name": "the workbook requests full recalculation without computing an answer",
                                "line": 11,
                                "match": {
                                    "location": "cache_invalidation_test.go:149"
                                },
                                "result": {
                                    "status": "passed",
                                    "duration": 82777
                                }
                            }
                        ]
                    },
                    {
                        "id": "static-dependency-cache-invalidation-without-calculation;an-unrelated-input-edit-preserves-all-formula-caches",
                        "keyword": "Scenario",
                        "name": "An unrelated input edit preserves all formula caches",
                        "description": "",
                        "line": 14,
                        "type": "scenario",
                        "tags": [
                            {
                                "name": "@implemented",
                                "line": 1
                            },
                            {
                                "name": "@go",
                                "line": 1
                            },
                            {
                                "name": "@spreadsheet",
                                "line": 1
                            },
                            {
                                "name": "@CACHE-002",
                                "line": 13
                            }
                        ],
                        "steps": [
                            {
                                "keyword": "Given ",
                                "name": "a workbook with input one and a static cross-sheet formula chain",
                                "line": 15,
                                "match": {
                                    "location": "cache_invalidation_test.go:109"
                                },
                                "result": {
                                    "status": "passed",
                                    "duration": 809992
                                }
                            },
                            {
                                "keyword": "When ",
                                "name": "I change an unrelated numeric cell with explicit invalidation",
                                "line": 16,
                                "match": {
                                    "location": "cache_invalidation_test.go:171"
                                },
                                "result": {
                                    "status": "passed",
                                    "duration": 2385713
                                }
                            },
                            {
                                "keyword": "Then ",
                                "name": "cache payloads and workbook calculation metadata remain byte-identical",
                                "line": 17,
                                "match": {
                                    "location": "cache_invalidation_test.go:172"
                                },
                                "result": {
                                    "status": "passed",
                                    "duration": 117667
                                }
                            }
                        ]
                    },
                    {
                        "id": "static-dependency-cache-invalidation-without-calculation;unproved-dependent-structures-refuse-the-complete-edit;;2",
                        "keyword": "Scenario Outline",
                        "name": "Unproved dependent structures refuse the complete edit",
                        "description": "",
                        "line": 27,
                        "type": "scenario",
                        "tags": [
                            {
                                "name": "@implemented",
                                "line": 1
                            },
                            {
                                "name": "@go",
                                "line": 1
                            },
                            {
                                "name": "@spreadsheet",
                                "line": 1
                            },
                            {
                                "name": "@CACHE-003",
                                "line": 19
                            }
                        ],
                        "steps": [
                            {
                                "keyword": "Given ",
                                "name": "a formula workbook containing \"dynamic formula\"",
                                "line": 21,
                                "match": {
                                    "location": "cache_invalidation_test.go:110"
                                },
                                "result": {
                                    "status": "passed",
                                    "duration": 496691
                                }
                            },
                            {
                                "keyword": "When ",
                                "name": "I attempt an explicit invalidating input edit",
                                "line": 22,
                                "match": {
                                    "location": "cache_invalidation_test.go:188"
                                },
                                "result": {
                                    "status": "passed",
                                    "duration": 331261
                                }
                            },
                            {
                                "keyword": "Then ",
                                "name": "invalidation returns a typed refusal without any package mutation",
                                "line": 23,
                                "match": {
                                    "location": "cache_invalidation_test.go:196"
                                },
                                "result": {
                                    "status": "passed",
                                    "duration": 1334461
                                }
                            }
                        ]
                    },
                    {
                        "id": "static-dependency-cache-invalidation-without-calculation;unproved-dependent-structures-refuse-the-complete-edit;;3",
                        "keyword": "Scenario Outline",
                        "name": "Unproved dependent structures refuse the complete edit",
                        "description": "",
                        "line": 28,
                        "type": "scenario",
                        "tags": [
                            {
                                "name": "@implemented",
                                "line": 1
                            },
                            {
                                "name": "@go",
                                "line": 1
                            },
                            {
                                "name": "@spreadsheet",
                                "line": 1
                            },
                            {
                                "name": "@CACHE-003",
                                "line": 19
                            }
                        ],
                        "steps": [
                            {
                                "keyword": "Given ",
                                "name": "a formula workbook containing \"shared formula\"",
                                "line": 21,
                                "match": {
                                    "location": "cache_invalidation_test.go:110"
                                },
                                "result": {
                                    "status": "passed",
                                    "duration": 652422
                                }
                            },
                            {
                                "keyword": "When ",
                                "name": "I attempt an explicit invalidating input edit",
                                "line": 22,
                                "match": {
                                    "location": "cache_invalidation_test.go:188"
                                },
                                "result": {
                                    "status": "passed",
                                    "duration": 477834
                                }
                            },
                            {
                                "keyword": "Then ",
                                "name": "invalidation returns a typed refusal without any package mutation",
                                "line": 23,
                                "match": {
                                    "location": "cache_invalidation_test.go:196"
                                },
                                "result": {
                                    "status": "passed",
                                    "duration": 1393060
                                }
                            }
                        ]
                    },
                    {
                        "id": "static-dependency-cache-invalidation-without-calculation;unproved-dependent-structures-refuse-the-complete-edit;;4",
                        "keyword": "Scenario Outline",
                        "name": "Unproved dependent structures refuse the complete edit",
                        "description": "",
                        "line": 29,
                        "type": "scenario",
                        "tags": [
                            {
                                "name": "@implemented",
                                "line": 1
                            },
                            {
                                "name": "@go",
                                "line": 1
                            },
                            {
                                "name": "@spreadsheet",
                                "line": 1
                            },
                            {
                                "name": "@CACHE-003",
                                "line": 19
                            }
                        ],
                        "steps": [
                            {
                                "keyword": "Given ",
                                "name": "a formula workbook containing \"unknown sheet\"",
                                "line": 21,
                                "match": {
                                    "location": "cache_invalidation_test.go:110"
                                },
                                "result": {
                                    "status": "passed",
                                    "duration": 445018
                                }
                            },
                            {
                                "keyword": "When ",
                                "name": "I attempt an explicit invalidating input edit",
                                "line": 22,
                                "match": {
                                    "location": "cache_invalidation_test.go:188"
                                },
                                "result": {
                                    "status": "passed",
                                    "duration": 275378
                                }
                            },
                            {
                                "keyword": "Then ",
                                "name": "invalidation returns a typed refusal without any package mutation",
                                "line": 23,
                                "match": {
                                    "location": "cache_invalidation_test.go:196"
                                },
                                "result": {
                                    "status": "passed",
                                    "duration": 1225063
                                }
                            }
                        ]
                    },
                    {
                        "id": "static-dependency-cache-invalidation-without-calculation;unproved-dependent-structures-refuse-the-complete-edit;;5",
                        "keyword": "Scenario Outline",
                        "name": "Unproved dependent structures refuse the complete edit",
                        "description": "",
                        "line": 30,
                        "type": "scenario",
                        "tags": [
                            {
                                "name": "@implemented",
                                "line": 1
                            },
                            {
                                "name": "@go",
                                "line": 1
                            },
                            {
                                "name": "@spreadsheet",
                                "line": 1
                            },
                            {
                                "name": "@CACHE-003",
                                "line": 19
                            }
                        ],
                        "steps": [
                            {
                                "keyword": "Given ",
                                "name": "a formula workbook containing \"existing calculation chain\"",
                                "line": 21,
                                "match": {
                                    "location": "cache_invalidation_test.go:110"
                                },
                                "result": {
                                    "status": "passed",
                                    "duration": 611965
                                }
                            },
                            {
                                "keyword": "When ",
                                "name": "I attempt an explicit invalidating input edit",
                                "line": 22,
                                "match": {
                                    "location": "cache_invalidation_test.go:188"
                                },
                                "result": {
                                    "status": "passed",
                                    "duration": 156855
                                }
                            },
                            {
                                "keyword": "Then ",
                                "name": "invalidation returns a typed refusal without any package mutation",
                                "line": 23,
                                "match": {
                                    "location": "cache_invalidation_test.go:196"
                                },
                                "result": {
                                    "status": "passed",
                                    "duration": 1253959
                                }
                            }
                        ]
                    },
                    {
                        "id": "static-dependency-cache-invalidation-without-calculation;unproved-dependent-structures-refuse-the-complete-edit;;6",
                        "keyword": "Scenario Outline",
                        "name": "Unproved dependent structures refuse the complete edit",
                        "description": "",
                        "line": 31,
                        "type": "scenario",
                        "tags": [
                            {
                                "name": "@implemented",
                                "line": 1
                            },
                            {
                                "name": "@go",
                                "line": 1
                            },
                            {
                                "name": "@spreadsheet",
                                "line": 1
                            },
                            {
                                "name": "@CACHE-003",
                                "line": 19
                            }
                        ],
                        "steps": [
                            {
                                "keyword": "Given ",
                                "name": "a formula workbook containing \"manual calculation mode\"",
                                "line": 21,
                                "match": {
                                    "location": "cache_invalidation_test.go:110"
                                },
                                "result": {
                                    "status": "passed",
                                    "duration": 391264
                                }
                            },
                            {
                                "keyword": "When ",
                                "name": "I attempt an explicit invalidating input edit",
                                "line": 22,
                                "match": {
                                    "location": "cache_invalidation_test.go:188"
                                },
                                "result": {
                                    "status": "passed",
                                    "duration": 217649
                                }
                            },
                            {
                                "keyword": "Then ",
                                "name": "invalidation returns a typed refusal without any package mutation",
                                "line": 23,
                                "match": {
                                    "location": "cache_invalidation_test.go:196"
                                },
                                "result": {
                                    "status": "passed",
                                    "duration": 1316320
                                }
                            }
                        ]
                    },
                    {
                        "id": "static-dependency-cache-invalidation-without-calculation;unproved-dependent-structures-refuse-the-complete-edit;;7",
                        "keyword": "Scenario Outline",
                        "name": "Unproved dependent structures refuse the complete edit",
                        "description": "",
                        "line": 32,
                        "type": "scenario",
                        "tags": [
                            {
                                "name": "@implemented",
                                "line": 1
                            },
                            {
                                "name": "@go",
                                "line": 1
                            },
                            {
                                "name": "@spreadsheet",
                                "line": 1
                            },
                            {
                                "name": "@CACHE-003",
                                "line": 19
                            }
                        ],
                        "steps": [
                            {
                                "keyword": "Given ",
                                "name": "a formula workbook containing \"locked workbook\"",
                                "line": 21,
                                "match": {
                                    "location": "cache_invalidation_test.go:110"
                                },
                                "result": {
                                    "status": "passed",
                                    "duration": 521141
                                }
                            },
                            {
                                "keyword": "When ",
                                "name": "I attempt an explicit invalidating input edit",
                                "line": 22,
                                "match": {
                                    "location": "cache_invalidation_test.go:188"
                                },
                                "result": {
                                    "status": "passed",
                                    "duration": 248032
                                }
                            },
                            {
                                "keyword": "Then ",
                                "name": "invalidation returns a typed refusal without any package mutation",
                                "line": 23,
                                "match": {
                                    "location": "cache_invalidation_test.go:196"
                                },
                                "result": {
                                    "status": "passed",
                                    "duration": 1364327
                                }
                            }
                        ]
                    },
                    {
                        "id": "static-dependency-cache-invalidation-without-calculation;an-empty-inactive-workbook-protection-marker-permits-invalidation",
                        "keyword": "Scenario",
                        "name": "An empty inactive workbook protection marker permits invalidation",
                        "description": "",
                        "line": 35,
                        "type": "scenario",
                        "tags": [
                            {
                                "name": "@implemented",
                                "line": 1
                            },
                            {
                                "name": "@go",
                                "line": 1
                            },
                            {
                                "name": "@spreadsheet",
                                "line": 1
                            },
                            {
                                "name": "@CACHE-004",
                                "line": 34
                            }
                        ],
                        "steps": [
                            {
                                "keyword": "Given ",
                                "name": "a formula workbook containing \"inactive workbook protection\"",
                                "line": 36,
                                "match": {
                                    "location": "cache_invalidation_test.go:110"
                                },
                                "result": {
                                    "status": "passed",
                                    "duration": 401793
                                }
                            },
                            {
                                "keyword": "When ",
                                "name": "I set the input to ten with explicit invalidation",
                                "line": 37,
                                "match": {
                                    "location": "cache_invalidation_test.go:112"
                                },
                                "result": {
                                    "status": "passed",
                                    "duration": 1660538
                                }
                            },
                            {
                                "keyword": "Then ",
                                "name": "direct and transitive cached results are absent or empty",
                                "line": 38,
                                "match": {
                                    "location": "cache_invalidation_test.go:113"
                                },
                                "result": {
                                    "status": "passed",
                                    "duration": 105936
                                }
                            },
                            {
                                "keyword": "And ",
                                "name": "the workbook requests full recalculation without computing an answer",
                                "line": 39,
                                "match": {
                                    "location": "cache_invalidation_test.go:149"
                                },
                                "result": {
                                    "status": "passed",
                                    "duration": 78200
                                }
                            }
                        ]
                    }
                ]
            },
            {
                "uri": "../features/implemented/spreadsheet/formula-analysis.feature",
                "id": "static-formula-dependency-analysis",
                "keyword": "Feature",
                "name": "Static formula dependency analysis",
                "description": "  Reference analysis distinguishes literal strings from actual A1 references and refuses unknown dependencies.",
                "line": 2,
                "tags": [
                    {
                        "name": "@implemented",
                        "line": 1
                    },
                    {
                        "name": "@go",
                        "line": 1
                    },
                    {
                        "name": "@spreadsheet",
                        "line": 1
                    }
                ],
                "elements": [
                    {
                        "id": "static-formula-dependency-analysis;static-expressions-expose-exact-reference-ranges;;2",
                        "keyword": "Scenario Outline",
                        "name": "Static expressions expose exact reference ranges",
                        "description": "",
                        "line": 13,
                        "type": "scenario",
                        "tags": [
                            {
                                "name": "@implemented",
                                "line": 1
                            },
                            {
                                "name": "@go",
                                "line": 1
                            },
                            {
                                "name": "@spreadsheet",
                                "line": 1
                            },
                            {
                                "name": "@FORMULA-001",
                                "line": 5
                            }
                        ],
                        "steps": [
                            {
                                "keyword": "Given ",
                                "name": "the formula expression \"Input!A1*2\"",
                                "line": 7,
                                "match": {
                                    "location": "formula_analysis_test.go:20"
                                },
                                "result": {
                                    "status": "passed",
                                    "duration": 33074
                                }
                            },
                            {
                                "keyword": "When ",
                                "name": "I analyse its static references",
                                "line": 8,
                                "match": {
                                    "location": "formula_analysis_test.go:29"
                                },
                                "result": {
                                    "status": "passed",
                                    "duration": 21963
                                }
                            },
                            {
                                "keyword": "Then ",
                                "name": "exactly 1 reference ranges are reported",
                                "line": 9,
                                "match": {
                                    "location": "formula_analysis_test.go:30"
                                },
                                "result": {
                                    "status": "passed",
                                    "duration": 22572
                                }
                            }
                        ]
                    },
                    {
                        "id": "static-formula-dependency-analysis;static-expressions-expose-exact-reference-ranges;;3",
                        "keyword": "Scenario Outline",
                        "name": "Static expressions expose exact reference ranges",
                        "description": "",
                        "line": 14,
                        "type": "scenario",
                        "tags": [
                            {
                                "name": "@implemented",
                                "line": 1
                            },
                            {
                                "name": "@go",
                                "line": 1
                            },
                            {
                                "name": "@spreadsheet",
                                "line": 1
                            },
                            {
                                "name": "@FORMULA-001",
                                "line": 5
                            }
                        ],
                        "steps": [
                            {
                                "keyword": "Given ",
                                "name": "the formula expression \"SUM($A$1:B3)+C$4\"",
                                "line": 7,
                                "match": {
                                    "location": "formula_analysis_test.go:20"
                                },
                                "result": {
                                    "status": "passed",
                                    "duration": 43310
                                }
                            },
                            {
                                "keyword": "When ",
                                "name": "I analyse its static references",
                                "line": 8,
                                "match": {
                                    "location": "formula_analysis_test.go:29"
                                },
                                "result": {
                                    "status": "passed",
                                    "duration": 35970
                                }
                            },
                            {
                                "keyword": "Then ",
                                "name": "exactly 2 reference ranges are reported",
                                "line": 9,
                                "match": {
                                    "location": "formula_analysis_test.go:30"
                                },
                                "result": {
                                    "status": "passed",
                                    "duration": 36593
                                }
                            }
                        ]
                    },
                    {
                        "id": "static-formula-dependency-analysis;static-expressions-expose-exact-reference-ranges;;4",
                        "keyword": "Scenario Outline",
                        "name": "Static expressions expose exact reference ranges",
                        "description": "",
                        "line": 15,
                        "type": "scenario",
                        "tags": [
                            {
                                "name": "@implemented",
                                "line": 1
                            },
                            {
                                "name": "@go",
                                "line": 1
                            },
                            {
                                "name": "@spreadsheet",
                                "line": 1
                            },
                            {
                                "name": "@FORMULA-001",
                                "line": 5
                            }
                        ],
                        "steps": [
                            {
                                "keyword": "Given ",
                                "name": "the formula expression \"'Input Data'!$B2+Sheet2!C3\"",
                                "line": 7,
                                "match": {
                                    "location": "formula_analysis_test.go:20"
                                },
                                "result": {
                                    "status": "passed",
                                    "duration": 41200
                                }
                            },
                            {
                                "keyword": "When ",
                                "name": "I analyse its static references",
                                "line": 8,
                                "match": {
                                    "location": "formula_analysis_test.go:29"
                                },
                                "result": {
                                    "status": "passed",
                                    "duration": 21989
                                }
                            },
                            {
                                "keyword": "Then ",
                                "name": "exactly 2 reference ranges are reported",
                                "line": 9,
                                "match": {
                                    "location": "formula_analysis_test.go:30"
                                },
                                "result": {
                                    "status": "passed",
                                    "duration": 20147
                                }
                            }
                        ]
                    },
                    {
                        "id": "static-formula-dependency-analysis;static-expressions-expose-exact-reference-ranges;;5",
                        "keyword": "Scenario Outline",
                        "name": "Static expressions expose exact reference ranges",
                        "description": "",
                        "line": 16,
                        "type": "scenario",
                        "tags": [
                            {
                                "name": "@implemented",
                                "line": 1
                            },
                            {
                                "name": "@go",
                                "line": 1
                            },
                            {
                                "name": "@spreadsheet",
                                "line": 1
                            },
                            {
                                "name": "@FORMULA-001",
                                "line": 5
                            }
                        ],
                        "steps": [
                            {
                                "keyword": "Given ",
                                "name": "the formula expression \"1+2*3\"",
                                "line": 7,
                                "match": {
                                    "location": "formula_analysis_test.go:20"
                                },
                                "result": {
                                    "status": "passed",
                                    "duration": 32737
                                }
                            },
                            {
                                "keyword": "When ",
                                "name": "I analyse its static references",
                                "line": 8,
                                "match": {
                                    "location": "formula_analysis_test.go:29"
                                },
                                "result": {
                                    "status": "passed",
                                    "duration": 29294
                                }
                            },
                            {
                                "keyword": "Then ",
                                "name": "exactly 0 reference ranges are reported",
                                "line": 9,
                                "match": {
                                    "location": "formula_analysis_test.go:30"
                                },
                                "result": {
                                    "status": "passed",
                                    "duration": 40329
                                }
                            }
                        ]
                    },
                    {
                        "id": "static-formula-dependency-analysis;unproved-dynamic-or-extended-syntax-refuses-analysis;;2",
                        "keyword": "Scenario Outline",
                        "name": "Unproved dynamic or extended syntax refuses analysis",
                        "description": "",
                        "line": 26,
                        "type": "scenario",
                        "tags": [
                            {
                                "name": "@implemented",
                                "line": 1
                            },
                            {
                                "name": "@go",
                                "line": 1
                            },
                            {
                                "name": "@spreadsheet",
                                "line": 1
                            },
                            {
                                "name": "@FORMULA-002",
                                "line": 18
                            }
                        ],
                        "steps": [
                            {
                                "keyword": "Given ",
                                "name": "the formula expression \"INDIRECT(A1)\"",
                                "line": 20,
                                "match": {
                                    "location": "formula_analysis_test.go:20"
                                },
                                "result": {
                                    "status": "passed",
                                    "duration": 33241
                                }
                            },
                            {
                                "keyword": "When ",
                                "name": "I analyse its static references",
                                "line": 21,
                                "match": {
                                    "location": "formula_analysis_test.go:29"
                                },
                                "result": {
                                    "status": "passed",
                                    "duration": 23393
                                }
                            },
                            {
                                "keyword": "Then ",
                                "name": "dependency analysis refuses instead of returning a partial answer",
                                "line": 22,
                                "match": {
                                    "location": "formula_analysis_test.go:39"
                                },
                                "result": {
                                    "status": "passed",
                                    "duration": 50842
                                }
                            }
                        ]
                    },
                    {
                        "id": "static-formula-dependency-analysis;unproved-dynamic-or-extended-syntax-refuses-analysis;;3",
                        "keyword": "Scenario Outline",
                        "name": "Unproved dynamic or extended syntax refuses analysis",
                        "description": "",
                        "line": 27,
                        "type": "scenario",
                        "tags": [
                            {
                                "name": "@implemented",
                                "line": 1
                            },
                            {
                                "name": "@go",
                                "line": 1
                            },
                            {
                                "name": "@spreadsheet",
                                "line": 1
                            },
                            {
                                "name": "@FORMULA-002",
                                "line": 18
                            }
                        ],
                        "steps": [
                            {
                                "keyword": "Given ",
                                "name": "the formula expression \"OFFSET(A1,1,1)\"",
                                "line": 20,
                                "match": {
                                    "location": "formula_analysis_test.go:20"
                                },
                                "result": {
                                    "status": "passed",
                                    "duration": 26912
                                }
                            },
                            {
                                "keyword": "When ",
                                "name": "I analyse its static references",
                                "line": 21,
                                "match": {
                                    "location": "formula_analysis_test.go:29"
                                },
                                "result": {
                                    "status": "passed",
                                    "duration": 17921
                                }
                            },
                            {
                                "keyword": "Then ",
                                "name": "dependency analysis refuses instead of returning a partial answer",
                                "line": 22,
                                "match": {
                                    "location": "formula_analysis_test.go:39"
                                },
                                "result": {
                                    "status": "passed",
                                    "duration": 30144
                                }
                            }
                        ]
                    },
                    {
                        "id": "static-formula-dependency-analysis;unproved-dynamic-or-extended-syntax-refuses-analysis;;4",
                        "keyword": "Scenario Outline",
                        "name": "Unproved dynamic or extended syntax refuses analysis",
                        "description": "",
                        "line": 28,
                        "type": "scenario",
                        "tags": [
                            {
                                "name": "@implemented",
                                "line": 1
                            },
                            {
                                "name": "@go",
                                "line": 1
                            },
                            {
                                "name": "@spreadsheet",
                                "line": 1
                            },
                            {
                                "name": "@FORMULA-002",
                                "line": 18
                            }
                        ],
                        "steps": [
                            {
                                "keyword": "Given ",
                                "name": "the formula expression \"Sheet1:Sheet3!A1\"",
                                "line": 20,
                                "match": {
                                    "location": "formula_analysis_test.go:20"
                                },
                                "result": {
                                    "status": "passed",
                                    "duration": 34137
                                }
                            },
                            {
                                "keyword": "When ",
                                "name": "I analyse its static references",
                                "line": 21,
                                "match": {
                                    "location": "formula_analysis_test.go:29"
                                },
                                "result": {
                                    "status": "passed",
                                    "duration": 22110
                                }
                            },
                            {
                                "keyword": "Then ",
                                "name": "dependency analysis refuses instead of returning a partial answer",
                                "line": 22,
                                "match": {
                                    "location": "formula_analysis_test.go:39"
                                },
                                "result": {
                                    "status": "passed",
                                    "duration": 32527
                                }
                            }
                        ]
                    },
                    {
                        "id": "static-formula-dependency-analysis;unproved-dynamic-or-extended-syntax-refuses-analysis;;5",
                        "keyword": "Scenario Outline",
                        "name": "Unproved dynamic or extended syntax refuses analysis",
                        "description": "",
                        "line": 29,
                        "type": "scenario",
                        "tags": [
                            {
                                "name": "@implemented",
                                "line": 1
                            },
                            {
                                "name": "@go",
                                "line": 1
                            },
                            {
                                "name": "@spreadsheet",
                                "line": 1
                            },
                            {
                                "name": "@FORMULA-002",
                                "line": 18
                            }
                        ],
                        "steps": [
                            {
                                "keyword": "Given ",
                                "name": "the formula expression \"Table1[Column]\"",
                                "line": 20,
                                "match": {
                                    "location": "formula_analysis_test.go:20"
                                },
                                "result": {
                                    "status": "passed",
                                    "duration": 23998
                                }
                            },
                            {
                                "keyword": "When ",
                                "name": "I analyse its static references",
                                "line": 21,
                                "match": {
                                    "location": "formula_analysis_test.go:29"
                                },
                                "result": {
                                    "status": "passed",
                                    "duration": 18165
                                }
                            },
                            {
                                "keyword": "Then ",
                                "name": "dependency analysis refuses instead of returning a partial answer",
                                "line": 22,
                                "match": {
                                    "location": "formula_analysis_test.go:39"
                                },
                                "result": {
                                    "status": "passed",
                                    "duration": 28195
                                }
                            }
                        ]
                    },
                    {
                        "id": "static-formula-dependency-analysis;unproved-dynamic-or-extended-syntax-refuses-analysis;;6",
                        "keyword": "Scenario Outline",
                        "name": "Unproved dynamic or extended syntax refuses analysis",
                        "description": "",
                        "line": 30,
                        "type": "scenario",
                        "tags": [
                            {
                                "name": "@implemented",
                                "line": 1
                            },
                            {
                                "name": "@go",
                                "line": 1
                            },
                            {
                                "name": "@spreadsheet",
                                "line": 1
                            },
                            {
                                "name": "@FORMULA-002",
                                "line": 18
                            }
                        ],
                        "steps": [
                            {
                                "keyword": "Given ",
                                "name": "the formula expression \"[Book.xlsx]Sheet1!A1\"",
                                "line": 20,
                                "match": {
                                    "location": "formula_analysis_test.go:20"
                                },
                                "result": {
                                    "status": "passed",
                                    "duration": 39131
                                }
                            },
                            {
                                "keyword": "When ",
                                "name": "I analyse its static references",
                                "line": 21,
                                "match": {
                                    "location": "formula_analysis_test.go:29"
                                },
                                "result": {
                                    "status": "passed",
                                    "duration": 23428
                                }
                            },
                            {
                                "keyword": "Then ",
                                "name": "dependency analysis refuses instead of returning a partial answer",
                                "line": 22,
                                "match": {
                                    "location": "formula_analysis_test.go:39"
                                },
                                "result": {
                                    "status": "passed",
                                    "duration": 31807
                                }
                            }
                        ]
                    },
                    {
                        "id": "static-formula-dependency-analysis;unproved-dynamic-or-extended-syntax-refuses-analysis;;7",
                        "keyword": "Scenario Outline",
                        "name": "Unproved dynamic or extended syntax refuses analysis",
                        "description": "",
                        "line": 31,
                        "type": "scenario",
                        "tags": [
                            {
                                "name": "@implemented",
                                "line": 1
                            },
                            {
                                "name": "@go",
                                "line": 1
                            },
                            {
                                "name": "@spreadsheet",
                                "line": 1
                            },
                            {
                                "name": "@FORMULA-002",
                                "line": 18
                            }
                        ],
                        "steps": [
                            {
                                "keyword": "Given ",
                                "name": "the formula expression \"A1#\"",
                                "line": 20,
                                "match": {
                                    "location": "formula_analysis_test.go:20"
                                },
                                "result": {
                                    "status": "passed",
                                    "duration": 21989
                                }
                            },
                            {
                                "keyword": "When ",
                                "name": "I analyse its static references",
                                "line": 21,
                                "match": {
                                    "location": "formula_analysis_test.go:29"
                                },
                                "result": {
                                    "status": "passed",
                                    "duration": 25310
                                }
                            },
                            {
                                "keyword": "Then ",
                                "name": "dependency analysis refuses instead of returning a partial answer",
                                "line": 22,
                                "match": {
                                    "location": "formula_analysis_test.go:39"
                                },
                                "result": {
                                    "status": "passed",
                                    "duration": 30837
                                }
                            }
                        ]
                    },
                    {
                        "id": "static-formula-dependency-analysis;unproved-dynamic-or-extended-syntax-refuses-analysis;;8",
                        "keyword": "Scenario Outline",
                        "name": "Unproved dynamic or extended syntax refuses analysis",
                        "description": "",
                        "line": 32,
                        "type": "scenario",
                        "tags": [
                            {
                                "name": "@implemented",
                                "line": 1
                            },
                            {
                                "name": "@go",
                                "line": 1
                            },
                            {
                                "name": "@spreadsheet",
                                "line": 1
                            },
                            {
                                "name": "@FORMULA-002",
                                "line": 18
                            }
                        ],
                        "steps": [
                            {
                                "keyword": "Given ",
                                "name": "the formula expression \"A1 B2\"",
                                "line": 20,
                                "match": {
                                    "location": "formula_analysis_test.go:20"
                                },
                                "result": {
                                    "status": "passed",
                                    "duration": 40782
                                }
                            },
                            {
                                "keyword": "When ",
                                "name": "I analyse its static references",
                                "line": 21,
                                "match": {
                                    "location": "formula_analysis_test.go:29"
                                },
                                "result": {
                                    "status": "passed",
                                    "duration": 34746
                                }
                            },
                            {
                                "keyword": "Then ",
                                "name": "dependency analysis refuses instead of returning a partial answer",
                                "line": 22,
                                "match": {
                                    "location": "formula_analysis_test.go:39"
                                },
                                "result": {
                                    "status": "passed",
                                    "duration": 285025
                                }
                            }
                        ]
                    },
                    {
                        "id": "static-formula-dependency-analysis;unproved-dynamic-or-extended-syntax-refuses-analysis;;9",
                        "keyword": "Scenario Outline",
                        "name": "Unproved dynamic or extended syntax refuses analysis",
                        "description": "",
                        "line": 33,
                        "type": "scenario",
                        "tags": [
                            {
                                "name": "@implemented",
                                "line": 1
                            },
                            {
                                "name": "@go",
                                "line": 1
                            },
                            {
                                "name": "@spreadsheet",
                                "line": 1
                            },
                            {
                                "name": "@FORMULA-002",
                                "line": 18
                            }
                        ],
                        "steps": [
                            {
                                "keyword": "Given ",
                                "name": "the formula expression \"A1+\"",
                                "line": 20,
                                "match": {
                                    "location": "formula_analysis_test.go:20"
                                },
                                "result": {
                                    "status": "passed",
                                    "duration": 25042
                                }
                            },
                            {
                                "keyword": "When ",
                                "name": "I analyse its static references",
                                "line": 21,
                                "match": {
                                    "location": "formula_analysis_test.go:29"
                                },
                                "result": {
                                    "status": "passed",
                                    "duration": 21759
                                }
                            },
                            {
                                "keyword": "Then ",
                                "name": "dependency analysis refuses instead of returning a partial answer",
                                "line": 22,
                                "match": {
                                    "location": "formula_analysis_test.go:39"
                                },
                                "result": {
                                    "status": "passed",
                                    "duration": 30404
                                }
                            }
                        ]
                    }
                ]
            },
            {
                "uri": "../features/implemented/spreadsheet/formula-remap.feature",
                "id": "structural-reference-remapping-uses-parsed-formula-tokens",
                "keyword": "Feature",
                "name": "Structural reference remapping uses parsed formula tokens",
                "description": "  Static reference edits preserve quoted literals and unrelated sheet references.",
                "line": 2,
                "tags": [
                    {
                        "name": "@implemented",
                        "line": 1
                    },
                    {
                        "name": "@go",
                        "line": 1
                    },
                    {
                        "name": "@spreadsheet",
                        "line": 1
                    }
                ],
                "elements": [
                    {
                        "id": "structural-reference-remapping-uses-parsed-formula-tokens;row-and-column-insertion-follows-structural-coordinates;;2",
                        "keyword": "Scenario Outline",
                        "name": "Row and column insertion follows structural coordinates",
                        "description": "",
                        "line": 13,
                        "type": "scenario",
                        "tags": [
                            {
                                "name": "@implemented",
                                "line": 1
                            },
                            {
                                "name": "@go",
                                "line": 1
                            },
                            {
                                "name": "@spreadsheet",
                                "line": 1
                            },
                            {
                                "name": "@REMAP-001",
                                "line": 5
                            }
                        ],
                        "steps": [
                            {
                                "keyword": "Given ",
                                "name": "a formula \"$A$1+A2+Other!A2\" located on \"Main\"",
                                "line": 7,
                                "match": {
                                    "location": "formula_remap_test.go:20"
                                },
                                "result": {
                                    "status": "passed",
                                    "duration": 45168
                                }
                            },
                            {
                                "keyword": "When ",
                                "name": "I insert 2 \"row\" before coordinate 2 on \"Main\"",
                                "line": 8,
                                "match": {
                                    "location": "formula_remap_test.go:21"
                                },
                                "result": {
                                    "status": "passed",
                                    "duration": 51145
                                }
                            },
                            {
                                "keyword": "Then ",
                                "name": "the remapped formula is \"$A$1+A4+Other!A2\"",
                                "line": 9,
                                "match": {
                                    "location": "formula_remap_test.go:26"
                                },
                                "result": {
                                    "status": "passed",
                                    "duration": 38815
                                }
                            }
                        ]
                    },
                    {
                        "id": "structural-reference-remapping-uses-parsed-formula-tokens;row-and-column-insertion-follows-structural-coordinates;;3",
                        "keyword": "Scenario Outline",
                        "name": "Row and column insertion follows structural coordinates",
                        "description": "",
                        "line": 14,
                        "type": "scenario",
                        "tags": [
                            {
                                "name": "@implemented",
                                "line": 1
                            },
                            {
                                "name": "@go",
                                "line": 1
                            },
                            {
                                "name": "@spreadsheet",
                                "line": 1
                            },
                            {
                                "name": "@REMAP-001",
                                "line": 5
                            }
                        ],
                        "steps": [
                            {
                                "keyword": "Given ",
                                "name": "a formula \"SUM(Main!A1:B3)\" located on \"Other\"",
                                "line": 7,
                                "match": {
                                    "location": "formula_remap_test.go:20"
                                },
                                "result": {
                                    "status": "passed",
                                    "duration": 39204
                                }
                            },
                            {
                                "keyword": "When ",
                                "name": "I insert 1 \"row\" before coordinate 2 on \"Main\"",
                                "line": 8,
                                "match": {
                                    "location": "formula_remap_test.go:21"
                                },
                                "result": {
                                    "status": "passed",
                                    "duration": 30465
                                }
                            },
                            {
                                "keyword": "Then ",
                                "name": "the remapped formula is \"SUM(Main!A1:B4)\"",
                                "line": 9,
                                "match": {
                                    "location": "formula_remap_test.go:26"
                                },
                                "result": {
                                    "status": "passed",
                                    "duration": 21943
                                }
                            }
                        ]
                    },
                    {
                        "id": "structural-reference-remapping-uses-parsed-formula-tokens;row-and-column-insertion-follows-structural-coordinates;;4",
                        "keyword": "Scenario Outline",
                        "name": "Row and column insertion follows structural coordinates",
                        "description": "",
                        "line": 15,
                        "type": "scenario",
                        "tags": [
                            {
                                "name": "@implemented",
                                "line": 1
                            },
                            {
                                "name": "@go",
                                "line": 1
                            },
                            {
                                "name": "@spreadsheet",
                                "line": 1
                            },
                            {
                                "name": "@REMAP-001",
                                "line": 5
                            }
                        ],
                        "steps": [
                            {
                                "keyword": "Given ",
                                "name": "a formula \"Main!$B2+C$4\" located on \"Main\"",
                                "line": 7,
                                "match": {
                                    "location": "formula_remap_test.go:20"
                                },
                                "result": {
                                    "status": "passed",
                                    "duration": 27785
                                }
                            },
                            {
                                "keyword": "When ",
                                "name": "I insert 2 \"column\" before coordinate 2 on \"Main\"",
                                "line": 8,
                                "match": {
                                    "location": "formula_remap_test.go:21"
                                },
                                "result": {
                                    "status": "passed",
                                    "duration": 29392
                                }
                            },
                            {
                                "keyword": "Then ",
                                "name": "the remapped formula is \"Main!$D2+E$4\"",
                                "line": 9,
                                "match": {
                                    "location": "formula_remap_test.go:26"
                                },
                                "result": {
                                    "status": "passed",
                                    "duration": 20202
                                }
                            }
                        ]
                    },
                    {
                        "id": "structural-reference-remapping-uses-parsed-formula-tokens;row-and-column-insertion-follows-structural-coordinates;;5",
                        "keyword": "Scenario Outline",
                        "name": "Row and column insertion follows structural coordinates",
                        "description": "",
                        "line": 16,
                        "type": "scenario",
                        "tags": [
                            {
                                "name": "@implemented",
                                "line": 1
                            },
                            {
                                "name": "@go",
                                "line": 1
                            },
                            {
                                "name": "@spreadsheet",
                                "line": 1
                            },
                            {
                                "name": "@REMAP-001",
                                "line": 5
                            }
                        ],
                        "steps": [
                            {
                                "keyword": "Given ",
                                "name": "a formula \"'Input Data'!A2+1\" located on \"Main\"",
                                "line": 7,
                                "match": {
                                    "location": "formula_remap_test.go:20"
                                },
                                "result": {
                                    "status": "passed",
                                    "duration": 52403
                                }
                            },
                            {
                                "keyword": "When ",
                                "name": "I insert 3 \"row\" before coordinate 2 on \"Input Data\"",
                                "line": 8,
                                "match": {
                                    "location": "formula_remap_test.go:21"
                                },
                                "result": {
                                    "status": "passed",
                                    "duration": 37468
                                }
                            },
                            {
                                "keyword": "Then ",
                                "name": "the remapped formula is \"'Input Data'!A5+1\"",
                                "line": 9,
                                "match": {
                                    "location": "formula_remap_test.go:26"
                                },
                                "result": {
                                    "status": "passed",
                                    "duration": 23313
                                }
                            }
                        ]
                    },
                    {
                        "id": "structural-reference-remapping-uses-parsed-formula-tokens;a-remap-beyond-the-worksheet-grid-refuses-without-a-partial-formula",
                        "keyword": "Scenario",
                        "name": "A remap beyond the worksheet grid refuses without a partial formula",
                        "description": "",
                        "line": 19,
                        "type": "scenario",
                        "tags": [
                            {
                                "name": "@implemented",
                                "line": 1
                            },
                            {
                                "name": "@go",
                                "line": 1
                            },
                            {
                                "name": "@spreadsheet",
                                "line": 1
                            },
                            {
                                "name": "@REMAP-002",
                                "line": 18
                            }
                        ],
                        "steps": [
                            {
                                "keyword": "Given ",
                                "name": "a formula \"A1048576+B1\" located on \"Main\"",
                                "line": 20,
                                "match": {
                                    "location": "formula_remap_test.go:20"
                                },
                                "result": {
                                    "status": "passed",
                                    "duration": 29752
                                }
                            },
                            {
                                "keyword": "When ",
                                "name": "I attempt a row insertion that shifts it beyond the grid",
                                "line": 21,
                                "match": {
                                    "location": "formula_remap_test.go:32"
                                },
                                "result": {
                                    "status": "passed",
                                    "duration": 32030
                                }
                            },
                            {
                                "keyword": "Then ",
                                "name": "remapping refuses and returns no partial expression",
                                "line": 22,
                                "match": {
                                    "location": "formula_remap_test.go:36"
                                },
                                "result": {
                                    "status": "passed",
                                    "duration": 24214
                                }
                            }
                        ]
                    }
                ]
            },
            {
                "uri": "../features/implemented/package/xml-insert.feature",
                "id": "structured-xml-insertion-preserves-namespace-meaning",
                "keyword": "Feature",
                "name": "Structured XML insertion preserves namespace meaning",
                "description": "  New elements use expanded names and cannot silently inherit the wrong default namespace.",
                "line": 2,
                "tags": [
                    {
                        "name": "@implemented",
                        "line": 1
                    },
                    {
                        "name": "@go",
                        "line": 1
                    },
                    {
                        "name": "@package",
                        "line": 1
                    }
                ],
                "elements": [
                    {
                        "id": "structured-xml-insertion-preserves-namespace-meaning;a-new-child-reuses-the-existing-prefix-for-its-namespace",
                        "keyword": "Scenario",
                        "name": "A new child reuses the existing prefix for its namespace",
                        "description": "",
                        "line": 6,
                        "type": "scenario",
                        "tags": [
                            {
                                "name": "@implemented",
                                "line": 1
                            },
                            {
                                "name": "@go",
                                "line": 1
                            },
                            {
                                "name": "@package",
                                "line": 1
                            },
                            {
                                "name": "@NODE-001",
                                "line": 5
                            }
                        ],
                        "steps": [
                            {
                                "keyword": "Given ",
                                "name": "a prefixed XML parent with opaque surrounding markup",
                                "line": 7,
                                "match": {
                                    "location": "xml_insert_test.go:37"
                                },
                                "result": {
                                    "status": "passed",
                                    "duration": 52495
                                }
                            },
                            {
                                "keyword": "When ",
                                "name": "I append a same-namespace child with a namespaced attribute",
                                "line": 8,
                                "match": {
                                    "location": "xml_insert_test.go:42"
                                },
                                "result": {
                                    "status": "passed",
                                    "duration": 37352
                                }
                            },
                            {
                                "keyword": "Then ",
                                "name": "the new child and attribute have the requested expanded names",
                                "line": 9,
                                "match": {
                                    "location": "xml_insert_test.go:47"
                                },
                                "result": {
                                    "status": "passed",
                                    "duration": 45068
                                }
                            },
                            {
                                "keyword": "And ",
                                "name": "every original byte outside the insertion remains identical",
                                "line": 10,
                                "match": {
                                    "location": "xml_insert_test.go:71"
                                },
                                "result": {
                                    "status": "passed",
                                    "duration": 39893
                                }
                            }
                        ]
                    },
                    {
                        "id": "structured-xml-insertion-preserves-namespace-meaning;an-unqualified-child-resets-an-inherited-default-namespace",
                        "keyword": "Scenario",
                        "name": "An unqualified child resets an inherited default namespace",
                        "description": "",
                        "line": 13,
                        "type": "scenario",
                        "tags": [
                            {
                                "name": "@implemented",
                                "line": 1
                            },
                            {
                                "name": "@go",
                                "line": 1
                            },
                            {
                                "name": "@package",
                                "line": 1
                            },
                            {
                                "name": "@NODE-002",
                                "line": 12
                            }
                        ],
                        "steps": [
                            {
                                "keyword": "Given ",
                                "name": "an XML parent in a default namespace",
                                "line": 14,
                                "match": {
                                    "location": "xml_insert_test.go:40"
                                },
                                "result": {
                                    "status": "passed",
                                    "duration": 25635
                                }
                            },
                            {
                                "keyword": "When ",
                                "name": "I append an explicitly no-namespace child",
                                "line": 15,
                                "match": {
                                    "location": "xml_insert_test.go:79"
                                },
                                "result": {
                                    "status": "passed",
                                    "duration": 27609
                                }
                            },
                            {
                                "keyword": "Then ",
                                "name": "the child has no namespace and the parent keeps its namespace",
                                "line": 16,
                                "match": {
                                    "location": "xml_insert_test.go:84"
                                },
                                "result": {
                                    "status": "passed",
                                    "duration": 32799
                                }
                            }
                        ]
                    },
                    {
                        "id": "structured-xml-insertion-preserves-namespace-meaning;a-self-closing-parent-expands-without-rewriting-its-attributes",
                        "keyword": "Scenario",
                        "name": "A self-closing parent expands without rewriting its attributes",
                        "description": "",
                        "line": 19,
                        "type": "scenario",
                        "tags": [
                            {
                                "name": "@implemented",
                                "line": 1
                            },
                            {
                                "name": "@go",
                                "line": 1
                            },
                            {
                                "name": "@package",
                                "line": 1
                            },
                            {
                                "name": "@NODE-003",
                                "line": 18
                            }
                        ],
                        "steps": [
                            {
                                "keyword": "Given ",
                                "name": "a self-closing prefixed parent with unusual attribute spacing",
                                "line": 20,
                                "match": {
                                    "location": "xml_insert_test.go:41"
                                },
                                "result": {
                                    "status": "passed",
                                    "duration": 43755
                                }
                            },
                            {
                                "keyword": "When ",
                                "name": "I append a same-namespace child with a namespaced attribute",
                                "line": 21,
                                "match": {
                                    "location": "xml_insert_test.go:42"
                                },
                                "result": {
                                    "status": "passed",
                                    "duration": 37527
                                }
                            },
                            {
                                "keyword": "Then ",
                                "name": "the new child and attribute have the requested expanded names",
                                "line": 22,
                                "match": {
                                    "location": "xml_insert_test.go:47"
                                },
                                "result": {
                                    "status": "passed",
                                    "duration": 31424
                                }
                            },
                            {
                                "keyword": "And ",
                                "name": "the parent attributes retain their original lexical bytes",
                                "line": 23,
                                "match": {
                                    "location": "xml_insert_test.go:95"
                                },
                                "result": {
                                    "status": "passed",
                                    "duration": 25409
                                }
                            }
                        ]
                    },
                    {
                        "id": "structured-xml-insertion-preserves-namespace-meaning;an-invalid-insertion-refuses-the-complete-batch",
                        "keyword": "Scenario",
                        "name": "An invalid insertion refuses the complete batch",
                        "description": "",
                        "line": 26,
                        "type": "scenario",
                        "tags": [
                            {
                                "name": "@implemented",
                                "line": 1
                            },
                            {
                                "name": "@go",
                                "line": 1
                            },
                            {
                                "name": "@package",
                                "line": 1
                            },
                            {
                                "name": "@NODE-004",
                                "line": 25
                            }
                        ],
                        "steps": [
                            {
                                "keyword": "Given ",
                                "name": "a prefixed XML parent with opaque surrounding markup",
                                "line": 27,
                                "match": {
                                    "location": "xml_insert_test.go:37"
                                },
                                "result": {
                                    "status": "passed",
                                    "duration": 40880
                                }
                            },
                            {
                                "keyword": "When ",
                                "name": "one insertion attempts to supply a namespace declaration",
                                "line": 28,
                                "match": {
                                    "location": "xml_insert_test.go:101"
                                },
                                "result": {
                                    "status": "passed",
                                    "duration": 30383
                                }
                            },
                            {
                                "keyword": "Then ",
                                "name": "the insertion batch refuses with a reusable unchanged snapshot",
                                "line": 29,
                                "match": {
                                    "location": "xml_insert_test.go:107"
                                },
                                "result": {
                                    "status": "passed",
                                    "duration": 39416
                                }
                            }
                        ]
                    }
                ]
            },
            {
                "uri": "../features/implemented/document/comment-mime-preservation.feature",
                "id": "unrelated-edits-preserve-differing-extended-comment-content-types",
                "keyword": "Feature",
                "name": "Unrelated edits preserve differing extended-comment content types",
                "description": "  Observed source-library disagreement does not authorise silent content-type normalization.",
                "line": 2,
                "tags": [
                    {
                        "name": "@implemented",
                        "line": 1
                    },
                    {
                        "name": "@go",
                        "line": 1
                    },
                    {
                        "name": "@document",
                        "line": 1
                    }
                ],
                "elements": [
                    {
                        "id": "unrelated-edits-preserve-differing-extended-comment-content-types;preserve-the-input-spelling-without-claiming-office-certification;;2",
                        "keyword": "Scenario Outline",
                        "name": "Preserve the input spelling without claiming Office certification",
                        "description": "",
                        "line": 14,
                        "type": "scenario",
                        "tags": [
                            {
                                "name": "@implemented",
                                "line": 1
                            },
                            {
                                "name": "@go",
                                "line": 1
                            },
                            {
                                "name": "@document",
                                "line": 1
                            },
                            {
                                "name": "@MIME-001",
                                "line": 5
                            }
                        ],
                        "steps": [
                            {
                                "keyword": "Given ",
                                "name": "a Word package with extended-comment MIME spelling \"pinned-go\"",
                                "line": 7,
                                "match": {
                                    "location": "comment_mime_test.go:30"
                                },
                                "result": {
                                    "status": "passed",
                                    "duration": 1119618
                                }
                            },
                            {
                                "keyword": "When ",
                                "name": "I make an unrelated guarded body text correction",
                                "line": 8,
                                "match": {
                                    "location": "comment_mime_test.go:55"
                                },
                                "result": {
                                    "status": "passed",
                                    "duration": 1470269
                                }
                            },
                            {
                                "keyword": "Then ",
                                "name": "the delivered package retains the exact extended-comment MIME spelling",
                                "line": 9,
                                "match": {
                                    "location": "comment_mime_test.go:75"
                                },
                                "result": {
                                    "status": "passed",
                                    "duration": 173758
                                }
                            },
                            {
                                "keyword": "And ",
                                "name": "extended comments and relationship payloads remain byte-identical",
                                "line": 10,
                                "match": {
                                    "location": "comment_mime_test.go:97"
                                },
                                "result": {
                                    "status": "passed",
                                    "duration": 80131
                                }
                            }
                        ]
                    },
                    {
                        "id": "unrelated-edits-preserve-differing-extended-comment-content-types;preserve-the-input-spelling-without-claiming-office-certification;;3",
                        "keyword": "Scenario Outline",
                        "name": "Preserve the input spelling without claiming Office certification",
                        "description": "",
                        "line": 15,
                        "type": "scenario",
                        "tags": [
                            {
                                "name": "@implemented",
                                "line": 1
                            },
                            {
                                "name": "@go",
                                "line": 1
                            },
                            {
                                "name": "@document",
                                "line": 1
                            },
                            {
                                "name": "@MIME-001",
                                "line": 5
                            }
                        ],
                        "steps": [
                            {
                                "keyword": "Given ",
                                "name": "a Word package with extended-comment MIME spelling \"specified-metadata\"",
                                "line": 7,
                                "match": {
                                    "location": "comment_mime_test.go:30"
                                },
                                "result": {
                                    "status": "passed",
                                    "duration": 435194
                                }
                            },
                            {
                                "keyword": "When ",
                                "name": "I make an unrelated guarded body text correction",
                                "line": 8,
                                "match": {
                                    "location": "comment_mime_test.go:55"
                                },
                                "result": {
                                    "status": "passed",
                                    "duration": 1496262
                                }
                            },
                            {
                                "keyword": "Then ",
                                "name": "the delivered package retains the exact extended-comment MIME spelling",
                                "line": 9,
                                "match": {
                                    "location": "comment_mime_test.go:75"
                                },
                                "result": {
                                    "status": "passed",
                                    "duration": 174744
                                }
                            },
                            {
                                "keyword": "And ",
                                "name": "extended comments and relationship payloads remain byte-identical",
                                "line": 10,
                                "match": {
                                    "location": "comment_mime_test.go:97"
                                },
                                "result": {
                                    "status": "passed",
                                    "duration": 80444
                                }
                            }
                        ]
                    }
                ]
            },
            {
                "uri": "../features/implemented/document/run-boundary.feature",
                "id": "word-insertion-at-run-boundaries",
                "keyword": "Feature",
                "name": "Word insertion at run boundaries",
                "description": "  Insertion needs identical complete direct formatting and a proved shared owner.",
                "line": 2,
                "tags": [
                    {
                        "name": "@implemented",
                        "line": 1
                    },
                    {
                        "name": "@go",
                        "line": 1
                    },
                    {
                        "name": "@document",
                        "line": 1
                    }
                ],
                "elements": [
                    {
                        "id": "word-insertion-at-run-boundaries;identically-formatted-adjacent-runs-allow-a-boundary-insertion",
                        "keyword": "Scenario",
                        "name": "Identically formatted adjacent runs allow a boundary insertion",
                        "description": "",
                        "line": 6,
                        "type": "scenario",
                        "tags": [
                            {
                                "name": "@implemented",
                                "line": 1
                            },
                            {
                                "name": "@go",
                                "line": 1
                            },
                            {
                                "name": "@document",
                                "line": 1
                            },
                            {
                                "name": "@INSERT-001",
                                "line": 5
                            }
                        ],
                        "steps": [
                            {
                                "keyword": "Given ",
                                "name": "adjacent Word runs with identical direct formatting",
                                "line": 7,
                                "match": {
                                    "location": "run_boundary_test.go:55"
                                },
                                "result": {
                                    "status": "passed",
                                    "duration": 881164
                                }
                            },
                            {
                                "keyword": "When ",
                                "name": "I insert a character at their shared text boundary",
                                "line": 8,
                                "match": {
                                    "location": "run_boundary_test.go:57"
                                },
                                "result": {
                                    "status": "passed",
                                    "duration": 442611
                                }
                            },
                            {
                                "keyword": "Then ",
                                "name": "the combined text includes the insertion with unchanged run properties",
                                "line": 9,
                                "match": {
                                    "location": "run_boundary_test.go:58"
                                },
                                "result": {
                                    "status": "passed",
                                    "duration": 172960
                                }
                            }
                        ]
                    },
                    {
                        "id": "word-insertion-at-run-boundaries;differing-or-interrupted-boundary-ownership-refuses;;2",
                        "keyword": "Scenario Outline",
                        "name": "Differing or interrupted boundary ownership refuses",
                        "description": "",
                        "line": 19,
                        "type": "scenario",
                        "tags": [
                            {
                                "name": "@implemented",
                                "line": 1
                            },
                            {
                                "name": "@go",
                                "line": 1
                            },
                            {
                                "name": "@document",
                                "line": 1
                            },
                            {
                                "name": "@INSERT-002",
                                "line": 11
                            }
                        ],
                        "steps": [
                            {
                                "keyword": "Given ",
                                "name": "adjacent Word runs with \"different direct formatting\"",
                                "line": 13,
                                "match": {
                                    "location": "run_boundary_test.go:56"
                                },
                                "result": {
                                    "status": "passed",
                                    "duration": 733225
                                }
                            },
                            {
                                "keyword": "When ",
                                "name": "I attempt an insertion at their shared text boundary",
                                "line": 14,
                                "match": {
                                    "location": "run_boundary_test.go:68"
                                },
                                "result": {
                                    "status": "passed",
                                    "duration": 68791
                                }
                            },
                            {
                                "keyword": "Then ",
                                "name": "the insertion refuses and retains the original archive",
                                "line": 15,
                                "match": {
                                    "location": "run_boundary_test.go:69"
                                },
                                "result": {
                                    "status": "passed",
                                    "duration": 1644176
                                }
                            }
                        ]
                    },
                    {
                        "id": "word-insertion-at-run-boundaries;differing-or-interrupted-boundary-ownership-refuses;;3",
                        "keyword": "Scenario Outline",
                        "name": "Differing or interrupted boundary ownership refuses",
                        "description": "",
                        "line": 20,
                        "type": "scenario",
                        "tags": [
                            {
                                "name": "@implemented",
                                "line": 1
                            },
                            {
                                "name": "@go",
                                "line": 1
                            },
                            {
                                "name": "@document",
                                "line": 1
                            },
                            {
                                "name": "@INSERT-002",
                                "line": 11
                            }
                        ],
                        "steps": [
                            {
                                "keyword": "Given ",
                                "name": "adjacent Word runs with \"an intervening bookmark\"",
                                "line": 13,
                                "match": {
                                    "location": "run_boundary_test.go:56"
                                },
                                "result": {
                                    "status": "passed",
                                    "duration": 329705
                                }
                            },
                            {
                                "keyword": "When ",
                                "name": "I attempt an insertion at their shared text boundary",
                                "line": 14,
                                "match": {
                                    "location": "run_boundary_test.go:68"
                                },
                                "result": {
                                    "status": "passed",
                                    "duration": 117763
                                }
                            },
                            {
                                "keyword": "Then ",
                                "name": "the insertion refuses and retains the original archive",
                                "line": 15,
                                "match": {
                                    "location": "run_boundary_test.go:69"
                                },
                                "result": {
                                    "status": "passed",
                                    "duration": 1294121
                                }
                            }
                        ]
                    },
                    {
                        "id": "word-insertion-at-run-boundaries;differing-or-interrupted-boundary-ownership-refuses;;4",
                        "keyword": "Scenario Outline",
                        "name": "Differing or interrupted boundary ownership refuses",
                        "description": "",
                        "line": 21,
                        "type": "scenario",
                        "tags": [
                            {
                                "name": "@implemented",
                                "line": 1
                            },
                            {
                                "name": "@go",
                                "line": 1
                            },
                            {
                                "name": "@document",
                                "line": 1
                            },
                            {
                                "name": "@INSERT-002",
                                "line": 11
                            }
                        ],
                        "steps": [
                            {
                                "keyword": "Given ",
                                "name": "adjacent Word runs with \"different run attributes\"",
                                "line": 13,
                                "match": {
                                    "location": "run_boundary_test.go:56"
                                },
                                "result": {
                                    "status": "passed",
                                    "duration": 592469
                                }
                            },
                            {
                                "keyword": "When ",
                                "name": "I attempt an insertion at their shared text boundary",
                                "line": 14,
                                "match": {
                                    "location": "run_boundary_test.go:68"
                                },
                                "result": {
                                    "status": "passed",
                                    "duration": 41940
                                }
                            },
                            {
                                "keyword": "Then ",
                                "name": "the insertion refuses and retains the original archive",
                                "line": 15,
                                "match": {
                                    "location": "run_boundary_test.go:69"
                                },
                                "result": {
                                    "status": "passed",
                                    "duration": 1315093
                                }
                            }
                        ]
                    }
                ]
            },
            {
                "uri": "../features/implemented/document/search-boundaries.feature",
                "id": "word-normalised-and-paragraph-boundary-edge-cases",
                "keyword": "Feature",
                "name": "Word normalised and paragraph-boundary edge cases",
                "description": "  Failed folded candidates cannot hide later whole-character matches.",
                "line": 2,
                "tags": [
                    {
                        "name": "@implemented",
                        "line": 1
                    },
                    {
                        "name": "@go",
                        "line": 1
                    },
                    {
                        "name": "@document",
                        "line": 1
                    }
                ],
                "elements": [
                    {
                        "id": "word-normalised-and-paragraph-boundary-edge-cases;a-partial-folded-candidate-does-not-consume-a-later-valid-character-match",
                        "keyword": "Scenario",
                        "name": "A partial folded candidate does not consume a later valid character match",
                        "description": "",
                        "line": 6,
                        "type": "scenario",
                        "tags": [
                            {
                                "name": "@implemented",
                                "line": 1
                            },
                            {
                                "name": "@go",
                                "line": 1
                            },
                            {
                                "name": "@document",
                                "line": 1
                            },
                            {
                                "name": "@EDGE-001",
                                "line": 5
                            }
                        ],
                        "steps": [
                            {
                                "keyword": "Given ",
                                "name": "a Word paragraph containing \"sß\"",
                                "line": 7,
                                "match": {
                                    "location": "search_policy_test.go:41"
                                },
                                "result": {
                                    "status": "passed",
                                    "duration": 996706
                                }
                            },
                            {
                                "keyword": "When ",
                                "name": "I search with normalisation for \"ss\"",
                                "line": 8,
                                "match": {
                                    "location": "search_policy_test.go:43"
                                },
                                "result": {
                                    "status": "passed",
                                    "duration": 115819
                                }
                            },
                            {
                                "keyword": "Then ",
                                "name": "the search evidence is exactly \"ß\"",
                                "line": 9,
                                "match": {
                                    "location": "search_policy_test.go:48"
                                },
                                "result": {
                                    "status": "passed",
                                    "duration": 21693
                                }
                            }
                        ]
                    },
                    {
                        "id": "word-normalised-and-paragraph-boundary-edge-cases;a-span-ending-in-a-paragraph-separator-remains-inspection-only",
                        "keyword": "Scenario",
                        "name": "A span ending in a paragraph separator remains inspection-only",
                        "description": "",
                        "line": 12,
                        "type": "scenario",
                        "tags": [
                            {
                                "name": "@implemented",
                                "line": 1
                            },
                            {
                                "name": "@go",
                                "line": 1
                            },
                            {
                                "name": "@document",
                                "line": 1
                            },
                            {
                                "name": "@EDGE-002",
                                "line": 11
                            }
                        ],
                        "steps": [
                            {
                                "keyword": "Given ",
                                "name": "two scoped Word paragraphs containing \"first\" and \"second\"",
                                "line": 13,
                                "match": {
                                    "location": "search_scope_test.go:69"
                                },
                                "result": {
                                    "status": "passed",
                                    "duration": 507481
                                }
                            },
                            {
                                "keyword": "When ",
                                "name": "I search for text ending at the paragraph separator",
                                "line": 14,
                                "match": {
                                    "location": "search_scope_test.go:77"
                                },
                                "result": {
                                    "status": "passed",
                                    "duration": 201659
                                }
                            },
                            {
                                "keyword": "Then ",
                                "name": "attempting to edit that cross-paragraph match refuses",
                                "line": 15,
                                "match": {
                                    "location": "search_scope_test.go:84"
                                },
                                "result": {
                                    "status": "passed",
                                    "duration": 1431034
                                }
                            }
                        ]
                    }
                ]
            },
            {
                "uri": "../features/implemented/document/replace-all.feature",
                "id": "word-replace-all-reports-independent-refusals",
                "keyword": "Feature",
                "name": "Word replace-all reports independent refusals",
                "description": "  Supported matches commit together while unsupported matches remain unchanged and reported.",
                "line": 2,
                "tags": [
                    {
                        "name": "@implemented",
                        "line": 1
                    },
                    {
                        "name": "@go",
                        "line": 1
                    },
                    {
                        "name": "@document",
                        "line": 1
                    }
                ],
                "elements": [
                    {
                        "id": "word-replace-all-reports-independent-refusals;a-wrapper-refusal-does-not-discard-independent-supported-matches",
                        "keyword": "Scenario",
                        "name": "A wrapper refusal does not discard independent supported matches",
                        "description": "",
                        "line": 6,
                        "type": "scenario",
                        "tags": [
                            {
                                "name": "@implemented",
                                "line": 1
                            },
                            {
                                "name": "@go",
                                "line": 1
                            },
                            {
                                "name": "@document",
                                "line": 1
                            },
                            {
                                "name": "@ALL-001",
                                "line": 5
                            }
                        ],
                        "steps": [
                            {
                                "keyword": "Given ",
                                "name": "two plain Word matches and one hyperlink-owned match",
                                "line": 7,
                                "match": {
                                    "location": "replace_all_test.go:56"
                                },
                                "result": {
                                    "status": "passed",
                                    "duration": 972582
                                }
                            },
                            {
                                "keyword": "When ",
                                "name": "I replace all occurrences of \"red\" with \"blue\"",
                                "line": 8,
                                "match": {
                                    "location": "replace_all_test.go:57"
                                },
                                "result": {
                                    "status": "passed",
                                    "duration": 518622
                                }
                            },
                            {
                                "keyword": "Then ",
                                "name": "two matches change and one unsupported match is reported",
                                "line": 9,
                                "match": {
                                    "location": "replace_all_test.go:62"
                                },
                                "result": {
                                    "status": "passed",
                                    "duration": 35481
                                }
                            },
                            {
                                "keyword": "And ",
                                "name": "the hyperlink-owned text remains unchanged",
                                "line": 10,
                                "match": {
                                    "location": "replace_all_test.go:68"
                                },
                                "result": {
                                    "status": "passed",
                                    "duration": 56475
                                }
                            }
                        ]
                    },
                    {
                        "id": "word-replace-all-reports-independent-refusals;replace-all-skips-matches-already-equal-to-the-replacement",
                        "keyword": "Scenario",
                        "name": "Replace-all skips matches already equal to the replacement",
                        "description": "",
                        "line": 13,
                        "type": "scenario",
                        "tags": [
                            {
                                "name": "@implemented",
                                "line": 1
                            },
                            {
                                "name": "@go",
                                "line": 1
                            },
                            {
                                "name": "@document",
                                "line": 1
                            },
                            {
                                "name": "@ALL-002",
                                "line": 12
                            }
                        ],
                        "steps": [
                            {
                                "keyword": "Given ",
                                "name": "two plain Word matches and one hyperlink-owned match",
                                "line": 14,
                                "match": {
                                    "location": "replace_all_test.go:56"
                                },
                                "result": {
                                    "status": "passed",
                                    "duration": 362025
                                }
                            },
                            {
                                "keyword": "When ",
                                "name": "I replace all occurrences of \"red\" with \"red\"",
                                "line": 15,
                                "match": {
                                    "location": "replace_all_test.go:57"
                                },
                                "result": {
                                    "status": "passed",
                                    "duration": 58096
                                }
                            },
                            {
                                "keyword": "Then ",
                                "name": "all three matches are skipped without refusals or mutation",
                                "line": 16,
                                "match": {
                                    "location": "replace_all_test.go:78"
                                },
                                "result": {
                                    "status": "passed",
                                    "duration": 1390515
                                }
                            }
                        ]
                    },
                    {
                        "id": "word-replace-all-reports-independent-refusals;invalid-xml-replacement-cannot-commit-any-selected-match",
                        "keyword": "Scenario",
                        "name": "Invalid XML replacement cannot commit any selected match",
                        "description": "",
                        "line": 19,
                        "type": "scenario",
                        "tags": [
                            {
                                "name": "@implemented",
                                "line": 1
                            },
                            {
                                "name": "@go",
                                "line": 1
                            },
                            {
                                "name": "@document",
                                "line": 1
                            },
                            {
                                "name": "@ALL-003",
                                "line": 18
                            }
                        ],
                        "steps": [
                            {
                                "keyword": "Given ",
                                "name": "two plain Word matches and one hyperlink-owned match",
                                "line": 20,
                                "match": {
                                    "location": "replace_all_test.go:56"
                                },
                                "result": {
                                    "status": "passed",
                                    "duration": 273608
                                }
                            },
                            {
                                "keyword": "When ",
                                "name": "I replace all occurrences with an XML-illegal value",
                                "line": 21,
                                "match": {
                                    "location": "replace_all_test.go:84"
                                },
                                "result": {
                                    "status": "passed",
                                    "duration": 148682
                                }
                            },
                            {
                                "keyword": "Then ",
                                "name": "no match changes and the original package bytes remain exact",
                                "line": 22,
                                "match": {
                                    "location": "replace_all_test.go:85"
                                },
                                "result": {
                                    "status": "passed",
                                    "duration": 4979426
                                }
                            }
                        ]
                    }
                ]
            },
            {
                "uri": "../features/implemented/document/search-scope.feature",
                "id": "word-search-story-and-view-scope",
                "keyword": "Feature",
                "name": "Word search story and view scope",
                "description": "  Paragraph boundaries are explicit characters and historical evidence cannot authorise current edits.",
                "line": 2,
                "tags": [
                    {
                        "name": "@implemented",
                        "line": 1
                    },
                    {
                        "name": "@go",
                        "line": 1
                    },
                    {
                        "name": "@document",
                        "line": 1
                    }
                ],
                "elements": [
                    {
                        "id": "word-search-story-and-view-scope;search-sees-exactly-one-newline-between-paragraphs",
                        "keyword": "Scenario",
                        "name": "Search sees exactly one newline between paragraphs",
                        "description": "",
                        "line": 6,
                        "type": "scenario",
                        "tags": [
                            {
                                "name": "@implemented",
                                "line": 1
                            },
                            {
                                "name": "@go",
                                "line": 1
                            },
                            {
                                "name": "@document",
                                "line": 1
                            },
                            {
                                "name": "@SCOPE-001",
                                "line": 5
                            }
                        ],
                        "steps": [
                            {
                                "keyword": "Given ",
                                "name": "two scoped Word paragraphs containing \"first\" and \"second\"",
                                "line": 7,
                                "match": {
                                    "location": "search_scope_test.go:69"
                                },
                                "result": {
                                    "status": "passed",
                                    "duration": 227502
                                }
                            },
                            {
                                "keyword": "When ",
                                "name": "I search for their text with an explicit paragraph separator",
                                "line": 8,
                                "match": {
                                    "location": "search_scope_test.go:72"
                                },
                                "result": {
                                    "status": "passed",
                                    "duration": 41635
                                }
                            },
                            {
                                "keyword": "Then ",
                                "name": "one cross-paragraph match reports the exact combined text",
                                "line": 9,
                                "match": {
                                    "location": "search_scope_test.go:78"
                                },
                                "result": {
                                    "status": "passed",
                                    "duration": 35981
                                }
                            },
                            {
                                "keyword": "And ",
                                "name": "attempting to edit that cross-paragraph match refuses",
                                "line": 10,
                                "match": {
                                    "location": "search_scope_test.go:84"
                                },
                                "result": {
                                    "status": "passed",
                                    "duration": 1447573
                                }
                            }
                        ]
                    },
                    {
                        "id": "word-search-story-and-view-scope;historical-view-matches-are-read-only",
                        "keyword": "Scenario",
                        "name": "Historical-view matches are read-only",
                        "description": "",
                        "line": 13,
                        "type": "scenario",
                        "tags": [
                            {
                                "name": "@implemented",
                                "line": 1
                            },
                            {
                                "name": "@go",
                                "line": 1
                            },
                            {
                                "name": "@document",
                                "line": 1
                            },
                            {
                                "name": "@SCOPE-002",
                                "line": 12
                            }
                        ],
                        "steps": [
                            {
                                "keyword": "Given ",
                                "name": "scoped Word text with a tracked deletion",
                                "line": 14,
                                "match": {
                                    "location": "search_scope_test.go:85"
                                },
                                "result": {
                                    "status": "passed",
                                    "duration": 1325118
                                }
                            },
                            {
                                "keyword": "When ",
                                "name": "I search original-view text for \"removed\"",
                                "line": 15,
                                "match": {
                                    "location": "search_scope_test.go:88"
                                },
                                "result": {
                                    "status": "passed",
                                    "duration": 69630
                                }
                            },
                            {
                                "keyword": "Then ",
                                "name": "the historical match reports \"removed\"",
                                "line": 16,
                                "match": {
                                    "location": "search_scope_test.go:93"
                                },
                                "result": {
                                    "status": "passed",
                                    "duration": 32335
                                }
                            },
                            {
                                "keyword": "And ",
                                "name": "editing the historical match refuses without mutation",
                                "line": 17,
                                "match": {
                                    "location": "search_scope_test.go:99"
                                },
                                "result": {
                                    "status": "passed",
                                    "duration": 1480961
                                }
                            }
                        ]
                    },
                    {
                        "id": "word-search-story-and-view-scope;an-explicit-related-story-does-not-search-the-body-instead",
                        "keyword": "Scenario",
                        "name": "An explicit related story does not search the body instead",
                        "description": "",
                        "line": 20,
                        "type": "scenario",
                        "tags": [
                            {
                                "name": "@implemented",
                                "line": 1
                            },
                            {
                                "name": "@go",
                                "line": 1
                            },
                            {
                                "name": "@document",
                                "line": 1
                            },
                            {
                                "name": "@SCOPE-003",
                                "line": 19
                            }
                        ],
                        "steps": [
                            {
                                "keyword": "Given ",
                                "name": "scoped Word body and header text both equal to \"repeat\"",
                                "line": 21,
                                "match": {
                                    "location": "search_scope_test.go:100"
                                },
                                "result": {
                                    "status": "passed",
                                    "duration": 409780
                                }
                            },
                            {
                                "keyword": "When ",
                                "name": "I search only the header story for \"repeat\"",
                                "line": 22,
                                "match": {
                                    "location": "search_scope_test.go:101"
                                },
                                "result": {
                                    "status": "passed",
                                    "duration": 187028
                                }
                            },
                            {
                                "keyword": "Then ",
                                "name": "exactly one match identifies the header story",
                                "line": 23,
                                "match": {
                                    "location": "search_scope_test.go:106"
                                },
                                "result": {
                                    "status": "passed",
                                    "duration": 30323
                                }
                            }
                        ]
                    }
                ]
            },
            {
                "uri": "../features/implemented/document/span-replace.feature",
                "id": "word-span-replacement-with-exact-affix-alignment",
                "keyword": "Feature",
                "name": "Word span replacement with exact affix alignment",
                "description": "  A replacement changes one proved interval and leaves surrounding run markup intact.",
                "line": 2,
                "tags": [
                    {
                        "name": "@implemented",
                        "line": 1
                    },
                    {
                        "name": "@go",
                        "line": 1
                    },
                    {
                        "name": "@document",
                        "line": 1
                    }
                ],
                "elements": [
                    {
                        "id": "word-span-replacement-with-exact-affix-alignment;replacement-keeps-unchanged-fragments-in-their-source-runs;;2",
                        "keyword": "Scenario Outline",
                        "name": "Replacement keeps unchanged fragments in their source runs",
                        "description": "",
                        "line": 14,
                        "type": "scenario",
                        "tags": [
                            {
                                "name": "@implemented",
                                "line": 1
                            },
                            {
                                "name": "@go",
                                "line": 1
                            },
                            {
                                "name": "@document",
                                "line": 1
                            },
                            {
                                "name": "@REPLACE-001",
                                "line": 5
                            }
                        ],
                        "steps": [
                            {
                                "keyword": "Given ",
                                "name": "editable Word runs \"pre Al\" and \"pha post\"",
                                "line": 7,
                                "match": {
                                    "location": "span_replace_test.go:82"
                                },
                                "result": {
                                    "status": "passed",
                                    "duration": 1210375
                                }
                            },
                            {
                                "keyword": "When ",
                                "name": "I replace the exact span \"Alpha\" with \"Omega\"",
                                "line": 8,
                                "match": {
                                    "location": "span_replace_test.go:84"
                                },
                                "result": {
                                    "status": "passed",
                                    "duration": 1519976
                                }
                            },
                            {
                                "keyword": "Then ",
                                "name": "the resulting run texts are \"pre Omeg\" and \"a post\"",
                                "line": 9,
                                "match": {
                                    "location": "span_replace_test.go:104"
                                },
                                "result": {
                                    "status": "passed",
                                    "duration": 39198
                                }
                            },
                            {
                                "keyword": "And ",
                                "name": "all run properties and surrounding XML are byte-preserved",
                                "line": 10,
                                "match": {
                                    "location": "span_replace_test.go:105"
                                },
                                "result": {
                                    "status": "passed",
                                    "duration": 28597
                                }
                            }
                        ]
                    },
                    {
                        "id": "word-span-replacement-with-exact-affix-alignment;replacement-keeps-unchanged-fragments-in-their-source-runs;;3",
                        "keyword": "Scenario Outline",
                        "name": "Replacement keeps unchanged fragments in their source runs",
                        "description": "",
                        "line": 15,
                        "type": "scenario",
                        "tags": [
                            {
                                "name": "@implemented",
                                "line": 1
                            },
                            {
                                "name": "@go",
                                "line": 1
                            },
                            {
                                "name": "@document",
                                "line": 1
                            },
                            {
                                "name": "@REPLACE-001",
                                "line": 5
                            }
                        ],
                        "steps": [
                            {
                                "keyword": "Given ",
                                "name": "editable Word runs \"Al\" and \"pha\"",
                                "line": 7,
                                "match": {
                                    "location": "span_replace_test.go:82"
                                },
                                "result": {
                                    "status": "passed",
                                    "duration": 250981
                                }
                            },
                            {
                                "keyword": "When ",
                                "name": "I replace the exact span \"Alpha\" with \"Beta\"",
                                "line": 8,
                                "match": {
                                    "location": "span_replace_test.go:84"
                                },
                                "result": {
                                    "status": "passed",
                                    "duration": 1538559
                                }
                            },
                            {
                                "keyword": "Then ",
                                "name": "the resulting run texts are \"Bet\" and \"a\"",
                                "line": 9,
                                "match": {
                                    "location": "span_replace_test.go:104"
                                },
                                "result": {
                                    "status": "passed",
                                    "duration": 35008
                                }
                            },
                            {
                                "keyword": "And ",
                                "name": "all run properties and surrounding XML are byte-preserved",
                                "line": 10,
                                "match": {
                                    "location": "span_replace_test.go:105"
                                },
                                "result": {
                                    "status": "passed",
                                    "duration": 29039
                                }
                            }
                        ]
                    },
                    {
                        "id": "word-span-replacement-with-exact-affix-alignment;replacement-keeps-unchanged-fragments-in-their-source-runs;;4",
                        "keyword": "Scenario Outline",
                        "name": "Replacement keeps unchanged fragments in their source runs",
                        "description": "",
                        "line": 16,
                        "type": "scenario",
                        "tags": [
                            {
                                "name": "@implemented",
                                "line": 1
                            },
                            {
                                "name": "@go",
                                "line": 1
                            },
                            {
                                "name": "@document",
                                "line": 1
                            },
                            {
                                "name": "@REPLACE-001",
                                "line": 5
                            }
                        ],
                        "steps": [
                            {
                                "keyword": "Given ",
                                "name": "editable Word runs \"fee😀\" and \"caféEnd\"",
                                "line": 7,
                                "match": {
                                    "location": "span_replace_test.go:82"
                                },
                                "result": {
                                    "status": "passed",
                                    "duration": 755885
                                }
                            },
                            {
                                "keyword": "When ",
                                "name": "I replace the exact span \"😀café\" with \"tea\"",
                                "line": 8,
                                "match": {
                                    "location": "span_replace_test.go:84"
                                },
                                "result": {
                                    "status": "passed",
                                    "duration": 1436854
                                }
                            },
                            {
                                "keyword": "Then ",
                                "name": "the resulting run texts are \"feetea\" and \"End\"",
                                "line": 9,
                                "match": {
                                    "location": "span_replace_test.go:104"
                                },
                                "result": {
                                    "status": "passed",
                                    "duration": 35406
                                }
                            },
                            {
                                "keyword": "And ",
                                "name": "all run properties and surrounding XML are byte-preserved",
                                "line": 10,
                                "match": {
                                    "location": "span_replace_test.go:105"
                                },
                                "result": {
                                    "status": "passed",
                                    "duration": 29257
                                }
                            }
                        ]
                    },
                    {
                        "id": "word-span-replacement-with-exact-affix-alignment;repeated-affix-ambiguity-refuses-without-consuming-the-target",
                        "keyword": "Scenario",
                        "name": "Repeated affix ambiguity refuses without consuming the target",
                        "description": "",
                        "line": 19,
                        "type": "scenario",
                        "tags": [
                            {
                                "name": "@implemented",
                                "line": 1
                            },
                            {
                                "name": "@go",
                                "line": 1
                            },
                            {
                                "name": "@document",
                                "line": 1
                            },
                            {
                                "name": "@REPLACE-002",
                                "line": 18
                            }
                        ],
                        "steps": [
                            {
                                "keyword": "Given ",
                                "name": "editable Word runs \"Term\" and \"Term\"",
                                "line": 20,
                                "match": {
                                    "location": "span_replace_test.go:82"
                                },
                                "result": {
                                    "status": "passed",
                                    "duration": 225552
                                }
                            },
                            {
                                "keyword": "When ",
                                "name": "I attempt to replace \"TermTerm\" with \"Term\"",
                                "line": 21,
                                "match": {
                                    "location": "span_replace_test.go:112"
                                },
                                "result": {
                                    "status": "passed",
                                    "duration": 41454
                                }
                            },
                            {
                                "keyword": "Then ",
                                "name": "ambiguous alignment refuses with the original archive intact",
                                "line": 22,
                                "match": {
                                    "location": "span_replace_test.go:121"
                                },
                                "result": {
                                    "status": "passed",
                                    "duration": 1966687
                                }
                            },
                            {
                                "keyword": "And ",
                                "name": "the same span remains reusable for a different replacement",
                                "line": 23,
                                "match": {
                                    "location": "span_replace_test.go:123"
                                },
                                "result": {
                                    "status": "passed",
                                    "duration": 138129
                                }
                            }
                        ]
                    },
                    {
                        "id": "word-span-replacement-with-exact-affix-alignment;a-visible-span-across-a-hyperlink-boundary-cannot-authorise-an-edit",
                        "keyword": "Scenario",
                        "name": "A visible span across a hyperlink boundary cannot authorise an edit",
                        "description": "",
                        "line": 26,
                        "type": "scenario",
                        "tags": [
                            {
                                "name": "@implemented",
                                "line": 1
                            },
                            {
                                "name": "@go",
                                "line": 1
                            },
                            {
                                "name": "@document",
                                "line": 1
                            },
                            {
                                "name": "@REPLACE-003",
                                "line": 25
                            }
                        ],
                        "steps": [
                            {
                                "keyword": "Given ",
                                "name": "text split across a plain run and a hyperlink wrapper",
                                "line": 27,
                                "match": {
                                    "location": "span_replace_test.go:83"
                                },
                                "result": {
                                    "status": "passed",
                                    "duration": 875644
                                }
                            },
                            {
                                "keyword": "When ",
                                "name": "I attempt to replace \"Alpha\" with \"Omega\"",
                                "line": 28,
                                "match": {
                                    "location": "span_replace_test.go:112"
                                },
                                "result": {
                                    "status": "passed",
                                    "duration": 107091
                                }
                            },
                            {
                                "keyword": "Then ",
                                "name": "wrapper-crossing replacement refuses with the original archive intact",
                                "line": 29,
                                "match": {
                                    "location": "span_replace_test.go:122"
                                },
                                "result": {
                                    "status": "passed",
                                    "duration": 2006967
                                }
                            }
                        ]
                    }
                ]
            },
            {
                "uri": "../features/implemented/document/whitespace.feature",
                "id": "word-whitespace-preservation-on-successful-edits",
                "keyword": "Feature",
                "name": "Word whitespace preservation on successful edits",
                "description": "  Changed text receives explicit XML space preservation without altering unrelated attributes.",
                "line": 2,
                "tags": [
                    {
                        "name": "@implemented",
                        "line": 1
                    },
                    {
                        "name": "@go",
                        "line": 1
                    },
                    {
                        "name": "@document",
                        "line": 1
                    }
                ],
                "elements": [
                    {
                        "id": "word-whitespace-preservation-on-successful-edits;a-single-replacement-adds-the-required-preservation-attribute",
                        "keyword": "Scenario",
                        "name": "A single replacement adds the required preservation attribute",
                        "description": "",
                        "line": 6,
                        "type": "scenario",
                        "tags": [
                            {
                                "name": "@implemented",
                                "line": 1
                            },
                            {
                                "name": "@go",
                                "line": 1
                            },
                            {
                                "name": "@document",
                                "line": 1
                            },
                            {
                                "name": "@SPACE-001",
                                "line": 5
                            }
                        ],
                        "steps": [
                            {
                                "keyword": "Given ",
                                "name": "a Word text leaf without XML space preservation",
                                "line": 7,
                                "match": {
                                    "location": "whitespace_test.go:83"
                                },
                                "result": {
                                    "status": "passed",
                                    "duration": 234286
                                }
                            },
                            {
                                "keyword": "When ",
                                "name": "I replace its text with leading and trailing spaces",
                                "line": 8,
                                "match": {
                                    "location": "whitespace_test.go:85"
                                },
                                "result": {
                                    "status": "passed",
                                    "duration": 2245140
                                }
                            },
                            {
                                "keyword": "Then ",
                                "name": "the changed leaf has XML space preserve and exact new text",
                                "line": 9,
                                "match": {
                                    "location": "whitespace_test.go:95"
                                },
                                "result": {
                                    "status": "passed",
                                    "duration": 46783
                                }
                            },
                            {
                                "keyword": "And ",
                                "name": "its unrelated attribute bytes remain unchanged",
                                "line": 10,
                                "match": {
                                    "location": "whitespace_test.go:96"
                                },
                                "result": {
                                    "status": "passed",
                                    "duration": 24092
                                }
                            }
                        ]
                    },
                    {
                        "id": "word-whitespace-preservation-on-successful-edits;a-selected-batch-adds-one-preservation-attribute-to-a-shared-leaf",
                        "keyword": "Scenario",
                        "name": "A selected batch adds one preservation attribute to a shared leaf",
                        "description": "",
                        "line": 13,
                        "type": "scenario",
                        "tags": [
                            {
                                "name": "@implemented",
                                "line": 1
                            },
                            {
                                "name": "@go",
                                "line": 1
                            },
                            {
                                "name": "@document",
                                "line": 1
                            },
                            {
                                "name": "@SPACE-002",
                                "line": 12
                            }
                        ],
                        "steps": [
                            {
                                "keyword": "Given ",
                                "name": "two Word matches in a leaf without XML space preservation",
                                "line": 14,
                                "match": {
                                    "location": "whitespace_test.go:84"
                                },
                                "result": {
                                    "status": "passed",
                                    "duration": 254359
                                }
                            },
                            {
                                "keyword": "When ",
                                "name": "a selected batch adds significant spaces to both matches",
                                "line": 15,
                                "match": {
                                    "location": "whitespace_test.go:102"
                                },
                                "result": {
                                    "status": "passed",
                                    "duration": 2181990
                                }
                            },
                            {
                                "keyword": "Then ",
                                "name": "the saved leaf has one XML space preserve attribute",
                                "line": 16,
                                "match": {
                                    "location": "whitespace_test.go:116"
                                },
                                "result": {
                                    "status": "passed",
                                    "duration": 35817
                                }
                            },
                            {
                                "keyword": "And ",
                                "name": "both replacements retain their significant spaces",
                                "line": 17,
                                "match": {
                                    "location": "whitespace_test.go:122"
                                },
                                "result": {
                                    "status": "passed",
                                    "duration": 35151
                                }
                            }
                        ]
                    }
                ]
            },
            {
                "uri": "../features/implemented/package/xml-normalization.feature",
                "id": "xml-line-endings-and-attribute-values-retain-original-edit-offsets",
                "keyword": "Feature",
                "name": "XML line endings and attribute values retain original edit offsets",
                "description": "  Decoded values follow XML normalization without reserializing untouched source bytes.",
                "line": 2,
                "tags": [
                    {
                        "name": "@implemented",
                        "line": 1
                    },
                    {
                        "name": "@go",
                        "line": 1
                    },
                    {
                        "name": "@package",
                        "line": 1
                    }
                ],
                "elements": [
                    {
                        "id": "xml-line-endings-and-attribute-values-retain-original-edit-offsets;literal-line-endings-normalize-but-no-op-and-edits-use-original-offsets",
                        "keyword": "Scenario",
                        "name": "Literal line endings normalize but no-op and edits use original offsets",
                        "description": "",
                        "line": 6,
                        "type": "scenario",
                        "tags": [
                            {
                                "name": "@implemented",
                                "line": 1
                            },
                            {
                                "name": "@go",
                                "line": 1
                            },
                            {
                                "name": "@package",
                                "line": 1
                            },
                            {
                                "name": "@NORM-001",
                                "line": 5
                            }
                        ],
                        "steps": [
                            {
                                "keyword": "Given ",
                                "name": "XML text containing mixed CRLF and CR line endings",
                                "line": 7,
                                "match": {
                                    "location": "xml_normalization_test.go:33"
                                },
                                "result": {
                                    "status": "passed",
                                    "duration": 58383
                                }
                            },
                            {
                                "keyword": "When ",
                                "name": "I inspect its decoded character data",
                                "line": 8,
                                "match": {
                                    "location": "xml_normalization_test.go:42"
                                },
                                "result": {
                                    "status": "passed",
                                    "duration": 36014
                                }
                            },
                            {
                                "keyword": "Then ",
                                "name": "literal line endings are LF while numeric CR remains CR",
                                "line": 9,
                                "match": {
                                    "location": "xml_normalization_test.go:50"
                                },
                                "result": {
                                    "status": "passed",
                                    "duration": 43223
                                }
                            },
                            {
                                "keyword": "And ",
                                "name": "a decoded-text no-op preserves the original bytes",
                                "line": 10,
                                "match": {
                                    "location": "xml_normalization_test.go:56"
                                },
                                "result": {
                                    "status": "passed",
                                    "duration": 43919
                                }
                            },
                            {
                                "keyword": "And ",
                                "name": "a changed text leaf preserves surrounding original line endings",
                                "line": 11,
                                "match": {
                                    "location": "xml_normalization_test.go:66"
                                },
                                "result": {
                                    "status": "passed",
                                    "duration": 50698
                                }
                            }
                        ]
                    },
                    {
                        "id": "xml-line-endings-and-attribute-values-retain-original-edit-offsets;literal-attribute-whitespace-differs-from-numeric-character-references",
                        "keyword": "Scenario",
                        "name": "Literal attribute whitespace differs from numeric character references",
                        "description": "",
                        "line": 14,
                        "type": "scenario",
                        "tags": [
                            {
                                "name": "@implemented",
                                "line": 1
                            },
                            {
                                "name": "@go",
                                "line": 1
                            },
                            {
                                "name": "@package",
                                "line": 1
                            },
                            {
                                "name": "@NORM-002",
                                "line": 13
                            }
                        ],
                        "steps": [
                            {
                                "keyword": "Given ",
                                "name": "an XML attribute with literal whitespace and numeric whitespace references",
                                "line": 15,
                                "match": {
                                    "location": "xml_normalization_test.go:77"
                                },
                                "result": {
                                    "status": "passed",
                                    "duration": 47695
                                }
                            },
                            {
                                "keyword": "When ",
                                "name": "I inspect its decoded attribute value",
                                "line": 16,
                                "match": {
                                    "location": "xml_normalization_test.go:86"
                                },
                                "result": {
                                    "status": "passed",
                                    "duration": 20579
                                }
                            },
                            {
                                "keyword": "Then ",
                                "name": "literal attribute whitespace is spaces and numeric references retain their characters",
                                "line": 17,
                                "match": {
                                    "location": "xml_normalization_test.go:87"
                                },
                                "result": {
                                    "status": "passed",
                                    "duration": 28429
                                }
                            },
                            {
                                "keyword": "And ",
                                "name": "a decoded-attribute no-op preserves its original lexical bytes",
                                "line": 18,
                                "match": {
                                    "location": "xml_normalization_test.go:93"
                                },
                                "result": {
                                    "status": "passed",
                                    "duration": 32775
                                }
                            }
                        ]
                    },
                    {
                        "id": "xml-line-endings-and-attribute-values-retain-original-edit-offsets;changed-attribute-whitespace-round-trips-without-losing-numeric-characters",
                        "keyword": "Scenario",
                        "name": "Changed attribute whitespace round-trips without losing numeric characters",
                        "description": "",
                        "line": 21,
                        "type": "scenario",
                        "tags": [
                            {
                                "name": "@implemented",
                                "line": 1
                            },
                            {
                                "name": "@go",
                                "line": 1
                            },
                            {
                                "name": "@package",
                                "line": 1
                            },
                            {
                                "name": "@NORM-003",
                                "line": 20
                            }
                        ],
                        "steps": [
                            {
                                "keyword": "Given ",
                                "name": "an XML attribute with literal whitespace and numeric whitespace references",
                                "line": 22,
                                "match": {
                                    "location": "xml_normalization_test.go:77"
                                },
                                "result": {
                                    "status": "passed",
                                    "duration": 47625
                                }
                            },
                            {
                                "keyword": "When ",
                                "name": "I replace the attribute with tab CR and LF characters",
                                "line": 23,
                                "match": {
                                    "location": "xml_normalization_test.go:103"
                                },
                                "result": {
                                    "status": "passed",
                                    "duration": 33331
                                }
                            },
                            {
                                "keyword": "Then ",
                                "name": "the changed attribute decodes to the requested characters",
                                "line": 24,
                                "match": {
                                    "location": "xml_normalization_test.go:109"
                                },
                                "result": {
                                    "status": "passed",
                                    "duration": 31332
                                }
                            },
                            {
                                "keyword": "And ",
                                "name": "unrelated attributes and start-tag spacing remain byte-identical",
                                "line": 25,
                                "match": {
                                    "location": "xml_normalization_test.go:123"
                                },
                                "result": {
                                    "status": "passed",
                                    "duration": 25481
                                }
                            }
                        ]
                    }
                ]
            }
        ]
    acceptance_test.go:166: {File:../features/implemented/package/zip64.feature ID:@ZSIX-001 Line:13} step "I open and round-trip its retained payloads": failed
FAIL
FAIL	github.com/rcarmo/go-ooxml/acceptance	0.762s
FAIL
