--- FAIL: TestReplaceElementsBatch (0.00s)
    --- FAIL: TestReplaceElementsBatch/replacement_namespace_is_parent_scope (0.00s)
        replace_elements_test.go:24: <root xmlns="outer" xmlns:p="bound"><!--a--><p:old xmlns:p="inner" x='1'><p:child/></p:old> tail <last/></root>
    --- FAIL: TestReplaceElementsBatch/disjoint_replacement_and_deletion (0.00s)
        replace_elements_test.go:30: <root xmlns="outer" xmlns:p="bound"><!--a--><p:old xmlns:p="inner" x='1'><p:child/></p:old> tail <last/></root> <nil>
    --- FAIL: TestReplaceElementsBatch/invalid_selection_or_content_cannot_escape (0.00s)
        replace_elements_test.go:37: invalid replacement exposed output
FAIL
FAIL	github.com/rcarmo/go-ooxml/internal/losslessxml	0.007s
ok  	github.com/rcarmo/go-ooxml/pkg/presentation	0.540s
FAIL
--- FAIL: TestAcceptance (1.10s)
    acceptance_test.go:167: Godog failed (1): [
            {
                "uri": "../features/implemented/package/io-safety.feature",
                "id": "archive-intake-and-failure-safe-package-delivery",
                "keyword": "Feature",
                "name": "Archive intake and failure-safe package delivery",
                "description": "  Ambiguous archive names and failed writes must not produce a successful edit.",
                "line": 2,
                "tags": [
                    {
                        "name": "@implemented",
                        "line": 1
                    },
                    {
                        "name": "@go",
                        "line": 1
                    },
                    {
                        "name": "@package",
                        "line": 1
                    }
                ],
                "elements": [
                    {
                        "id": "archive-intake-and-failure-safe-package-delivery;unsafe-archive-names-refuse-before-package-parsing;;2",
                        "keyword": "Scenario Outline",
                        "name": "Unsafe archive names refuse before package parsing",
                        "description": "",
                        "line": 13,
                        "type": "scenario",
                        "tags": [
                            {
                                "name": "@implemented",
                                "line": 1
                            },
                            {
                                "name": "@go",
                                "line": 1
                            },
                            {
                                "name": "@package",
                                "line": 1
                            },
                            {
                                "name": "@IO-001",
                                "line": 5
                            }
                        ],
                        "steps": [
                            {
                                "keyword": "Given ",
                                "name": "a synthetic archive with \"duplicate\" member names",
                                "line": 7,
                                "match": {
                                    "location": "io_test.go:131"
                                },
                                "result": {
                                    "status": "passed",
                                    "duration": 132409
                                }
                            },
                            {
                                "keyword": "When ",
                                "name": "I attempt to open the synthetic archive",
                                "line": 8,
                                "match": {
                                    "location": "io_test.go:180"
                                },
                                "result": {
                                    "status": "passed",
                                    "duration": 43725
                                }
                            },
                            {
                                "keyword": "Then ",
                                "name": "archive intake fails without changing the source bytes",
                                "line": 9,
                                "match": {
                                    "location": "io_test.go:181"
                                },
                                "result": {
                                    "status": "passed",
                                    "duration": 33361
                                }
                            }
                        ]
                    },
                    {
                        "id": "archive-intake-and-failure-safe-package-delivery;unsafe-archive-names-refuse-before-package-parsing;;3",
                        "keyword": "Scenario Outline",
                        "name": "Unsafe archive names refuse before package parsing",
                        "description": "",
                        "line": 14,
                        "type": "scenario",
                        "tags": [
                            {
                                "name": "@implemented",
                                "line": 1
                            },
                            {
                                "name": "@go",
                                "line": 1
                            },
                            {
                                "name": "@package",
                                "line": 1
                            },
                            {
                                "name": "@IO-001",
                                "line": 5
                            }
                        ],
                        "steps": [
                            {
                                "keyword": "Given ",
                                "name": "a synthetic archive with \"collision\" member names",
                                "line": 7,
                                "match": {
                                    "location": "io_test.go:131"
                                },
                                "result": {
                                    "status": "passed",
                                    "duration": 152480
                                }
                            },
                            {
                                "keyword": "When ",
                                "name": "I attempt to open the synthetic archive",
                                "line": 8,
                                "match": {
                                    "location": "io_test.go:180"
                                },
                                "result": {
                                    "status": "passed",
                                    "duration": 44136
                                }
                            },
                            {
                                "keyword": "Then ",
                                "name": "archive intake fails without changing the source bytes",
                                "line": 9,
                                "match": {
                                    "location": "io_test.go:181"
                                },
                                "result": {
                                    "status": "passed",
                                    "duration": 32432
                                }
                            }
                        ]
                    },
                    {
                        "id": "archive-intake-and-failure-safe-package-delivery;unsafe-archive-names-refuse-before-package-parsing;;4",
                        "keyword": "Scenario Outline",
                        "name": "Unsafe archive names refuse before package parsing",
                        "description": "",
                        "line": 15,
                        "type": "scenario",
                        "tags": [
                            {
                                "name": "@implemented",
                                "line": 1
                            },
                            {
                                "name": "@go",
                                "line": 1
                            },
                            {
                                "name": "@package",
                                "line": 1
                            },
                            {
                                "name": "@IO-001",
                                "line": 5
                            }
                        ],
                        "steps": [
                            {
                                "keyword": "Given ",
                                "name": "a synthetic archive with \"traversal\" member names",
                                "line": 7,
                                "match": {
                                    "location": "io_test.go:131"
                                },
                                "result": {
                                    "status": "passed",
                                    "duration": 141016
                                }
                            },
                            {
                                "keyword": "When ",
                                "name": "I attempt to open the synthetic archive",
                                "line": 8,
                                "match": {
                                    "location": "io_test.go:180"
                                },
                                "result": {
                                    "status": "passed",
                                    "duration": 53191
                                }
                            },
                            {
                                "keyword": "Then ",
                                "name": "archive intake fails without changing the source bytes",
                                "line": 9,
                                "match": {
                                    "location": "io_test.go:181"
                                },
                                "result": {
                                    "status": "passed",
                                    "duration": 51489
                                }
                            }
                        ]
                    },
                    {
                        "id": "archive-intake-and-failure-safe-package-delivery;unsafe-archive-names-refuse-before-package-parsing;;5",
                        "keyword": "Scenario Outline",
                        "name": "Unsafe archive names refuse before package parsing",
                        "description": "",
                        "line": 16,
                        "type": "scenario",
                        "tags": [
                            {
                                "name": "@implemented",
                                "line": 1
                            },
                            {
                                "name": "@go",
                                "line": 1
                            },
                            {
                                "name": "@package",
                                "line": 1
                            },
                            {
                                "name": "@IO-001",
                                "line": 5
                            }
                        ],
                        "steps": [
                            {
                                "keyword": "Given ",
                                "name": "a synthetic archive with \"absolute\" member names",
                                "line": 7,
                                "match": {
                                    "location": "io_test.go:131"
                                },
                                "result": {
                                    "status": "passed",
                                    "duration": 117625
                                }
                            },
                            {
                                "keyword": "When ",
                                "name": "I attempt to open the synthetic archive",
                                "line": 8,
                                "match": {
                                    "location": "io_test.go:180"
                                },
                                "result": {
                                    "status": "passed",
                                    "duration": 39790
                                }
                            },
                            {
                                "keyword": "Then ",
                                "name": "archive intake fails without changing the source bytes",
                                "line": 9,
                                "match": {
                                    "location": "io_test.go:181"
                                },
                                "result": {
                                    "status": "passed",
                                    "duration": 33158
                                }
                            }
                        ]
                    },
                    {
                        "id": "archive-intake-and-failure-safe-package-delivery;unsafe-archive-names-refuse-before-package-parsing;;6",
                        "keyword": "Scenario Outline",
                        "name": "Unsafe archive names refuse before package parsing",
                        "description": "",
                        "line": 17,
                        "type": "scenario",
                        "tags": [
                            {
                                "name": "@implemented",
                                "line": 1
                            },
                            {
                                "name": "@go",
                                "line": 1
                            },
                            {
                                "name": "@package",
                                "line": 1
                            },
                            {
                                "name": "@IO-001",
                                "line": 5
                            }
                        ],
                        "steps": [
                            {
                                "keyword": "Given ",
                                "name": "a synthetic archive with \"backslash\" member names",
                                "line": 7,
                                "match": {
                                    "location": "io_test.go:131"
                                },
                                "result": {
                                    "status": "passed",
                                    "duration": 355658
                                }
                            },
                            {
                                "keyword": "When ",
                                "name": "I attempt to open the synthetic archive",
                                "line": 8,
                                "match": {
                                    "location": "io_test.go:180"
                                },
                                "result": {
                                    "status": "passed",
                                    "duration": 39201
                                }
                            },
                            {
                                "keyword": "Then ",
                                "name": "archive intake fails without changing the source bytes",
                                "line": 9,
                                "match": {
                                    "location": "io_test.go:181"
                                },
                                "result": {
                                    "status": "passed",
                                    "duration": 32748
                                }
                            }
                        ]
                    },
                    {
                        "id": "archive-intake-and-failure-safe-package-delivery;stream-finalisation-failure-is-returned-to-the-caller",
                        "keyword": "Scenario",
                        "name": "Stream finalisation failure is returned to the caller",
                        "description": "",
                        "line": 20,
                        "type": "scenario",
                        "tags": [
                            {
                                "name": "@implemented",
                                "line": 1
                            },
                            {
                                "name": "@go",
                                "line": 1
                            },
                            {
                                "name": "@package",
                                "line": 1
                            },
                            {
                                "name": "@IO-002",
                                "line": 19
                            }
                        ],
                        "steps": [
                            {
                                "keyword": "Given ",
                                "name": "a small new Office package",
                                "line": 21,
                                "match": {
                                    "location": "io_test.go:182"
                                },
                                "result": {
                                    "status": "passed",
                                    "duration": 34396
                                }
                            },
                            {
                                "keyword": "When ",
                                "name": "I write it to a stream that fails during finalisation",
                                "line": 22,
                                "match": {
                                    "location": "io_test.go:183"
                                },
                                "result": {
                                    "status": "passed",
                                    "duration": 126760
                                }
                            },
                            {
                                "keyword": "Then ",
                                "name": "the write reports the injected failure",
                                "line": 23,
                                "match": {
                                    "location": "io_test.go:184"
                                },
                                "result": {
                                    "status": "passed",
                                    "duration": 25124
                                }
                            }
                        ]
                    },
                    {
                        "id": "archive-intake-and-failure-safe-package-delivery;a-serialisation-failure-preserves-an-existing-destination",
                        "keyword": "Scenario",
                        "name": "A serialisation failure preserves an existing destination",
                        "description": "",
                        "line": 26,
                        "type": "scenario",
                        "tags": [
                            {
                                "name": "@implemented",
                                "line": 1
                            },
                            {
                                "name": "@go",
                                "line": 1
                            },
                            {
                                "name": "@package",
                                "line": 1
                            },
                            {
                                "name": "@IO-003",
                                "line": 25
                            }
                        ],
                        "steps": [
                            {
                                "keyword": "Given ",
                                "name": "an existing destination and an unserialisable package",
                                "line": 27,
                                "match": {
                                    "location": "io_test.go:190"
                                },
                                "result": {
                                    "status": "passed",
                                    "duration": 131711
                                }
                            },
                            {
                                "keyword": "When ",
                                "name": "I attempt to save over the destination",
                                "line": 28,
                                "match": {
                                    "location": "io_test.go:191"
                                },
                                "result": {
                                    "status": "passed",
                                    "duration": 54148
                                }
                            },
                            {
                                "keyword": "Then ",
                                "name": "saving fails and the destination and package state remain unchanged",
                                "line": 29,
                                "match": {
                                    "location": "io_test.go:192"
                                },
                                "result": {
                                    "status": "passed",
                                    "duration": 41388
                                }
                            },
                            {
                                "keyword": "And ",
                                "name": "no temporary files remain in the destination directory",
                                "line": 30,
                                "match": {
                                    "location": "io_test.go:193"
                                },
                                "result": {
                                    "status": "passed",
                                    "duration": 68986
                                }
                            }
                        ]
                    }
                ]
            },
            {
                "uri": "../features/implemented/document/span-batch.feature",
                "id": "atomic-selected-word-span-batches",
                "keyword": "Feature",
                "name": "Atomic selected Word span batches",
                "description": "  A batch commits every selected replacement together or leaves all targets unchanged.",
                "line": 2,
                "tags": [
                    {
                        "name": "@implemented",
                        "line": 1
                    },
                    {
                        "name": "@go",
                        "line": 1
                    },
                    {
                        "name": "@document",
                        "line": 1
                    }
                ],
                "elements": [
                    {
                        "id": "atomic-selected-word-span-batches;several-matches-in-one-leaf-are-replaced-in-one-transaction",
                        "keyword": "Scenario",
                        "name": "Several matches in one leaf are replaced in one transaction",
                        "description": "",
                        "line": 6,
                        "type": "scenario",
                        "tags": [
                            {
                                "name": "@implemented",
                                "line": 1
                            },
                            {
                                "name": "@go",
                                "line": 1
                            },
                            {
                                "name": "@document",
                                "line": 1
                            },
                            {
                                "name": "@BATCH-001",
                                "line": 5
                            }
                        ],
                        "steps": [
                            {
                                "keyword": "Given ",
                                "name": "selected Word spans for three occurrences of \"red\"",
                                "line": 7,
                                "match": {
                                    "location": "span_batch_test.go:69"
                                },
                                "result": {
                                    "status": "passed",
                                    "duration": 257105
                                }
                            },
                            {
                                "keyword": "When ",
                                "name": "I replace all selected spans with \"blue\"",
                                "line": 8,
                                "match": {
                                    "location": "span_batch_test.go:71"
                                },
                                "result": {
                                    "status": "passed",
                                    "duration": 180897
                                }
                            },
                            {
                                "keyword": "Then ",
                                "name": "the paragraph reads \"blue blue blue\"",
                                "line": 9,
                                "match": {
                                    "location": "span_batch_test.go:72"
                                },
                                "result": {
                                    "status": "passed",
                                    "duration": 61670
                                }
                            },
                            {
                                "keyword": "And ",
                                "name": "every changed selected target is consumed",
                                "line": 10,
                                "match": {
                                    "location": "span_batch_test.go:82"
                                },
                                "result": {
                                    "status": "passed",
                                    "duration": 23193
                                }
                            }
                        ]
                    },
                    {
                        "id": "atomic-selected-word-span-batches;an-unsupported-later-target-rolls-back-earlier-selected-edits",
                        "keyword": "Scenario",
                        "name": "An unsupported later target rolls back earlier selected edits",
                        "description": "",
                        "line": 13,
                        "type": "scenario",
                        "tags": [
                            {
                                "name": "@implemented",
                                "line": 1
                            },
                            {
                                "name": "@go",
                                "line": 1
                            },
                            {
                                "name": "@document",
                                "line": 1
                            },
                            {
                                "name": "@BATCH-002",
                                "line": 12
                            }
                        ],
                        "steps": [
                            {
                                "keyword": "Given ",
                                "name": "selected Word spans with a later hyperlink-owned occurrence",
                                "line": 14,
                                "match": {
                                    "location": "span_batch_test.go:70"
                                },
                                "result": {
                                    "status": "passed",
                                    "duration": 529999
                                }
                            },
                            {
                                "keyword": "When ",
                                "name": "I attempt a selected batch replacement with \"blue\"",
                                "line": 15,
                                "match": {
                                    "location": "span_batch_test.go:92"
                                },
                                "result": {
                                    "status": "passed",
                                    "duration": 116147
                                }
                            },
                            {
                                "keyword": "Then ",
                                "name": "the selected batch refuses without changing the source archive",
                                "line": 16,
                                "match": {
                                    "location": "span_batch_test.go:93"
                                },
                                "result": {
                                    "status": "passed",
                                    "duration": 1421045
                                }
                            },
                            {
                                "keyword": "And ",
                                "name": "the first ordinary target remains reusable",
                                "line": 17,
                                "match": {
                                    "location": "span_batch_test.go:107"
                                },
                                "result": {
                                    "status": "passed",
                                    "duration": 91522
                                }
                            }
                        ]
                    },
                    {
                        "id": "atomic-selected-word-span-batches;a-stale-selected-target-aborts-the-whole-batch",
                        "keyword": "Scenario",
                        "name": "A stale selected target aborts the whole batch",
                        "description": "",
                        "line": 20,
                        "type": "scenario",
                        "tags": [
                            {
                                "name": "@implemented",
                                "line": 1
                            },
                            {
                                "name": "@go",
                                "line": 1
                            },
                            {
                                "name": "@document",
                                "line": 1
                            },
                            {
                                "name": "@BATCH-003",
                                "line": 19
                            }
                        ],
                        "steps": [
                            {
                                "keyword": "Given ",
                                "name": "selected Word spans for three occurrences of \"red\"",
                                "line": 21,
                                "match": {
                                    "location": "span_batch_test.go:69"
                                },
                                "result": {
                                    "status": "passed",
                                    "duration": 296331
                                }
                            },
                            {
                                "keyword": "And ",
                                "name": "the first occurrence has already been changed",
                                "line": 22,
                                "match": {
                                    "location": "span_batch_test.go:108"
                                },
                                "result": {
                                    "status": "passed",
                                    "duration": 1481512
                                }
                            },
                            {
                                "keyword": "When ",
                                "name": "I attempt a selected batch replacement with \"blue\"",
                                "line": 23,
                                "match": {
                                    "location": "span_batch_test.go:92"
                                },
                                "result": {
                                    "status": "passed",
                                    "duration": 43765
                                }
                            },
                            {
                                "keyword": "Then ",
                                "name": "the stale batch leaves the previously committed edit unchanged",
                                "line": 24,
                                "match": {
                                    "location": "span_batch_test.go:116"
                                },
                                "result": {
                                    "status": "passed",
                                    "duration": 1603478
                                }
                            }
                        ]
                    }
                ]
            },
            {
                "uri": "../features/implemented/package/zip64.feature",
                "id": "bounded-zip64-declarations-agree-with-physical-archive-ranges",
                "keyword": "Feature",
                "name": "Bounded ZIP64 declarations agree with physical archive ranges",
                "description": "  Tiny fixtures exercise ZIP64 without allocating multi-gigabyte payloads.",
                "line": 2,
                "tags": [
                    {
                        "name": "@implemented",
                        "line": 1
                    },
                    {
                        "name": "@go",
                        "line": 1
                    },
                    {
                        "name": "@package",
                        "line": 1
                    }
                ],
                "elements": [
                    {
                        "id": "bounded-zip64-declarations-agree-with-physical-archive-ranges;verified-local-zip64-payloads-survive-no-op-delivery;;2",
                        "keyword": "Scenario Outline",
                        "name": "Verified local ZIP64 payloads survive no-op delivery",
                        "description": "",
                        "line": 13,
                        "type": "scenario",
                        "tags": [
                            {
                                "name": "@implemented",
                                "line": 1
                            },
                            {
                                "name": "@go",
                                "line": 1
                            },
                            {
                                "name": "@package",
                                "line": 1
                            },
                            {
                                "name": "@ZSIX-001",
                                "line": 5
                            }
                        ],
                        "steps": [
                            {
                                "keyword": "Given ",
                                "name": "a tiny ZIP64 package using \"stored local sizes\"",
                                "line": 7,
                                "match": {
                                    "location": "zip64_test.go:26"
                                },
                                "result": {
                                    "status": "passed",
                                    "duration": 60963
                                }
                            },
                            {
                                "keyword": "When ",
                                "name": "I open and round-trip its retained payloads",
                                "line": 8,
                                "match": {
                                    "location": "zip64_test.go:45"
                                },
                                "result": {
                                    "status": "passed",
                                    "duration": 76766
                                }
                            },
                            {
                                "keyword": "Then ",
                                "name": "all ZIP64 source bytes and the empty member are preserved",
                                "line": 9,
                                "match": {
                                    "location": "zip64_test.go:58"
                                },
                                "result": {
                                    "status": "passed",
                                    "duration": 60581
                                }
                            }
                        ]
                    },
                    {
                        "id": "bounded-zip64-declarations-agree-with-physical-archive-ranges;verified-local-zip64-payloads-survive-no-op-delivery;;3",
                        "keyword": "Scenario Outline",
                        "name": "Verified local ZIP64 payloads survive no-op delivery",
                        "description": "",
                        "line": 14,
                        "type": "scenario",
                        "tags": [
                            {
                                "name": "@implemented",
                                "line": 1
                            },
                            {
                                "name": "@go",
                                "line": 1
                            },
                            {
                                "name": "@package",
                                "line": 1
                            },
                            {
                                "name": "@ZSIX-001",
                                "line": 5
                            }
                        ],
                        "steps": [
                            {
                                "keyword": "Given ",
                                "name": "a tiny ZIP64 package using \"deflated local sizes\"",
                                "line": 7,
                                "match": {
                                    "location": "zip64_test.go:26"
                                },
                                "result": {
                                    "status": "passed",
                                    "duration": 326506
                                }
                            },
                            {
                                "keyword": "When ",
                                "name": "I open and round-trip its retained payloads",
                                "line": 8,
                                "match": {
                                    "location": "zip64_test.go:45"
                                },
                                "result": {
                                    "status": "passed",
                                    "duration": 76407
                                }
                            },
                            {
                                "keyword": "Then ",
                                "name": "all ZIP64 source bytes and the empty member are preserved",
                                "line": 9,
                                "match": {
                                    "location": "zip64_test.go:58"
                                },
                                "result": {
                                    "status": "passed",
                                    "duration": 36001
                                }
                            }
                        ]
                    },
                    {
                        "id": "bounded-zip64-declarations-agree-with-physical-archive-ranges;verified-local-zip64-payloads-survive-no-op-delivery;;4",
                        "keyword": "Scenario Outline",
                        "name": "Verified local ZIP64 payloads survive no-op delivery",
                        "description": "",
                        "line": 15,
                        "type": "scenario",
                        "tags": [
                            {
                                "name": "@implemented",
                                "line": 1
                            },
                            {
                                "name": "@go",
                                "line": 1
                            },
                            {
                                "name": "@package",
                                "line": 1
                            },
                            {
                                "name": "@ZSIX-001",
                                "line": 5
                            }
                        ],
                        "steps": [
                            {
                                "keyword": "Given ",
                                "name": "a tiny ZIP64 package using \"signed descriptor\"",
                                "line": 7,
                                "match": {
                                    "location": "zip64_test.go:26"
                                },
                                "result": {
                                    "status": "passed",
                                    "duration": 540258
                                }
                            },
                            {
                                "keyword": "When ",
                                "name": "I open and round-trip its retained payloads",
                                "line": 8,
                                "match": {
                                    "location": "zip64_test.go:45"
                                },
                                "result": {
                                    "status": "passed",
                                    "duration": 78265
                                }
                            },
                            {
                                "keyword": "Then ",
                                "name": "all ZIP64 source bytes and the empty member are preserved",
                                "line": 9,
                                "match": {
                                    "location": "zip64_test.go:58"
                                },
                                "result": {
                                    "status": "passed",
                                    "duration": 36984
                                }
                            }
                        ]
                    },
                    {
                        "id": "bounded-zip64-declarations-agree-with-physical-archive-ranges;verified-local-zip64-payloads-survive-no-op-delivery;;5",
                        "keyword": "Scenario Outline",
                        "name": "Verified local ZIP64 payloads survive no-op delivery",
                        "description": "",
                        "line": 16,
                        "type": "scenario",
                        "tags": [
                            {
                                "name": "@implemented",
                                "line": 1
                            },
                            {
                                "name": "@go",
                                "line": 1
                            },
                            {
                                "name": "@package",
                                "line": 1
                            },
                            {
                                "name": "@ZSIX-001",
                                "line": 5
                            }
                        ],
                        "steps": [
                            {
                                "keyword": "Given ",
                                "name": "a tiny ZIP64 package using \"unsigned descriptor\"",
                                "line": 7,
                                "match": {
                                    "location": "zip64_test.go:26"
                                },
                                "result": {
                                    "status": "passed",
                                    "duration": 359296
                                }
                            },
                            {
                                "keyword": "When ",
                                "name": "I open and round-trip its retained payloads",
                                "line": 8,
                                "match": {
                                    "location": "zip64_test.go:45"
                                },
                                "result": {
                                    "status": "passed",
                                    "duration": 81985
                                }
                            },
                            {
                                "keyword": "Then ",
                                "name": "all ZIP64 source bytes and the empty member are preserved",
                                "line": 9,
                                "match": {
                                    "location": "zip64_test.go:58"
                                },
                                "result": {
                                    "status": "passed",
                                    "duration": 38722
                                }
                            }
                        ]
                    },
                    {
                        "id": "bounded-zip64-declarations-agree-with-physical-archive-ranges;conflicting-or-undeclared-zip64-bytes-refuse-intake;;2",
                        "keyword": "Scenario Outline",
                        "name": "Conflicting or undeclared ZIP64 bytes refuse intake",
                        "description": "",
                        "line": 26,
                        "type": "scenario",
                        "tags": [
                            {
                                "name": "@implemented",
                                "line": 1
                            },
                            {
                                "name": "@go",
                                "line": 1
                            },
                            {
                                "name": "@package",
                                "line": 1
                            },
                            {
                                "name": "@ZSIX-002",
                                "line": 18
                            }
                        ],
                        "steps": [
                            {
                                "keyword": "Given ",
                                "name": "a tiny ZIP64 package with \"gap before ZIP64 end\"",
                                "line": 20,
                                "match": {
                                    "location": "zip64_test.go:72"
                                },
                                "result": {
                                    "status": "passed",
                                    "duration": 40315
                                }
                            },
                            {
                                "keyword": "When ",
                                "name": "I validate the ZIP64 package for editing",
                                "line": 21,
                                "match": {
                                    "location": "zip64_test.go:82"
                                },
                                "result": {
                                    "status": "passed",
                                    "duration": 28994
                                }
                            },
                            {
                                "keyword": "Then ",
                                "name": "ZIP64 intake refuses with a typed error and unchanged bytes",
                                "line": 22,
                                "match": {
                                    "location": "zip64_test.go:86"
                                },
                                "result": {
                                    "status": "passed",
                                    "duration": 34039
                                }
                            }
                        ]
                    },
                    {
                        "id": "bounded-zip64-declarations-agree-with-physical-archive-ranges;conflicting-or-undeclared-zip64-bytes-refuse-intake;;3",
                        "keyword": "Scenario Outline",
                        "name": "Conflicting or undeclared ZIP64 bytes refuse intake",
                        "description": "",
                        "line": 27,
                        "type": "scenario",
                        "tags": [
                            {
                                "name": "@implemented",
                                "line": 1
                            },
                            {
                                "name": "@go",
                                "line": 1
                            },
                            {
                                "name": "@package",
                                "line": 1
                            },
                            {
                                "name": "@ZSIX-002",
                                "line": 18
                            }
                        ],
                        "steps": [
                            {
                                "keyword": "Given ",
                                "name": "a tiny ZIP64 package with \"gap before locator\"",
                                "line": 20,
                                "match": {
                                    "location": "zip64_test.go:72"
                                },
                                "result": {
                                    "status": "passed",
                                    "duration": 49628
                                }
                            },
                            {
                                "keyword": "When ",
                                "name": "I validate the ZIP64 package for editing",
                                "line": 21,
                                "match": {
                                    "location": "zip64_test.go:82"
                                },
                                "result": {
                                    "status": "passed",
                                    "duration": 31971
                                }
                            },
                            {
                                "keyword": "Then ",
                                "name": "ZIP64 intake refuses with a typed error and unchanged bytes",
                                "line": 22,
                                "match": {
                                    "location": "zip64_test.go:86"
                                },
                                "result": {
                                    "status": "passed",
                                    "duration": 33681
                                }
                            }
                        ]
                    },
                    {
                        "id": "bounded-zip64-declarations-agree-with-physical-archive-ranges;conflicting-or-undeclared-zip64-bytes-refuse-intake;;4",
                        "keyword": "Scenario Outline",
                        "name": "Conflicting or undeclared ZIP64 bytes refuse intake",
                        "description": "",
                        "line": 28,
                        "type": "scenario",
                        "tags": [
                            {
                                "name": "@implemented",
                                "line": 1
                            },
                            {
                                "name": "@go",
                                "line": 1
                            },
                            {
                                "name": "@package",
                                "line": 1
                            },
                            {
                                "name": "@ZSIX-002",
                                "line": 18
                            }
                        ],
                        "steps": [
                            {
                                "keyword": "Given ",
                                "name": "a tiny ZIP64 package with \"ZIP64 length overflow\"",
                                "line": 20,
                                "match": {
                                    "location": "zip64_test.go:72"
                                },
                                "result": {
                                    "status": "passed",
                                    "duration": 32595
                                }
                            },
                            {
                                "keyword": "When ",
                                "name": "I validate the ZIP64 package for editing",
                                "line": 21,
                                "match": {
                                    "location": "zip64_test.go:82"
                                },
                                "result": {
                                    "status": "passed",
                                    "duration": 27159
                                }
                            },
                            {
                                "keyword": "Then ",
                                "name": "ZIP64 intake refuses with a typed error and unchanged bytes",
                                "line": 22,
                                "match": {
                                    "location": "zip64_test.go:86"
                                },
                                "result": {
                                    "status": "passed",
                                    "duration": 29370
                                }
                            }
                        ]
                    },
                    {
                        "id": "bounded-zip64-declarations-agree-with-physical-archive-ranges;conflicting-or-undeclared-zip64-bytes-refuse-intake;;5",
                        "keyword": "Scenario Outline",
                        "name": "Conflicting or undeclared ZIP64 bytes refuse intake",
                        "description": "",
                        "line": 29,
                        "type": "scenario",
                        "tags": [
                            {
                                "name": "@implemented",
                                "line": 1
                            },
                            {
                                "name": "@go",
                                "line": 1
                            },
                            {
                                "name": "@package",
                                "line": 1
                            },
                            {
                                "name": "@ZSIX-002",
                                "line": 18
                            }
                        ],
                        "steps": [
                            {
                                "keyword": "Given ",
                                "name": "a tiny ZIP64 package with \"ZIP64 length crosses locator\"",
                                "line": 20,
                                "match": {
                                    "location": "zip64_test.go:72"
                                },
                                "result": {
                                    "status": "passed",
                                    "duration": 50039
                                }
                            },
                            {
                                "keyword": "When ",
                                "name": "I validate the ZIP64 package for editing",
                                "line": 21,
                                "match": {
                                    "location": "zip64_test.go:82"
                                },
                                "result": {
                                    "status": "passed",
                                    "duration": 29270
                                }
                            },
                            {
                                "keyword": "Then ",
                                "name": "ZIP64 intake refuses with a typed error and unchanged bytes",
                                "line": 22,
                                "match": {
                                    "location": "zip64_test.go:86"
                                },
                                "result": {
                                    "status": "passed",
                                    "duration": 31846
                                }
                            }
                        ]
                    },
                    {
                        "id": "bounded-zip64-declarations-agree-with-physical-archive-ranges;conflicting-or-undeclared-zip64-bytes-refuse-intake;;6",
                        "keyword": "Scenario Outline",
                        "name": "Conflicting or undeclared ZIP64 bytes refuse intake",
                        "description": "",
                        "line": 30,
                        "type": "scenario",
                        "tags": [
                            {
                                "name": "@implemented",
                                "line": 1
                            },
                            {
                                "name": "@go",
                                "line": 1
                            },
                            {
                                "name": "@package",
                                "line": 1
                            },
                            {
                                "name": "@ZSIX-002",
                                "line": 18
                            }
                        ],
                        "steps": [
                            {
                                "keyword": "Given ",
                                "name": "a tiny ZIP64 package with \"short local extra\"",
                                "line": 20,
                                "match": {
                                    "location": "zip64_test.go:72"
                                },
                                "result": {
                                    "status": "passed",
                                    "duration": 33554
                                }
                            },
                            {
                                "keyword": "When ",
                                "name": "I validate the ZIP64 package for editing",
                                "line": 21,
                                "match": {
                                    "location": "zip64_test.go:82"
                                },
                                "result": {
                                    "status": "passed",
                                    "duration": 43626
                                }
                            },
                            {
                                "keyword": "Then ",
                                "name": "ZIP64 intake refuses with a typed error and unchanged bytes",
                                "line": 22,
                                "match": {
                                    "location": "zip64_test.go:86"
                                },
                                "result": {
                                    "status": "passed",
                                    "duration": 41064
                                }
                            }
                        ]
                    },
                    {
                        "id": "bounded-zip64-declarations-agree-with-physical-archive-ranges;conflicting-or-undeclared-zip64-bytes-refuse-intake;;7",
                        "keyword": "Scenario Outline",
                        "name": "Conflicting or undeclared ZIP64 bytes refuse intake",
                        "description": "",
                        "line": 31,
                        "type": "scenario",
                        "tags": [
                            {
                                "name": "@implemented",
                                "line": 1
                            },
                            {
                                "name": "@go",
                                "line": 1
                            },
                            {
                                "name": "@package",
                                "line": 1
                            },
                            {
                                "name": "@ZSIX-002",
                                "line": 18
                            }
                        ],
                        "steps": [
                            {
                                "keyword": "Given ",
                                "name": "a tiny ZIP64 package with \"local size mismatch\"",
                                "line": 20,
                                "match": {
                                    "location": "zip64_test.go:72"
                                },
                                "result": {
                                    "status": "passed",
                                    "duration": 40828
                                }
                            },
                            {
                                "keyword": "When ",
                                "name": "I validate the ZIP64 package for editing",
                                "line": 21,
                                "match": {
                                    "location": "zip64_test.go:82"
                                },
                                "result": {
                                    "status": "passed",
                                    "duration": 28727
                                }
                            },
                            {
                                "keyword": "Then ",
                                "name": "ZIP64 intake refuses with a typed error and unchanged bytes",
                                "line": 22,
                                "match": {
                                    "location": "zip64_test.go:86"
                                },
                                "result": {
                                    "status": "passed",
                                    "duration": 31039
                                }
                            }
                        ]
                    },
                    {
                        "id": "bounded-zip64-declarations-agree-with-physical-archive-ranges;conflicting-or-undeclared-zip64-bytes-refuse-intake;;8",
                        "keyword": "Scenario Outline",
                        "name": "Conflicting or undeclared ZIP64 bytes refuse intake",
                        "description": "",
                        "line": 32,
                        "type": "scenario",
                        "tags": [
                            {
                                "name": "@implemented",
                                "line": 1
                            },
                            {
                                "name": "@go",
                                "line": 1
                            },
                            {
                                "name": "@package",
                                "line": 1
                            },
                            {
                                "name": "@ZSIX-002",
                                "line": 18
                            }
                        ],
                        "steps": [
                            {
                                "keyword": "Given ",
                                "name": "a tiny ZIP64 package with \"short central extra\"",
                                "line": 20,
                                "match": {
                                    "location": "zip64_test.go:72"
                                },
                                "result": {
                                    "status": "passed",
                                    "duration": 69560
                                }
                            },
                            {
                                "keyword": "When ",
                                "name": "I validate the ZIP64 package for editing",
                                "line": 21,
                                "match": {
                                    "location": "zip64_test.go:82"
                                },
                                "result": {
                                    "status": "passed",
                                    "duration": 48879
                                }
                            },
                            {
                                "keyword": "Then ",
                                "name": "ZIP64 intake refuses with a typed error and unchanged bytes",
                                "line": 22,
                                "match": {
                                    "location": "zip64_test.go:86"
                                },
                                "result": {
                                    "status": "passed",
                                    "duration": 55704
                                }
                            }
                        ]
                    },
                    {
                        "id": "bounded-zip64-declarations-agree-with-physical-archive-ranges;conflicting-or-undeclared-zip64-bytes-refuse-intake;;9",
                        "keyword": "Scenario Outline",
                        "name": "Conflicting or undeclared ZIP64 bytes refuse intake",
                        "description": "",
                        "line": 33,
                        "type": "scenario",
                        "tags": [
                            {
                                "name": "@implemented",
                                "line": 1
                            },
                            {
                                "name": "@go",
                                "line": 1
                            },
                            {
                                "name": "@package",
                                "line": 1
                            },
                            {
                                "name": "@ZSIX-002",
                                "line": 18
                            }
                        ],
                        "steps": [
                            {
                                "keyword": "Given ",
                                "name": "a tiny ZIP64 package with \"duplicate central extra\"",
                                "line": 20,
                                "match": {
                                    "location": "zip64_test.go:72"
                                },
                                "result": {
                                    "status": "passed",
                                    "duration": 48762
                                }
                            },
                            {
                                "keyword": "When ",
                                "name": "I validate the ZIP64 package for editing",
                                "line": 21,
                                "match": {
                                    "location": "zip64_test.go:82"
                                },
                                "result": {
                                    "status": "passed",
                                    "duration": 33439
                                }
                            },
                            {
                                "keyword": "Then ",
                                "name": "ZIP64 intake refuses with a typed error and unchanged bytes",
                                "line": 22,
                                "match": {
                                    "location": "zip64_test.go:86"
                                },
                                "result": {
                                    "status": "passed",
                                    "duration": 35553
                                }
                            }
                        ]
                    },
                    {
                        "id": "bounded-zip64-declarations-agree-with-physical-archive-ranges;conflicting-or-undeclared-zip64-bytes-refuse-intake;;10",
                        "keyword": "Scenario Outline",
                        "name": "Conflicting or undeclared ZIP64 bytes refuse intake",
                        "description": "",
                        "line": 34,
                        "type": "scenario",
                        "tags": [
                            {
                                "name": "@implemented",
                                "line": 1
                            },
                            {
                                "name": "@go",
                                "line": 1
                            },
                            {
                                "name": "@package",
                                "line": 1
                            },
                            {
                                "name": "@ZSIX-002",
                                "line": 18
                            }
                        ],
                        "steps": [
                            {
                                "keyword": "Given ",
                                "name": "a tiny ZIP64 package with \"descriptor mismatch\"",
                                "line": 20,
                                "match": {
                                    "location": "zip64_test.go:72"
                                },
                                "result": {
                                    "status": "passed",
                                    "duration": 58519
                                }
                            },
                            {
                                "keyword": "When ",
                                "name": "I validate the ZIP64 package for editing",
                                "line": 21,
                                "match": {
                                    "location": "zip64_test.go:82"
                                },
                                "result": {
                                    "status": "passed",
                                    "duration": 35393
                                }
                            },
                            {
                                "keyword": "Then ",
                                "name": "ZIP64 intake refuses with a typed error and unchanged bytes",
                                "line": 22,
                                "match": {
                                    "location": "zip64_test.go:86"
                                },
                                "result": {
                                    "status": "passed",
                                    "duration": 36535
                                }
                            }
                        ]
                    },
                    {
                        "id": "bounded-zip64-declarations-agree-with-physical-archive-ranges;conflicting-or-undeclared-zip64-bytes-refuse-intake;;11",
                        "keyword": "Scenario Outline",
                        "name": "Conflicting or undeclared ZIP64 bytes refuse intake",
                        "description": "",
                        "line": 35,
                        "type": "scenario",
                        "tags": [
                            {
                                "name": "@implemented",
                                "line": 1
                            },
                            {
                                "name": "@go",
                                "line": 1
                            },
                            {
                                "name": "@package",
                                "line": 1
                            },
                            {
                                "name": "@ZSIX-002",
                                "line": 18
                            }
                        ],
                        "steps": [
                            {
                                "keyword": "Given ",
                                "name": "a tiny ZIP64 package with \"classic count mismatch\"",
                                "line": 20,
                                "match": {
                                    "location": "zip64_test.go:72"
                                },
                                "result": {
                                    "status": "passed",
                                    "duration": 41922
                                }
                            },
                            {
                                "keyword": "When ",
                                "name": "I validate the ZIP64 package for editing",
                                "line": 21,
                                "match": {
                                    "location": "zip64_test.go:82"
                                },
                                "result": {
                                    "status": "passed",
                                    "duration": 26904
                                }
                            },
                            {
                                "keyword": "Then ",
                                "name": "ZIP64 intake refuses with a typed error and unchanged bytes",
                                "line": 22,
                                "match": {
                                    "location": "zip64_test.go:86"
                                },
                                "result": {
                                    "status": "passed",
                                    "duration": 32347
                                }
                            }
                        ]
                    }
                ]
            },
            {
                "uri": "../features/implemented/spreadsheet/bounded-edit.feature",
                "id": "bounded-formula-free-numeric-cell-correction",
                "keyword": "Feature",
                "name": "Bounded formula-free numeric cell correction",
                "description": "  Existing numeric cells can change only when dependent structures are absent.",
                "line": 2,
                "tags": [
                    {
                        "name": "@implemented",
                        "line": 1
                    },
                    {
                        "name": "@go",
                        "line": 1
                    },
                    {
                        "name": "@spreadsheet",
                        "line": 1
                    }
                ],
                "elements": [
                    {
                        "id": "bounded-formula-free-numeric-cell-correction;changing-a-formula-free-numeric-cell-preserves-styles-and-opaque-parts",
                        "keyword": "Scenario",
                        "name": "Changing a formula-free numeric cell preserves styles and opaque parts",
                        "description": "",
                        "line": 6,
                        "type": "scenario",
                        "tags": [
                            {
                                "name": "@implemented",
                                "line": 1
                            },
                            {
                                "name": "@go",
                                "line": 1
                            },
                            {
                                "name": "@spreadsheet",
                                "line": 1
                            },
                            {
                                "name": "@CELL-001",
                                "line": 5
                            }
                        ],
                        "steps": [
                            {
                                "keyword": "Given ",
                                "name": "a formula-free workbook with numeric cell \"B2\"",
                                "line": 7,
                                "match": {
                                    "location": "cell_test.go:95"
                                },
                                "result": {
                                    "status": "passed",
                                    "duration": 594572
                                }
                            },
                            {
                                "keyword": "When ",
                                "name": "I set the guarded numeric cell to 125",
                                "line": 8,
                                "match": {
                                    "location": "cell_test.go:97"
                                },
                                "result": {
                                    "status": "passed",
                                    "duration": 186297
                                }
                            },
                            {
                                "keyword": "Then ",
                                "name": "delivery changes only the cell value bytes",
                                "line": 9,
                                "match": {
                                    "location": "cell_test.go:105"
                                },
                                "result": {
                                    "status": "passed",
                                    "duration": 1557306
                                }
                            },
                            {
                                "keyword": "And ",
                                "name": "the consumed cell target refuses reuse",
                                "line": 10,
                                "match": {
                                    "location": "cell_test.go:132"
                                },
                                "result": {
                                    "status": "passed",
                                    "duration": 142432
                                }
                            }
                        ]
                    },
                    {
                        "id": "bounded-formula-free-numeric-cell-correction;unproved-workbook-dependencies-refuse-numeric-writes;;2",
                        "keyword": "Scenario Outline",
                        "name": "Unproved workbook dependencies refuse numeric writes",
                        "description": "",
                        "line": 21,
                        "type": "scenario",
                        "tags": [
                            {
                                "name": "@implemented",
                                "line": 1
                            },
                            {
                                "name": "@go",
                                "line": 1
                            },
                            {
                                "name": "@spreadsheet",
                                "line": 1
                            },
                            {
                                "name": "@CELL-002",
                                "line": 12
                            }
                        ],
                        "steps": [
                            {
                                "keyword": "Given ",
                                "name": "a workbook containing \"formula on another sheet\"",
                                "line": 14,
                                "match": {
                                    "location": "cell_test.go:96"
                                },
                                "result": {
                                    "status": "passed",
                                    "duration": 409787
                                }
                            },
                            {
                                "keyword": "When ",
                                "name": "I attempt the guarded numeric correction",
                                "line": 15,
                                "match": {
                                    "location": "cell_test.go:140"
                                },
                                "result": {
                                    "status": "passed",
                                    "duration": 177749
                                }
                            },
                            {
                                "keyword": "Then ",
                                "name": "the numeric correction returns a typed refusal",
                                "line": 16,
                                "match": {
                                    "location": "cell_test.go:147"
                                },
                                "result": {
                                    "status": "passed",
                                    "duration": 27090
                                }
                            },
                            {
                                "keyword": "And ",
                                "name": "saving the numeric session preserves the original archive",
                                "line": 17,
                                "match": {
                                    "location": "cell_test.go:154"
                                },
                                "result": {
                                    "status": "passed",
                                    "duration": 1296003
                                }
                            }
                        ]
                    },
                    {
                        "id": "bounded-formula-free-numeric-cell-correction;unproved-workbook-dependencies-refuse-numeric-writes;;3",
                        "keyword": "Scenario Outline",
                        "name": "Unproved workbook dependencies refuse numeric writes",
                        "description": "",
                        "line": 22,
                        "type": "scenario",
                        "tags": [
                            {
                                "name": "@implemented",
                                "line": 1
                            },
                            {
                                "name": "@go",
                                "line": 1
                            },
                            {
                                "name": "@spreadsheet",
                                "line": 1
                            },
                            {
                                "name": "@CELL-002",
                                "line": 12
                            }
                        ],
                        "steps": [
                            {
                                "keyword": "Given ",
                                "name": "a workbook containing \"protected worksheet\"",
                                "line": 14,
                                "match": {
                                    "location": "cell_test.go:96"
                                },
                                "result": {
                                    "status": "passed",
                                    "duration": 1234725
                                }
                            },
                            {
                                "keyword": "When ",
                                "name": "I attempt the guarded numeric correction",
                                "line": 15,
                                "match": {
                                    "location": "cell_test.go:140"
                                },
                                "result": {
                                    "status": "passed",
                                    "duration": 360011
                                }
                            },
                            {
                                "keyword": "Then ",
                                "name": "the numeric correction returns a typed refusal",
                                "line": 16,
                                "match": {
                                    "location": "cell_test.go:147"
                                },
                                "result": {
                                    "status": "passed",
                                    "duration": 49120
                                }
                            },
                            {
                                "keyword": "And ",
                                "name": "saving the numeric session preserves the original archive",
                                "line": 17,
                                "match": {
                                    "location": "cell_test.go:154"
                                },
                                "result": {
                                    "status": "passed",
                                    "duration": 1471855
                                }
                            }
                        ]
                    },
                    {
                        "id": "bounded-formula-free-numeric-cell-correction;unproved-workbook-dependencies-refuse-numeric-writes;;4",
                        "keyword": "Scenario Outline",
                        "name": "Unproved workbook dependencies refuse numeric writes",
                        "description": "",
                        "line": 23,
                        "type": "scenario",
                        "tags": [
                            {
                                "name": "@implemented",
                                "line": 1
                            },
                            {
                                "name": "@go",
                                "line": 1
                            },
                            {
                                "name": "@spreadsheet",
                                "line": 1
                            },
                            {
                                "name": "@CELL-002",
                                "line": 12
                            }
                        ],
                        "steps": [
                            {
                                "keyword": "Given ",
                                "name": "a workbook containing \"defined name\"",
                                "line": 14,
                                "match": {
                                    "location": "cell_test.go:96"
                                },
                                "result": {
                                    "status": "passed",
                                    "duration": 447591
                                }
                            },
                            {
                                "keyword": "When ",
                                "name": "I attempt the guarded numeric correction",
                                "line": 15,
                                "match": {
                                    "location": "cell_test.go:140"
                                },
                                "result": {
                                    "status": "passed",
                                    "duration": 160805
                                }
                            },
                            {
                                "keyword": "Then ",
                                "name": "the numeric correction returns a typed refusal",
                                "line": 16,
                                "match": {
                                    "location": "cell_test.go:147"
                                },
                                "result": {
                                    "status": "passed",
                                    "duration": 29067
                                }
                            },
                            {
                                "keyword": "And ",
                                "name": "saving the numeric session preserves the original archive",
                                "line": 17,
                                "match": {
                                    "location": "cell_test.go:154"
                                },
                                "result": {
                                    "status": "passed",
                                    "duration": 1292757
                                }
                            }
                        ]
                    },
                    {
                        "id": "bounded-formula-free-numeric-cell-correction;unproved-workbook-dependencies-refuse-numeric-writes;;5",
                        "keyword": "Scenario Outline",
                        "name": "Unproved workbook dependencies refuse numeric writes",
                        "description": "",
                        "line": 24,
                        "type": "scenario",
                        "tags": [
                            {
                                "name": "@implemented",
                                "line": 1
                            },
                            {
                                "name": "@go",
                                "line": 1
                            },
                            {
                                "name": "@spreadsheet",
                                "line": 1
                            },
                            {
                                "name": "@CELL-002",
                                "line": 12
                            }
                        ],
                        "steps": [
                            {
                                "keyword": "Given ",
                                "name": "a workbook containing \"duplicate cell address\"",
                                "line": 14,
                                "match": {
                                    "location": "cell_test.go:96"
                                },
                                "result": {
                                    "status": "passed",
                                    "duration": 511167
                                }
                            },
                            {
                                "keyword": "When ",
                                "name": "I attempt the guarded numeric correction",
                                "line": 15,
                                "match": {
                                    "location": "cell_test.go:140"
                                },
                                "result": {
                                    "status": "passed",
                                    "duration": 64666
                                }
                            },
                            {
                                "keyword": "Then ",
                                "name": "the numeric correction returns a typed refusal",
                                "line": 16,
                                "match": {
                                    "location": "cell_test.go:147"
                                },
                                "result": {
                                    "status": "passed",
                                    "duration": 44698
                                }
                            },
                            {
                                "keyword": "And ",
                                "name": "saving the numeric session preserves the original archive",
                                "line": 17,
                                "match": {
                                    "location": "cell_test.go:154"
                                },
                                "result": {
                                    "status": "passed",
                                    "duration": 1644132
                                }
                            }
                        ]
                    },
                    {
                        "id": "bounded-formula-free-numeric-cell-correction;unproved-workbook-dependencies-refuse-numeric-writes;;6",
                        "keyword": "Scenario Outline",
                        "name": "Unproved workbook dependencies refuse numeric writes",
                        "description": "",
                        "line": 25,
                        "type": "scenario",
                        "tags": [
                            {
                                "name": "@implemented",
                                "line": 1
                            },
                            {
                                "name": "@go",
                                "line": 1
                            },
                            {
                                "name": "@spreadsheet",
                                "line": 1
                            },
                            {
                                "name": "@CELL-002",
                                "line": 12
                            }
                        ],
                        "steps": [
                            {
                                "keyword": "Given ",
                                "name": "a workbook containing \"chart dependency\"",
                                "line": 14,
                                "match": {
                                    "location": "cell_test.go:96"
                                },
                                "result": {
                                    "status": "passed",
                                    "duration": 435097
                                }
                            },
                            {
                                "keyword": "When ",
                                "name": "I attempt the guarded numeric correction",
                                "line": 15,
                                "match": {
                                    "location": "cell_test.go:140"
                                },
                                "result": {
                                    "status": "passed",
                                    "duration": 145725
                                }
                            },
                            {
                                "keyword": "Then ",
                                "name": "the numeric correction returns a typed refusal",
                                "line": 16,
                                "match": {
                                    "location": "cell_test.go:147"
                                },
                                "result": {
                                    "status": "passed",
                                    "duration": 28569
                                }
                            },
                            {
                                "keyword": "And ",
                                "name": "saving the numeric session preserves the original archive",
                                "line": 17,
                                "match": {
                                    "location": "cell_test.go:154"
                                },
                                "result": {
                                    "status": "passed",
                                    "duration": 1273547
                                }
                            }
                        ]
                    },
                    {
                        "id": "bounded-formula-free-numeric-cell-correction;unproved-workbook-dependencies-refuse-numeric-writes;;7",
                        "keyword": "Scenario Outline",
                        "name": "Unproved workbook dependencies refuse numeric writes",
                        "description": "",
                        "line": 26,
                        "type": "scenario",
                        "tags": [
                            {
                                "name": "@implemented",
                                "line": 1
                            },
                            {
                                "name": "@go",
                                "line": 1
                            },
                            {
                                "name": "@spreadsheet",
                                "line": 1
                            },
                            {
                                "name": "@CELL-002",
                                "line": 12
                            }
                        ],
                        "steps": [
                            {
                                "keyword": "Given ",
                                "name": "a workbook containing \"data validation\"",
                                "line": 14,
                                "match": {
                                    "location": "cell_test.go:96"
                                },
                                "result": {
                                    "status": "passed",
                                    "duration": 1505301
                                }
                            },
                            {
                                "keyword": "When ",
                                "name": "I attempt the guarded numeric correction",
                                "line": 15,
                                "match": {
                                    "location": "cell_test.go:140"
                                },
                                "result": {
                                    "status": "passed",
                                    "duration": 272738
                                }
                            },
                            {
                                "keyword": "Then ",
                                "name": "the numeric correction returns a typed refusal",
                                "line": 16,
                                "match": {
                                    "location": "cell_test.go:147"
                                },
                                "result": {
                                    "status": "passed",
                                    "duration": 50999
                                }
                            },
                            {
                                "keyword": "And ",
                                "name": "saving the numeric session preserves the original archive",
                                "line": 17,
                                "match": {
                                    "location": "cell_test.go:154"
                                },
                                "result": {
                                    "status": "passed",
                                    "duration": 1643990
                                }
                            }
                        ]
                    },
                    {
                        "id": "bounded-formula-free-numeric-cell-correction;unproved-workbook-dependencies-refuse-numeric-writes;;8",
                        "keyword": "Scenario Outline",
                        "name": "Unproved workbook dependencies refuse numeric writes",
                        "description": "",
                        "line": 27,
                        "type": "scenario",
                        "tags": [
                            {
                                "name": "@implemented",
                                "line": 1
                            },
                            {
                                "name": "@go",
                                "line": 1
                            },
                            {
                                "name": "@spreadsheet",
                                "line": 1
                            },
                            {
                                "name": "@CELL-002",
                                "line": 12
                            }
                        ],
                        "steps": [
                            {
                                "keyword": "Given ",
                                "name": "a workbook containing \"unknown worksheet element\"",
                                "line": 14,
                                "match": {
                                    "location": "cell_test.go:96"
                                },
                                "result": {
                                    "status": "passed",
                                    "duration": 426699
                                }
                            },
                            {
                                "keyword": "When ",
                                "name": "I attempt the guarded numeric correction",
                                "line": 15,
                                "match": {
                                    "location": "cell_test.go:140"
                                },
                                "result": {
                                    "status": "passed",
                                    "duration": 188072
                                }
                            },
                            {
                                "keyword": "Then ",
                                "name": "the numeric correction returns a typed refusal",
                                "line": 16,
                                "match": {
                                    "location": "cell_test.go:147"
                                },
                                "result": {
                                    "status": "passed",
                                    "duration": 27583
                                }
                            },
                            {
                                "keyword": "And ",
                                "name": "saving the numeric session preserves the original archive",
                                "line": 17,
                                "match": {
                                    "location": "cell_test.go:154"
                                },
                                "result": {
                                    "status": "passed",
                                    "duration": 1275720
                                }
                            }
                        ]
                    },
                    {
                        "id": "bounded-formula-free-numeric-cell-correction;unproved-workbook-dependencies-refuse-numeric-writes;;9",
                        "keyword": "Scenario Outline",
                        "name": "Unproved workbook dependencies refuse numeric writes",
                        "description": "",
                        "line": 28,
                        "type": "scenario",
                        "tags": [
                            {
                                "name": "@implemented",
                                "line": 1
                            },
                            {
                                "name": "@go",
                                "line": 1
                            },
                            {
                                "name": "@spreadsheet",
                                "line": 1
                            },
                            {
                                "name": "@CELL-002",
                                "line": 12
                            }
                        ],
                        "steps": [
                            {
                                "keyword": "Given ",
                                "name": "a workbook containing \"unknown cell attribute namespace\"",
                                "line": 14,
                                "match": {
                                    "location": "cell_test.go:96"
                                },
                                "result": {
                                    "status": "passed",
                                    "duration": 709202
                                }
                            },
                            {
                                "keyword": "When ",
                                "name": "I attempt the guarded numeric correction",
                                "line": 15,
                                "match": {
                                    "location": "cell_test.go:140"
                                },
                                "result": {
                                    "status": "passed",
                                    "duration": 437927
                                }
                            },
                            {
                                "keyword": "Then ",
                                "name": "the numeric correction returns a typed refusal",
                                "line": 16,
                                "match": {
                                    "location": "cell_test.go:147"
                                },
                                "result": {
                                    "status": "passed",
                                    "duration": 81559
                                }
                            },
                            {
                                "keyword": "And ",
                                "name": "saving the numeric session preserves the original archive",
                                "line": 17,
                                "match": {
                                    "location": "cell_test.go:154"
                                },
                                "result": {
                                    "status": "passed",
                                    "duration": 1589473
                                }
                            }
                        ]
                    }
                ]
            },
            {
                "uri": "../features/implemented/presentation/bounded-edit.feature",
                "id": "bounded-presentation-text-correction",
                "keyword": "Feature",
                "name": "Bounded presentation text correction",
                "description": "  A shape-ID target changes only its plain text while preserving source formatting.",
                "line": 2,
                "tags": [
                    {
                        "name": "@implemented",
                        "line": 1
                    },
                    {
                        "name": "@go",
                        "line": 1
                    },
                    {
                        "name": "@presentation",
                        "line": 1
                    }
                ],
                "elements": [
                    {
                        "id": "bounded-presentation-text-correction;shape-id-targeting-preserves-geometry-and-opaque-extension-bytes",
                        "keyword": "Scenario",
                        "name": "Shape-ID targeting preserves geometry and opaque extension bytes",
                        "description": "",
                        "line": 6,
                        "type": "scenario",
                        "tags": [
                            {
                                "name": "@implemented",
                                "line": 1
                            },
                            {
                                "name": "@go",
                                "line": 1
                            },
                            {
                                "name": "@presentation",
                                "line": 1
                            },
                            {
                                "name": "@SLIDE-001",
                                "line": 5
                            }
                        ],
                        "steps": [
                            {
                                "keyword": "Given ",
                                "name": "a presentation with a plain text shape and opaque slide markup",
                                "line": 7,
                                "match": {
                                    "location": "slide_test.go:77"
                                },
                                "result": {
                                    "status": "passed",
                                    "duration": 702619
                                }
                            },
                            {
                                "keyword": "When ",
                                "name": "I replace \"old text\" in shape 7 on \"ppt/slides/slide1.xml\"",
                                "line": 8,
                                "match": {
                                    "location": "slide_test.go:79"
                                },
                                "result": {
                                    "status": "passed",
                                    "duration": 101269
                                }
                            },
                            {
                                "keyword": "Then ",
                                "name": "only the selected slide text bytes differ after delivery",
                                "line": 9,
                                "match": {
                                    "location": "slide_test.go:87"
                                },
                                "result": {
                                    "status": "passed",
                                    "duration": 4430936
                                }
                            },
                            {
                                "keyword": "And ",
                                "name": "the consumed presentation target refuses reuse",
                                "line": 10,
                                "match": {
                                    "location": "slide_test.go:114"
                                },
                                "result": {
                                    "status": "passed",
                                    "duration": 90381
                                }
                            }
                        ]
                    },
                    {
                        "id": "bounded-presentation-text-correction;unsupported-presentation-text-context-refuses-unchanged;;2",
                        "keyword": "Scenario Outline",
                        "name": "Unsupported presentation text context refuses unchanged",
                        "description": "",
                        "line": 21,
                        "type": "scenario",
                        "tags": [
                            {
                                "name": "@implemented",
                                "line": 1
                            },
                            {
                                "name": "@go",
                                "line": 1
                            },
                            {
                                "name": "@presentation",
                                "line": 1
                            },
                            {
                                "name": "@SLIDE-002",
                                "line": 12
                            }
                        ],
                        "steps": [
                            {
                                "keyword": "Given ",
                                "name": "a presentation text shape with \"duplicate shape IDs\"",
                                "line": 14,
                                "match": {
                                    "location": "slide_test.go:78"
                                },
                                "result": {
                                    "status": "passed",
                                    "duration": 621669
                                }
                            },
                            {
                                "keyword": "When ",
                                "name": "I request a guarded presentation text correction",
                                "line": 15,
                                "match": {
                                    "location": "slide_test.go:122"
                                },
                                "result": {
                                    "status": "passed",
                                    "duration": 198749
                                }
                            },
                            {
                                "keyword": "Then ",
                                "name": "the presentation operation returns a typed refusal",
                                "line": 16,
                                "match": {
                                    "location": "slide_test.go:133"
                                },
                                "result": {
                                    "status": "passed",
                                    "duration": 98561
                                }
                            },
                            {
                                "keyword": "And ",
                                "name": "its delivered archive is byte-identical to the source",
                                "line": 17,
                                "match": {
                                    "location": "slide_test.go:140"
                                },
                                "result": {
                                    "status": "passed",
                                    "duration": 4193356
                                }
                            }
                        ]
                    },
                    {
                        "id": "bounded-presentation-text-correction;unsupported-presentation-text-context-refuses-unchanged;;3",
                        "keyword": "Scenario Outline",
                        "name": "Unsupported presentation text context refuses unchanged",
                        "description": "",
                        "line": 22,
                        "type": "scenario",
                        "tags": [
                            {
                                "name": "@implemented",
                                "line": 1
                            },
                            {
                                "name": "@go",
                                "line": 1
                            },
                            {
                                "name": "@presentation",
                                "line": 1
                            },
                            {
                                "name": "@SLIDE-002",
                                "line": 12
                            }
                        ],
                        "steps": [
                            {
                                "keyword": "Given ",
                                "name": "a presentation text shape with \"repeated leaf text\"",
                                "line": 14,
                                "match": {
                                    "location": "slide_test.go:78"
                                },
                                "result": {
                                    "status": "passed",
                                    "duration": 460605
                                }
                            },
                            {
                                "keyword": "When ",
                                "name": "I request a guarded presentation text correction",
                                "line": 15,
                                "match": {
                                    "location": "slide_test.go:122"
                                },
                                "result": {
                                    "status": "passed",
                                    "duration": 69752
                                }
                            },
                            {
                                "keyword": "Then ",
                                "name": "the presentation operation returns a typed refusal",
                                "line": 16,
                                "match": {
                                    "location": "slide_test.go:133"
                                },
                                "result": {
                                    "status": "passed",
                                    "duration": 30045
                                }
                            },
                            {
                                "keyword": "And ",
                                "name": "its delivered archive is byte-identical to the source",
                                "line": 17,
                                "match": {
                                    "location": "slide_test.go:140"
                                },
                                "result": {
                                    "status": "passed",
                                    "duration": 2915006
                                }
                            }
                        ]
                    },
                    {
                        "id": "bounded-presentation-text-correction;unsupported-presentation-text-context-refuses-unchanged;;4",
                        "keyword": "Scenario Outline",
                        "name": "Unsupported presentation text context refuses unchanged",
                        "description": "",
                        "line": 23,
                        "type": "scenario",
                        "tags": [
                            {
                                "name": "@implemented",
                                "line": 1
                            },
                            {
                                "name": "@go",
                                "line": 1
                            },
                            {
                                "name": "@presentation",
                                "line": 1
                            },
                            {
                                "name": "@SLIDE-002",
                                "line": 12
                            }
                        ],
                        "steps": [
                            {
                                "keyword": "Given ",
                                "name": "a presentation text shape with \"field-bearing paragraph\"",
                                "line": 14,
                                "match": {
                                    "location": "slide_test.go:78"
                                },
                                "result": {
                                    "status": "passed",
                                    "duration": 747477
                                }
                            },
                            {
                                "keyword": "When ",
                                "name": "I request a guarded presentation text correction",
                                "line": 15,
                                "match": {
                                    "location": "slide_test.go:122"
                                },
                                "result": {
                                    "status": "passed",
                                    "duration": 60559
                                }
                            },
                            {
                                "keyword": "Then ",
                                "name": "the presentation operation returns a typed refusal",
                                "line": 16,
                                "match": {
                                    "location": "slide_test.go:133"
                                },
                                "result": {
                                    "status": "passed",
                                    "duration": 28173
                                }
                            },
                            {
                                "keyword": "And ",
                                "name": "its delivered archive is byte-identical to the source",
                                "line": 17,
                                "match": {
                                    "location": "slide_test.go:140"
                                },
                                "result": {
                                    "status": "passed",
                                    "duration": 2914183
                                }
                            }
                        ]
                    },
                    {
                        "id": "bounded-presentation-text-correction;unsupported-presentation-text-context-refuses-unchanged;;5",
                        "keyword": "Scenario Outline",
                        "name": "Unsupported presentation text context refuses unchanged",
                        "description": "",
                        "line": 24,
                        "type": "scenario",
                        "tags": [
                            {
                                "name": "@implemented",
                                "line": 1
                            },
                            {
                                "name": "@go",
                                "line": 1
                            },
                            {
                                "name": "@presentation",
                                "line": 1
                            },
                            {
                                "name": "@SLIDE-002",
                                "line": 12
                            }
                        ],
                        "steps": [
                            {
                                "keyword": "Given ",
                                "name": "a presentation text shape with \"foreign slide part\"",
                                "line": 14,
                                "match": {
                                    "location": "slide_test.go:78"
                                },
                                "result": {
                                    "status": "passed",
                                    "duration": 391922
                                }
                            },
                            {
                                "keyword": "When ",
                                "name": "I request a guarded presentation text correction",
                                "line": 15,
                                "match": {
                                    "location": "slide_test.go:122"
                                },
                                "result": {
                                    "status": "passed",
                                    "duration": 42083
                                }
                            },
                            {
                                "keyword": "Then ",
                                "name": "the presentation operation returns a typed refusal",
                                "line": 16,
                                "match": {
                                    "location": "slide_test.go:133"
                                },
                                "result": {
                                    "status": "passed",
                                    "duration": 29509
                                }
                            },
                            {
                                "keyword": "And ",
                                "name": "its delivered archive is byte-identical to the source",
                                "line": 17,
                                "match": {
                                    "location": "slide_test.go:140"
                                },
                                "result": {
                                    "status": "passed",
                                    "duration": 1549183
                                }
                            }
                        ]
                    }
                ]
            },
            {
                "uri": "../features/implemented/document/bounded-edit.feature",
                "id": "bounded-preservation-safe-word-text-correction",
                "keyword": "Feature",
                "name": "Bounded preservation-safe Word text correction",
                "description": "  Plain body text corrections preserve every unrelated XML byte and package part.",
                "line": 2,
                "tags": [
                    {
                        "name": "@implemented",
                        "line": 1
                    },
                    {
                        "name": "@go",
                        "line": 1
                    },
                    {
                        "name": "@document",
                        "line": 1
                    }
                ],
                "elements": [
                    {
                        "id": "bounded-preservation-safe-word-text-correction;a-plain-run-correction-preserves-opaque-markup-and-media",
                        "keyword": "Scenario",
                        "name": "A plain run correction preserves opaque markup and media",
                        "description": "",
                        "line": 6,
                        "type": "scenario",
                        "tags": [
                            {
                                "name": "@implemented",
                                "line": 1
                            },
                            {
                                "name": "@go",
                                "line": 1
                            },
                            {
                                "name": "@document",
                                "line": 1
                            },
                            {
                                "name": "@WORD-001",
                                "line": 5
                            }
                        ],
                        "steps": [
                            {
                                "keyword": "Given ",
                                "name": "a Word package containing a plain body text run and opaque content",
                                "line": 7,
                                "match": {
                                    "location": "word_test.go:71"
                                },
                                "result": {
                                    "status": "passed",
                                    "duration": 711112
                                }
                            },
                            {
                                "keyword": "When ",
                                "name": "I replace the unique text \"old text\" with \"new \u0026 text\" through a guarded target",
                                "line": 8,
                                "match": {
                                    "location": "word_test.go:73"
                                },
                                "result": {
                                    "status": "passed",
                                    "duration": 163303
                                }
                            },
                            {
                                "keyword": "And ",
                                "name": "save the edited Word package",
                                "line": 9,
                                "match": {
                                    "location": "word_test.go:91"
                                },
                                "result": {
                                    "status": "passed",
                                    "duration": 3654987
                                }
                            },
                            {
                                "keyword": "Then ",
                                "name": "only the matched XML character data differs",
                                "line": 10,
                                "match": {
                                    "location": "word_test.go:92"
                                },
                                "result": {
                                    "status": "passed",
                                    "duration": 81935
                                }
                            },
                            {
                                "keyword": "And ",
                                "name": "every other package member retains its payload bytes",
                                "line": 11,
                                "match": {
                                    "location": "word_test.go:107"
                                },
                                "result": {
                                    "status": "passed",
                                    "duration": 67704
                                }
                            },
                            {
                                "keyword": "And ",
                                "name": "reusing the consumed target returns a stale-target refusal",
                                "line": 12,
                                "match": {
                                    "location": "word_test.go:130"
                                },
                                "result": {
                                    "status": "passed",
                                    "duration": 102988
                                }
                            }
                        ]
                    },
                    {
                        "id": "bounded-preservation-safe-word-text-correction;unsupported-ownership-or-editing-policy-refuses-unchanged;;2",
                        "keyword": "Scenario Outline",
                        "name": "Unsupported ownership or editing policy refuses unchanged",
                        "description": "",
                        "line": 23,
                        "type": "scenario",
                        "tags": [
                            {
                                "name": "@implemented",
                                "line": 1
                            },
                            {
                                "name": "@go",
                                "line": 1
                            },
                            {
                                "name": "@document",
                                "line": 1
                            },
                            {
                                "name": "@WORD-002",
                                "line": 14
                            }
                        ],
                        "steps": [
                            {
                                "keyword": "Given ",
                                "name": "a Word package with \"duplicate text\"",
                                "line": 16,
                                "match": {
                                    "location": "word_test.go:72"
                                },
                                "result": {
                                    "status": "passed",
                                    "duration": 387718
                                }
                            },
                            {
                                "keyword": "When ",
                                "name": "I request a guarded correction of \"old text\"",
                                "line": 17,
                                "match": {
                                    "location": "word_test.go:138"
                                },
                                "result": {
                                    "status": "passed",
                                    "duration": 52800
                                }
                            },
                            {
                                "keyword": "Then ",
                                "name": "the correction returns a typed refusal",
                                "line": 18,
                                "match": {
                                    "location": "word_test.go:145"
                                },
                                "result": {
                                    "status": "passed",
                                    "duration": 19218
                                }
                            },
                            {
                                "keyword": "And ",
                                "name": "saving the Word session retains the original archive bytes",
                                "line": 19,
                                "match": {
                                    "location": "word_test.go:152"
                                },
                                "result": {
                                    "status": "passed",
                                    "duration": 1623846
                                }
                            }
                        ]
                    },
                    {
                        "id": "bounded-preservation-safe-word-text-correction;unsupported-ownership-or-editing-policy-refuses-unchanged;;3",
                        "keyword": "Scenario Outline",
                        "name": "Unsupported ownership or editing policy refuses unchanged",
                        "description": "",
                        "line": 24,
                        "type": "scenario",
                        "tags": [
                            {
                                "name": "@implemented",
                                "line": 1
                            },
                            {
                                "name": "@go",
                                "line": 1
                            },
                            {
                                "name": "@document",
                                "line": 1
                            },
                            {
                                "name": "@WORD-002",
                                "line": 14
                            }
                        ],
                        "steps": [
                            {
                                "keyword": "Given ",
                                "name": "a Word package with \"active document protection\"",
                                "line": 16,
                                "match": {
                                    "location": "word_test.go:72"
                                },
                                "result": {
                                    "status": "passed",
                                    "duration": 430647
                                }
                            },
                            {
                                "keyword": "When ",
                                "name": "I request a guarded correction of \"old text\"",
                                "line": 17,
                                "match": {
                                    "location": "word_test.go:138"
                                },
                                "result": {
                                    "status": "passed",
                                    "duration": 125108
                                }
                            },
                            {
                                "keyword": "Then ",
                                "name": "the correction returns a typed refusal",
                                "line": 18,
                                "match": {
                                    "location": "word_test.go:145"
                                },
                                "result": {
                                    "status": "passed",
                                    "duration": 20665
                                }
                            },
                            {
                                "keyword": "And ",
                                "name": "saving the Word session retains the original archive bytes",
                                "line": 19,
                                "match": {
                                    "location": "word_test.go:152"
                                },
                                "result": {
                                    "status": "passed",
                                    "duration": 1404281
                                }
                            }
                        ]
                    },
                    {
                        "id": "bounded-preservation-safe-word-text-correction;unsupported-ownership-or-editing-policy-refuses-unchanged;;4",
                        "keyword": "Scenario Outline",
                        "name": "Unsupported ownership or editing policy refuses unchanged",
                        "description": "",
                        "line": 25,
                        "type": "scenario",
                        "tags": [
                            {
                                "name": "@implemented",
                                "line": 1
                            },
                            {
                                "name": "@go",
                                "line": 1
                            },
                            {
                                "name": "@document",
                                "line": 1
                            },
                            {
                                "name": "@WORD-002",
                                "line": 14
                            }
                        ],
                        "steps": [
                            {
                                "keyword": "Given ",
                                "name": "a Word package with \"tracked revisions\"",
                                "line": 16,
                                "match": {
                                    "location": "word_test.go:72"
                                },
                                "result": {
                                    "status": "passed",
                                    "duration": 358832
                                }
                            },
                            {
                                "keyword": "When ",
                                "name": "I request a guarded correction of \"old text\"",
                                "line": 17,
                                "match": {
                                    "location": "word_test.go:138"
                                },
                                "result": {
                                    "status": "passed",
                                    "duration": 96902
                                }
                            },
                            {
                                "keyword": "Then ",
                                "name": "the correction returns a typed refusal",
                                "line": 18,
                                "match": {
                                    "location": "word_test.go:145"
                                },
                                "result": {
                                    "status": "passed",
                                    "duration": 28723
                                }
                            },
                            {
                                "keyword": "And ",
                                "name": "saving the Word session retains the original archive bytes",
                                "line": 19,
                                "match": {
                                    "location": "word_test.go:152"
                                },
                                "result": {
                                    "status": "passed",
                                    "duration": 1442109
                                }
                            }
                        ]
                    },
                    {
                        "id": "bounded-preservation-safe-word-text-correction;unsupported-ownership-or-editing-policy-refuses-unchanged;;5",
                        "keyword": "Scenario Outline",
                        "name": "Unsupported ownership or editing policy refuses unchanged",
                        "description": "",
                        "line": 26,
                        "type": "scenario",
                        "tags": [
                            {
                                "name": "@implemented",
                                "line": 1
                            },
                            {
                                "name": "@go",
                                "line": 1
                            },
                            {
                                "name": "@document",
                                "line": 1
                            },
                            {
                                "name": "@WORD-002",
                                "line": 14
                            }
                        ],
                        "steps": [
                            {
                                "keyword": "Given ",
                                "name": "a Word package with \"field boundary\"",
                                "line": 16,
                                "match": {
                                    "location": "word_test.go:72"
                                },
                                "result": {
                                    "status": "passed",
                                    "duration": 937145
                                }
                            },
                            {
                                "keyword": "When ",
                                "name": "I request a guarded correction of \"old text\"",
                                "line": 17,
                                "match": {
                                    "location": "word_test.go:138"
                                },
                                "result": {
                                    "status": "passed",
                                    "duration": 96354
                                }
                            },
                            {
                                "keyword": "Then ",
                                "name": "the correction returns a typed refusal",
                                "line": 18,
                                "match": {
                                    "location": "word_test.go:145"
                                },
                                "result": {
                                    "status": "passed",
                                    "duration": 21835
                                }
                            },
                            {
                                "keyword": "And ",
                                "name": "saving the Word session retains the original archive bytes",
                                "line": 19,
                                "match": {
                                    "location": "word_test.go:152"
                                },
                                "result": {
                                    "status": "passed",
                                    "duration": 1397635
                                }
                            }
                        ]
                    },
                    {
                        "id": "bounded-preservation-safe-word-text-correction;unsupported-ownership-or-editing-policy-refuses-unchanged;;6",
                        "keyword": "Scenario Outline",
                        "name": "Unsupported ownership or editing policy refuses unchanged",
                        "description": "",
                        "line": 27,
                        "type": "scenario",
                        "tags": [
                            {
                                "name": "@implemented",
                                "line": 1
                            },
                            {
                                "name": "@go",
                                "line": 1
                            },
                            {
                                "name": "@document",
                                "line": 1
                            },
                            {
                                "name": "@WORD-002",
                                "line": 14
                            }
                        ],
                        "steps": [
                            {
                                "keyword": "Given ",
                                "name": "a Word package with \"unknown settings extension\"",
                                "line": 16,
                                "match": {
                                    "location": "word_test.go:72"
                                },
                                "result": {
                                    "status": "passed",
                                    "duration": 373218
                                }
                            },
                            {
                                "keyword": "When ",
                                "name": "I request a guarded correction of \"old text\"",
                                "line": 17,
                                "match": {
                                    "location": "word_test.go:138"
                                },
                                "result": {
                                    "status": "passed",
                                    "duration": 119939
                                }
                            },
                            {
                                "keyword": "Then ",
                                "name": "the correction returns a typed refusal",
                                "line": 18,
                                "match": {
                                    "location": "word_test.go:145"
                                },
                                "result": {
                                    "status": "passed",
                                    "duration": 21102
                                }
                            },
                            {
                                "keyword": "And ",
                                "name": "saving the Word session retains the original archive bytes",
                                "line": 19,
                                "match": {
                                    "location": "word_test.go:152"
                                },
                                "result": {
                                    "status": "passed",
                                    "duration": 1352990
                                }
                            }
                        ]
                    }
                ]
            },
            {
                "uri": "../features/implemented/package/limits.feature",
                "id": "caller-defined-package-intake-budgets",
                "keyword": "Feature",
                "name": "Caller-defined package intake budgets",
                "description": "  Budget violations are refused before payload allocation or decompression.",
                "line": 2,
                "tags": [
                    {
                        "name": "@implemented",
                        "line": 1
                    },
                    {
                        "name": "@go",
                        "line": 1
                    },
                    {
                        "name": "@package",
                        "line": 1
                    }
                ],
                "elements": [
                    {
                        "id": "caller-defined-package-intake-budgets;intake-enforces-a-configured-resource-ceiling;;2",
                        "keyword": "Scenario Outline",
                        "name": "Intake enforces a configured resource ceiling",
                        "description": "",
                        "line": 13,
                        "type": "scenario",
                        "tags": [
                            {
                                "name": "@implemented",
                                "line": 1
                            },
                            {
                                "name": "@go",
                                "line": 1
                            },
                            {
                                "name": "@package",
                                "line": 1
                            },
                            {
                                "name": "@LIMIT-001",
                                "line": 5
                            }
                        ],
                        "steps": [
                            {
                                "keyword": "Given ",
                                "name": "an archive exceeding its \"source\" budget",
                                "line": 7,
                                "match": {
                                    "location": "limits_test.go:43"
                                },
                                "result": {
                                    "status": "passed",
                                    "duration": 317853
                                }
                            },
                            {
                                "keyword": "When ",
                                "name": "I open it with the configured resource limits",
                                "line": 8,
                                "match": {
                                    "location": "limits_test.go:62"
                                },
                                "result": {
                                    "status": "passed",
                                    "duration": 53732
                                }
                            },
                            {
                                "keyword": "Then ",
                                "name": "I receive a typed resource-limit refusal",
                                "line": 9,
                                "match": {
                                    "location": "limits_test.go:66"
                                },
                                "result": {
                                    "status": "passed",
                                    "duration": 34494
                                }
                            }
                        ]
                    },
                    {
                        "id": "caller-defined-package-intake-budgets;intake-enforces-a-configured-resource-ceiling;;3",
                        "keyword": "Scenario Outline",
                        "name": "Intake enforces a configured resource ceiling",
                        "description": "",
                        "line": 14,
                        "type": "scenario",
                        "tags": [
                            {
                                "name": "@implemented",
                                "line": 1
                            },
                            {
                                "name": "@go",
                                "line": 1
                            },
                            {
                                "name": "@package",
                                "line": 1
                            },
                            {
                                "name": "@LIMIT-001",
                                "line": 5
                            }
                        ],
                        "steps": [
                            {
                                "keyword": "Given ",
                                "name": "an archive exceeding its \"entries\" budget",
                                "line": 7,
                                "match": {
                                    "location": "limits_test.go:43"
                                },
                                "result": {
                                    "status": "passed",
                                    "duration": 152772
                                }
                            },
                            {
                                "keyword": "When ",
                                "name": "I open it with the configured resource limits",
                                "line": 8,
                                "match": {
                                    "location": "limits_test.go:62"
                                },
                                "result": {
                                    "status": "passed",
                                    "duration": 41397
                                }
                            },
                            {
                                "keyword": "Then ",
                                "name": "I receive a typed resource-limit refusal",
                                "line": 9,
                                "match": {
                                    "location": "limits_test.go:66"
                                },
                                "result": {
                                    "status": "passed",
                                    "duration": 25343
                                }
                            }
                        ]
                    },
                    {
                        "id": "caller-defined-package-intake-budgets;intake-enforces-a-configured-resource-ceiling;;4",
                        "keyword": "Scenario Outline",
                        "name": "Intake enforces a configured resource ceiling",
                        "description": "",
                        "line": 15,
                        "type": "scenario",
                        "tags": [
                            {
                                "name": "@implemented",
                                "line": 1
                            },
                            {
                                "name": "@go",
                                "line": 1
                            },
                            {
                                "name": "@package",
                                "line": 1
                            },
                            {
                                "name": "@LIMIT-001",
                                "line": 5
                            }
                        ],
                        "steps": [
                            {
                                "keyword": "Given ",
                                "name": "an archive exceeding its \"part\" budget",
                                "line": 7,
                                "match": {
                                    "location": "limits_test.go:43"
                                },
                                "result": {
                                    "status": "passed",
                                    "duration": 109488
                                }
                            },
                            {
                                "keyword": "When ",
                                "name": "I open it with the configured resource limits",
                                "line": 8,
                                "match": {
                                    "location": "limits_test.go:62"
                                },
                                "result": {
                                    "status": "passed",
                                    "duration": 33975
                                }
                            },
                            {
                                "keyword": "Then ",
                                "name": "I receive a typed resource-limit refusal",
                                "line": 9,
                                "match": {
                                    "location": "limits_test.go:66"
                                },
                                "result": {
                                    "status": "passed",
                                    "duration": 22257
                                }
                            }
                        ]
                    },
                    {
                        "id": "caller-defined-package-intake-budgets;intake-enforces-a-configured-resource-ceiling;;5",
                        "keyword": "Scenario Outline",
                        "name": "Intake enforces a configured resource ceiling",
                        "description": "",
                        "line": 16,
                        "type": "scenario",
                        "tags": [
                            {
                                "name": "@implemented",
                                "line": 1
                            },
                            {
                                "name": "@go",
                                "line": 1
                            },
                            {
                                "name": "@package",
                                "line": 1
                            },
                            {
                                "name": "@LIMIT-001",
                                "line": 5
                            }
                        ],
                        "steps": [
                            {
                                "keyword": "Given ",
                                "name": "an archive exceeding its \"total\" budget",
                                "line": 7,
                                "match": {
                                    "location": "limits_test.go:43"
                                },
                                "result": {
                                    "status": "passed",
                                    "duration": 95233
                                }
                            },
                            {
                                "keyword": "When ",
                                "name": "I open it with the configured resource limits",
                                "line": 8,
                                "match": {
                                    "location": "limits_test.go:62"
                                },
                                "result": {
                                    "status": "passed",
                                    "duration": 29599
                                }
                            },
                            {
                                "keyword": "Then ",
                                "name": "I receive a typed resource-limit refusal",
                                "line": 9,
                                "match": {
                                    "location": "limits_test.go:66"
                                },
                                "result": {
                                    "status": "passed",
                                    "duration": 20103
                                }
                            }
                        ]
                    },
                    {
                        "id": "caller-defined-package-intake-budgets;finite-sufficient-budgets-permit-normal-intake",
                        "keyword": "Scenario",
                        "name": "Finite sufficient budgets permit normal intake",
                        "description": "",
                        "line": 19,
                        "type": "scenario",
                        "tags": [
                            {
                                "name": "@implemented",
                                "line": 1
                            },
                            {
                                "name": "@go",
                                "line": 1
                            },
                            {
                                "name": "@package",
                                "line": 1
                            },
                            {
                                "name": "@LIMIT-002",
                                "line": 18
                            }
                        ],
                        "steps": [
                            {
                                "keyword": "Given ",
                                "name": "an archive within all configured budgets",
                                "line": 20,
                                "match": {
                                    "location": "limits_test.go:61"
                                },
                                "result": {
                                    "status": "passed",
                                    "duration": 114502
                                }
                            },
                            {
                                "keyword": "When ",
                                "name": "I open it with the configured resource limits",
                                "line": 21,
                                "match": {
                                    "location": "limits_test.go:62"
                                },
                                "result": {
                                    "status": "passed",
                                    "duration": 85538
                                }
                            },
                            {
                                "keyword": "Then ",
                                "name": "its XML payload is available without changes",
                                "line": 22,
                                "match": {
                                    "location": "limits_test.go:76"
                                },
                                "result": {
                                    "status": "passed",
                                    "duration": 25094
                                }
                            }
                        ]
                    }
                ]
            },
            {
                "uri": "../features/implemented/spreadsheet/dependency-structure.feature",
                "id": "dependency-analysis-validates-worksheet-structure",
                "keyword": "Feature",
                "name": "Dependency analysis validates worksheet structure",
                "description": "  A static expression is not enough when its cell ownership or input value structure is ambiguous.",
                "line": 2,
                "tags": [
                    {
                        "name": "@implemented",
                        "line": 1
                    },
                    {
                        "name": "@go",
                        "line": 1
                    },
                    {
                        "name": "@spreadsheet",
                        "line": 1
                    }
                ],
                "elements": [
                    {
                        "id": "dependency-analysis-validates-worksheet-structure;malformed-non-formula-cells-refuse-the-complete-dependency-plan;;2",
                        "keyword": "Scenario Outline",
                        "name": "Malformed non-formula cells refuse the complete dependency plan",
                        "description": "",
                        "line": 13,
                        "type": "scenario",
                        "tags": [
                            {
                                "name": "@implemented",
                                "line": 1
                            },
                            {
                                "name": "@go",
                                "line": 1
                            },
                            {
                                "name": "@spreadsheet",
                                "line": 1
                            },
                            {
                                "name": "@DEPEND-001",
                                "line": 5
                            }
                        ],
                        "steps": [
                            {
                                "keyword": "Given ",
                                "name": "a dependency workbook with \"duplicate unrelated value\"",
                                "line": 7,
                                "match": {
                                    "location": "cache_invalidation_test.go:130"
                                },
                                "result": {
                                    "status": "passed",
                                    "duration": 502128
                                }
                            },
                            {
                                "keyword": "When ",
                                "name": "I attempt an explicit invalidating input edit",
                                "line": 8,
                                "match": {
                                    "location": "cache_invalidation_test.go:207"
                                },
                                "result": {
                                    "status": "passed",
                                    "duration": 314792
                                }
                            },
                            {
                                "keyword": "Then ",
                                "name": "invalidation returns a typed refusal without any package mutation",
                                "line": 9,
                                "match": {
                                    "location": "cache_invalidation_test.go:275"
                                },
                                "result": {
                                    "status": "passed",
                                    "duration": 1808350
                                }
                            }
                        ]
                    },
                    {
                        "id": "dependency-analysis-validates-worksheet-structure;malformed-non-formula-cells-refuse-the-complete-dependency-plan;;3",
                        "keyword": "Scenario Outline",
                        "name": "Malformed non-formula cells refuse the complete dependency plan",
                        "description": "",
                        "line": 14,
                        "type": "scenario",
                        "tags": [
                            {
                                "name": "@implemented",
                                "line": 1
                            },
                            {
                                "name": "@go",
                                "line": 1
                            },
                            {
                                "name": "@spreadsheet",
                                "line": 1
                            },
                            {
                                "name": "@DEPEND-001",
                                "line": 5
                            }
                        ],
                        "steps": [
                            {
                                "keyword": "Given ",
                                "name": "a dependency workbook with \"unclassified cell metadata\"",
                                "line": 7,
                                "match": {
                                    "location": "cache_invalidation_test.go:130"
                                },
                                "result": {
                                    "status": "passed",
                                    "duration": 602009
                                }
                            },
                            {
                                "keyword": "When ",
                                "name": "I attempt an explicit invalidating input edit",
                                "line": 8,
                                "match": {
                                    "location": "cache_invalidation_test.go:207"
                                },
                                "result": {
                                    "status": "passed",
                                    "duration": 417858
                                }
                            },
                            {
                                "keyword": "Then ",
                                "name": "invalidation returns a typed refusal without any package mutation",
                                "line": 9,
                                "match": {
                                    "location": "cache_invalidation_test.go:275"
                                },
                                "result": {
                                    "status": "passed",
                                    "duration": 1895089
                                }
                            }
                        ]
                    },
                    {
                        "id": "dependency-analysis-validates-worksheet-structure;malformed-non-formula-cells-refuse-the-complete-dependency-plan;;4",
                        "keyword": "Scenario Outline",
                        "name": "Malformed non-formula cells refuse the complete dependency plan",
                        "description": "",
                        "line": 15,
                        "type": "scenario",
                        "tags": [
                            {
                                "name": "@implemented",
                                "line": 1
                            },
                            {
                                "name": "@go",
                                "line": 1
                            },
                            {
                                "name": "@spreadsheet",
                                "line": 1
                            },
                            {
                                "name": "@DEPEND-001",
                                "line": 5
                            }
                        ],
                        "steps": [
                            {
                                "keyword": "Given ",
                                "name": "a dependency workbook with \"duplicate sheetData containers\"",
                                "line": 7,
                                "match": {
                                    "location": "cache_invalidation_test.go:130"
                                },
                                "result": {
                                    "status": "passed",
                                    "duration": 497685
                                }
                            },
                            {
                                "keyword": "When ",
                                "name": "I attempt an explicit invalidating input edit",
                                "line": 8,
                                "match": {
                                    "location": "cache_invalidation_test.go:207"
                                },
                                "result": {
                                    "status": "passed",
                                    "duration": 291998
                                }
                            },
                            {
                                "keyword": "Then ",
                                "name": "invalidation returns a typed refusal without any package mutation",
                                "line": 9,
                                "match": {
                                    "location": "cache_invalidation_test.go:275"
                                },
                                "result": {
                                    "status": "passed",
                                    "duration": 1912634
                                }
                            }
                        ]
                    }
                ]
            },
            {
                "uri": "../features/implemented/package/xml-boundary.feature",
                "id": "document-boundary-whitespace-must-be-literal-xml-whitespace",
                "keyword": "Feature",
                "name": "Document boundary whitespace must be literal XML whitespace",
                "description": "  Decoding a character reference or CDATA into whitespace cannot make it legal outside the root.",
                "line": 2,
                "tags": [
                    {
                        "name": "@implemented",
                        "line": 1
                    },
                    {
                        "name": "@go",
                        "line": 1
                    },
                    {
                        "name": "@package",
                        "line": 1
                    }
                ],
                "elements": [
                    {
                        "id": "document-boundary-whitespace-must-be-literal-xml-whitespace;lexically-illegal-boundary-text-refuses-unchanged;;2",
                        "keyword": "Scenario Outline",
                        "name": "Lexically illegal boundary text refuses unchanged",
                        "description": "",
                        "line": 13,
                        "type": "scenario",
                        "tags": [
                            {
                                "name": "@implemented",
                                "line": 1
                            },
                            {
                                "name": "@go",
                                "line": 1
                            },
                            {
                                "name": "@package",
                                "line": 1
                            },
                            {
                                "name": "@PROLOG-001",
                                "line": 5
                            }
                        ],
                        "steps": [
                            {
                                "keyword": "Given ",
                                "name": "XML with lexical boundary case \"decimal space prolog\"",
                                "line": 7,
                                "match": {
                                    "location": "xml_conformance_test.go:35"
                                },
                                "result": {
                                    "status": "passed",
                                    "duration": 170585
                                }
                            },
                            {
                                "keyword": "When ",
                                "name": "I parse it as an editable XML snapshot",
                                "line": 8,
                                "match": {
                                    "location": "xml_conformance_test.go:45"
                                },
                                "result": {
                                    "status": "passed",
                                    "duration": 45192
                                }
                            },
                            {
                                "keyword": "Then ",
                                "name": "invalid XML structure is refused without changing the input",
                                "line": 9,
                                "match": {
                                    "location": "xml_conformance_test.go:46"
                                },
                                "result": {
                                    "status": "passed",
                                    "duration": 59925
                                }
                            }
                        ]
                    },
                    {
                        "id": "document-boundary-whitespace-must-be-literal-xml-whitespace;lexically-illegal-boundary-text-refuses-unchanged;;3",
                        "keyword": "Scenario Outline",
                        "name": "Lexically illegal boundary text refuses unchanged",
                        "description": "",
                        "line": 14,
                        "type": "scenario",
                        "tags": [
                            {
                                "name": "@implemented",
                                "line": 1
                            },
                            {
                                "name": "@go",
                                "line": 1
                            },
                            {
                                "name": "@package",
                                "line": 1
                            },
                            {
                                "name": "@PROLOG-001",
                                "line": 5
                            }
                        ],
                        "steps": [
                            {
                                "keyword": "Given ",
                                "name": "XML with lexical boundary case \"hexadecimal tab epilog\"",
                                "line": 7,
                                "match": {
                                    "location": "xml_conformance_test.go:35"
                                },
                                "result": {
                                    "status": "passed",
                                    "duration": 43769
                                }
                            },
                            {
                                "keyword": "When ",
                                "name": "I parse it as an editable XML snapshot",
                                "line": 8,
                                "match": {
                                    "location": "xml_conformance_test.go:45"
                                },
                                "result": {
                                    "status": "passed",
                                    "duration": 29960
                                }
                            },
                            {
                                "keyword": "Then ",
                                "name": "invalid XML structure is refused without changing the input",
                                "line": 9,
                                "match": {
                                    "location": "xml_conformance_test.go:46"
                                },
                                "result": {
                                    "status": "passed",
                                    "duration": 32311
                                }
                            }
                        ]
                    },
                    {
                        "id": "document-boundary-whitespace-must-be-literal-xml-whitespace;lexically-illegal-boundary-text-refuses-unchanged;;4",
                        "keyword": "Scenario Outline",
                        "name": "Lexically illegal boundary text refuses unchanged",
                        "description": "",
                        "line": 15,
                        "type": "scenario",
                        "tags": [
                            {
                                "name": "@implemented",
                                "line": 1
                            },
                            {
                                "name": "@go",
                                "line": 1
                            },
                            {
                                "name": "@package",
                                "line": 1
                            },
                            {
                                "name": "@PROLOG-001",
                                "line": 5
                            }
                        ],
                        "steps": [
                            {
                                "keyword": "Given ",
                                "name": "XML with lexical boundary case \"whitespace CDATA prolog\"",
                                "line": 7,
                                "match": {
                                    "location": "xml_conformance_test.go:35"
                                },
                                "result": {
                                    "status": "passed",
                                    "duration": 46800
                                }
                            },
                            {
                                "keyword": "When ",
                                "name": "I parse it as an editable XML snapshot",
                                "line": 8,
                                "match": {
                                    "location": "xml_conformance_test.go:45"
                                },
                                "result": {
                                    "status": "passed",
                                    "duration": 34120
                                }
                            },
                            {
                                "keyword": "Then ",
                                "name": "invalid XML structure is refused without changing the input",
                                "line": 9,
                                "match": {
                                    "location": "xml_conformance_test.go:46"
                                },
                                "result": {
                                    "status": "passed",
                                    "duration": 33747
                                }
                            }
                        ]
                    },
                    {
                        "id": "document-boundary-whitespace-must-be-literal-xml-whitespace;lexically-illegal-boundary-text-refuses-unchanged;;5",
                        "keyword": "Scenario Outline",
                        "name": "Lexically illegal boundary text refuses unchanged",
                        "description": "",
                        "line": 16,
                        "type": "scenario",
                        "tags": [
                            {
                                "name": "@implemented",
                                "line": 1
                            },
                            {
                                "name": "@go",
                                "line": 1
                            },
                            {
                                "name": "@package",
                                "line": 1
                            },
                            {
                                "name": "@PROLOG-001",
                                "line": 5
                            }
                        ],
                        "steps": [
                            {
                                "keyword": "Given ",
                                "name": "XML with lexical boundary case \"empty CDATA epilog\"",
                                "line": 7,
                                "match": {
                                    "location": "xml_conformance_test.go:35"
                                },
                                "result": {
                                    "status": "passed",
                                    "duration": 38225
                                }
                            },
                            {
                                "keyword": "When ",
                                "name": "I parse it as an editable XML snapshot",
                                "line": 8,
                                "match": {
                                    "location": "xml_conformance_test.go:45"
                                },
                                "result": {
                                    "status": "passed",
                                    "duration": 24931
                                }
                            },
                            {
                                "keyword": "Then ",
                                "name": "invalid XML structure is refused without changing the input",
                                "line": 9,
                                "match": {
                                    "location": "xml_conformance_test.go:46"
                                },
                                "result": {
                                    "status": "passed",
                                    "duration": 31368
                                }
                            }
                        ]
                    }
                ]
            },
            {
                "uri": "../features/implemented/document/spans.feature",
                "id": "exact-word-spans-across-run-fragmentation",
                "keyword": "Feature",
                "name": "Exact Word spans across run fragmentation",
                "description": "  Search exposes all exact matches without selecting an arbitrary occurrence.",
                "line": 2,
                "tags": [
                    {
                        "name": "@implemented",
                        "line": 1
                    },
                    {
                        "name": "@go",
                        "line": 1
                    },
                    {
                        "name": "@document",
                        "line": 1
                    }
                ],
                "elements": [
                    {
                        "id": "exact-word-spans-across-run-fragmentation;exact-matching-crosses-formatting-runs-and-unicode-boundaries;;2",
                        "keyword": "Scenario Outline",
                        "name": "Exact matching crosses formatting runs and Unicode boundaries",
                        "description": "",
                        "line": 13,
                        "type": "scenario",
                        "tags": [
                            {
                                "name": "@implemented",
                                "line": 1
                            },
                            {
                                "name": "@go",
                                "line": 1
                            },
                            {
                                "name": "@document",
                                "line": 1
                            },
                            {
                                "name": "@SPAN-001",
                                "line": 5
                            }
                        ],
                        "steps": [
                            {
                                "keyword": "Given ",
                                "name": "a Word paragraph with run text \"Payment\" and \"terms\"",
                                "line": 7,
                                "match": {
                                    "location": "spans_test.go:45"
                                },
                                "result": {
                                    "status": "passed",
                                    "duration": 1145648
                                }
                            },
                            {
                                "keyword": "When ",
                                "name": "I find exact Word spans for \"Paymentterms\"",
                                "line": 8,
                                "match": {
                                    "location": "spans_test.go:47"
                                },
                                "result": {
                                    "status": "passed",
                                    "duration": 48186
                                }
                            },
                            {
                                "keyword": "Then ",
                                "name": "exactly one span reports the original text \"Paymentterms\"",
                                "line": 9,
                                "match": {
                                    "location": "spans_test.go:48"
                                },
                                "result": {
                                    "status": "passed",
                                    "duration": 42568
                                }
                            }
                        ]
                    },
                    {
                        "id": "exact-word-spans-across-run-fragmentation;exact-matching-crosses-formatting-runs-and-unicode-boundaries;;3",
                        "keyword": "Scenario Outline",
                        "name": "Exact matching crosses formatting runs and Unicode boundaries",
                        "description": "",
                        "line": 14,
                        "type": "scenario",
                        "tags": [
                            {
                                "name": "@implemented",
                                "line": 1
                            },
                            {
                                "name": "@go",
                                "line": 1
                            },
                            {
                                "name": "@document",
                                "line": 1
                            },
                            {
                                "name": "@SPAN-001",
                                "line": 5
                            }
                        ],
                        "steps": [
                            {
                                "keyword": "Given ",
                                "name": "a Word paragraph with run text \"pre Al\" and \"pha post\"",
                                "line": 7,
                                "match": {
                                    "location": "spans_test.go:45"
                                },
                                "result": {
                                    "status": "passed",
                                    "duration": 256769
                                }
                            },
                            {
                                "keyword": "When ",
                                "name": "I find exact Word spans for \"Alpha\"",
                                "line": 8,
                                "match": {
                                    "location": "spans_test.go:47"
                                },
                                "result": {
                                    "status": "passed",
                                    "duration": 38764
                                }
                            },
                            {
                                "keyword": "Then ",
                                "name": "exactly one span reports the original text \"Alpha\"",
                                "line": 9,
                                "match": {
                                    "location": "spans_test.go:48"
                                },
                                "result": {
                                    "status": "passed",
                                    "duration": 39191
                                }
                            }
                        ]
                    },
                    {
                        "id": "exact-word-spans-across-run-fragmentation;exact-matching-crosses-formatting-runs-and-unicode-boundaries;;4",
                        "keyword": "Scenario Outline",
                        "name": "Exact matching crosses formatting runs and Unicode boundaries",
                        "description": "",
                        "line": 15,
                        "type": "scenario",
                        "tags": [
                            {
                                "name": "@implemented",
                                "line": 1
                            },
                            {
                                "name": "@go",
                                "line": 1
                            },
                            {
                                "name": "@document",
                                "line": 1
                            },
                            {
                                "name": "@SPAN-001",
                                "line": 5
                            }
                        ],
                        "steps": [
                            {
                                "keyword": "Given ",
                                "name": "a Word paragraph with run text \"fee 😀\" and \"café\"",
                                "line": 7,
                                "match": {
                                    "location": "spans_test.go:45"
                                },
                                "result": {
                                    "status": "passed",
                                    "duration": 611233
                                }
                            },
                            {
                                "keyword": "When ",
                                "name": "I find exact Word spans for \"😀café\"",
                                "line": 8,
                                "match": {
                                    "location": "spans_test.go:47"
                                },
                                "result": {
                                    "status": "passed",
                                    "duration": 72341
                                }
                            },
                            {
                                "keyword": "Then ",
                                "name": "exactly one span reports the original text \"😀café\"",
                                "line": 9,
                                "match": {
                                    "location": "spans_test.go:48"
                                },
                                "result": {
                                    "status": "passed",
                                    "duration": 68202
                                }
                            }
                        ]
                    },
                    {
                        "id": "exact-word-spans-across-run-fragmentation;repeated-matches-remain-explicit-and-single-target-lookup-refuses",
                        "keyword": "Scenario",
                        "name": "Repeated matches remain explicit and single-target lookup refuses",
                        "description": "",
                        "line": 18,
                        "type": "scenario",
                        "tags": [
                            {
                                "name": "@implemented",
                                "line": 1
                            },
                            {
                                "name": "@go",
                                "line": 1
                            },
                            {
                                "name": "@document",
                                "line": 1
                            },
                            {
                                "name": "@SPAN-002",
                                "line": 17
                            }
                        ],
                        "steps": [
                            {
                                "keyword": "Given ",
                                "name": "a Word paragraph with run text \"red red\" and \" red\"",
                                "line": 19,
                                "match": {
                                    "location": "spans_test.go:45"
                                },
                                "result": {
                                    "status": "passed",
                                    "duration": 297864
                                }
                            },
                            {
                                "keyword": "When ",
                                "name": "I find exact Word spans for \"red\"",
                                "line": 20,
                                "match": {
                                    "location": "spans_test.go:47"
                                },
                                "result": {
                                    "status": "passed",
                                    "duration": 41851
                                }
                            },
                            {
                                "keyword": "Then ",
                                "name": "all three spans remain available in source order",
                                "line": 21,
                                "match": {
                                    "location": "spans_test.go:61"
                                },
                                "result": {
                                    "status": "passed",
                                    "duration": 28670
                                }
                            },
                            {
                                "keyword": "And ",
                                "name": "single-target lookup reports ambiguous-target",
                                "line": 22,
                                "match": {
                                    "location": "spans_test.go:72"
                                },
                                "result": {
                                    "status": "passed",
                                    "duration": 35065
                                }
                            }
                        ]
                    },
                    {
                        "id": "exact-word-spans-across-run-fragmentation;text-separated-by-paragraph-boundaries-is-not-silently-concatenated",
                        "keyword": "Scenario",
                        "name": "Text separated by paragraph boundaries is not silently concatenated",
                        "description": "",
                        "line": 25,
                        "type": "scenario",
                        "tags": [
                            {
                                "name": "@implemented",
                                "line": 1
                            },
                            {
                                "name": "@go",
                                "line": 1
                            },
                            {
                                "name": "@document",
                                "line": 1
                            },
                            {
                                "name": "@SPAN-003",
                                "line": 24
                            }
                        ],
                        "steps": [
                            {
                                "keyword": "Given ",
                                "name": "Word paragraphs containing \"first\" and \"second\"",
                                "line": 26,
                                "match": {
                                    "location": "spans_test.go:46"
                                },
                                "result": {
                                    "status": "passed",
                                    "duration": 390355
                                }
                            },
                            {
                                "keyword": "When ",
                                "name": "I find exact Word spans for \"firstsecond\"",
                                "line": 27,
                                "match": {
                                    "location": "spans_test.go:47"
                                },
                                "result": {
                                    "status": "passed",
                                    "duration": 114404
                                }
                            },
                            {
                                "keyword": "Then ",
                                "name": "no spans are returned",
                                "line": 28,
                                "match": {
                                    "location": "spans_test.go:80"
                                },
                                "result": {
                                    "status": "passed",
                                    "duration": 31293
                                }
                            }
                        ]
                    }
                ]
            },
            {
                "uri": "../features/implemented/package/baseline.feature",
                "id": "existing-office-fixture-intake",
                "keyword": "Feature",
                "name": "Existing Office fixture intake",
                "description": "  Repository fixtures can be inspected without a fixed workspace mount.",
                "line": 2,
                "tags": [
                    {
                        "name": "@implemented",
                        "line": 1
                    },
                    {
                        "name": "@go",
                        "line": 1
                    },
                    {
                        "name": "@package",
                        "line": 1
                    }
                ],
                "elements": [
                    {
                        "id": "existing-office-fixture-intake;open-the-principal-part-from-a-repository-fixture;;2",
                        "keyword": "Scenario Outline",
                        "name": "Open the principal part from a repository fixture",
                        "description": "",
                        "line": 13,
                        "type": "scenario",
                        "tags": [
                            {
                                "name": "@implemented",
                                "line": 1
                            },
                            {
                                "name": "@go",
                                "line": 1
                            },
                            {
                                "name": "@package",
                                "line": 1
                            },
                            {
                                "name": "@BASE-001",
                                "line": 5
                            }
                        ],
                        "steps": [
                            {
                                "keyword": "Given ",
                                "name": "the repository fixture \"word/minimal.docx\"",
                                "line": 7,
                                "match": {
                                    "location": "acceptance_test.go:142"
                                },
                                "result": {
                                    "status": "passed",
                                    "duration": 129313
                                }
                            },
                            {
                                "keyword": "When ",
                                "name": "I open its Office package",
                                "line": 8,
                                "match": {
                                    "location": "acceptance_test.go:143"
                                },
                                "result": {
                                    "status": "passed",
                                    "duration": 1323133
                                }
                            },
                            {
                                "keyword": "Then ",
                                "name": "the package contains a nonempty part \"word/document.xml\"",
                                "line": 9,
                                "match": {
                                    "location": "acceptance_test.go:144"
                                },
                                "result": {
                                    "status": "passed",
                                    "duration": 44408
                                }
                            }
                        ]
                    },
                    {
                        "id": "existing-office-fixture-intake;open-the-principal-part-from-a-repository-fixture;;3",
                        "keyword": "Scenario Outline",
                        "name": "Open the principal part from a repository fixture",
                        "description": "",
                        "line": 14,
                        "type": "scenario",
                        "tags": [
                            {
                                "name": "@implemented",
                                "line": 1
                            },
                            {
                                "name": "@go",
                                "line": 1
                            },
                            {
                                "name": "@package",
                                "line": 1
                            },
                            {
                                "name": "@BASE-001",
                                "line": 5
                            }
                        ],
                        "steps": [
                            {
                                "keyword": "Given ",
                                "name": "the repository fixture \"pptx/minimal.pptx\"",
                                "line": 7,
                                "match": {
                                    "location": "acceptance_test.go:142"
                                },
                                "result": {
                                    "status": "passed",
                                    "duration": 83737
                                }
                            },
                            {
                                "keyword": "When ",
                                "name": "I open its Office package",
                                "line": 8,
                                "match": {
                                    "location": "acceptance_test.go:143"
                                },
                                "result": {
                                    "status": "passed",
                                    "duration": 679127
                                }
                            },
                            {
                                "keyword": "Then ",
                                "name": "the package contains a nonempty part \"ppt/presentation.xml\"",
                                "line": 9,
                                "match": {
                                    "location": "acceptance_test.go:144"
                                },
                                "result": {
                                    "status": "passed",
                                    "duration": 44802
                                }
                            }
                        ]
                    },
                    {
                        "id": "existing-office-fixture-intake;open-the-principal-part-from-a-repository-fixture;;4",
                        "keyword": "Scenario Outline",
                        "name": "Open the principal part from a repository fixture",
                        "description": "",
                        "line": 15,
                        "type": "scenario",
                        "tags": [
                            {
                                "name": "@implemented",
                                "line": 1
                            },
                            {
                                "name": "@go",
                                "line": 1
                            },
                            {
                                "name": "@package",
                                "line": 1
                            },
                            {
                                "name": "@BASE-001",
                                "line": 5
                            }
                        ],
                        "steps": [
                            {
                                "keyword": "Given ",
                                "name": "the repository fixture \"excel/minimal.xlsx\"",
                                "line": 7,
                                "match": {
                                    "location": "acceptance_test.go:142"
                                },
                                "result": {
                                    "status": "passed",
                                    "duration": 61132
                                }
                            },
                            {
                                "keyword": "When ",
                                "name": "I open its Office package",
                                "line": 8,
                                "match": {
                                    "location": "acceptance_test.go:143"
                                },
                                "result": {
                                    "status": "passed",
                                    "duration": 165274
                                }
                            },
                            {
                                "keyword": "Then ",
                                "name": "the package contains a nonempty part \"xl/workbook.xml\"",
                                "line": 9,
                                "match": {
                                    "location": "acceptance_test.go:144"
                                },
                                "result": {
                                    "status": "passed",
                                    "duration": 31315
                                }
                            }
                        ]
                    },
                    {
                        "id": "existing-office-fixture-intake;open-the-principal-part-from-a-repository-fixture;;5",
                        "keyword": "Scenario Outline",
                        "name": "Open the principal part from a repository fixture",
                        "description": "",
                        "line": 16,
                        "type": "scenario",
                        "tags": [
                            {
                                "name": "@implemented",
                                "line": 1
                            },
                            {
                                "name": "@go",
                                "line": 1
                            },
                            {
                                "name": "@package",
                                "line": 1
                            },
                            {
                                "name": "@BASE-001",
                                "line": 5
                            }
                        ],
                        "steps": [
                            {
                                "keyword": "Given ",
                                "name": "the repository fixture \"pptx/comments.pptx\"",
                                "line": 7,
                                "match": {
                                    "location": "acceptance_test.go:142"
                                },
                                "result": {
                                    "status": "passed",
                                    "duration": 83709
                                }
                            },
                            {
                                "keyword": "When ",
                                "name": "I open its Office package",
                                "line": 8,
                                "match": {
                                    "location": "acceptance_test.go:143"
                                },
                                "result": {
                                    "status": "passed",
                                    "duration": 708387
                                }
                            },
                            {
                                "keyword": "Then ",
                                "name": "the package contains a nonempty part \"ppt/presentation.xml\"",
                                "line": 9,
                                "match": {
                                    "location": "acceptance_test.go:144"
                                },
                                "result": {
                                    "status": "passed",
                                    "duration": 39830
                                }
                            }
                        ]
                    },
                    {
                        "id": "existing-office-fixture-intake;open-the-principal-part-from-a-repository-fixture;;6",
                        "keyword": "Scenario Outline",
                        "name": "Open the principal part from a repository fixture",
                        "description": "",
                        "line": 17,
                        "type": "scenario",
                        "tags": [
                            {
                                "name": "@implemented",
                                "line": 1
                            },
                            {
                                "name": "@go",
                                "line": 1
                            },
                            {
                                "name": "@package",
                                "line": 1
                            },
                            {
                                "name": "@BASE-001",
                                "line": 5
                            }
                        ],
                        "steps": [
                            {
                                "keyword": "Given ",
                                "name": "the repository fixture \"excel/formatting.xlsx\"",
                                "line": 7,
                                "match": {
                                    "location": "acceptance_test.go:142"
                                },
                                "result": {
                                    "status": "passed",
                                    "duration": 56108
                                }
                            },
                            {
                                "keyword": "When ",
                                "name": "I open its Office package",
                                "line": 8,
                                "match": {
                                    "location": "acceptance_test.go:143"
                                },
                                "result": {
                                    "status": "passed",
                                    "duration": 176689
                                }
                            },
                            {
                                "keyword": "Then ",
                                "name": "the package contains a nonempty part \"xl/workbook.xml\"",
                                "line": 9,
                                "match": {
                                    "location": "acceptance_test.go:144"
                                },
                                "result": {
                                    "status": "passed",
                                    "duration": 33343
                                }
                            }
                        ]
                    },
                    {
                        "id": "existing-office-fixture-intake;open-the-principal-part-from-a-repository-fixture;;7",
                        "keyword": "Scenario Outline",
                        "name": "Open the principal part from a repository fixture",
                        "description": "",
                        "line": 18,
                        "type": "scenario",
                        "tags": [
                            {
                                "name": "@implemented",
                                "line": 1
                            },
                            {
                                "name": "@go",
                                "line": 1
                            },
                            {
                                "name": "@package",
                                "line": 1
                            },
                            {
                                "name": "@BASE-001",
                                "line": 5
                            }
                        ],
                        "steps": [
                            {
                                "keyword": "Given ",
                                "name": "the repository fixture \"excel/formulas.xlsx\"",
                                "line": 7,
                                "match": {
                                    "location": "acceptance_test.go:142"
                                },
                                "result": {
                                    "status": "passed",
                                    "duration": 54482
                                }
                            },
                            {
                                "keyword": "When ",
                                "name": "I open its Office package",
                                "line": 8,
                                "match": {
                                    "location": "acceptance_test.go:143"
                                },
                                "result": {
                                    "status": "passed",
                                    "duration": 189071
                                }
                            },
                            {
                                "keyword": "Then ",
                                "name": "the package contains a nonempty part \"xl/workbook.xml\"",
                                "line": 9,
                                "match": {
                                    "location": "acceptance_test.go:144"
                                },
                                "result": {
                                    "status": "passed",
                                    "duration": 35264
                                }
                            }
                        ]
                    },
                    {
                        "id": "existing-office-fixture-intake;open-the-principal-part-from-a-repository-fixture;;8",
                        "keyword": "Scenario Outline",
                        "name": "Open the principal part from a repository fixture",
                        "description": "",
                        "line": 19,
                        "type": "scenario",
                        "tags": [
                            {
                                "name": "@implemented",
                                "line": 1
                            },
                            {
                                "name": "@go",
                                "line": 1
                            },
                            {
                                "name": "@package",
                                "line": 1
                            },
                            {
                                "name": "@BASE-001",
                                "line": 5
                            }
                        ],
                        "steps": [
                            {
                                "keyword": "Given ",
                                "name": "the repository fixture \"excel/conditional_format.xlsx\"",
                                "line": 7,
                                "match": {
                                    "location": "acceptance_test.go:142"
                                },
                                "result": {
                                    "status": "passed",
                                    "duration": 65748
                                }
                            },
                            {
                                "keyword": "When ",
                                "name": "I open its Office package",
                                "line": 8,
                                "match": {
                                    "location": "acceptance_test.go:143"
                                },
                                "result": {
                                    "status": "passed",
                                    "duration": 174027
                                }
                            },
                            {
                                "keyword": "Then ",
                                "name": "the package contains a nonempty part \"xl/workbook.xml\"",
                                "line": 9,
                                "match": {
                                    "location": "acceptance_test.go:144"
                                },
                                "result": {
                                    "status": "passed",
                                    "duration": 35581
                                }
                            }
                        ]
                    }
                ]
            },
            {
                "uri": "../features/implemented/document/search-policy.feature",
                "id": "explicit-word-search-policy-and-context-ranking",
                "keyword": "Feature",
                "name": "Explicit Word search policy and context ranking",
                "description": "  Normalisation selects original text; proximity never hides ambiguous candidates.",
                "line": 2,
                "tags": [
                    {
                        "name": "@implemented",
                        "line": 1
                    },
                    {
                        "name": "@go",
                        "line": 1
                    },
                    {
                        "name": "@document",
                        "line": 1
                    }
                ],
                "elements": [
                    {
                        "id": "explicit-word-search-policy-and-context-ranking;normalised-matching-retains-original-typographic-text",
                        "keyword": "Scenario",
                        "name": "Normalised matching retains original typographic text",
                        "description": "",
                        "line": 6,
                        "type": "scenario",
                        "tags": [
                            {
                                "name": "@implemented",
                                "line": 1
                            },
                            {
                                "name": "@go",
                                "line": 1
                            },
                            {
                                "name": "@document",
                                "line": 1
                            },
                            {
                                "name": "@SEARCH-001",
                                "line": 5
                            }
                        ],
                        "steps": [
                            {
                                "keyword": "Given ",
                                "name": "a Word paragraph containing \"Straße – “Cost”\"",
                                "line": 7,
                                "match": {
                                    "location": "search_policy_test.go:41"
                                },
                                "result": {
                                    "status": "passed",
                                    "duration": 375001
                                }
                            },
                            {
                                "keyword": "When ",
                                "name": "I search with normalisation for \"STRASSE - “cost”\"",
                                "line": 8,
                                "match": {
                                    "location": "search_policy_test.go:43"
                                },
                                "result": {
                                    "status": "passed",
                                    "duration": 83694
                                }
                            },
                            {
                                "keyword": "Then ",
                                "name": "the search evidence is exactly \"Straße – “Cost”\"",
                                "line": 9,
                                "match": {
                                    "location": "search_policy_test.go:48"
                                },
                                "result": {
                                    "status": "passed",
                                    "duration": 28867
                                }
                            },
                            {
                                "keyword": "And ",
                                "name": "that selected evidence can authorise an ordinary replacement",
                                "line": 10,
                                "match": {
                                    "location": "search_policy_test.go:54"
                                },
                                "result": {
                                    "status": "passed",
                                    "duration": 116581
                                }
                            }
                        ]
                    },
                    {
                        "id": "explicit-word-search-policy-and-context-ranking;casefold-expansion-cannot-select-half-an-original-character",
                        "keyword": "Scenario",
                        "name": "Casefold expansion cannot select half an original character",
                        "description": "",
                        "line": 13,
                        "type": "scenario",
                        "tags": [
                            {
                                "name": "@implemented",
                                "line": 1
                            },
                            {
                                "name": "@go",
                                "line": 1
                            },
                            {
                                "name": "@document",
                                "line": 1
                            },
                            {
                                "name": "@SEARCH-002",
                                "line": 12
                            }
                        ],
                        "steps": [
                            {
                                "keyword": "Given ",
                                "name": "a Word paragraph containing \"ß\"",
                                "line": 14,
                                "match": {
                                    "location": "search_policy_test.go:41"
                                },
                                "result": {
                                    "status": "passed",
                                    "duration": 1053615
                                }
                            },
                            {
                                "keyword": "When ",
                                "name": "I search with normalisation for \"s\"",
                                "line": 15,
                                "match": {
                                    "location": "search_policy_test.go:43"
                                },
                                "result": {
                                    "status": "passed",
                                    "duration": 64108
                                }
                            },
                            {
                                "keyword": "Then ",
                                "name": "normalised search returns no partial-character target",
                                "line": 16,
                                "match": {
                                    "location": "search_policy_test.go:55"
                                },
                                "result": {
                                    "status": "passed",
                                    "duration": 67274
                                }
                            }
                        ]
                    },
                    {
                        "id": "explicit-word-search-policy-and-context-ranking;near-ranks-every-candidate-but-does-not-discard-distant-matches",
                        "keyword": "Scenario",
                        "name": "Near ranks every candidate but does not discard distant matches",
                        "description": "",
                        "line": 19,
                        "type": "scenario",
                        "tags": [
                            {
                                "name": "@implemented",
                                "line": 1
                            },
                            {
                                "name": "@go",
                                "line": 1
                            },
                            {
                                "name": "@document",
                                "line": 1
                            },
                            {
                                "name": "@SEARCH-003",
                                "line": 18
                            }
                        ],
                        "steps": [
                            {
                                "keyword": "Given ",
                                "name": "Word search paragraphs \"red far\" and \"red context\"",
                                "line": 20,
                                "match": {
                                    "location": "search_policy_test.go:42"
                                },
                                "result": {
                                    "status": "passed",
                                    "duration": 1088596
                                }
                            },
                            {
                                "keyword": "When ",
                                "name": "I rank matches for \"red\" near \"context\"",
                                "line": 21,
                                "match": {
                                    "location": "search_policy_test.go:61"
                                },
                                "result": {
                                    "status": "passed",
                                    "duration": 46490
                                }
                            },
                            {
                                "keyword": "Then ",
                                "name": "both candidates remain and the contextual paragraph ranks first",
                                "line": 22,
                                "match": {
                                    "location": "search_policy_test.go:66"
                                },
                                "result": {
                                    "status": "passed",
                                    "duration": 162754
                                }
                            }
                        ]
                    },
                    {
                        "id": "explicit-word-search-policy-and-context-ranking;conflicting-positional-and-contextual-selectors-refuse",
                        "keyword": "Scenario",
                        "name": "Conflicting positional and contextual selectors refuse",
                        "description": "",
                        "line": 25,
                        "type": "scenario",
                        "tags": [
                            {
                                "name": "@implemented",
                                "line": 1
                            },
                            {
                                "name": "@go",
                                "line": 1
                            },
                            {
                                "name": "@document",
                                "line": 1
                            },
                            {
                                "name": "@SEARCH-004",
                                "line": 24
                            }
                        ],
                        "steps": [
                            {
                                "keyword": "Given ",
                                "name": "a Word paragraph containing \"red red\"",
                                "line": 26,
                                "match": {
                                    "location": "search_policy_test.go:41"
                                },
                                "result": {
                                    "status": "passed",
                                    "duration": 262902
                                }
                            },
                            {
                                "keyword": "When ",
                                "name": "I combine an explicit occurrence with contextual ranking",
                                "line": 27,
                                "match": {
                                    "location": "search_policy_test.go:82"
                                },
                                "result": {
                                    "status": "passed",
                                    "duration": 37341
                                }
                            },
                            {
                                "keyword": "Then ",
                                "name": "the search argument conflict is reported",
                                "line": 28,
                                "match": {
                                    "location": "search_policy_test.go:86"
                                },
                                "result": {
                                    "status": "passed",
                                    "duration": 22329
                                }
                            }
                        ]
                    }
                ]
            },
            {
                "uri": "../features/implemented/package/graph-delete.feature",
                "id": "explicit-graph-deletion-is-atomic-with-payload-edits",
                "keyword": "Feature",
                "name": "Explicit graph deletion is atomic with payload edits",
                "description": "  A detached leaf can be removed without deleting any unselected shared content.",
                "line": 2,
                "tags": [
                    {
                        "name": "@implemented",
                        "line": 1
                    },
                    {
                        "name": "@go",
                        "line": 1
                    },
                    {
                        "name": "@package",
                        "line": 1
                    }
                ],
                "elements": [
                    {
                        "id": "explicit-graph-deletion-is-atomic-with-payload-edits;delete-a-leaf-and-its-selected-relationships-in-one-transaction",
                        "keyword": "Scenario",
                        "name": "Delete a leaf and its selected relationships in one transaction",
                        "description": "",
                        "line": 6,
                        "type": "scenario",
                        "tags": [
                            {
                                "name": "@implemented",
                                "line": 1
                            },
                            {
                                "name": "@go",
                                "line": 1
                            },
                            {
                                "name": "@package",
                                "line": 1
                            },
                            {
                                "name": "@DELETE-001",
                                "line": 5
                            }
                        ],
                        "steps": [
                            {
                                "keyword": "Given ",
                                "name": "a package with two relationships to a removable leaf",
                                "line": 7,
                                "match": {
                                    "location": "graph_delete_test.go:39"
                                },
                                "result": {
                                    "status": "passed",
                                    "duration": 537374
                                }
                            },
                            {
                                "keyword": "When ",
                                "name": "I plan removal of both edges and the leaf with an owner edit",
                                "line": 8,
                                "match": {
                                    "location": "graph_delete_test.go:59"
                                },
                                "result": {
                                    "status": "passed",
                                    "duration": 143762
                                }
                            },
                            {
                                "keyword": "Then ",
                                "name": "the deletion preview preserves all package bytes",
                                "line": 9,
                                "match": {
                                    "location": "graph_delete_test.go:60"
                                },
                                "result": {
                                    "status": "passed",
                                    "duration": 35515
                                }
                            },
                            {
                                "keyword": "When ",
                                "name": "I apply and deliver the deletion plan",
                                "line": 10,
                                "match": {
                                    "location": "graph_delete_test.go:70"
                                },
                                "result": {
                                    "status": "passed",
                                    "duration": 2290703
                                }
                            },
                            {
                                "keyword": "Then ",
                                "name": "the leaf and its content-type override and edges are absent",
                                "line": 11,
                                "match": {
                                    "location": "graph_delete_test.go:96"
                                },
                                "result": {
                                    "status": "passed",
                                    "duration": 105376
                                }
                            },
                            {
                                "keyword": "And ",
                                "name": "the owner edit and unrelated registry bytes are preserved",
                                "line": 12,
                                "match": {
                                    "location": "graph_delete_test.go:117"
                                },
                                "result": {
                                    "status": "passed",
                                    "duration": 39666
                                }
                            }
                        ]
                    },
                    {
                        "id": "explicit-graph-deletion-is-atomic-with-payload-edits;unsafe-deletion-refuses-without-committing-any-payload;;2",
                        "keyword": "Scenario Outline",
                        "name": "Unsafe deletion refuses without committing any payload",
                        "description": "",
                        "line": 22,
                        "type": "scenario",
                        "tags": [
                            {
                                "name": "@implemented",
                                "line": 1
                            },
                            {
                                "name": "@go",
                                "line": 1
                            },
                            {
                                "name": "@package",
                                "line": 1
                            },
                            {
                                "name": "@DELETE-002",
                                "line": 14
                            }
                        ],
                        "steps": [
                            {
                                "keyword": "Given ",
                                "name": "a package with two relationships to a removable leaf",
                                "line": 16,
                                "match": {
                                    "location": "graph_delete_test.go:39"
                                },
                                "result": {
                                    "status": "passed",
                                    "duration": 750474
                                }
                            },
                            {
                                "keyword": "When ",
                                "name": "I attempt a deletion plan with \"remaining inbound edge\"",
                                "line": 17,
                                "match": {
                                    "location": "graph_delete_test.go:129"
                                },
                                "result": {
                                    "status": "passed",
                                    "duration": 138799
                                }
                            },
                            {
                                "keyword": "Then ",
                                "name": "deletion planning refuses with unchanged package bytes",
                                "line": 18,
                                "match": {
                                    "location": "graph_delete_test.go:150"
                                },
                                "result": {
                                    "status": "passed",
                                    "duration": 32915
                                }
                            }
                        ]
                    },
                    {
                        "id": "explicit-graph-deletion-is-atomic-with-payload-edits;unsafe-deletion-refuses-without-committing-any-payload;;3",
                        "keyword": "Scenario Outline",
                        "name": "Unsafe deletion refuses without committing any payload",
                        "description": "",
                        "line": 23,
                        "type": "scenario",
                        "tags": [
                            {
                                "name": "@implemented",
                                "line": 1
                            },
                            {
                                "name": "@go",
                                "line": 1
                            },
                            {
                                "name": "@package",
                                "line": 1
                            },
                            {
                                "name": "@DELETE-002",
                                "line": 14
                            }
                        ],
                        "steps": [
                            {
                                "keyword": "Given ",
                                "name": "a package with two relationships to a removable leaf",
                                "line": 16,
                                "match": {
                                    "location": "graph_delete_test.go:39"
                                },
                                "result": {
                                    "status": "passed",
                                    "duration": 209918
                                }
                            },
                            {
                                "keyword": "When ",
                                "name": "I attempt a deletion plan with \"stale leaf fingerprint\"",
                                "line": 17,
                                "match": {
                                    "location": "graph_delete_test.go:129"
                                },
                                "result": {
                                    "status": "passed",
                                    "duration": 65329
                                }
                            },
                            {
                                "keyword": "Then ",
                                "name": "deletion planning refuses with unchanged package bytes",
                                "line": 18,
                                "match": {
                                    "location": "graph_delete_test.go:150"
                                },
                                "result": {
                                    "status": "passed",
                                    "duration": 29271
                                }
                            }
                        ]
                    },
                    {
                        "id": "explicit-graph-deletion-is-atomic-with-payload-edits;unsafe-deletion-refuses-without-committing-any-payload;;4",
                        "keyword": "Scenario Outline",
                        "name": "Unsafe deletion refuses without committing any payload",
                        "description": "",
                        "line": 24,
                        "type": "scenario",
                        "tags": [
                            {
                                "name": "@implemented",
                                "line": 1
                            },
                            {
                                "name": "@go",
                                "line": 1
                            },
                            {
                                "name": "@package",
                                "line": 1
                            },
                            {
                                "name": "@DELETE-002",
                                "line": 14
                            }
                        ],
                        "steps": [
                            {
                                "keyword": "Given ",
                                "name": "a package with two relationships to a removable leaf",
                                "line": 16,
                                "match": {
                                    "location": "graph_delete_test.go:39"
                                },
                                "result": {
                                    "status": "passed",
                                    "duration": 267122
                                }
                            },
                            {
                                "keyword": "When ",
                                "name": "I attempt a deletion plan with \"stale owner replacement\"",
                                "line": 17,
                                "match": {
                                    "location": "graph_delete_test.go:129"
                                },
                                "result": {
                                    "status": "passed",
                                    "duration": 115670
                                }
                            },
                            {
                                "keyword": "Then ",
                                "name": "deletion planning refuses with unchanged package bytes",
                                "line": 18,
                                "match": {
                                    "location": "graph_delete_test.go:150"
                                },
                                "result": {
                                    "status": "passed",
                                    "duration": 29832
                                }
                            }
                        ]
                    },
                    {
                        "id": "explicit-graph-deletion-is-atomic-with-payload-edits;unsafe-deletion-refuses-without-committing-any-payload;;5",
                        "keyword": "Scenario Outline",
                        "name": "Unsafe deletion refuses without committing any payload",
                        "description": "",
                        "line": 25,
                        "type": "scenario",
                        "tags": [
                            {
                                "name": "@implemented",
                                "line": 1
                            },
                            {
                                "name": "@go",
                                "line": 1
                            },
                            {
                                "name": "@package",
                                "line": 1
                            },
                            {
                                "name": "@DELETE-002",
                                "line": 14
                            }
                        ],
                        "steps": [
                            {
                                "keyword": "Given ",
                                "name": "a package with two relationships to a removable leaf",
                                "line": 16,
                                "match": {
                                    "location": "graph_delete_test.go:39"
                                },
                                "result": {
                                    "status": "passed",
                                    "duration": 895628
                                }
                            },
                            {
                                "keyword": "When ",
                                "name": "I attempt a deletion plan with \"duplicate edge removal\"",
                                "line": 17,
                                "match": {
                                    "location": "graph_delete_test.go:129"
                                },
                                "result": {
                                    "status": "passed",
                                    "duration": 126365
                                }
                            },
                            {
                                "keyword": "Then ",
                                "name": "deletion planning refuses with unchanged package bytes",
                                "line": 18,
                                "match": {
                                    "location": "graph_delete_test.go:150"
                                },
                                "result": {
                                    "status": "passed",
                                    "duration": 48869
                                }
                            }
                        ]
                    },
                    {
                        "id": "explicit-graph-deletion-is-atomic-with-payload-edits;unsafe-deletion-refuses-without-committing-any-payload;;6",
                        "keyword": "Scenario Outline",
                        "name": "Unsafe deletion refuses without committing any payload",
                        "description": "",
                        "line": 26,
                        "type": "scenario",
                        "tags": [
                            {
                                "name": "@implemented",
                                "line": 1
                            },
                            {
                                "name": "@go",
                                "line": 1
                            },
                            {
                                "name": "@package",
                                "line": 1
                            },
                            {
                                "name": "@DELETE-002",
                                "line": 14
                            }
                        ],
                        "steps": [
                            {
                                "keyword": "Given ",
                                "name": "a package with two relationships to a removable leaf",
                                "line": 16,
                                "match": {
                                    "location": "graph_delete_test.go:39"
                                },
                                "result": {
                                    "status": "passed",
                                    "duration": 200188
                                }
                            },
                            {
                                "keyword": "When ",
                                "name": "I attempt a deletion plan with \"delete and replace conflict\"",
                                "line": 17,
                                "match": {
                                    "location": "graph_delete_test.go:129"
                                },
                                "result": {
                                    "status": "passed",
                                    "duration": 102484
                                }
                            },
                            {
                                "keyword": "Then ",
                                "name": "deletion planning refuses with unchanged package bytes",
                                "line": 18,
                                "match": {
                                    "location": "graph_delete_test.go:150"
                                },
                                "result": {
                                    "status": "passed",
                                    "duration": 30015
                                }
                            }
                        ]
                    },
                    {
                        "id": "explicit-graph-deletion-is-atomic-with-payload-edits;unsafe-deletion-refuses-without-committing-any-payload;;7",
                        "keyword": "Scenario Outline",
                        "name": "Unsafe deletion refuses without committing any payload",
                        "description": "",
                        "line": 27,
                        "type": "scenario",
                        "tags": [
                            {
                                "name": "@implemented",
                                "line": 1
                            },
                            {
                                "name": "@go",
                                "line": 1
                            },
                            {
                                "name": "@package",
                                "line": 1
                            },
                            {
                                "name": "@DELETE-002",
                                "line": 14
                            }
                        ],
                        "steps": [
                            {
                                "keyword": "Given ",
                                "name": "a package with two relationships to a removable leaf",
                                "line": 16,
                                "match": {
                                    "location": "graph_delete_test.go:39"
                                },
                                "result": {
                                    "status": "passed",
                                    "duration": 254010
                                }
                            },
                            {
                                "keyword": "When ",
                                "name": "I attempt a deletion plan with \"missing leaf\"",
                                "line": 17,
                                "match": {
                                    "location": "graph_delete_test.go:129"
                                },
                                "result": {
                                    "status": "passed",
                                    "duration": 82263
                                }
                            },
                            {
                                "keyword": "Then ",
                                "name": "deletion planning refuses with unchanged package bytes",
                                "line": 18,
                                "match": {
                                    "location": "graph_delete_test.go:150"
                                },
                                "result": {
                                    "status": "passed",
                                    "duration": 34743
                                }
                            }
                        ]
                    }
                ]
            },
            {
                "uri": "../features/implemented/spreadsheet/formula-tokens.feature",
                "id": "formula-punctuation-is-distinct-from-quoted-string-content",
                "keyword": "Feature",
                "name": "Formula punctuation is distinct from quoted string content",
                "description": "  Operator-looking text inside string literals never becomes grammar punctuation.",
                "line": 2,
                "tags": [
                    {
                        "name": "@implemented",
                        "line": 1
                    },
                    {
                        "name": "@go",
                        "line": 1
                    },
                    {
                        "name": "@spreadsheet",
                        "line": 1
                    }
                ],
                "elements": [
                    {
                        "id": "formula-punctuation-is-distinct-from-quoted-string-content;a-quoted-closing-parenthesis-is-a-literal-function-argument",
                        "keyword": "Scenario",
                        "name": "A quoted closing parenthesis is a literal function argument",
                        "description": "",
                        "line": 6,
                        "type": "scenario",
                        "tags": [
                            {
                                "name": "@implemented",
                                "line": 1
                            },
                            {
                                "name": "@go",
                                "line": 1
                            },
                            {
                                "name": "@spreadsheet",
                                "line": 1
                            },
                            {
                                "name": "@TOKEN-001",
                                "line": 5
                            }
                        ],
                        "steps": [
                            {
                                "keyword": "Given ",
                                "name": "a static formula with a quoted closing-parenthesis argument",
                                "line": 7,
                                "match": {
                                    "location": "formula_analysis_test.go:21"
                                },
                                "result": {
                                    "status": "passed",
                                    "duration": 71828
                                }
                            },
                            {
                                "keyword": "When ",
                                "name": "I analyse its static references",
                                "line": 8,
                                "match": {
                                    "location": "formula_analysis_test.go:29"
                                },
                                "result": {
                                    "status": "passed",
                                    "duration": 28799
                                }
                            },
                            {
                                "keyword": "Then ",
                                "name": "literal punctuation is accepted without hiding cell references",
                                "line": 9,
                                "match": {
                                    "location": "formula_analysis_test.go:23"
                                },
                                "result": {
                                    "status": "passed",
                                    "duration": 34869
                                }
                            }
                        ]
                    },
                    {
                        "id": "formula-punctuation-is-distinct-from-quoted-string-content;adjacent-quoted-operator-text-cannot-stand-in-for-a-binary-operator",
                        "keyword": "Scenario",
                        "name": "Adjacent quoted operator text cannot stand in for a binary operator",
                        "description": "",
                        "line": 12,
                        "type": "scenario",
                        "tags": [
                            {
                                "name": "@implemented",
                                "line": 1
                            },
                            {
                                "name": "@go",
                                "line": 1
                            },
                            {
                                "name": "@spreadsheet",
                                "line": 1
                            },
                            {
                                "name": "@TOKEN-002",
                                "line": 11
                            }
                        ],
                        "steps": [
                            {
                                "keyword": "Given ",
                                "name": "a formula with two references separated only by a quoted plus sign",
                                "line": 13,
                                "match": {
                                    "location": "formula_analysis_test.go:22"
                                },
                                "result": {
                                    "status": "passed",
                                    "duration": 108761
                                }
                            },
                            {
                                "keyword": "When ",
                                "name": "I analyse its static references",
                                "line": 14,
                                "match": {
                                    "location": "formula_analysis_test.go:29"
                                },
                                "result": {
                                    "status": "passed",
                                    "duration": 48811
                                }
                            },
                            {
                                "keyword": "Then ",
                                "name": "dependency analysis refuses instead of returning a partial answer",
                                "line": 15,
                                "match": {
                                    "location": "formula_analysis_test.go:39"
                                },
                                "result": {
                                    "status": "passed",
                                    "duration": 56811
                                }
                            }
                        ]
                    }
                ]
            },
            {
                "uri": "../features/implemented/presentation/notes-edit.feature",
                "id": "guarded-edits-to-an-existing-notes-body",
                "keyword": "Feature",
                "name": "Guarded edits to an existing notes body",
                "description": "  Reading and replacing notes never creates a missing notes graph or changes other placeholders.",
                "line": 2,
                "tags": [
                    {
                        "name": "@implemented",
                        "line": 1
                    },
                    {
                        "name": "@go",
                        "line": 1
                    },
                    {
                        "name": "@presentation",
                        "line": 1
                    }
                ],
                "elements": [
                    {
                        "id": "guarded-edits-to-an-existing-notes-body;replace-a-plain-existing-notes-body-and-retain-every-other-payload",
                        "keyword": "Scenario",
                        "name": "Replace a plain existing notes body and retain every other payload",
                        "description": "",
                        "line": 6,
                        "type": "scenario",
                        "tags": [
                            {
                                "name": "@implemented",
                                "line": 1
                            },
                            {
                                "name": "@go",
                                "line": 1
                            },
                            {
                                "name": "@presentation",
                                "line": 1
                            },
                            {
                                "name": "@NOTES-001",
                                "line": 5
                            }
                        ],
                        "steps": [
                            {
                                "keyword": "Given ",
                                "name": "a presentation with notes condition \"ordinary body\"",
                                "line": 7,
                                "match": {
                                    "location": "notes_edit_test.go:47"
                                },
                                "result": {
                                    "status": "passed",
                                    "duration": 556777
                                }
                            },
                            {
                                "keyword": "When ",
                                "name": "I find the existing notes body",
                                "line": 8,
                                "match": {
                                    "location": "notes_edit_test.go:99"
                                },
                                "result": {
                                    "status": "passed",
                                    "duration": 125829
                                }
                            },
                            {
                                "keyword": "Then ",
                                "name": "the notes text is \"Original notes\"",
                                "line": 9,
                                "match": {
                                    "location": "notes_edit_test.go:100"
                                },
                                "result": {
                                    "status": "passed",
                                    "duration": 21256
                                }
                            },
                            {
                                "keyword": "When ",
                                "name": "I replace that notes body with \"Updated notes\"",
                                "line": 10,
                                "match": {
                                    "location": "notes_edit_test.go:106"
                                },
                                "result": {
                                    "status": "passed",
                                    "duration": 1446021
                                }
                            },
                            {
                                "keyword": "Then ",
                                "name": "only the notes body text bytes change after delivery",
                                "line": 11,
                                "match": {
                                    "location": "notes_edit_test.go:113"
                                },
                                "result": {
                                    "status": "passed",
                                    "duration": 408523
                                }
                            },
                            {
                                "keyword": "And ",
                                "name": "the old notes target refuses reuse",
                                "line": 12,
                                "match": {
                                    "location": "notes_edit_test.go:141"
                                },
                                "result": {
                                    "status": "passed",
                                    "duration": 36508
                                }
                            }
                        ]
                    },
                    {
                        "id": "guarded-edits-to-an-existing-notes-body;an-empty-existing-notes-text-leaf-can-be-filled-without-other-changes",
                        "keyword": "Scenario",
                        "name": "An empty existing notes text leaf can be filled without other changes",
                        "description": "",
                        "line": 15,
                        "type": "scenario",
                        "tags": [
                            {
                                "name": "@implemented",
                                "line": 1
                            },
                            {
                                "name": "@go",
                                "line": 1
                            },
                            {
                                "name": "@presentation",
                                "line": 1
                            },
                            {
                                "name": "@NOTES-002",
                                "line": 14
                            }
                        ],
                        "steps": [
                            {
                                "keyword": "Given ",
                                "name": "a presentation with notes condition \"empty text leaf\"",
                                "line": 16,
                                "match": {
                                    "location": "notes_edit_test.go:47"
                                },
                                "result": {
                                    "status": "passed",
                                    "duration": 499464
                                }
                            },
                            {
                                "keyword": "When ",
                                "name": "I find the existing notes body",
                                "line": 17,
                                "match": {
                                    "location": "notes_edit_test.go:99"
                                },
                                "result": {
                                    "status": "passed",
                                    "duration": 125025
                                }
                            },
                            {
                                "keyword": "Then ",
                                "name": "the notes text is \"\"",
                                "line": 18,
                                "match": {
                                    "location": "notes_edit_test.go:100"
                                },
                                "result": {
                                    "status": "passed",
                                    "duration": 17534
                                }
                            },
                            {
                                "keyword": "When ",
                                "name": "I replace that notes body with \"Updated notes\"",
                                "line": 19,
                                "match": {
                                    "location": "notes_edit_test.go:106"
                                },
                                "result": {
                                    "status": "passed",
                                    "duration": 1718508
                                }
                            },
                            {
                                "keyword": "Then ",
                                "name": "only the notes body text bytes change after delivery",
                                "line": 20,
                                "match": {
                                    "location": "notes_edit_test.go:113"
                                },
                                "result": {
                                    "status": "passed",
                                    "duration": 399022
                                }
                            }
                        ]
                    },
                    {
                        "id": "guarded-edits-to-an-existing-notes-body;grouping-only-notes-shape-lock-does-not-prevent-text-correction",
                        "keyword": "Scenario",
                        "name": "Grouping-only notes shape lock does not prevent text correction",
                        "description": "",
                        "line": 23,
                        "type": "scenario",
                        "tags": [
                            {
                                "name": "@implemented",
                                "line": 1
                            },
                            {
                                "name": "@go",
                                "line": 1
                            },
                            {
                                "name": "@presentation",
                                "line": 1
                            },
                            {
                                "name": "@NOTES-004",
                                "line": 22
                            }
                        ],
                        "steps": [
                            {
                                "keyword": "Given ",
                                "name": "a presentation with notes condition \"grouping-only lock\"",
                                "line": 24,
                                "match": {
                                    "location": "notes_edit_test.go:47"
                                },
                                "result": {
                                    "status": "passed",
                                    "duration": 736693
                                }
                            },
                            {
                                "keyword": "When ",
                                "name": "I find the existing notes body",
                                "line": 25,
                                "match": {
                                    "location": "notes_edit_test.go:99"
                                },
                                "result": {
                                    "status": "passed",
                                    "duration": 134685
                                }
                            },
                            {
                                "keyword": "Then ",
                                "name": "the notes text is \"Original notes\"",
                                "line": 26,
                                "match": {
                                    "location": "notes_edit_test.go:100"
                                },
                                "result": {
                                    "status": "passed",
                                    "duration": 23668
                                }
                            },
                            {
                                "keyword": "When ",
                                "name": "I replace that notes body with \"Updated notes\"",
                                "line": 27,
                                "match": {
                                    "location": "notes_edit_test.go:106"
                                },
                                "result": {
                                    "status": "passed",
                                    "duration": 1614392
                                }
                            },
                            {
                                "keyword": "Then ",
                                "name": "only the notes body text bytes change after delivery",
                                "line": 28,
                                "match": {
                                    "location": "notes_edit_test.go:113"
                                },
                                "result": {
                                    "status": "passed",
                                    "duration": 457285
                                }
                            }
                        ]
                    },
                    {
                        "id": "guarded-edits-to-an-existing-notes-body;unproved-notes-selection-or-replacement-refuses-atomically;;2",
                        "keyword": "Scenario Outline",
                        "name": "Unproved notes selection or replacement refuses atomically",
                        "description": "",
                        "line": 38,
                        "type": "scenario",
                        "tags": [
                            {
                                "name": "@implemented",
                                "line": 1
                            },
                            {
                                "name": "@go",
                                "line": 1
                            },
                            {
                                "name": "@presentation",
                                "line": 1
                            },
                            {
                                "name": "@NOTES-003",
                                "line": 30
                            }
                        ],
                        "steps": [
                            {
                                "keyword": "Given ",
                                "name": "a presentation with notes condition \"absent notes\"",
                                "line": 32,
                                "match": {
                                    "location": "notes_edit_test.go:47"
                                },
                                "result": {
                                    "status": "passed",
                                    "duration": 482770
                                }
                            },
                            {
                                "keyword": "When ",
                                "name": "I attempt a guarded notes replacement",
                                "line": 33,
                                "match": {
                                    "location": "notes_edit_test.go:149"
                                },
                                "result": {
                                    "status": "passed",
                                    "duration": 105623
                                }
                            },
                            {
                                "keyword": "Then ",
                                "name": "notes replacement refuses and the archive is unchanged",
                                "line": 34,
                                "match": {
                                    "location": "notes_edit_test.go:163"
                                },
                                "result": {
                                    "status": "passed",
                                    "duration": 1453814
                                }
                            }
                        ]
                    },
                    {
                        "id": "guarded-edits-to-an-existing-notes-body;unproved-notes-selection-or-replacement-refuses-atomically;;3",
                        "keyword": "Scenario Outline",
                        "name": "Unproved notes selection or replacement refuses atomically",
                        "description": "",
                        "line": 39,
                        "type": "scenario",
                        "tags": [
                            {
                                "name": "@implemented",
                                "line": 1
                            },
                            {
                                "name": "@go",
                                "line": 1
                            },
                            {
                                "name": "@presentation",
                                "line": 1
                            },
                            {
                                "name": "@NOTES-003",
                                "line": 30
                            }
                        ],
                        "steps": [
                            {
                                "keyword": "Given ",
                                "name": "a presentation with notes condition \"duplicate body placeholder\"",
                                "line": 32,
                                "match": {
                                    "location": "notes_edit_test.go:47"
                                },
                                "result": {
                                    "status": "passed",
                                    "duration": 516002
                                }
                            },
                            {
                                "keyword": "When ",
                                "name": "I attempt a guarded notes replacement",
                                "line": 33,
                                "match": {
                                    "location": "notes_edit_test.go:149"
                                },
                                "result": {
                                    "status": "passed",
                                    "duration": 135708
                                }
                            },
                            {
                                "keyword": "Then ",
                                "name": "notes replacement refuses and the archive is unchanged",
                                "line": 34,
                                "match": {
                                    "location": "notes_edit_test.go:163"
                                },
                                "result": {
                                    "status": "passed",
                                    "duration": 1401308
                                }
                            }
                        ]
                    },
                    {
                        "id": "guarded-edits-to-an-existing-notes-body;unproved-notes-selection-or-replacement-refuses-atomically;;4",
                        "keyword": "Scenario Outline",
                        "name": "Unproved notes selection or replacement refuses atomically",
                        "description": "",
                        "line": 40,
                        "type": "scenario",
                        "tags": [
                            {
                                "name": "@implemented",
                                "line": 1
                            },
                            {
                                "name": "@go",
                                "line": 1
                            },
                            {
                                "name": "@presentation",
                                "line": 1
                            },
                            {
                                "name": "@NOTES-003",
                                "line": 30
                            }
                        ],
                        "steps": [
                            {
                                "keyword": "Given ",
                                "name": "a presentation with notes condition \"shared notes part\"",
                                "line": 32,
                                "match": {
                                    "location": "notes_edit_test.go:47"
                                },
                                "result": {
                                    "status": "passed",
                                    "duration": 811773
                                }
                            },
                            {
                                "keyword": "When ",
                                "name": "I attempt a guarded notes replacement",
                                "line": 33,
                                "match": {
                                    "location": "notes_edit_test.go:149"
                                },
                                "result": {
                                    "status": "passed",
                                    "duration": 103299
                                }
                            },
                            {
                                "keyword": "Then ",
                                "name": "notes replacement refuses and the archive is unchanged",
                                "line": 34,
                                "match": {
                                    "location": "notes_edit_test.go:163"
                                },
                                "result": {
                                    "status": "passed",
                                    "duration": 1636348
                                }
                            }
                        ]
                    },
                    {
                        "id": "guarded-edits-to-an-existing-notes-body;unproved-notes-selection-or-replacement-refuses-atomically;;5",
                        "keyword": "Scenario Outline",
                        "name": "Unproved notes selection or replacement refuses atomically",
                        "description": "",
                        "line": 41,
                        "type": "scenario",
                        "tags": [
                            {
                                "name": "@implemented",
                                "line": 1
                            },
                            {
                                "name": "@go",
                                "line": 1
                            },
                            {
                                "name": "@presentation",
                                "line": 1
                            },
                            {
                                "name": "@NOTES-003",
                                "line": 30
                            }
                        ],
                        "steps": [
                            {
                                "keyword": "Given ",
                                "name": "a presentation with notes condition \"field in body\"",
                                "line": 32,
                                "match": {
                                    "location": "notes_edit_test.go:47"
                                },
                                "result": {
                                    "status": "passed",
                                    "duration": 478346
                                }
                            },
                            {
                                "keyword": "When ",
                                "name": "I attempt a guarded notes replacement",
                                "line": 33,
                                "match": {
                                    "location": "notes_edit_test.go:149"
                                },
                                "result": {
                                    "status": "passed",
                                    "duration": 125760
                                }
                            },
                            {
                                "keyword": "Then ",
                                "name": "notes replacement refuses and the archive is unchanged",
                                "line": 34,
                                "match": {
                                    "location": "notes_edit_test.go:163"
                                },
                                "result": {
                                    "status": "passed",
                                    "duration": 1578180
                                }
                            }
                        ]
                    },
                    {
                        "id": "guarded-edits-to-an-existing-notes-body;unproved-notes-selection-or-replacement-refuses-atomically;;6",
                        "keyword": "Scenario Outline",
                        "name": "Unproved notes selection or replacement refuses atomically",
                        "description": "",
                        "line": 42,
                        "type": "scenario",
                        "tags": [
                            {
                                "name": "@implemented",
                                "line": 1
                            },
                            {
                                "name": "@go",
                                "line": 1
                            },
                            {
                                "name": "@presentation",
                                "line": 1
                            },
                            {
                                "name": "@NOTES-003",
                                "line": 30
                            }
                        ],
                        "steps": [
                            {
                                "keyword": "Given ",
                                "name": "a presentation with notes condition \"locked body\"",
                                "line": 32,
                                "match": {
                                    "location": "notes_edit_test.go:47"
                                },
                                "result": {
                                    "status": "passed",
                                    "duration": 685758
                                }
                            },
                            {
                                "keyword": "When ",
                                "name": "I attempt a guarded notes replacement",
                                "line": 33,
                                "match": {
                                    "location": "notes_edit_test.go:149"
                                },
                                "result": {
                                    "status": "passed",
                                    "duration": 134352
                                }
                            },
                            {
                                "keyword": "Then ",
                                "name": "notes replacement refuses and the archive is unchanged",
                                "line": 34,
                                "match": {
                                    "location": "notes_edit_test.go:163"
                                },
                                "result": {
                                    "status": "passed",
                                    "duration": 1613120
                                }
                            }
                        ]
                    },
                    {
                        "id": "guarded-edits-to-an-existing-notes-body;unproved-notes-selection-or-replacement-refuses-atomically;;7",
                        "keyword": "Scenario Outline",
                        "name": "Unproved notes selection or replacement refuses atomically",
                        "description": "",
                        "line": 43,
                        "type": "scenario",
                        "tags": [
                            {
                                "name": "@implemented",
                                "line": 1
                            },
                            {
                                "name": "@go",
                                "line": 1
                            },
                            {
                                "name": "@presentation",
                                "line": 1
                            },
                            {
                                "name": "@NOTES-003",
                                "line": 30
                            }
                        ],
                        "steps": [
                            {
                                "keyword": "Given ",
                                "name": "a presentation with notes condition \"malformed grouping lock\"",
                                "line": 32,
                                "match": {
                                    "location": "notes_edit_test.go:47"
                                },
                                "result": {
                                    "status": "passed",
                                    "duration": 481443
                                }
                            },
                            {
                                "keyword": "When ",
                                "name": "I attempt a guarded notes replacement",
                                "line": 33,
                                "match": {
                                    "location": "notes_edit_test.go:149"
                                },
                                "result": {
                                    "status": "passed",
                                    "duration": 126929
                                }
                            },
                            {
                                "keyword": "Then ",
                                "name": "notes replacement refuses and the archive is unchanged",
                                "line": 34,
                                "match": {
                                    "location": "notes_edit_test.go:163"
                                },
                                "result": {
                                    "status": "passed",
                                    "duration": 1535423
                                }
                            }
                        ]
                    },
                    {
                        "id": "guarded-edits-to-an-existing-notes-body;unproved-notes-selection-or-replacement-refuses-atomically;;8",
                        "keyword": "Scenario Outline",
                        "name": "Unproved notes selection or replacement refuses atomically",
                        "description": "",
                        "line": 44,
                        "type": "scenario",
                        "tags": [
                            {
                                "name": "@implemented",
                                "line": 1
                            },
                            {
                                "name": "@go",
                                "line": 1
                            },
                            {
                                "name": "@presentation",
                                "line": 1
                            },
                            {
                                "name": "@NOTES-003",
                                "line": 30
                            }
                        ],
                        "steps": [
                            {
                                "keyword": "Given ",
                                "name": "a presentation with notes condition \"bad replacement character\"",
                                "line": 32,
                                "match": {
                                    "location": "notes_edit_test.go:47"
                                },
                                "result": {
                                    "status": "passed",
                                    "duration": 622861
                                }
                            },
                            {
                                "keyword": "When ",
                                "name": "I attempt a guarded notes replacement",
                                "line": 33,
                                "match": {
                                    "location": "notes_edit_test.go:149"
                                },
                                "result": {
                                    "status": "passed",
                                    "duration": 316746
                                }
                            },
                            {
                                "keyword": "Then ",
                                "name": "notes replacement refuses and the archive is unchanged",
                                "line": 34,
                                "match": {
                                    "location": "notes_edit_test.go:163"
                                },
                                "result": {
                                    "status": "passed",
                                    "duration": 1594870
                                }
                            }
                        ]
                    },
                    {
                        "id": "guarded-edits-to-an-existing-notes-body;unproved-notes-selection-or-replacement-refuses-atomically;;9",
                        "keyword": "Scenario Outline",
                        "name": "Unproved notes selection or replacement refuses atomically",
                        "description": "",
                        "line": 45,
                        "type": "scenario",
                        "tags": [
                            {
                                "name": "@implemented",
                                "line": 1
                            },
                            {
                                "name": "@go",
                                "line": 1
                            },
                            {
                                "name": "@presentation",
                                "line": 1
                            },
                            {
                                "name": "@NOTES-003",
                                "line": 30
                            }
                        ],
                        "steps": [
                            {
                                "keyword": "Given ",
                                "name": "a presentation with notes condition \"multiline replacement\"",
                                "line": 32,
                                "match": {
                                    "location": "notes_edit_test.go:47"
                                },
                                "result": {
                                    "status": "passed",
                                    "duration": 798367
                                }
                            },
                            {
                                "keyword": "When ",
                                "name": "I attempt a guarded notes replacement",
                                "line": 33,
                                "match": {
                                    "location": "notes_edit_test.go:149"
                                },
                                "result": {
                                    "status": "passed",
                                    "duration": 135595
                                }
                            },
                            {
                                "keyword": "Then ",
                                "name": "notes replacement refuses and the archive is unchanged",
                                "line": 34,
                                "match": {
                                    "location": "notes_edit_test.go:163"
                                },
                                "result": {
                                    "status": "passed",
                                    "duration": 1331386
                                }
                            }
                        ]
                    }
                ]
            },
            {
                "uri": "../features/implemented/document/span-guards.feature",
                "id": "hidden-run-content-cannot-be-crossed-by-word-text-edits",
                "keyword": "Feature",
                "name": "Hidden run content cannot be crossed by Word text edits",
                "description": "  Text matching does not grant authority to cross non-text content or differing namespace semantics.",
                "line": 2,
                "tags": [
                    {
                        "name": "@implemented",
                        "line": 1
                    },
                    {
                        "name": "@go",
                        "line": 1
                    },
                    {
                        "name": "@document",
                        "line": 1
                    }
                ],
                "elements": [
                    {
                        "id": "hidden-run-content-cannot-be-crossed-by-word-text-edits;a-drawing-only-run-inside-a-changed-interval-refuses-replacement",
                        "keyword": "Scenario",
                        "name": "A drawing-only run inside a changed interval refuses replacement",
                        "description": "",
                        "line": 6,
                        "type": "scenario",
                        "tags": [
                            {
                                "name": "@implemented",
                                "line": 1
                            },
                            {
                                "name": "@go",
                                "line": 1
                            },
                            {
                                "name": "@document",
                                "line": 1
                            },
                            {
                                "name": "@GUARD-001",
                                "line": 5
                            }
                        ],
                        "steps": [
                            {
                                "keyword": "Given ",
                                "name": "Word text split around a drawing-only run",
                                "line": 7,
                                "match": {
                                    "location": "span_guards_test.go:38"
                                },
                                "result": {
                                    "status": "passed",
                                    "duration": 939753
                                }
                            },
                            {
                                "keyword": "When ",
                                "name": "I attempt the matched cross-run correction",
                                "line": 8,
                                "match": {
                                    "location": "span_guards_test.go:42"
                                },
                                "result": {
                                    "status": "passed",
                                    "duration": 91329
                                }
                            },
                            {
                                "keyword": "Then ",
                                "name": "the hidden-content correction refuses without changing the archive",
                                "line": 9,
                                "match": {
                                    "location": "span_guards_test.go:58"
                                },
                                "result": {
                                    "status": "passed",
                                    "duration": 1643941
                                }
                            }
                        ]
                    },
                    {
                        "id": "hidden-run-content-cannot-be-crossed-by-word-text-edits;lexically-equal-properties-with-different-namespace-bindings-refuse-insertion",
                        "keyword": "Scenario",
                        "name": "Lexically equal properties with different namespace bindings refuse insertion",
                        "description": "",
                        "line": 12,
                        "type": "scenario",
                        "tags": [
                            {
                                "name": "@implemented",
                                "line": 1
                            },
                            {
                                "name": "@go",
                                "line": 1
                            },
                            {
                                "name": "@document",
                                "line": 1
                            },
                            {
                                "name": "@GUARD-002",
                                "line": 11
                            }
                        ],
                        "steps": [
                            {
                                "keyword": "Given ",
                                "name": "boundary runs with equal property bytes but different prefix bindings",
                                "line": 13,
                                "match": {
                                    "location": "span_guards_test.go:39"
                                },
                                "result": {
                                    "status": "passed",
                                    "duration": 620373
                                }
                            },
                            {
                                "keyword": "When ",
                                "name": "I attempt the matched boundary insertion",
                                "line": 14,
                                "match": {
                                    "location": "span_guards_test.go:50"
                                },
                                "result": {
                                    "status": "passed",
                                    "duration": 46702
                                }
                            },
                            {
                                "keyword": "Then ",
                                "name": "the hidden-content correction refuses without changing the archive",
                                "line": 15,
                                "match": {
                                    "location": "span_guards_test.go:58"
                                },
                                "result": {
                                    "status": "passed",
                                    "duration": 1677289
                                }
                            }
                        ]
                    }
                ]
            },
            {
                "uri": "../features/implemented/package/structure.feature",
                "id": "local-and-central-zip-structures-agree",
                "keyword": "Feature",
                "name": "Local and central ZIP structures agree",
                "description": "  Member identity cannot change between directory lookup and payload reading.",
                "line": 2,
                "tags": [
                    {
                        "name": "@implemented",
                        "line": 1
                    },
                    {
                        "name": "@go",
                        "line": 1
                    },
                    {
                        "name": "@package",
                        "line": 1
                    }
                ],
                "elements": [
                    {
                        "id": "local-and-central-zip-structures-agree;disagreeing-local-headers-refuse-before-reading-xml;;2",
                        "keyword": "Scenario Outline",
                        "name": "Disagreeing local headers refuse before reading XML",
                        "description": "",
                        "line": 13,
                        "type": "scenario",
                        "tags": [
                            {
                                "name": "@implemented",
                                "line": 1
                            },
                            {
                                "name": "@go",
                                "line": 1
                            },
                            {
                                "name": "@package",
                                "line": 1
                            },
                            {
                                "name": "@ZIP-001",
                                "line": 5
                            }
                        ],
                        "steps": [
                            {
                                "keyword": "Given ",
                                "name": "a synthetic archive with a mismatched local \"name\"",
                                "line": 7,
                                "match": {
                                    "location": "io_test.go:158"
                                },
                                "result": {
                                    "status": "passed",
                                    "duration": 170014
                                }
                            },
                            {
                                "keyword": "When ",
                                "name": "I attempt to open the synthetic archive",
                                "line": 8,
                                "match": {
                                    "location": "io_test.go:180"
                                },
                                "result": {
                                    "status": "passed",
                                    "duration": 31450
                                }
                            },
                            {
                                "keyword": "Then ",
                                "name": "archive intake fails without changing the source bytes",
                                "line": 9,
                                "match": {
                                    "location": "io_test.go:181"
                                },
                                "result": {
                                    "status": "passed",
                                    "duration": 30647
                                }
                            }
                        ]
                    },
                    {
                        "id": "local-and-central-zip-structures-agree;disagreeing-local-headers-refuse-before-reading-xml;;3",
                        "keyword": "Scenario Outline",
                        "name": "Disagreeing local headers refuse before reading XML",
                        "description": "",
                        "line": 14,
                        "type": "scenario",
                        "tags": [
                            {
                                "name": "@implemented",
                                "line": 1
                            },
                            {
                                "name": "@go",
                                "line": 1
                            },
                            {
                                "name": "@package",
                                "line": 1
                            },
                            {
                                "name": "@ZIP-001",
                                "line": 5
                            }
                        ],
                        "steps": [
                            {
                                "keyword": "Given ",
                                "name": "a synthetic archive with a mismatched local \"method\"",
                                "line": 7,
                                "match": {
                                    "location": "io_test.go:158"
                                },
                                "result": {
                                    "status": "passed",
                                    "duration": 117707
                                }
                            },
                            {
                                "keyword": "When ",
                                "name": "I attempt to open the synthetic archive",
                                "line": 8,
                                "match": {
                                    "location": "io_test.go:180"
                                },
                                "result": {
                                    "status": "passed",
                                    "duration": 32573
                                }
                            },
                            {
                                "keyword": "Then ",
                                "name": "archive intake fails without changing the source bytes",
                                "line": 9,
                                "match": {
                                    "location": "io_test.go:181"
                                },
                                "result": {
                                    "status": "passed",
                                    "duration": 29443
                                }
                            }
                        ]
                    },
                    {
                        "id": "local-and-central-zip-structures-agree;disagreeing-local-headers-refuse-before-reading-xml;;4",
                        "keyword": "Scenario Outline",
                        "name": "Disagreeing local headers refuse before reading XML",
                        "description": "",
                        "line": 15,
                        "type": "scenario",
                        "tags": [
                            {
                                "name": "@implemented",
                                "line": 1
                            },
                            {
                                "name": "@go",
                                "line": 1
                            },
                            {
                                "name": "@package",
                                "line": 1
                            },
                            {
                                "name": "@ZIP-001",
                                "line": 5
                            }
                        ],
                        "steps": [
                            {
                                "keyword": "Given ",
                                "name": "a synthetic archive with a mismatched local \"flags\"",
                                "line": 7,
                                "match": {
                                    "location": "io_test.go:158"
                                },
                                "result": {
                                    "status": "passed",
                                    "duration": 126359
                                }
                            },
                            {
                                "keyword": "When ",
                                "name": "I attempt to open the synthetic archive",
                                "line": 8,
                                "match": {
                                    "location": "io_test.go:180"
                                },
                                "result": {
                                    "status": "passed",
                                    "duration": 249993
                                }
                            },
                            {
                                "keyword": "Then ",
                                "name": "archive intake fails without changing the source bytes",
                                "line": 9,
                                "match": {
                                    "location": "io_test.go:181"
                                },
                                "result": {
                                    "status": "passed",
                                    "duration": 58320
                                }
                            }
                        ]
                    },
                    {
                        "id": "local-and-central-zip-structures-agree;an-adjusted-archive-prefix-refuses-standalone-package-intake",
                        "keyword": "Scenario",
                        "name": "An adjusted archive prefix refuses standalone package intake",
                        "description": "",
                        "line": 18,
                        "type": "scenario",
                        "tags": [
                            {
                                "name": "@implemented",
                                "line": 1
                            },
                            {
                                "name": "@go",
                                "line": 1
                            },
                            {
                                "name": "@package",
                                "line": 1
                            },
                            {
                                "name": "@ZIP-002",
                                "line": 17
                            }
                        ],
                        "steps": [
                            {
                                "keyword": "Given ",
                                "name": "a synthetic archive with an adjusted prepended prefix",
                                "line": 19,
                                "match": {
                                    "location": "io_test.go:132"
                                },
                                "result": {
                                    "status": "passed",
                                    "duration": 161596
                                }
                            },
                            {
                                "keyword": "When ",
                                "name": "I attempt to open the synthetic archive",
                                "line": 20,
                                "match": {
                                    "location": "io_test.go:180"
                                },
                                "result": {
                                    "status": "passed",
                                    "duration": 32611
                                }
                            },
                            {
                                "keyword": "Then ",
                                "name": "archive intake fails without changing the source bytes",
                                "line": 21,
                                "match": {
                                    "location": "io_test.go:181"
                                },
                                "result": {
                                    "status": "passed",
                                    "duration": 29975
                                }
                            }
                        ]
                    },
                    {
                        "id": "local-and-central-zip-structures-agree;distinct-crc-valid-member-payloads-cannot-physically-overlap",
                        "keyword": "Scenario",
                        "name": "Distinct CRC-valid member payloads cannot physically overlap",
                        "description": "",
                        "line": 24,
                        "type": "scenario",
                        "tags": [
                            {
                                "name": "@implemented",
                                "line": 1
                            },
                            {
                                "name": "@go",
                                "line": 1
                            },
                            {
                                "name": "@package",
                                "line": 1
                            },
                            {
                                "name": "@ZIP-003",
                                "line": 23
                            }
                        ],
                        "steps": [
                            {
                                "keyword": "Given ",
                                "name": "a ZIP whose distinct CRC-valid members overlap physically",
                                "line": 25,
                                "match": {
                                    "location": "zip64_test.go:81"
                                },
                                "result": {
                                    "status": "passed",
                                    "duration": 48568
                                }
                            },
                            {
                                "keyword": "When ",
                                "name": "I validate the ZIP64 package for editing",
                                "line": 26,
                                "match": {
                                    "location": "zip64_test.go:82"
                                },
                                "result": {
                                    "status": "passed",
                                    "duration": 30445
                                }
                            },
                            {
                                "keyword": "Then ",
                                "name": "ZIP64 intake refuses with a typed error and unchanged bytes",
                                "line": 27,
                                "match": {
                                    "location": "zip64_test.go:86"
                                },
                                "result": {
                                    "status": "passed",
                                    "duration": 31137
                                }
                            }
                        ]
                    }
                ]
            },
            {
                "uri": "../features/implemented/package/attributes.feature",
                "id": "lossless-xml-attribute-edits",
                "keyword": "Feature",
                "name": "Lossless XML attribute edits",
                "description": "  Attribute edits preserve unrelated start-tag bytes and cannot alter namespace bindings.",
                "line": 2,
                "tags": [
                    {
                        "name": "@implemented",
                        "line": 1
                    },
                    {
                        "name": "@go",
                        "line": 1
                    },
                    {
                        "name": "@package",
                        "line": 1
                    }
                ],
                "elements": [
                    {
                        "id": "lossless-xml-attribute-edits;add-a-namespaced-attribute-using-an-existing-binding",
                        "keyword": "Scenario",
                        "name": "Add a namespaced attribute using an existing binding",
                        "description": "",
                        "line": 6,
                        "type": "scenario",
                        "tags": [
                            {
                                "name": "@implemented",
                                "line": 1
                            },
                            {
                                "name": "@go",
                                "line": 1
                            },
                            {
                                "name": "@package",
                                "line": 1
                            },
                            {
                                "name": "@ATTR-001",
                                "line": 5
                            }
                        ],
                        "steps": [
                            {
                                "keyword": "Given ",
                                "name": "XML with a text element and unrelated attributes",
                                "line": 7,
                                "match": {
                                    "location": "attributes_test.go:25"
                                },
                                "result": {
                                    "status": "passed",
                                    "duration": 48944
                                }
                            },
                            {
                                "keyword": "When ",
                                "name": "I add XML space preservation and replace its text",
                                "line": 8,
                                "match": {
                                    "location": "attributes_test.go:34"
                                },
                                "result": {
                                    "status": "passed",
                                    "duration": 35461
                                }
                            },
                            {
                                "keyword": "Then ",
                                "name": "the original start-tag attributes retain their bytes",
                                "line": 9,
                                "match": {
                                    "location": "attributes_test.go:39"
                                },
                                "result": {
                                    "status": "passed",
                                    "duration": 26400
                                }
                            },
                            {
                                "keyword": "And ",
                                "name": "only the requested attribute and text are changed",
                                "line": 10,
                                "match": {
                                    "location": "attributes_test.go:45"
                                },
                                "result": {
                                    "status": "passed",
                                    "duration": 23257
                                }
                            }
                        ]
                    },
                    {
                        "id": "lossless-xml-attribute-edits;a-namespace-changing-batch-refuses-without-changing-the-snapshot",
                        "keyword": "Scenario",
                        "name": "A namespace-changing batch refuses without changing the snapshot",
                        "description": "",
                        "line": 13,
                        "type": "scenario",
                        "tags": [
                            {
                                "name": "@implemented",
                                "line": 1
                            },
                            {
                                "name": "@go",
                                "line": 1
                            },
                            {
                                "name": "@package",
                                "line": 1
                            },
                            {
                                "name": "@ATTR-002",
                                "line": 12
                            }
                        ],
                        "steps": [
                            {
                                "keyword": "Given ",
                                "name": "XML with a text element and unrelated attributes",
                                "line": 14,
                                "match": {
                                    "location": "attributes_test.go:25"
                                },
                                "result": {
                                    "status": "passed",
                                    "duration": 157563
                                }
                            },
                            {
                                "keyword": "When ",
                                "name": "an attribute edit attempts to change a namespace declaration",
                                "line": 15,
                                "match": {
                                    "location": "attributes_test.go:52"
                                },
                                "result": {
                                    "status": "passed",
                                    "duration": 78215
                                }
                            },
                            {
                                "keyword": "Then ",
                                "name": "the attribute batch refuses and the original snapshot remains reusable",
                                "line": 16,
                                "match": {
                                    "location": "attributes_test.go:56"
                                },
                                "result": {
                                    "status": "passed",
                                    "duration": 94633
                                }
                            }
                        ]
                    }
                ]
            },
            {
                "uri": "../features/implemented/package/xml.feature",
                "id": "lossless-namespace-aware-xml-leaf-edits",
                "keyword": "Feature",
                "name": "Lossless namespace-aware XML leaf edits",
                "description": "  XML inspection identifies expanded names while edits retain unrelated source bytes.",
                "line": 2,
                "tags": [
                    {
                        "name": "@implemented",
                        "line": 1
                    },
                    {
                        "name": "@go",
                        "line": 1
                    },
                    {
                        "name": "@package",
                        "line": 1
                    }
                ],
                "elements": [
                    {
                        "id": "lossless-namespace-aware-xml-leaf-edits;editing-a-text-leaf-preserves-unknown-markup-and-namespace-context",
                        "keyword": "Scenario",
                        "name": "Editing a text leaf preserves unknown markup and namespace context",
                        "description": "",
                        "line": 6,
                        "type": "scenario",
                        "tags": [
                            {
                                "name": "@implemented",
                                "line": 1
                            },
                            {
                                "name": "@go",
                                "line": 1
                            },
                            {
                                "name": "@package",
                                "line": 1
                            },
                            {
                                "name": "@XML-001",
                                "line": 5
                            }
                        ],
                        "steps": [
                            {
                                "keyword": "Given ",
                                "name": "XML with prefixed text and an opaque extension",
                                "line": 7,
                                "match": {
                                    "location": "xml_test.go:36"
                                },
                                "result": {
                                    "status": "passed",
                                    "duration": 80933
                                }
                            },
                            {
                                "keyword": "When ",
                                "name": "I replace the selected text leaf with \"A\u0026B \u003cnew\u003e\"",
                                "line": 8,
                                "match": {
                                    "location": "xml_test.go:43"
                                },
                                "result": {
                                    "status": "passed",
                                    "duration": 54541
                                }
                            },
                            {
                                "keyword": "Then ",
                                "name": "only the leaf character-data bytes change",
                                "line": 9,
                                "match": {
                                    "location": "xml_test.go:51"
                                },
                                "result": {
                                    "status": "passed",
                                    "duration": 46829
                                }
                            },
                            {
                                "keyword": "And ",
                                "name": "the replacement decodes to \"A\u0026B \u003cnew\u003e\"",
                                "line": 10,
                                "match": {
                                    "location": "xml_test.go:61"
                                },
                                "result": {
                                    "status": "passed",
                                    "duration": 45283
                                }
                            }
                        ]
                    },
                    {
                        "id": "lossless-namespace-aware-xml-leaf-edits;namespace-invalid-xml-is-rejected;;2",
                        "keyword": "Scenario Outline",
                        "name": "Namespace-invalid XML is rejected",
                        "description": "",
                        "line": 20,
                        "type": "scenario",
                        "tags": [
                            {
                                "name": "@implemented",
                                "line": 1
                            },
                            {
                                "name": "@go",
                                "line": 1
                            },
                            {
                                "name": "@package",
                                "line": 1
                            },
                            {
                                "name": "@XML-002",
                                "line": 12
                            }
                        ],
                        "steps": [
                            {
                                "keyword": "Given ",
                                "name": "XML with \"undeclared element prefix\"",
                                "line": 14,
                                "match": {
                                    "location": "xml_test.go:76"
                                },
                                "result": {
                                    "status": "passed",
                                    "duration": 37151
                                }
                            },
                            {
                                "keyword": "When ",
                                "name": "I parse the XML for lossless editing",
                                "line": 15,
                                "match": {
                                    "location": "xml_test.go:86"
                                },
                                "result": {
                                    "status": "passed",
                                    "duration": 29975
                                }
                            },
                            {
                                "keyword": "Then ",
                                "name": "parsing refuses without changing the source",
                                "line": 16,
                                "match": {
                                    "location": "xml_test.go:87"
                                },
                                "result": {
                                    "status": "passed",
                                    "duration": 27875
                                }
                            }
                        ]
                    },
                    {
                        "id": "lossless-namespace-aware-xml-leaf-edits;namespace-invalid-xml-is-rejected;;3",
                        "keyword": "Scenario Outline",
                        "name": "Namespace-invalid XML is rejected",
                        "description": "",
                        "line": 21,
                        "type": "scenario",
                        "tags": [
                            {
                                "name": "@implemented",
                                "line": 1
                            },
                            {
                                "name": "@go",
                                "line": 1
                            },
                            {
                                "name": "@package",
                                "line": 1
                            },
                            {
                                "name": "@XML-002",
                                "line": 12
                            }
                        ],
                        "steps": [
                            {
                                "keyword": "Given ",
                                "name": "XML with \"undeclared attribute prefix\"",
                                "line": 14,
                                "match": {
                                    "location": "xml_test.go:76"
                                },
                                "result": {
                                    "status": "passed",
                                    "duration": 49592
                                }
                            },
                            {
                                "keyword": "When ",
                                "name": "I parse the XML for lossless editing",
                                "line": 15,
                                "match": {
                                    "location": "xml_test.go:86"
                                },
                                "result": {
                                    "status": "passed",
                                    "duration": 106437
                                }
                            },
                            {
                                "keyword": "Then ",
                                "name": "parsing refuses without changing the source",
                                "line": 16,
                                "match": {
                                    "location": "xml_test.go:87"
                                },
                                "result": {
                                    "status": "passed",
                                    "duration": 31183
                                }
                            }
                        ]
                    },
                    {
                        "id": "lossless-namespace-aware-xml-leaf-edits;namespace-invalid-xml-is-rejected;;4",
                        "keyword": "Scenario Outline",
                        "name": "Namespace-invalid XML is rejected",
                        "description": "",
                        "line": 22,
                        "type": "scenario",
                        "tags": [
                            {
                                "name": "@implemented",
                                "line": 1
                            },
                            {
                                "name": "@go",
                                "line": 1
                            },
                            {
                                "name": "@package",
                                "line": 1
                            },
                            {
                                "name": "@XML-002",
                                "line": 12
                            }
                        ],
                        "steps": [
                            {
                                "keyword": "Given ",
                                "name": "XML with \"duplicate expanded attribute\"",
                                "line": 14,
                                "match": {
                                    "location": "xml_test.go:76"
                                },
                                "result": {
                                    "status": "passed",
                                    "duration": 34203
                                }
                            },
                            {
                                "keyword": "When ",
                                "name": "I parse the XML for lossless editing",
                                "line": 15,
                                "match": {
                                    "location": "xml_test.go:86"
                                },
                                "result": {
                                    "status": "passed",
                                    "duration": 29986
                                }
                            },
                            {
                                "keyword": "Then ",
                                "name": "parsing refuses without changing the source",
                                "line": 16,
                                "match": {
                                    "location": "xml_test.go:87"
                                },
                                "result": {
                                    "status": "passed",
                                    "duration": 25222
                                }
                            }
                        ]
                    },
                    {
                        "id": "lossless-namespace-aware-xml-leaf-edits;namespace-invalid-xml-is-rejected;;5",
                        "keyword": "Scenario Outline",
                        "name": "Namespace-invalid XML is rejected",
                        "description": "",
                        "line": 23,
                        "type": "scenario",
                        "tags": [
                            {
                                "name": "@implemented",
                                "line": 1
                            },
                            {
                                "name": "@go",
                                "line": 1
                            },
                            {
                                "name": "@package",
                                "line": 1
                            },
                            {
                                "name": "@XML-002",
                                "line": 12
                            }
                        ],
                        "steps": [
                            {
                                "keyword": "Given ",
                                "name": "XML with \"invalid xml binding\"",
                                "line": 14,
                                "match": {
                                    "location": "xml_test.go:76"
                                },
                                "result": {
                                    "status": "passed",
                                    "duration": 37310
                                }
                            },
                            {
                                "keyword": "When ",
                                "name": "I parse the XML for lossless editing",
                                "line": 15,
                                "match": {
                                    "location": "xml_test.go:86"
                                },
                                "result": {
                                    "status": "passed",
                                    "duration": 31337
                                }
                            },
                            {
                                "keyword": "Then ",
                                "name": "parsing refuses without changing the source",
                                "line": 16,
                                "match": {
                                    "location": "xml_test.go:87"
                                },
                                "result": {
                                    "status": "passed",
                                    "duration": 26559
                                }
                            }
                        ]
                    },
                    {
                        "id": "lossless-namespace-aware-xml-leaf-edits;namespace-invalid-xml-is-rejected;;6",
                        "keyword": "Scenario Outline",
                        "name": "Namespace-invalid XML is rejected",
                        "description": "",
                        "line": 24,
                        "type": "scenario",
                        "tags": [
                            {
                                "name": "@implemented",
                                "line": 1
                            },
                            {
                                "name": "@go",
                                "line": 1
                            },
                            {
                                "name": "@package",
                                "line": 1
                            },
                            {
                                "name": "@XML-002",
                                "line": 12
                            }
                        ],
                        "steps": [
                            {
                                "keyword": "Given ",
                                "name": "XML with \"mismatched end prefix\"",
                                "line": 14,
                                "match": {
                                    "location": "xml_test.go:76"
                                },
                                "result": {
                                    "status": "passed",
                                    "duration": 31654
                                }
                            },
                            {
                                "keyword": "When ",
                                "name": "I parse the XML for lossless editing",
                                "line": 15,
                                "match": {
                                    "location": "xml_test.go:86"
                                },
                                "result": {
                                    "status": "passed",
                                    "duration": 29983
                                }
                            },
                            {
                                "keyword": "Then ",
                                "name": "parsing refuses without changing the source",
                                "line": 16,
                                "match": {
                                    "location": "xml_test.go:87"
                                },
                                "result": {
                                    "status": "passed",
                                    "duration": 26887
                                }
                            }
                        ]
                    },
                    {
                        "id": "lossless-namespace-aware-xml-leaf-edits;a-foreign-target-refuses-the-entire-edit-batch",
                        "keyword": "Scenario",
                        "name": "A foreign target refuses the entire edit batch",
                        "description": "",
                        "line": 27,
                        "type": "scenario",
                        "tags": [
                            {
                                "name": "@implemented",
                                "line": 1
                            },
                            {
                                "name": "@go",
                                "line": 1
                            },
                            {
                                "name": "@package",
                                "line": 1
                            },
                            {
                                "name": "@XML-003",
                                "line": 26
                            }
                        ],
                        "steps": [
                            {
                                "keyword": "Given ",
                                "name": "XML with prefixed text and an opaque extension",
                                "line": 28,
                                "match": {
                                    "location": "xml_test.go:36"
                                },
                                "result": {
                                    "status": "passed",
                                    "duration": 59330
                                }
                            },
                            {
                                "keyword": "When ",
                                "name": "an edit batch contains a target from another parsed document",
                                "line": 29,
                                "match": {
                                    "location": "xml_test.go:96"
                                },
                                "result": {
                                    "status": "passed",
                                    "duration": 50186
                                }
                            },
                            {
                                "keyword": "Then ",
                                "name": "the batch refuses and a valid target remains reusable",
                                "line": 30,
                                "match": {
                                    "location": "xml_test.go:112"
                                },
                                "result": {
                                    "status": "passed",
                                    "duration": 30243
                                }
                            }
                        ]
                    }
                ]
            },
            {
                "uri": "../features/implemented/package/xml-conformance.feature",
                "id": "namespace-names-and-document-boundaries-obey-xml-rules",
                "keyword": "Feature",
                "name": "Namespace names and document boundaries obey XML rules",
                "description": "  Namespace expansion must not turn invalid qualified names into accepted nodes.",
                "line": 2,
                "tags": [
                    {
                        "name": "@implemented",
                        "line": 1
                    },
                    {
                        "name": "@go",
                        "line": 1
                    },
                    {
                        "name": "@package",
                        "line": 1
                    }
                ],
                "elements": [
                    {
                        "id": "namespace-names-and-document-boundaries-obey-xml-rules;invalid-qualified-names-refuse-before-editing;;2",
                        "keyword": "Scenario Outline",
                        "name": "Invalid qualified names refuse before editing",
                        "description": "",
                        "line": 13,
                        "type": "scenario",
                        "tags": [
                            {
                                "name": "@implemented",
                                "line": 1
                            },
                            {
                                "name": "@go",
                                "line": 1
                            },
                            {
                                "name": "@package",
                                "line": 1
                            },
                            {
                                "name": "@QNAME-001",
                                "line": 5
                            }
                        ],
                        "steps": [
                            {
                                "keyword": "Given ",
                                "name": "XML with invalid qualified-name case \"numeric local name\"",
                                "line": 7,
                                "match": {
                                    "location": "xml_conformance_test.go:25"
                                },
                                "result": {
                                    "status": "passed",
                                    "duration": 56221
                                }
                            },
                            {
                                "keyword": "When ",
                                "name": "I parse it as an editable XML snapshot",
                                "line": 8,
                                "match": {
                                    "location": "xml_conformance_test.go:45"
                                },
                                "result": {
                                    "status": "passed",
                                    "duration": 28151
                                }
                            },
                            {
                                "keyword": "Then ",
                                "name": "invalid XML structure is refused without changing the input",
                                "line": 9,
                                "match": {
                                    "location": "xml_conformance_test.go:46"
                                },
                                "result": {
                                    "status": "passed",
                                    "duration": 30528
                                }
                            }
                        ]
                    },
                    {
                        "id": "namespace-names-and-document-boundaries-obey-xml-rules;invalid-qualified-names-refuse-before-editing;;3",
                        "keyword": "Scenario Outline",
                        "name": "Invalid qualified names refuse before editing",
                        "description": "",
                        "line": 14,
                        "type": "scenario",
                        "tags": [
                            {
                                "name": "@implemented",
                                "line": 1
                            },
                            {
                                "name": "@go",
                                "line": 1
                            },
                            {
                                "name": "@package",
                                "line": 1
                            },
                            {
                                "name": "@QNAME-001",
                                "line": 5
                            }
                        ],
                        "steps": [
                            {
                                "keyword": "Given ",
                                "name": "XML with invalid qualified-name case \"numeric attribute local name\"",
                                "line": 7,
                                "match": {
                                    "location": "xml_conformance_test.go:25"
                                },
                                "result": {
                                    "status": "passed",
                                    "duration": 75926
                                }
                            },
                            {
                                "keyword": "When ",
                                "name": "I parse it as an editable XML snapshot",
                                "line": 8,
                                "match": {
                                    "location": "xml_conformance_test.go:45"
                                },
                                "result": {
                                    "status": "passed",
                                    "duration": 45854
                                }
                            },
                            {
                                "keyword": "Then ",
                                "name": "invalid XML structure is refused without changing the input",
                                "line": 9,
                                "match": {
                                    "location": "xml_conformance_test.go:46"
                                },
                                "result": {
                                    "status": "passed",
                                    "duration": 51594
                                }
                            }
                        ]
                    },
                    {
                        "id": "namespace-names-and-document-boundaries-obey-xml-rules;invalid-qualified-names-refuse-before-editing;;4",
                        "keyword": "Scenario Outline",
                        "name": "Invalid qualified names refuse before editing",
                        "description": "",
                        "line": 15,
                        "type": "scenario",
                        "tags": [
                            {
                                "name": "@implemented",
                                "line": 1
                            },
                            {
                                "name": "@go",
                                "line": 1
                            },
                            {
                                "name": "@package",
                                "line": 1
                            },
                            {
                                "name": "@QNAME-001",
                                "line": 5
                            }
                        ],
                        "steps": [
                            {
                                "keyword": "Given ",
                                "name": "XML with invalid qualified-name case \"numeric namespace prefix\"",
                                "line": 7,
                                "match": {
                                    "location": "xml_conformance_test.go:25"
                                },
                                "result": {
                                    "status": "passed",
                                    "duration": 81171
                                }
                            },
                            {
                                "keyword": "When ",
                                "name": "I parse it as an editable XML snapshot",
                                "line": 8,
                                "match": {
                                    "location": "xml_conformance_test.go:45"
                                },
                                "result": {
                                    "status": "passed",
                                    "duration": 35564
                                }
                            },
                            {
                                "keyword": "Then ",
                                "name": "invalid XML structure is refused without changing the input",
                                "line": 9,
                                "match": {
                                    "location": "xml_conformance_test.go:46"
                                },
                                "result": {
                                    "status": "passed",
                                    "duration": 33371
                                }
                            }
                        ]
                    },
                    {
                        "id": "namespace-names-and-document-boundaries-obey-xml-rules;invalid-qualified-names-refuse-before-editing;;5",
                        "keyword": "Scenario Outline",
                        "name": "Invalid qualified names refuse before editing",
                        "description": "",
                        "line": 16,
                        "type": "scenario",
                        "tags": [
                            {
                                "name": "@implemented",
                                "line": 1
                            },
                            {
                                "name": "@go",
                                "line": 1
                            },
                            {
                                "name": "@package",
                                "line": 1
                            },
                            {
                                "name": "@QNAME-001",
                                "line": 5
                            }
                        ],
                        "steps": [
                            {
                                "keyword": "Given ",
                                "name": "XML with invalid qualified-name case \"non XML whitespace outside root\"",
                                "line": 7,
                                "match": {
                                    "location": "xml_conformance_test.go:25"
                                },
                                "result": {
                                    "status": "passed",
                                    "duration": 65036
                                }
                            },
                            {
                                "keyword": "When ",
                                "name": "I parse it as an editable XML snapshot",
                                "line": 8,
                                "match": {
                                    "location": "xml_conformance_test.go:45"
                                },
                                "result": {
                                    "status": "passed",
                                    "duration": 29086
                                }
                            },
                            {
                                "keyword": "Then ",
                                "name": "invalid XML structure is refused without changing the input",
                                "line": 9,
                                "match": {
                                    "location": "xml_conformance_test.go:46"
                                },
                                "result": {
                                    "status": "passed",
                                    "duration": 59891
                                }
                            }
                        ]
                    },
                    {
                        "id": "namespace-names-and-document-boundaries-obey-xml-rules;fresh-insertion-bindings-do-not-leak-to-existing-or-later-siblings",
                        "keyword": "Scenario",
                        "name": "Fresh insertion bindings do not leak to existing or later siblings",
                        "description": "",
                        "line": 19,
                        "type": "scenario",
                        "tags": [
                            {
                                "name": "@implemented",
                                "line": 1
                            },
                            {
                                "name": "@go",
                                "line": 1
                            },
                            {
                                "name": "@package",
                                "line": 1
                            },
                            {
                                "name": "@QNAME-002",
                                "line": 18
                            }
                        ],
                        "steps": [
                            {
                                "keyword": "Given ",
                                "name": "a parent with an occupied generated prefix and default namespace",
                                "line": 20,
                                "match": {
                                    "location": "xml_conformance_test.go:55"
                                },
                                "result": {
                                    "status": "passed",
                                    "duration": 52618
                                }
                            },
                            {
                                "keyword": "When ",
                                "name": "I append children with independent new namespace requirements",
                                "line": 21,
                                "match": {
                                    "location": "xml_conformance_test.go:61"
                                },
                                "result": {
                                    "status": "passed",
                                    "duration": 45806
                                }
                            },
                            {
                                "keyword": "Then ",
                                "name": "all new and existing sibling names resolve to their intended namespaces",
                                "line": 22,
                                "match": {
                                    "location": "xml_conformance_test.go:66"
                                },
                                "result": {
                                    "status": "passed",
                                    "duration": 38515
                                }
                            }
                        ]
                    }
                ]
            },
            {
                "uri": "../features/implemented/spreadsheet/style-index.feature",
                "id": "numeric-edits-require-resolvable-cell-styles",
                "keyword": "Feature",
                "name": "Numeric edits require resolvable cell styles",
                "description": "  An omitted cell style attribute still selects style zero when a style table exists.",
                "line": 2,
                "tags": [
                    {
                        "name": "@implemented",
                        "line": 1
                    },
                    {
                        "name": "@go",
                        "line": 1
                    },
                    {
                        "name": "@spreadsheet",
                        "line": 1
                    }
                ],
                "elements": [
                    {
                        "id": "numeric-edits-require-resolvable-cell-styles;invalid-style-references-refuse-numeric-edits-unchanged;;2",
                        "keyword": "Scenario Outline",
                        "name": "Invalid style references refuse numeric edits unchanged",
                        "description": "",
                        "line": 13,
                        "type": "scenario",
                        "tags": [
                            {
                                "name": "@implemented",
                                "line": 1
                            },
                            {
                                "name": "@go",
                                "line": 1
                            },
                            {
                                "name": "@spreadsheet",
                                "line": 1
                            },
                            {
                                "name": "@STYLE-001",
                                "line": 5
                            }
                        ],
                        "steps": [
                            {
                                "keyword": "Given ",
                                "name": "a numeric workbook with \"empty cellXfs and omitted s\"",
                                "line": 7,
                                "match": {
                                    "location": "style_index_test.go:82"
                                },
                                "result": {
                                    "status": "passed",
                                    "duration": 1619381
                                }
                            },
                            {
                                "keyword": "When ",
                                "name": "I attempt a numeric edit under the style policy",
                                "line": 8,
                                "match": {
                                    "location": "style_index_test.go:83"
                                },
                                "result": {
                                    "status": "passed",
                                    "duration": 155800
                                }
                            },
                            {
                                "keyword": "Then ",
                                "name": "style validation refuses with the original archive unchanged",
                                "line": 9,
                                "match": {
                                    "location": "style_index_test.go:84"
                                },
                                "result": {
                                    "status": "passed",
                                    "duration": 2091733
                                }
                            }
                        ]
                    },
                    {
                        "id": "numeric-edits-require-resolvable-cell-styles;invalid-style-references-refuse-numeric-edits-unchanged;;3",
                        "keyword": "Scenario Outline",
                        "name": "Invalid style references refuse numeric edits unchanged",
                        "description": "",
                        "line": 14,
                        "type": "scenario",
                        "tags": [
                            {
                                "name": "@implemented",
                                "line": 1
                            },
                            {
                                "name": "@go",
                                "line": 1
                            },
                            {
                                "name": "@spreadsheet",
                                "line": 1
                            },
                            {
                                "name": "@STYLE-001",
                                "line": 5
                            }
                        ],
                        "steps": [
                            {
                                "keyword": "Given ",
                                "name": "a numeric workbook with \"empty cellXfs and explicit zero\"",
                                "line": 7,
                                "match": {
                                    "location": "style_index_test.go:82"
                                },
                                "result": {
                                    "status": "passed",
                                    "duration": 468170
                                }
                            },
                            {
                                "keyword": "When ",
                                "name": "I attempt a numeric edit under the style policy",
                                "line": 8,
                                "match": {
                                    "location": "style_index_test.go:83"
                                },
                                "result": {
                                    "status": "passed",
                                    "duration": 130068
                                }
                            },
                            {
                                "keyword": "Then ",
                                "name": "style validation refuses with the original archive unchanged",
                                "line": 9,
                                "match": {
                                    "location": "style_index_test.go:84"
                                },
                                "result": {
                                    "status": "passed",
                                    "duration": 1496101
                                }
                            }
                        ]
                    },
                    {
                        "id": "numeric-edits-require-resolvable-cell-styles;invalid-style-references-refuse-numeric-edits-unchanged;;4",
                        "keyword": "Scenario Outline",
                        "name": "Invalid style references refuse numeric edits unchanged",
                        "description": "",
                        "line": 15,
                        "type": "scenario",
                        "tags": [
                            {
                                "name": "@implemented",
                                "line": 1
                            },
                            {
                                "name": "@go",
                                "line": 1
                            },
                            {
                                "name": "@spreadsheet",
                                "line": 1
                            },
                            {
                                "name": "@STYLE-001",
                                "line": 5
                            }
                        ],
                        "steps": [
                            {
                                "keyword": "Given ",
                                "name": "a numeric workbook with \"out of range style\"",
                                "line": 7,
                                "match": {
                                    "location": "style_index_test.go:82"
                                },
                                "result": {
                                    "status": "passed",
                                    "duration": 439628
                                }
                            },
                            {
                                "keyword": "When ",
                                "name": "I attempt a numeric edit under the style policy",
                                "line": 8,
                                "match": {
                                    "location": "style_index_test.go:83"
                                },
                                "result": {
                                    "status": "passed",
                                    "duration": 355909
                                }
                            },
                            {
                                "keyword": "Then ",
                                "name": "style validation refuses with the original archive unchanged",
                                "line": 9,
                                "match": {
                                    "location": "style_index_test.go:84"
                                },
                                "result": {
                                    "status": "passed",
                                    "duration": 1990616
                                }
                            }
                        ]
                    },
                    {
                        "id": "numeric-edits-require-resolvable-cell-styles;invalid-style-references-refuse-numeric-edits-unchanged;;5",
                        "keyword": "Scenario Outline",
                        "name": "Invalid style references refuse numeric edits unchanged",
                        "description": "",
                        "line": 16,
                        "type": "scenario",
                        "tags": [
                            {
                                "name": "@implemented",
                                "line": 1
                            },
                            {
                                "name": "@go",
                                "line": 1
                            },
                            {
                                "name": "@spreadsheet",
                                "line": 1
                            },
                            {
                                "name": "@STYLE-001",
                                "line": 5
                            }
                        ],
                        "steps": [
                            {
                                "keyword": "Given ",
                                "name": "a numeric workbook with \"mismatched cellXfs count\"",
                                "line": 7,
                                "match": {
                                    "location": "style_index_test.go:82"
                                },
                                "result": {
                                    "status": "passed",
                                    "duration": 452146
                                }
                            },
                            {
                                "keyword": "When ",
                                "name": "I attempt a numeric edit under the style policy",
                                "line": 8,
                                "match": {
                                    "location": "style_index_test.go:83"
                                },
                                "result": {
                                    "status": "passed",
                                    "duration": 129327
                                }
                            },
                            {
                                "keyword": "Then ",
                                "name": "style validation refuses with the original archive unchanged",
                                "line": 9,
                                "match": {
                                    "location": "style_index_test.go:84"
                                },
                                "result": {
                                    "status": "passed",
                                    "duration": 1887670
                                }
                            }
                        ]
                    },
                    {
                        "id": "numeric-edits-require-resolvable-cell-styles;invalid-style-references-refuse-numeric-edits-unchanged;;6",
                        "keyword": "Scenario Outline",
                        "name": "Invalid style references refuse numeric edits unchanged",
                        "description": "",
                        "line": 17,
                        "type": "scenario",
                        "tags": [
                            {
                                "name": "@implemented",
                                "line": 1
                            },
                            {
                                "name": "@go",
                                "line": 1
                            },
                            {
                                "name": "@spreadsheet",
                                "line": 1
                            },
                            {
                                "name": "@STYLE-001",
                                "line": 5
                            }
                        ],
                        "steps": [
                            {
                                "keyword": "Given ",
                                "name": "a numeric workbook with \"malformed style index\"",
                                "line": 7,
                                "match": {
                                    "location": "style_index_test.go:82"
                                },
                                "result": {
                                    "status": "passed",
                                    "duration": 442052
                                }
                            },
                            {
                                "keyword": "When ",
                                "name": "I attempt a numeric edit under the style policy",
                                "line": 8,
                                "match": {
                                    "location": "style_index_test.go:83"
                                },
                                "result": {
                                    "status": "passed",
                                    "duration": 121545
                                }
                            },
                            {
                                "keyword": "Then ",
                                "name": "style validation refuses with the original archive unchanged",
                                "line": 9,
                                "match": {
                                    "location": "style_index_test.go:84"
                                },
                                "result": {
                                    "status": "passed",
                                    "duration": 1901492
                                }
                            }
                        ]
                    },
                    {
                        "id": "numeric-edits-require-resolvable-cell-styles;invalid-style-references-refuse-numeric-edits-unchanged;;7",
                        "keyword": "Scenario Outline",
                        "name": "Invalid style references refuse numeric edits unchanged",
                        "description": "",
                        "line": 18,
                        "type": "scenario",
                        "tags": [
                            {
                                "name": "@implemented",
                                "line": 1
                            },
                            {
                                "name": "@go",
                                "line": 1
                            },
                            {
                                "name": "@spreadsheet",
                                "line": 1
                            },
                            {
                                "name": "@STYLE-001",
                                "line": 5
                            }
                        ],
                        "steps": [
                            {
                                "keyword": "Given ",
                                "name": "a numeric workbook with \"unrelated cell with invalid style\"",
                                "line": 7,
                                "match": {
                                    "location": "style_index_test.go:82"
                                },
                                "result": {
                                    "status": "passed",
                                    "duration": 604297
                                }
                            },
                            {
                                "keyword": "When ",
                                "name": "I attempt a numeric edit under the style policy",
                                "line": 8,
                                "match": {
                                    "location": "style_index_test.go:83"
                                },
                                "result": {
                                    "status": "passed",
                                    "duration": 176839
                                }
                            },
                            {
                                "keyword": "Then ",
                                "name": "style validation refuses with the original archive unchanged",
                                "line": 9,
                                "match": {
                                    "location": "style_index_test.go:84"
                                },
                                "result": {
                                    "status": "passed",
                                    "duration": 6575418
                                }
                            }
                        ]
                    },
                    {
                        "id": "numeric-edits-require-resolvable-cell-styles;implicit-style-zero-resolves-through-a-nonempty-table",
                        "keyword": "Scenario",
                        "name": "Implicit style zero resolves through a nonempty table",
                        "description": "",
                        "line": 21,
                        "type": "scenario",
                        "tags": [
                            {
                                "name": "@implemented",
                                "line": 1
                            },
                            {
                                "name": "@go",
                                "line": 1
                            },
                            {
                                "name": "@spreadsheet",
                                "line": 1
                            },
                            {
                                "name": "@STYLE-002",
                                "line": 20
                            }
                        ],
                        "steps": [
                            {
                                "keyword": "Given ",
                                "name": "a numeric workbook with \"one style and omitted s\"",
                                "line": 22,
                                "match": {
                                    "location": "style_index_test.go:82"
                                },
                                "result": {
                                    "status": "passed",
                                    "duration": 635085
                                }
                            },
                            {
                                "keyword": "When ",
                                "name": "I set its style-validated numeric value to 125",
                                "line": 23,
                                "match": {
                                    "location": "style_index_test.go:98"
                                },
                                "result": {
                                    "status": "passed",
                                    "duration": 201707
                                }
                            },
                            {
                                "keyword": "Then ",
                                "name": "the value changes without adding a style attribute or modifying styles",
                                "line": 24,
                                "match": {
                                    "location": "style_index_test.go:99"
                                },
                                "result": {
                                    "status": "passed",
                                    "duration": 1810471
                                }
                            }
                        ]
                    }
                ]
            },
            {
                "uri": "../features/implemented/package/office-link-namespaces.feature",
                "id": "office-relationship-identity-follows-expanded-names-and-exact-type-uris",
                "keyword": "Feature",
                "name": "Office relationship identity follows expanded names and exact type URIs",
                "description": "  Prefix spellings and default namespaces cannot redirect a sheet or slide relationship.",
                "line": 2,
                "tags": [
                    {
                        "name": "@implemented",
                        "line": 1
                    },
                    {
                        "name": "@go",
                        "line": 1
                    },
                    {
                        "name": "@package",
                        "line": 1
                    }
                ],
                "elements": [
                    {
                        "id": "office-relationship-identity-follows-expanded-names-and-exact-type-uris;correct-expanded-relationship-attributes-open-for-inspection;;2",
                        "keyword": "Scenario Outline",
                        "name": "Correct expanded relationship attributes open for inspection",
                        "description": "",
                        "line": 13,
                        "type": "scenario",
                        "tags": [
                            {
                                "name": "@implemented",
                                "line": 1
                            },
                            {
                                "name": "@go",
                                "line": 1
                            },
                            {
                                "name": "@package",
                                "line": 1
                            },
                            {
                                "name": "@OFFLINK-001",
                                "line": 5
                            }
                        ],
                        "steps": [
                            {
                                "keyword": "Given ",
                                "name": "an Office link fixture for \"xlsx\" with \"alias prefix\"",
                                "line": 7,
                                "match": {
                                    "location": "office_link_namespaces_test.go:28"
                                },
                                "result": {
                                    "status": "passed",
                                    "duration": 211249
                                }
                            },
                            {
                                "keyword": "When ",
                                "name": "I inspect the Office link identity",
                                "line": 8,
                                "match": {
                                    "location": "office_link_namespaces_test.go:86"
                                },
                                "result": {
                                    "status": "passed",
                                    "duration": 191779
                                }
                            },
                            {
                                "keyword": "Then ",
                                "name": "exactly the intended sheet or slide is found without mutation",
                                "line": 9,
                                "match": {
                                    "location": "office_link_namespaces_test.go:105"
                                },
                                "result": {
                                    "status": "passed",
                                    "duration": 34949
                                }
                            }
                        ]
                    },
                    {
                        "id": "office-relationship-identity-follows-expanded-names-and-exact-type-uris;correct-expanded-relationship-attributes-open-for-inspection;;3",
                        "keyword": "Scenario Outline",
                        "name": "Correct expanded relationship attributes open for inspection",
                        "description": "",
                        "line": 14,
                        "type": "scenario",
                        "tags": [
                            {
                                "name": "@implemented",
                                "line": 1
                            },
                            {
                                "name": "@go",
                                "line": 1
                            },
                            {
                                "name": "@package",
                                "line": 1
                            },
                            {
                                "name": "@OFFLINK-001",
                                "line": 5
                            }
                        ],
                        "steps": [
                            {
                                "keyword": "Given ",
                                "name": "an Office link fixture for \"pptx\" with \"alias prefix\"",
                                "line": 7,
                                "match": {
                                    "location": "office_link_namespaces_test.go:28"
                                },
                                "result": {
                                    "status": "passed",
                                    "duration": 750888
                                }
                            },
                            {
                                "keyword": "When ",
                                "name": "I inspect the Office link identity",
                                "line": 8,
                                "match": {
                                    "location": "office_link_namespaces_test.go:86"
                                },
                                "result": {
                                    "status": "passed",
                                    "duration": 522759
                                }
                            },
                            {
                                "keyword": "Then ",
                                "name": "exactly the intended sheet or slide is found without mutation",
                                "line": 9,
                                "match": {
                                    "location": "office_link_namespaces_test.go:105"
                                },
                                "result": {
                                    "status": "passed",
                                    "duration": 74765
                                }
                            }
                        ]
                    },
                    {
                        "id": "office-relationship-identity-follows-expanded-names-and-exact-type-uris;correct-expanded-relationship-attributes-open-for-inspection;;4",
                        "keyword": "Scenario Outline",
                        "name": "Correct expanded relationship attributes open for inspection",
                        "description": "",
                        "line": 15,
                        "type": "scenario",
                        "tags": [
                            {
                                "name": "@implemented",
                                "line": 1
                            },
                            {
                                "name": "@go",
                                "line": 1
                            },
                            {
                                "name": "@package",
                                "line": 1
                            },
                            {
                                "name": "@OFFLINK-001",
                                "line": 5
                            }
                        ],
                        "steps": [
                            {
                                "keyword": "Given ",
                                "name": "an Office link fixture for \"xlsx\" with \"local correct binding\"",
                                "line": 7,
                                "match": {
                                    "location": "office_link_namespaces_test.go:28"
                                },
                                "result": {
                                    "status": "passed",
                                    "duration": 343864
                                }
                            },
                            {
                                "keyword": "When ",
                                "name": "I inspect the Office link identity",
                                "line": 8,
                                "match": {
                                    "location": "office_link_namespaces_test.go:86"
                                },
                                "result": {
                                    "status": "passed",
                                    "duration": 177539
                                }
                            },
                            {
                                "keyword": "Then ",
                                "name": "exactly the intended sheet or slide is found without mutation",
                                "line": 9,
                                "match": {
                                    "location": "office_link_namespaces_test.go:105"
                                },
                                "result": {
                                    "status": "passed",
                                    "duration": 34615
                                }
                            }
                        ]
                    },
                    {
                        "id": "office-relationship-identity-follows-expanded-names-and-exact-type-uris;correct-expanded-relationship-attributes-open-for-inspection;;5",
                        "keyword": "Scenario Outline",
                        "name": "Correct expanded relationship attributes open for inspection",
                        "description": "",
                        "line": 16,
                        "type": "scenario",
                        "tags": [
                            {
                                "name": "@implemented",
                                "line": 1
                            },
                            {
                                "name": "@go",
                                "line": 1
                            },
                            {
                                "name": "@package",
                                "line": 1
                            },
                            {
                                "name": "@OFFLINK-001",
                                "line": 5
                            }
                        ],
                        "steps": [
                            {
                                "keyword": "Given ",
                                "name": "an Office link fixture for \"pptx\" with \"local correct binding\"",
                                "line": 7,
                                "match": {
                                    "location": "office_link_namespaces_test.go:28"
                                },
                                "result": {
                                    "status": "passed",
                                    "duration": 218154
                                }
                            },
                            {
                                "keyword": "When ",
                                "name": "I inspect the Office link identity",
                                "line": 8,
                                "match": {
                                    "location": "office_link_namespaces_test.go:86"
                                },
                                "result": {
                                    "status": "passed",
                                    "duration": 182456
                                }
                            },
                            {
                                "keyword": "Then ",
                                "name": "exactly the intended sheet or slide is found without mutation",
                                "line": 9,
                                "match": {
                                    "location": "office_link_namespaces_test.go:105"
                                },
                                "result": {
                                    "status": "passed",
                                    "duration": 33865
                                }
                            }
                        ]
                    },
                    {
                        "id": "office-relationship-identity-follows-expanded-names-and-exact-type-uris;correct-expanded-relationship-attributes-open-for-inspection;;6",
                        "keyword": "Scenario Outline",
                        "name": "Correct expanded relationship attributes open for inspection",
                        "description": "",
                        "line": 17,
                        "type": "scenario",
                        "tags": [
                            {
                                "name": "@implemented",
                                "line": 1
                            },
                            {
                                "name": "@go",
                                "line": 1
                            },
                            {
                                "name": "@package",
                                "line": 1
                            },
                            {
                                "name": "@OFFLINK-001",
                                "line": 5
                            }
                        ],
                        "steps": [
                            {
                                "keyword": "Given ",
                                "name": "an Office link fixture for \"xlsx\" with \"foreign r alongside correct link\"",
                                "line": 7,
                                "match": {
                                    "location": "office_link_namespaces_test.go:28"
                                },
                                "result": {
                                    "status": "passed",
                                    "duration": 417830
                                }
                            },
                            {
                                "keyword": "When ",
                                "name": "I inspect the Office link identity",
                                "line": 8,
                                "match": {
                                    "location": "office_link_namespaces_test.go:86"
                                },
                                "result": {
                                    "status": "passed",
                                    "duration": 446276
                                }
                            },
                            {
                                "keyword": "Then ",
                                "name": "exactly the intended sheet or slide is found without mutation",
                                "line": 9,
                                "match": {
                                    "location": "office_link_namespaces_test.go:105"
                                },
                                "result": {
                                    "status": "passed",
                                    "duration": 67974
                                }
                            }
                        ]
                    },
                    {
                        "id": "office-relationship-identity-follows-expanded-names-and-exact-type-uris;correct-expanded-relationship-attributes-open-for-inspection;;7",
                        "keyword": "Scenario Outline",
                        "name": "Correct expanded relationship attributes open for inspection",
                        "description": "",
                        "line": 18,
                        "type": "scenario",
                        "tags": [
                            {
                                "name": "@implemented",
                                "line": 1
                            },
                            {
                                "name": "@go",
                                "line": 1
                            },
                            {
                                "name": "@package",
                                "line": 1
                            },
                            {
                                "name": "@OFFLINK-001",
                                "line": 5
                            }
                        ],
                        "steps": [
                            {
                                "keyword": "Given ",
                                "name": "an Office link fixture for \"pptx\" with \"foreign r alongside correct link\"",
                                "line": 7,
                                "match": {
                                    "location": "office_link_namespaces_test.go:28"
                                },
                                "result": {
                                    "status": "passed",
                                    "duration": 255758
                                }
                            },
                            {
                                "keyword": "When ",
                                "name": "I inspect the Office link identity",
                                "line": 8,
                                "match": {
                                    "location": "office_link_namespaces_test.go:86"
                                },
                                "result": {
                                    "status": "passed",
                                    "duration": 175536
                                }
                            },
                            {
                                "keyword": "Then ",
                                "name": "exactly the intended sheet or slide is found without mutation",
                                "line": 9,
                                "match": {
                                    "location": "office_link_namespaces_test.go:105"
                                },
                                "result": {
                                    "status": "passed",
                                    "duration": 37019
                                }
                            }
                        ]
                    },
                    {
                        "id": "office-relationship-identity-follows-expanded-names-and-exact-type-uris;wrong-expanded-attributes-or-type-uris-refuse-intake;;2",
                        "keyword": "Scenario Outline",
                        "name": "Wrong expanded attributes or type URIs refuse intake",
                        "description": "",
                        "line": 28,
                        "type": "scenario",
                        "tags": [
                            {
                                "name": "@implemented",
                                "line": 1
                            },
                            {
                                "name": "@go",
                                "line": 1
                            },
                            {
                                "name": "@package",
                                "line": 1
                            },
                            {
                                "name": "@OFFLINK-002",
                                "line": 20
                            }
                        ],
                        "steps": [
                            {
                                "keyword": "Given ",
                                "name": "an Office link fixture for \"xlsx\" with \"locally shadowed wrong URI\"",
                                "line": 22,
                                "match": {
                                    "location": "office_link_namespaces_test.go:28"
                                },
                                "result": {
                                    "status": "passed",
                                    "duration": 215716
                                }
                            },
                            {
                                "keyword": "When ",
                                "name": "I inspect the Office link identity",
                                "line": 23,
                                "match": {
                                    "location": "office_link_namespaces_test.go:86"
                                },
                                "result": {
                                    "status": "passed",
                                    "duration": 186565
                                }
                            },
                            {
                                "keyword": "Then ",
                                "name": "the Office link is refused and input bytes are unchanged",
                                "line": 24,
                                "match": {
                                    "location": "office_link_namespaces_test.go:114"
                                },
                                "result": {
                                    "status": "passed",
                                    "duration": 32249
                                }
                            }
                        ]
                    },
                    {
                        "id": "office-relationship-identity-follows-expanded-names-and-exact-type-uris;wrong-expanded-attributes-or-type-uris-refuse-intake;;3",
                        "keyword": "Scenario Outline",
                        "name": "Wrong expanded attributes or type URIs refuse intake",
                        "description": "",
                        "line": 29,
                        "type": "scenario",
                        "tags": [
                            {
                                "name": "@implemented",
                                "line": 1
                            },
                            {
                                "name": "@go",
                                "line": 1
                            },
                            {
                                "name": "@package",
                                "line": 1
                            },
                            {
                                "name": "@OFFLINK-002",
                                "line": 20
                            }
                        ],
                        "steps": [
                            {
                                "keyword": "Given ",
                                "name": "an Office link fixture for \"pptx\" with \"locally shadowed wrong URI\"",
                                "line": 22,
                                "match": {
                                    "location": "office_link_namespaces_test.go:28"
                                },
                                "result": {
                                    "status": "passed",
                                    "duration": 296278
                                }
                            },
                            {
                                "keyword": "When ",
                                "name": "I inspect the Office link identity",
                                "line": 23,
                                "match": {
                                    "location": "office_link_namespaces_test.go:86"
                                },
                                "result": {
                                    "status": "passed",
                                    "duration": 246854
                                }
                            },
                            {
                                "keyword": "Then ",
                                "name": "the Office link is refused and input bytes are unchanged",
                                "line": 24,
                                "match": {
                                    "location": "office_link_namespaces_test.go:114"
                                },
                                "result": {
                                    "status": "passed",
                                    "duration": 60201
                                }
                            }
                        ]
                    },
                    {
                        "id": "office-relationship-identity-follows-expanded-names-and-exact-type-uris;wrong-expanded-attributes-or-type-uris-refuse-intake;;4",
                        "keyword": "Scenario Outline",
                        "name": "Wrong expanded attributes or type URIs refuse intake",
                        "description": "",
                        "line": 30,
                        "type": "scenario",
                        "tags": [
                            {
                                "name": "@implemented",
                                "line": 1
                            },
                            {
                                "name": "@go",
                                "line": 1
                            },
                            {
                                "name": "@package",
                                "line": 1
                            },
                            {
                                "name": "@OFFLINK-002",
                                "line": 20
                            }
                        ],
                        "steps": [
                            {
                                "keyword": "Given ",
                                "name": "an Office link fixture for \"xlsx\" with \"plain id with default namespace\"",
                                "line": 22,
                                "match": {
                                    "location": "office_link_namespaces_test.go:28"
                                },
                                "result": {
                                    "status": "passed",
                                    "duration": 225670
                                }
                            },
                            {
                                "keyword": "When ",
                                "name": "I inspect the Office link identity",
                                "line": 23,
                                "match": {
                                    "location": "office_link_namespaces_test.go:86"
                                },
                                "result": {
                                    "status": "passed",
                                    "duration": 156209
                                }
                            },
                            {
                                "keyword": "Then ",
                                "name": "the Office link is refused and input bytes are unchanged",
                                "line": 24,
                                "match": {
                                    "location": "office_link_namespaces_test.go:114"
                                },
                                "result": {
                                    "status": "passed",
                                    "duration": 33703
                                }
                            }
                        ]
                    },
                    {
                        "id": "office-relationship-identity-follows-expanded-names-and-exact-type-uris;wrong-expanded-attributes-or-type-uris-refuse-intake;;5",
                        "keyword": "Scenario Outline",
                        "name": "Wrong expanded attributes or type URIs refuse intake",
                        "description": "",
                        "line": 31,
                        "type": "scenario",
                        "tags": [
                            {
                                "name": "@implemented",
                                "line": 1
                            },
                            {
                                "name": "@go",
                                "line": 1
                            },
                            {
                                "name": "@package",
                                "line": 1
                            },
                            {
                                "name": "@OFFLINK-002",
                                "line": 20
                            }
                        ],
                        "steps": [
                            {
                                "keyword": "Given ",
                                "name": "an Office link fixture for \"pptx\" with \"plain id with default namespace\"",
                                "line": 22,
                                "match": {
                                    "location": "office_link_namespaces_test.go:28"
                                },
                                "result": {
                                    "status": "passed",
                                    "duration": 209146
                                }
                            },
                            {
                                "keyword": "When ",
                                "name": "I inspect the Office link identity",
                                "line": 23,
                                "match": {
                                    "location": "office_link_namespaces_test.go:86"
                                },
                                "result": {
                                    "status": "passed",
                                    "duration": 174027
                                }
                            },
                            {
                                "keyword": "Then ",
                                "name": "the Office link is refused and input bytes are unchanged",
                                "line": 24,
                                "match": {
                                    "location": "office_link_namespaces_test.go:114"
                                },
                                "result": {
                                    "status": "passed",
                                    "duration": 38974
                                }
                            }
                        ]
                    },
                    {
                        "id": "office-relationship-identity-follows-expanded-names-and-exact-type-uris;wrong-expanded-attributes-or-type-uris-refuse-intake;;6",
                        "keyword": "Scenario Outline",
                        "name": "Wrong expanded attributes or type URIs refuse intake",
                        "description": "",
                        "line": 32,
                        "type": "scenario",
                        "tags": [
                            {
                                "name": "@implemented",
                                "line": 1
                            },
                            {
                                "name": "@go",
                                "line": 1
                            },
                            {
                                "name": "@package",
                                "line": 1
                            },
                            {
                                "name": "@OFFLINK-002",
                                "line": 20
                            }
                        ],
                        "steps": [
                            {
                                "keyword": "Given ",
                                "name": "an Office link fixture for \"xlsx\" with \"foreign relationship type suffix\"",
                                "line": 22,
                                "match": {
                                    "location": "office_link_namespaces_test.go:28"
                                },
                                "result": {
                                    "status": "passed",
                                    "duration": 227735
                                }
                            },
                            {
                                "keyword": "When ",
                                "name": "I inspect the Office link identity",
                                "line": 23,
                                "match": {
                                    "location": "office_link_namespaces_test.go:86"
                                },
                                "result": {
                                    "status": "passed",
                                    "duration": 228746
                                }
                            },
                            {
                                "keyword": "Then ",
                                "name": "the Office link is refused and input bytes are unchanged",
                                "line": 24,
                                "match": {
                                    "location": "office_link_namespaces_test.go:114"
                                },
                                "result": {
                                    "status": "passed",
                                    "duration": 52393
                                }
                            }
                        ]
                    },
                    {
                        "id": "office-relationship-identity-follows-expanded-names-and-exact-type-uris;wrong-expanded-attributes-or-type-uris-refuse-intake;;7",
                        "keyword": "Scenario Outline",
                        "name": "Wrong expanded attributes or type URIs refuse intake",
                        "description": "",
                        "line": 33,
                        "type": "scenario",
                        "tags": [
                            {
                                "name": "@implemented",
                                "line": 1
                            },
                            {
                                "name": "@go",
                                "line": 1
                            },
                            {
                                "name": "@package",
                                "line": 1
                            },
                            {
                                "name": "@OFFLINK-002",
                                "line": 20
                            }
                        ],
                        "steps": [
                            {
                                "keyword": "Given ",
                                "name": "an Office link fixture for \"pptx\" with \"foreign relationship type suffix\"",
                                "line": 22,
                                "match": {
                                    "location": "office_link_namespaces_test.go:28"
                                },
                                "result": {
                                    "status": "passed",
                                    "duration": 296803
                                }
                            },
                            {
                                "keyword": "When ",
                                "name": "I inspect the Office link identity",
                                "line": 23,
                                "match": {
                                    "location": "office_link_namespaces_test.go:86"
                                },
                                "result": {
                                    "status": "passed",
                                    "duration": 167819
                                }
                            },
                            {
                                "keyword": "Then ",
                                "name": "the Office link is refused and input bytes are unchanged",
                                "line": 24,
                                "match": {
                                    "location": "office_link_namespaces_test.go:114"
                                },
                                "result": {
                                    "status": "passed",
                                    "duration": 36406
                                }
                            }
                        ]
                    }
                ]
            },
            {
                "uri": "../features/implemented/package/graph-edit.feature",
                "id": "planned-part-addition-and-relationship-retargeting",
                "keyword": "Feature",
                "name": "Planned part addition and relationship retargeting",
                "description": "  New payloads and registry patches commit together without rewriting shared old payloads.",
                "line": 2,
                "tags": [
                    {
                        "name": "@implemented",
                        "line": 1
                    },
                    {
                        "name": "@go",
                        "line": 1
                    },
                    {
                        "name": "@package",
                        "line": 1
                    }
                ],
                "elements": [
                    {
                        "id": "planned-part-addition-and-relationship-retargeting;add-a-private-payload-and-retarget-one-of-two-shared-edges",
                        "keyword": "Scenario",
                        "name": "Add a private payload and retarget one of two shared edges",
                        "description": "",
                        "line": 6,
                        "type": "scenario",
                        "tags": [
                            {
                                "name": "@implemented",
                                "line": 1
                            },
                            {
                                "name": "@go",
                                "line": 1
                            },
                            {
                                "name": "@package",
                                "line": 1
                            },
                            {
                                "name": "@SURGERY-001",
                                "line": 5
                            }
                        ],
                        "steps": [
                            {
                                "keyword": "Given ",
                                "name": "a retained package with two edges sharing a payload",
                                "line": 7,
                                "match": {
                                    "location": "graph_edit_test.go:35"
                                },
                                "result": {
                                    "status": "passed",
                                    "duration": 224739
                                }
                            },
                            {
                                "keyword": "When ",
                                "name": "I plan a new payload for the first edge",
                                "line": 8,
                                "match": {
                                    "location": "graph_edit_test.go:55"
                                },
                                "result": {
                                    "status": "passed",
                                    "duration": 146488
                                }
                            },
                            {
                                "keyword": "Then ",
                                "name": "planning leaves the original archive byte-identical",
                                "line": 9,
                                "match": {
                                    "location": "graph_edit_test.go:56"
                                },
                                "result": {
                                    "status": "passed",
                                    "duration": 27071
                                }
                            },
                            {
                                "keyword": "When ",
                                "name": "I apply and deliver the graph plan",
                                "line": 10,
                                "match": {
                                    "location": "graph_edit_test.go:66"
                                },
                                "result": {
                                    "status": "passed",
                                    "duration": 6071987
                                }
                            },
                            {
                                "keyword": "Then ",
                                "name": "only the selected edge points to the new registered payload",
                                "line": 11,
                                "match": {
                                    "location": "graph_edit_test.go:86"
                                },
                                "result": {
                                    "status": "passed",
                                    "duration": 174390
                                }
                            },
                            {
                                "keyword": "And ",
                                "name": "unrelated registry bytes and original payloads are preserved",
                                "line": 12,
                                "match": {
                                    "location": "graph_edit_test.go:108"
                                },
                                "result": {
                                    "status": "passed",
                                    "duration": 74534
                                }
                            }
                        ]
                    },
                    {
                        "id": "planned-part-addition-and-relationship-retargeting;unproved-graph-changes-refuse-the-entire-plan;;2",
                        "keyword": "Scenario Outline",
                        "name": "Unproved graph changes refuse the entire plan",
                        "description": "",
                        "line": 22,
                        "type": "scenario",
                        "tags": [
                            {
                                "name": "@implemented",
                                "line": 1
                            },
                            {
                                "name": "@go",
                                "line": 1
                            },
                            {
                                "name": "@package",
                                "line": 1
                            },
                            {
                                "name": "@SURGERY-002",
                                "line": 14
                            }
                        ],
                        "steps": [
                            {
                                "keyword": "Given ",
                                "name": "a retained package with two edges sharing a payload",
                                "line": 16,
                                "match": {
                                    "location": "graph_edit_test.go:35"
                                },
                                "result": {
                                    "status": "passed",
                                    "duration": 255293
                                }
                            },
                            {
                                "keyword": "When ",
                                "name": "I plan a graph change with \"case colliding part\"",
                                "line": 17,
                                "match": {
                                    "location": "graph_edit_test.go:129"
                                },
                                "result": {
                                    "status": "passed",
                                    "duration": 89544
                                }
                            },
                            {
                                "keyword": "Then ",
                                "name": "graph planning refuses without adding parts or changing bytes",
                                "line": 18,
                                "match": {
                                    "location": "graph_edit_test.go:152"
                                },
                                "result": {
                                    "status": "passed",
                                    "duration": 36477
                                }
                            }
                        ]
                    },
                    {
                        "id": "planned-part-addition-and-relationship-retargeting;unproved-graph-changes-refuse-the-entire-plan;;3",
                        "keyword": "Scenario Outline",
                        "name": "Unproved graph changes refuse the entire plan",
                        "description": "",
                        "line": 23,
                        "type": "scenario",
                        "tags": [
                            {
                                "name": "@implemented",
                                "line": 1
                            },
                            {
                                "name": "@go",
                                "line": 1
                            },
                            {
                                "name": "@package",
                                "line": 1
                            },
                            {
                                "name": "@SURGERY-002",
                                "line": 14
                            }
                        ],
                        "steps": [
                            {
                                "keyword": "Given ",
                                "name": "a retained package with two edges sharing a payload",
                                "line": 16,
                                "match": {
                                    "location": "graph_edit_test.go:35"
                                },
                                "result": {
                                    "status": "passed",
                                    "duration": 242262
                                }
                            },
                            {
                                "keyword": "When ",
                                "name": "I plan a graph change with \"absent target\"",
                                "line": 17,
                                "match": {
                                    "location": "graph_edit_test.go:129"
                                },
                                "result": {
                                    "status": "passed",
                                    "duration": 101374
                                }
                            },
                            {
                                "keyword": "Then ",
                                "name": "graph planning refuses without adding parts or changing bytes",
                                "line": 18,
                                "match": {
                                    "location": "graph_edit_test.go:152"
                                },
                                "result": {
                                    "status": "passed",
                                    "duration": 35871
                                }
                            }
                        ]
                    },
                    {
                        "id": "planned-part-addition-and-relationship-retargeting;unproved-graph-changes-refuse-the-entire-plan;;4",
                        "keyword": "Scenario Outline",
                        "name": "Unproved graph changes refuse the entire plan",
                        "description": "",
                        "line": 24,
                        "type": "scenario",
                        "tags": [
                            {
                                "name": "@implemented",
                                "line": 1
                            },
                            {
                                "name": "@go",
                                "line": 1
                            },
                            {
                                "name": "@package",
                                "line": 1
                            },
                            {
                                "name": "@SURGERY-002",
                                "line": 14
                            }
                        ],
                        "steps": [
                            {
                                "keyword": "Given ",
                                "name": "a retained package with two edges sharing a payload",
                                "line": 16,
                                "match": {
                                    "location": "graph_edit_test.go:35"
                                },
                                "result": {
                                    "status": "passed",
                                    "duration": 256646
                                }
                            },
                            {
                                "keyword": "When ",
                                "name": "I plan a graph change with \"external edge\"",
                                "line": 17,
                                "match": {
                                    "location": "graph_edit_test.go:129"
                                },
                                "result": {
                                    "status": "passed",
                                    "duration": 102399
                                }
                            },
                            {
                                "keyword": "Then ",
                                "name": "graph planning refuses without adding parts or changing bytes",
                                "line": 18,
                                "match": {
                                    "location": "graph_edit_test.go:152"
                                },
                                "result": {
                                    "status": "passed",
                                    "duration": 36256
                                }
                            }
                        ]
                    },
                    {
                        "id": "planned-part-addition-and-relationship-retargeting;unproved-graph-changes-refuse-the-entire-plan;;5",
                        "keyword": "Scenario Outline",
                        "name": "Unproved graph changes refuse the entire plan",
                        "description": "",
                        "line": 25,
                        "type": "scenario",
                        "tags": [
                            {
                                "name": "@implemented",
                                "line": 1
                            },
                            {
                                "name": "@go",
                                "line": 1
                            },
                            {
                                "name": "@package",
                                "line": 1
                            },
                            {
                                "name": "@SURGERY-002",
                                "line": 14
                            }
                        ],
                        "steps": [
                            {
                                "keyword": "Given ",
                                "name": "a retained package with two edges sharing a payload",
                                "line": 16,
                                "match": {
                                    "location": "graph_edit_test.go:35"
                                },
                                "result": {
                                    "status": "passed",
                                    "duration": 213136
                                }
                            },
                            {
                                "keyword": "When ",
                                "name": "I plan a graph change with \"duplicate edge edit\"",
                                "line": 17,
                                "match": {
                                    "location": "graph_edit_test.go:129"
                                },
                                "result": {
                                    "status": "passed",
                                    "duration": 97423
                                }
                            },
                            {
                                "keyword": "Then ",
                                "name": "graph planning refuses without adding parts or changing bytes",
                                "line": 18,
                                "match": {
                                    "location": "graph_edit_test.go:152"
                                },
                                "result": {
                                    "status": "passed",
                                    "duration": 33857
                                }
                            }
                        ]
                    },
                    {
                        "id": "planned-part-addition-and-relationship-retargeting;unproved-graph-changes-refuse-the-entire-plan;;6",
                        "keyword": "Scenario Outline",
                        "name": "Unproved graph changes refuse the entire plan",
                        "description": "",
                        "line": 26,
                        "type": "scenario",
                        "tags": [
                            {
                                "name": "@implemented",
                                "line": 1
                            },
                            {
                                "name": "@go",
                                "line": 1
                            },
                            {
                                "name": "@package",
                                "line": 1
                            },
                            {
                                "name": "@SURGERY-002",
                                "line": 14
                            }
                        ],
                        "steps": [
                            {
                                "keyword": "Given ",
                                "name": "a retained package with two edges sharing a payload",
                                "line": 16,
                                "match": {
                                    "location": "graph_edit_test.go:35"
                                },
                                "result": {
                                    "status": "passed",
                                    "duration": 211053
                                }
                            },
                            {
                                "keyword": "When ",
                                "name": "I plan a graph change with \"reserved registry addition\"",
                                "line": 17,
                                "match": {
                                    "location": "graph_edit_test.go:129"
                                },
                                "result": {
                                    "status": "passed",
                                    "duration": 188585
                                }
                            },
                            {
                                "keyword": "Then ",
                                "name": "graph planning refuses without adding parts or changing bytes",
                                "line": 18,
                                "match": {
                                    "location": "graph_edit_test.go:152"
                                },
                                "result": {
                                    "status": "passed",
                                    "duration": 38322
                                }
                            }
                        ]
                    },
                    {
                        "id": "planned-part-addition-and-relationship-retargeting;unproved-graph-changes-refuse-the-entire-plan;;7",
                        "keyword": "Scenario Outline",
                        "name": "Unproved graph changes refuse the entire plan",
                        "description": "",
                        "line": 27,
                        "type": "scenario",
                        "tags": [
                            {
                                "name": "@implemented",
                                "line": 1
                            },
                            {
                                "name": "@go",
                                "line": 1
                            },
                            {
                                "name": "@package",
                                "line": 1
                            },
                            {
                                "name": "@SURGERY-002",
                                "line": 14
                            }
                        ],
                        "steps": [
                            {
                                "keyword": "Given ",
                                "name": "a retained package with two edges sharing a payload",
                                "line": 16,
                                "match": {
                                    "location": "graph_edit_test.go:35"
                                },
                                "result": {
                                    "status": "passed",
                                    "duration": 173716
                                }
                            },
                            {
                                "keyword": "When ",
                                "name": "I plan a graph change with \"malformed XML addition\"",
                                "line": 17,
                                "match": {
                                    "location": "graph_edit_test.go:129"
                                },
                                "result": {
                                    "status": "passed",
                                    "duration": 66709
                                }
                            },
                            {
                                "keyword": "Then ",
                                "name": "graph planning refuses without adding parts or changing bytes",
                                "line": 18,
                                "match": {
                                    "location": "graph_edit_test.go:152"
                                },
                                "result": {
                                    "status": "passed",
                                    "duration": 32314
                                }
                            }
                        ]
                    },
                    {
                        "id": "planned-part-addition-and-relationship-retargeting;a-graph-plan-cannot-overwrite-an-intervening-payload-edit",
                        "keyword": "Scenario",
                        "name": "A graph plan cannot overwrite an intervening payload edit",
                        "description": "",
                        "line": 30,
                        "type": "scenario",
                        "tags": [
                            {
                                "name": "@implemented",
                                "line": 1
                            },
                            {
                                "name": "@go",
                                "line": 1
                            },
                            {
                                "name": "@package",
                                "line": 1
                            },
                            {
                                "name": "@SURGERY-003",
                                "line": 29
                            }
                        ],
                        "steps": [
                            {
                                "keyword": "Given ",
                                "name": "a retained package with two edges sharing a payload",
                                "line": 31,
                                "match": {
                                    "location": "graph_edit_test.go:35"
                                },
                                "result": {
                                    "status": "passed",
                                    "duration": 407239
                                }
                            },
                            {
                                "keyword": "When ",
                                "name": "I plan a new payload for the first edge",
                                "line": 32,
                                "match": {
                                    "location": "graph_edit_test.go:55"
                                },
                                "result": {
                                    "status": "passed",
                                    "duration": 153062
                                }
                            },
                            {
                                "keyword": "And ",
                                "name": "I change an existing payload before applying the graph plan",
                                "line": 33,
                                "match": {
                                    "location": "graph_edit_test.go:166"
                                },
                                "result": {
                                    "status": "passed",
                                    "duration": 38317
                                }
                            },
                            {
                                "keyword": "Then ",
                                "name": "the stale graph plan refuses and preserves the intervening edit",
                                "line": 34,
                                "match": {
                                    "location": "graph_edit_test.go:173"
                                },
                                "result": {
                                    "status": "passed",
                                    "duration": 92807
                                }
                            }
                        ]
                    }
                ]
            },
            {
                "uri": "../features/implemented/document/stories.feature",
                "id": "read-only-word-story-projections",
                "keyword": "Feature",
                "name": "Read-only Word story projections",
                "description": "  Inspection includes related stories and nested paragraphs without double-counting.",
                "line": 2,
                "tags": [
                    {
                        "name": "@implemented",
                        "line": 1
                    },
                    {
                        "name": "@go",
                        "line": 1
                    },
                    {
                        "name": "@document",
                        "line": 1
                    }
                ],
                "elements": [
                    {
                        "id": "read-only-word-story-projections;revision-view-selects-the-appropriate-visible-text;;2",
                        "keyword": "Scenario Outline",
                        "name": "Revision view selects the appropriate visible text",
                        "description": "",
                        "line": 15,
                        "type": "scenario",
                        "tags": [
                            {
                                "name": "@implemented",
                                "line": 1
                            },
                            {
                                "name": "@go",
                                "line": 1
                            },
                            {
                                "name": "@document",
                                "line": 1
                            },
                            {
                                "name": "@STORY-001",
                                "line": 5
                            }
                        ],
                        "steps": [
                            {
                                "keyword": "Given ",
                                "name": "a Word document with body revisions and a related header",
                                "line": 7,
                                "match": {
                                    "location": "stories_test.go:43"
                                },
                                "result": {
                                    "status": "passed",
                                    "duration": 374088
                                }
                            },
                            {
                                "keyword": "When ",
                                "name": "I inspect its \"current\" story view",
                                "line": 8,
                                "match": {
                                    "location": "stories_test.go:45"
                                },
                                "result": {
                                    "status": "passed",
                                    "duration": 88797
                                }
                            },
                            {
                                "keyword": "Then ",
                                "name": "the body paragraph reads \"base new\"",
                                "line": 9,
                                "match": {
                                    "location": "stories_test.go:58"
                                },
                                "result": {
                                    "status": "passed",
                                    "duration": 19865
                                }
                            },
                            {
                                "keyword": "And ",
                                "name": "the related header paragraph reads \"Header text\"",
                                "line": 10,
                                "match": {
                                    "location": "stories_test.go:59"
                                },
                                "result": {
                                    "status": "passed",
                                    "duration": 31691
                                }
                            },
                            {
                                "keyword": "And ",
                                "name": "story inspection leaves the source archive unchanged",
                                "line": 11,
                                "match": {
                                    "location": "stories_test.go:62"
                                },
                                "result": {
                                    "status": "passed",
                                    "duration": 1825065
                                }
                            }
                        ]
                    },
                    {
                        "id": "read-only-word-story-projections;revision-view-selects-the-appropriate-visible-text;;3",
                        "keyword": "Scenario Outline",
                        "name": "Revision view selects the appropriate visible text",
                        "description": "",
                        "line": 16,
                        "type": "scenario",
                        "tags": [
                            {
                                "name": "@implemented",
                                "line": 1
                            },
                            {
                                "name": "@go",
                                "line": 1
                            },
                            {
                                "name": "@document",
                                "line": 1
                            },
                            {
                                "name": "@STORY-001",
                                "line": 5
                            }
                        ],
                        "steps": [
                            {
                                "keyword": "Given ",
                                "name": "a Word document with body revisions and a related header",
                                "line": 7,
                                "match": {
                                    "location": "stories_test.go:43"
                                },
                                "result": {
                                    "status": "passed",
                                    "duration": 669410
                                }
                            },
                            {
                                "keyword": "When ",
                                "name": "I inspect its \"original\" story view",
                                "line": 8,
                                "match": {
                                    "location": "stories_test.go:45"
                                },
                                "result": {
                                    "status": "passed",
                                    "duration": 101947
                                }
                            },
                            {
                                "keyword": "Then ",
                                "name": "the body paragraph reads \"base old\"",
                                "line": 9,
                                "match": {
                                    "location": "stories_test.go:58"
                                },
                                "result": {
                                    "status": "passed",
                                    "duration": 29874
                                }
                            },
                            {
                                "keyword": "And ",
                                "name": "the related header paragraph reads \"Header text\"",
                                "line": 10,
                                "match": {
                                    "location": "stories_test.go:59"
                                },
                                "result": {
                                    "status": "passed",
                                    "duration": 28035
                                }
                            },
                            {
                                "keyword": "And ",
                                "name": "story inspection leaves the source archive unchanged",
                                "line": 11,
                                "match": {
                                    "location": "stories_test.go:62"
                                },
                                "result": {
                                    "status": "passed",
                                    "duration": 1657778
                                }
                            }
                        ]
                    },
                    {
                        "id": "read-only-word-story-projections;revision-view-selects-the-appropriate-visible-text;;4",
                        "keyword": "Scenario Outline",
                        "name": "Revision view selects the appropriate visible text",
                        "description": "",
                        "line": 17,
                        "type": "scenario",
                        "tags": [
                            {
                                "name": "@implemented",
                                "line": 1
                            },
                            {
                                "name": "@go",
                                "line": 1
                            },
                            {
                                "name": "@document",
                                "line": 1
                            },
                            {
                                "name": "@STORY-001",
                                "line": 5
                            }
                        ],
                        "steps": [
                            {
                                "keyword": "Given ",
                                "name": "a Word document with body revisions and a related header",
                                "line": 7,
                                "match": {
                                    "location": "stories_test.go:43"
                                },
                                "result": {
                                    "status": "passed",
                                    "duration": 414770
                                }
                            },
                            {
                                "keyword": "When ",
                                "name": "I inspect its \"all\" story view",
                                "line": 8,
                                "match": {
                                    "location": "stories_test.go:45"
                                },
                                "result": {
                                    "status": "passed",
                                    "duration": 89654
                                }
                            },
                            {
                                "keyword": "Then ",
                                "name": "the body paragraph reads \"base oldnew\"",
                                "line": 9,
                                "match": {
                                    "location": "stories_test.go:58"
                                },
                                "result": {
                                    "status": "passed",
                                    "duration": 22673
                                }
                            },
                            {
                                "keyword": "And ",
                                "name": "the related header paragraph reads \"Header text\"",
                                "line": 10,
                                "match": {
                                    "location": "stories_test.go:59"
                                },
                                "result": {
                                    "status": "passed",
                                    "duration": 27663
                                }
                            },
                            {
                                "keyword": "And ",
                                "name": "story inspection leaves the source archive unchanged",
                                "line": 11,
                                "match": {
                                    "location": "stories_test.go:62"
                                },
                                "result": {
                                    "status": "passed",
                                    "duration": 1862831
                                }
                            }
                        ]
                    },
                    {
                        "id": "read-only-word-story-projections;nested-text-box-paragraphs-do-not-duplicate-their-text-in-the-parent",
                        "keyword": "Scenario",
                        "name": "Nested text box paragraphs do not duplicate their text in the parent",
                        "description": "",
                        "line": 20,
                        "type": "scenario",
                        "tags": [
                            {
                                "name": "@implemented",
                                "line": 1
                            },
                            {
                                "name": "@go",
                                "line": 1
                            },
                            {
                                "name": "@document",
                                "line": 1
                            },
                            {
                                "name": "@STORY-002",
                                "line": 19
                            }
                        ],
                        "steps": [
                            {
                                "keyword": "Given ",
                                "name": "a Word document with a nested text box paragraph",
                                "line": 21,
                                "match": {
                                    "location": "stories_test.go:44"
                                },
                                "result": {
                                    "status": "passed",
                                    "duration": 348902
                                }
                            },
                            {
                                "keyword": "When ",
                                "name": "I inspect its \"current\" story view",
                                "line": 22,
                                "match": {
                                    "location": "stories_test.go:45"
                                },
                                "result": {
                                    "status": "passed",
                                    "duration": 85077
                                }
                            },
                            {
                                "keyword": "Then ",
                                "name": "the outer paragraph reads \"Outer\"",
                                "line": 23,
                                "match": {
                                    "location": "stories_test.go:60"
                                },
                                "result": {
                                    "status": "passed",
                                    "duration": 18374
                                }
                            },
                            {
                                "keyword": "And ",
                                "name": "one text-box paragraph reads \"Inner\"",
                                "line": 24,
                                "match": {
                                    "location": "stories_test.go:61"
                                },
                                "result": {
                                    "status": "passed",
                                    "duration": 19037
                                }
                            }
                        ]
                    }
                ]
            },
            {
                "uri": "../features/implemented/package/graph.feature",
                "id": "read-only-relationship-ownership-inspection",
                "keyword": "Feature",
                "name": "Read-only relationship ownership inspection",
                "description": "  Package inspection resolves local ownership without fetching external targets.",
                "line": 2,
                "tags": [
                    {
                        "name": "@implemented",
                        "line": 1
                    },
                    {
                        "name": "@go",
                        "line": 1
                    },
                    {
                        "name": "@package",
                        "line": 1
                    }
                ],
                "elements": [
                    {
                        "id": "read-only-relationship-ownership-inspection;shared-and-external-relationships-retain-distinct-ownership",
                        "keyword": "Scenario",
                        "name": "Shared and external relationships retain distinct ownership",
                        "description": "",
                        "line": 6,
                        "type": "scenario",
                        "tags": [
                            {
                                "name": "@implemented",
                                "line": 1
                            },
                            {
                                "name": "@go",
                                "line": 1
                            },
                            {
                                "name": "@package",
                                "line": 1
                            },
                            {
                                "name": "@GRAPH-001",
                                "line": 5
                            }
                        ],
                        "steps": [
                            {
                                "keyword": "Given ",
                                "name": "a package with two users of one image and an external hyperlink",
                                "line": 7,
                                "match": {
                                    "location": "graph_test.go:89"
                                },
                                "result": {
                                    "status": "passed",
                                    "duration": 434653
                                }
                            },
                            {
                                "keyword": "When ",
                                "name": "I inspect the retained package relationship graph",
                                "line": 8,
                                "match": {
                                    "location": "graph_test.go:91"
                                },
                                "result": {
                                    "status": "passed",
                                    "duration": 84895
                                }
                            },
                            {
                                "keyword": "Then ",
                                "name": "the image has two incoming relationships",
                                "line": 9,
                                "match": {
                                    "location": "graph_test.go:92"
                                },
                                "result": {
                                    "status": "passed",
                                    "duration": 22218
                                }
                            },
                            {
                                "keyword": "And ",
                                "name": "the hyperlink remains an unresolved external edge",
                                "line": 10,
                                "match": {
                                    "location": "graph_test.go:103"
                                },
                                "result": {
                                    "status": "passed",
                                    "duration": 22988
                                }
                            },
                            {
                                "keyword": "And ",
                                "name": "graph inspection leaves the archive byte-identical",
                                "line": 11,
                                "match": {
                                    "location": "graph_test.go:111"
                                },
                                "result": {
                                    "status": "passed",
                                    "duration": 25109
                                }
                            }
                        ]
                    },
                    {
                        "id": "read-only-relationship-ownership-inspection;ambiguous-or-dangling-registries-refuse-inspection;;2",
                        "keyword": "Scenario Outline",
                        "name": "Ambiguous or dangling registries refuse inspection",
                        "description": "",
                        "line": 21,
                        "type": "scenario",
                        "tags": [
                            {
                                "name": "@implemented",
                                "line": 1
                            },
                            {
                                "name": "@go",
                                "line": 1
                            },
                            {
                                "name": "@package",
                                "line": 1
                            },
                            {
                                "name": "@GRAPH-002",
                                "line": 13
                            }
                        ],
                        "steps": [
                            {
                                "keyword": "Given ",
                                "name": "a relationship package with \"missing target\"",
                                "line": 15,
                                "match": {
                                    "location": "graph_test.go:90"
                                },
                                "result": {
                                    "status": "passed",
                                    "duration": 339533
                                }
                            },
                            {
                                "keyword": "When ",
                                "name": "I inspect the retained package relationship graph",
                                "line": 16,
                                "match": {
                                    "location": "graph_test.go:91"
                                },
                                "result": {
                                    "status": "passed",
                                    "duration": 106776
                                }
                            },
                            {
                                "keyword": "Then ",
                                "name": "graph inspection returns a relationship-policy refusal",
                                "line": 17,
                                "match": {
                                    "location": "graph_test.go:121"
                                },
                                "result": {
                                    "status": "passed",
                                    "duration": 47404
                                }
                            }
                        ]
                    },
                    {
                        "id": "read-only-relationship-ownership-inspection;ambiguous-or-dangling-registries-refuse-inspection;;3",
                        "keyword": "Scenario Outline",
                        "name": "Ambiguous or dangling registries refuse inspection",
                        "description": "",
                        "line": 22,
                        "type": "scenario",
                        "tags": [
                            {
                                "name": "@implemented",
                                "line": 1
                            },
                            {
                                "name": "@go",
                                "line": 1
                            },
                            {
                                "name": "@package",
                                "line": 1
                            },
                            {
                                "name": "@GRAPH-002",
                                "line": 13
                            }
                        ],
                        "steps": [
                            {
                                "keyword": "Given ",
                                "name": "a relationship package with \"duplicate relationship ID\"",
                                "line": 15,
                                "match": {
                                    "location": "graph_test.go:90"
                                },
                                "result": {
                                    "status": "passed",
                                    "duration": 336319
                                }
                            },
                            {
                                "keyword": "When ",
                                "name": "I inspect the retained package relationship graph",
                                "line": 16,
                                "match": {
                                    "location": "graph_test.go:91"
                                },
                                "result": {
                                    "status": "passed",
                                    "duration": 79852
                                }
                            },
                            {
                                "keyword": "Then ",
                                "name": "graph inspection returns a relationship-policy refusal",
                                "line": 17,
                                "match": {
                                    "location": "graph_test.go:121"
                                },
                                "result": {
                                    "status": "passed",
                                    "duration": 36295
                                }
                            }
                        ]
                    },
                    {
                        "id": "read-only-relationship-ownership-inspection;ambiguous-or-dangling-registries-refuse-inspection;;4",
                        "keyword": "Scenario Outline",
                        "name": "Ambiguous or dangling registries refuse inspection",
                        "description": "",
                        "line": 23,
                        "type": "scenario",
                        "tags": [
                            {
                                "name": "@implemented",
                                "line": 1
                            },
                            {
                                "name": "@go",
                                "line": 1
                            },
                            {
                                "name": "@package",
                                "line": 1
                            },
                            {
                                "name": "@GRAPH-002",
                                "line": 13
                            }
                        ],
                        "steps": [
                            {
                                "keyword": "Given ",
                                "name": "a relationship package with \"escaping target\"",
                                "line": 15,
                                "match": {
                                    "location": "graph_test.go:90"
                                },
                                "result": {
                                    "status": "passed",
                                    "duration": 375498
                                }
                            },
                            {
                                "keyword": "When ",
                                "name": "I inspect the retained package relationship graph",
                                "line": 16,
                                "match": {
                                    "location": "graph_test.go:91"
                                },
                                "result": {
                                    "status": "passed",
                                    "duration": 120090
                                }
                            },
                            {
                                "keyword": "Then ",
                                "name": "graph inspection returns a relationship-policy refusal",
                                "line": 17,
                                "match": {
                                    "location": "graph_test.go:121"
                                },
                                "result": {
                                    "status": "passed",
                                    "duration": 47669
                                }
                            }
                        ]
                    },
                    {
                        "id": "read-only-relationship-ownership-inspection;ambiguous-or-dangling-registries-refuse-inspection;;5",
                        "keyword": "Scenario Outline",
                        "name": "Ambiguous or dangling registries refuse inspection",
                        "description": "",
                        "line": 24,
                        "type": "scenario",
                        "tags": [
                            {
                                "name": "@implemented",
                                "line": 1
                            },
                            {
                                "name": "@go",
                                "line": 1
                            },
                            {
                                "name": "@package",
                                "line": 1
                            },
                            {
                                "name": "@GRAPH-002",
                                "line": 13
                            }
                        ],
                        "steps": [
                            {
                                "keyword": "Given ",
                                "name": "a relationship package with \"duplicate content-type default\"",
                                "line": 15,
                                "match": {
                                    "location": "graph_test.go:90"
                                },
                                "result": {
                                    "status": "passed",
                                    "duration": 368736
                                }
                            },
                            {
                                "keyword": "When ",
                                "name": "I inspect the retained package relationship graph",
                                "line": 16,
                                "match": {
                                    "location": "graph_test.go:91"
                                },
                                "result": {
                                    "status": "passed",
                                    "duration": 60324
                                }
                            },
                            {
                                "keyword": "Then ",
                                "name": "graph inspection returns a relationship-policy refusal",
                                "line": 17,
                                "match": {
                                    "location": "graph_test.go:121"
                                },
                                "result": {
                                    "status": "passed",
                                    "duration": 30109
                                }
                            }
                        ]
                    },
                    {
                        "id": "read-only-relationship-ownership-inspection;ambiguous-or-dangling-registries-refuse-inspection;;6",
                        "keyword": "Scenario Outline",
                        "name": "Ambiguous or dangling registries refuse inspection",
                        "description": "",
                        "line": 25,
                        "type": "scenario",
                        "tags": [
                            {
                                "name": "@implemented",
                                "line": 1
                            },
                            {
                                "name": "@go",
                                "line": 1
                            },
                            {
                                "name": "@package",
                                "line": 1
                            },
                            {
                                "name": "@GRAPH-002",
                                "line": 13
                            }
                        ],
                        "steps": [
                            {
                                "keyword": "Given ",
                                "name": "a relationship package with \"unknown registry extension\"",
                                "line": 15,
                                "match": {
                                    "location": "graph_test.go:90"
                                },
                                "result": {
                                    "status": "passed",
                                    "duration": 611493
                                }
                            },
                            {
                                "keyword": "When ",
                                "name": "I inspect the retained package relationship graph",
                                "line": 16,
                                "match": {
                                    "location": "graph_test.go:91"
                                },
                                "result": {
                                    "status": "passed",
                                    "duration": 117360
                                }
                            },
                            {
                                "keyword": "Then ",
                                "name": "graph inspection returns a relationship-policy refusal",
                                "line": 17,
                                "match": {
                                    "location": "graph_test.go:121"
                                },
                                "result": {
                                    "status": "passed",
                                    "duration": 124775
                                }
                            }
                        ]
                    }
                ]
            },
            {
                "uri": "../features/implemented/spreadsheet/calc-chain.feature",
                "id": "remove-an-obsolete-calculation-chain-with-dependent-cache-invalidation",
                "keyword": "Feature",
                "name": "Remove an obsolete calculation chain with dependent-cache invalidation",
                "description": "  The optional chain is removed only when a supported numeric edit affects formulas.",
                "line": 2,
                "tags": [
                    {
                        "name": "@implemented",
                        "line": 1
                    },
                    {
                        "name": "@go",
                        "line": 1
                    },
                    {
                        "name": "@spreadsheet",
                        "line": 1
                    }
                ],
                "elements": [
                    {
                        "id": "remove-an-obsolete-calculation-chain-with-dependent-cache-invalidation;dependent-input-edit-atomically-removes-an-owned-calculation-chain",
                        "keyword": "Scenario",
                        "name": "Dependent input edit atomically removes an owned calculation chain",
                        "description": "",
                        "line": 6,
                        "type": "scenario",
                        "tags": [
                            {
                                "name": "@implemented",
                                "line": 1
                            },
                            {
                                "name": "@go",
                                "line": 1
                            },
                            {
                                "name": "@spreadsheet",
                                "line": 1
                            },
                            {
                                "name": "@CHAIN-001",
                                "line": 5
                            }
                        ],
                        "steps": [
                            {
                                "keyword": "Given ",
                                "name": "a formula workbook containing \"owned calculation chain\"",
                                "line": 7,
                                "match": {
                                    "location": "cache_invalidation_test.go:129"
                                },
                                "result": {
                                    "status": "passed",
                                    "duration": 699796
                                }
                            },
                            {
                                "keyword": "When ",
                                "name": "I set the input to ten with explicit invalidation",
                                "line": 8,
                                "match": {
                                    "location": "cache_invalidation_test.go:131"
                                },
                                "result": {
                                    "status": "passed",
                                    "duration": 2568516
                                }
                            },
                            {
                                "keyword": "Then ",
                                "name": "direct and transitive cached results are absent or empty",
                                "line": 9,
                                "match": {
                                    "location": "cache_invalidation_test.go:132"
                                },
                                "result": {
                                    "status": "passed",
                                    "duration": 121902
                                }
                            },
                            {
                                "keyword": "And ",
                                "name": "the workbook requests full recalculation without computing an answer",
                                "line": 10,
                                "match": {
                                    "location": "cache_invalidation_test.go:168"
                                },
                                "result": {
                                    "status": "passed",
                                    "duration": 84827
                                }
                            },
                            {
                                "keyword": "And ",
                                "name": "the calculation chain part and its registrations are removed",
                                "line": 11,
                                "match": {
                                    "location": "cache_invalidation_test.go:215"
                                },
                                "result": {
                                    "status": "passed",
                                    "duration": 205767
                                }
                            },
                            {
                                "keyword": "And ",
                                "name": "unrelated cached results and all formula text remain unchanged",
                                "line": 12,
                                "match": {
                                    "location": "cache_invalidation_test.go:155"
                                },
                                "result": {
                                    "status": "passed",
                                    "duration": 102800
                                }
                            }
                        ]
                    },
                    {
                        "id": "remove-an-obsolete-calculation-chain-with-dependent-cache-invalidation;an-unrelated-numeric-edit-retains-the-chain-and-its-registrations",
                        "keyword": "Scenario",
                        "name": "An unrelated numeric edit retains the chain and its registrations",
                        "description": "",
                        "line": 15,
                        "type": "scenario",
                        "tags": [
                            {
                                "name": "@implemented",
                                "line": 1
                            },
                            {
                                "name": "@go",
                                "line": 1
                            },
                            {
                                "name": "@spreadsheet",
                                "line": 1
                            },
                            {
                                "name": "@CHAIN-002",
                                "line": 14
                            }
                        ],
                        "steps": [
                            {
                                "keyword": "Given ",
                                "name": "a formula workbook containing \"owned calculation chain\"",
                                "line": 16,
                                "match": {
                                    "location": "cache_invalidation_test.go:129"
                                },
                                "result": {
                                    "status": "passed",
                                    "duration": 474035
                                }
                            },
                            {
                                "keyword": "When ",
                                "name": "I change an unrelated numeric cell with explicit invalidation",
                                "line": 17,
                                "match": {
                                    "location": "cache_invalidation_test.go:190"
                                },
                                "result": {
                                    "status": "passed",
                                    "duration": 1870837
                                }
                            },
                            {
                                "keyword": "Then ",
                                "name": "cache payloads and workbook calculation metadata remain byte-identical",
                                "line": 18,
                                "match": {
                                    "location": "cache_invalidation_test.go:191"
                                },
                                "result": {
                                    "status": "passed",
                                    "duration": 139068
                                }
                            },
                            {
                                "keyword": "And ",
                                "name": "the calculation chain and registry payloads remain byte-identical",
                                "line": 19,
                                "match": {
                                    "location": "cache_invalidation_test.go:241"
                                },
                                "result": {
                                    "status": "passed",
                                    "duration": 97771
                                }
                            }
                        ]
                    },
                    {
                        "id": "remove-an-obsolete-calculation-chain-with-dependent-cache-invalidation;a-same-value-edit-retains-the-chain-and-keeps-its-target-reusable",
                        "keyword": "Scenario",
                        "name": "A same-value edit retains the chain and keeps its target reusable",
                        "description": "",
                        "line": 22,
                        "type": "scenario",
                        "tags": [
                            {
                                "name": "@implemented",
                                "line": 1
                            },
                            {
                                "name": "@go",
                                "line": 1
                            },
                            {
                                "name": "@spreadsheet",
                                "line": 1
                            },
                            {
                                "name": "@CHAIN-003",
                                "line": 21
                            }
                        ],
                        "steps": [
                            {
                                "keyword": "Given ",
                                "name": "a formula workbook containing \"owned calculation chain\"",
                                "line": 23,
                                "match": {
                                    "location": "cache_invalidation_test.go:129"
                                },
                                "result": {
                                    "status": "passed",
                                    "duration": 1203280
                                }
                            },
                            {
                                "keyword": "When ",
                                "name": "I apply a same-value edit then reuse its numeric target",
                                "line": 24,
                                "match": {
                                    "location": "cache_invalidation_test.go:254"
                                },
                                "result": {
                                    "status": "passed",
                                    "duration": 3826354
                                }
                            },
                            {
                                "keyword": "Then ",
                                "name": "the calculation chain part and its registrations are removed",
                                "line": 25,
                                "match": {
                                    "location": "cache_invalidation_test.go:215"
                                },
                                "result": {
                                    "status": "passed",
                                    "duration": 232470
                                }
                            }
                        ]
                    },
                    {
                        "id": "remove-an-obsolete-calculation-chain-with-dependent-cache-invalidation;unknown-or-shared-chain-ownership-refuses-without-editing;;2",
                        "keyword": "Scenario Outline",
                        "name": "Unknown or shared chain ownership refuses without editing",
                        "description": "",
                        "line": 35,
                        "type": "scenario",
                        "tags": [
                            {
                                "name": "@implemented",
                                "line": 1
                            },
                            {
                                "name": "@go",
                                "line": 1
                            },
                            {
                                "name": "@spreadsheet",
                                "line": 1
                            },
                            {
                                "name": "@CHAIN-004",
                                "line": 27
                            }
                        ],
                        "steps": [
                            {
                                "keyword": "Given ",
                                "name": "a formula workbook containing \"shared calculation chain\"",
                                "line": 29,
                                "match": {
                                    "location": "cache_invalidation_test.go:129"
                                },
                                "result": {
                                    "status": "passed",
                                    "duration": 540253
                                }
                            },
                            {
                                "keyword": "When ",
                                "name": "I attempt an explicit invalidating input edit",
                                "line": 30,
                                "match": {
                                    "location": "cache_invalidation_test.go:207"
                                },
                                "result": {
                                    "status": "passed",
                                    "duration": 194066
                                }
                            },
                            {
                                "keyword": "Then ",
                                "name": "invalidation returns a typed refusal without any package mutation",
                                "line": 31,
                                "match": {
                                    "location": "cache_invalidation_test.go:275"
                                },
                                "result": {
                                    "status": "passed",
                                    "duration": 1441883
                                }
                            }
                        ]
                    },
                    {
                        "id": "remove-an-obsolete-calculation-chain-with-dependent-cache-invalidation;unknown-or-shared-chain-ownership-refuses-without-editing;;3",
                        "keyword": "Scenario Outline",
                        "name": "Unknown or shared chain ownership refuses without editing",
                        "description": "",
                        "line": 36,
                        "type": "scenario",
                        "tags": [
                            {
                                "name": "@implemented",
                                "line": 1
                            },
                            {
                                "name": "@go",
                                "line": 1
                            },
                            {
                                "name": "@spreadsheet",
                                "line": 1
                            },
                            {
                                "name": "@CHAIN-004",
                                "line": 27
                            }
                        ],
                        "steps": [
                            {
                                "keyword": "Given ",
                                "name": "a formula workbook containing \"extended calculation chain\"",
                                "line": 29,
                                "match": {
                                    "location": "cache_invalidation_test.go:129"
                                },
                                "result": {
                                    "status": "passed",
                                    "duration": 1164137
                                }
                            },
                            {
                                "keyword": "When ",
                                "name": "I attempt an explicit invalidating input edit",
                                "line": 30,
                                "match": {
                                    "location": "cache_invalidation_test.go:207"
                                },
                                "result": {
                                    "status": "passed",
                                    "duration": 199378
                                }
                            },
                            {
                                "keyword": "Then ",
                                "name": "invalidation returns a typed refusal without any package mutation",
                                "line": 31,
                                "match": {
                                    "location": "cache_invalidation_test.go:275"
                                },
                                "result": {
                                    "status": "passed",
                                    "duration": 1824884
                                }
                            }
                        ]
                    },
                    {
                        "id": "remove-an-obsolete-calculation-chain-with-dependent-cache-invalidation;unknown-or-shared-chain-ownership-refuses-without-editing;;4",
                        "keyword": "Scenario Outline",
                        "name": "Unknown or shared chain ownership refuses without editing",
                        "description": "",
                        "line": 37,
                        "type": "scenario",
                        "tags": [
                            {
                                "name": "@implemented",
                                "line": 1
                            },
                            {
                                "name": "@go",
                                "line": 1
                            },
                            {
                                "name": "@spreadsheet",
                                "line": 1
                            },
                            {
                                "name": "@CHAIN-004",
                                "line": 27
                            }
                        ],
                        "steps": [
                            {
                                "keyword": "Given ",
                                "name": "a formula workbook containing \"external calculation chain\"",
                                "line": 29,
                                "match": {
                                    "location": "cache_invalidation_test.go:129"
                                },
                                "result": {
                                    "status": "passed",
                                    "duration": 484995
                                }
                            },
                            {
                                "keyword": "When ",
                                "name": "I attempt an explicit invalidating input edit",
                                "line": 30,
                                "match": {
                                    "location": "cache_invalidation_test.go:207"
                                },
                                "result": {
                                    "status": "passed",
                                    "duration": 180539
                                }
                            },
                            {
                                "keyword": "Then ",
                                "name": "invalidation returns a typed refusal without any package mutation",
                                "line": 31,
                                "match": {
                                    "location": "cache_invalidation_test.go:275"
                                },
                                "result": {
                                    "status": "passed",
                                    "duration": 1800928
                                }
                            }
                        ]
                    },
                    {
                        "id": "remove-an-obsolete-calculation-chain-with-dependent-cache-invalidation;unknown-or-shared-chain-ownership-refuses-without-editing;;5",
                        "keyword": "Scenario Outline",
                        "name": "Unknown or shared chain ownership refuses without editing",
                        "description": "",
                        "line": 38,
                        "type": "scenario",
                        "tags": [
                            {
                                "name": "@implemented",
                                "line": 1
                            },
                            {
                                "name": "@go",
                                "line": 1
                            },
                            {
                                "name": "@spreadsheet",
                                "line": 1
                            },
                            {
                                "name": "@CHAIN-004",
                                "line": 27
                            }
                        ],
                        "steps": [
                            {
                                "keyword": "Given ",
                                "name": "a formula workbook containing \"chain with outgoing relationships\"",
                                "line": 29,
                                "match": {
                                    "location": "cache_invalidation_test.go:129"
                                },
                                "result": {
                                    "status": "passed",
                                    "duration": 1670556
                                }
                            },
                            {
                                "keyword": "When ",
                                "name": "I attempt an explicit invalidating input edit",
                                "line": 30,
                                "match": {
                                    "location": "cache_invalidation_test.go:207"
                                },
                                "result": {
                                    "status": "passed",
                                    "duration": 285254
                                }
                            },
                            {
                                "keyword": "Then ",
                                "name": "invalidation returns a typed refusal without any package mutation",
                                "line": 31,
                                "match": {
                                    "location": "cache_invalidation_test.go:275"
                                },
                                "result": {
                                    "status": "passed",
                                    "duration": 2053426
                                }
                            }
                        ]
                    }
                ]
            },
            {
                "uri": "../features/implemented/spreadsheet/image-replace.feature",
                "id": "replace-one-loaded-worksheet-picture-without-rewriting-drawing-xml",
                "keyword": "Feature",
                "name": "Replace one loaded worksheet picture without rewriting drawing XML",
                "description": "  Image bytes are added to a fresh part; old shared media and other consumers remain.",
                "line": 2,
                "tags": [
                    {
                        "name": "@implemented",
                        "line": 1
                    },
                    {
                        "name": "@go",
                        "line": 1
                    },
                    {
                        "name": "@spreadsheet",
                        "line": 1
                    }
                ],
                "elements": [
                    {
                        "id": "replace-one-loaded-worksheet-picture-without-rewriting-drawing-xml;retarget-a-selected-picture-while-another-picture-shares-its-old-media",
                        "keyword": "Scenario",
                        "name": "Retarget a selected picture while another picture shares its old media",
                        "description": "",
                        "line": 6,
                        "type": "scenario",
                        "tags": [
                            {
                                "name": "@implemented",
                                "line": 1
                            },
                            {
                                "name": "@go",
                                "line": 1
                            },
                            {
                                "name": "@spreadsheet",
                                "line": 1
                            },
                            {
                                "name": "@IMAGE-001",
                                "line": 5
                            }
                        ],
                        "steps": [
                            {
                                "keyword": "Given ",
                                "name": "a worksheet with two pictures sharing old image bytes",
                                "line": 7,
                                "match": {
                                    "location": "image_replace_test.go:107"
                                },
                                "result": {
                                    "status": "passed",
                                    "duration": 1215736
                                }
                            },
                            {
                                "keyword": "When ",
                                "name": "I replace picture one with a valid PNG",
                                "line": 8,
                                "match": {
                                    "location": "image_replace_test.go:109"
                                },
                                "result": {
                                    "status": "passed",
                                    "duration": 3768842
                                }
                            },
                            {
                                "keyword": "Then ",
                                "name": "drawing geometry and the other picture remain byte-identical",
                                "line": 9,
                                "match": {
                                    "location": "image_replace_test.go:120"
                                },
                                "result": {
                                    "status": "passed",
                                    "duration": 182286
                                }
                            },
                            {
                                "keyword": "And ",
                                "name": "the selected image uses fresh media while original media is retained",
                                "line": 10,
                                "match": {
                                    "location": "image_replace_test.go:136"
                                },
                                "result": {
                                    "status": "passed",
                                    "duration": 234766
                                }
                            },
                            {
                                "keyword": "And ",
                                "name": "the consumed image target refuses reuse",
                                "line": 11,
                                "match": {
                                    "location": "image_replace_test.go:169"
                                },
                                "result": {
                                    "status": "passed",
                                    "duration": 29921
                                }
                            }
                        ]
                    },
                    {
                        "id": "replace-one-loaded-worksheet-picture-without-rewriting-drawing-xml;ambiguous-or-protected-image-replacement-refuses-unchanged;;2",
                        "keyword": "Scenario Outline",
                        "name": "Ambiguous or protected image replacement refuses unchanged",
                        "description": "",
                        "line": 21,
                        "type": "scenario",
                        "tags": [
                            {
                                "name": "@implemented",
                                "line": 1
                            },
                            {
                                "name": "@go",
                                "line": 1
                            },
                            {
                                "name": "@spreadsheet",
                                "line": 1
                            },
                            {
                                "name": "@IMAGE-002",
                                "line": 13
                            }
                        ],
                        "steps": [
                            {
                                "keyword": "Given ",
                                "name": "an image workbook with \"shared relationship ID\"",
                                "line": 15,
                                "match": {
                                    "location": "image_replace_test.go:108"
                                },
                                "result": {
                                    "status": "passed",
                                    "duration": 6189519
                                }
                            },
                            {
                                "keyword": "When ",
                                "name": "I attempt to replace its selected picture",
                                "line": 16,
                                "match": {
                                    "location": "image_replace_test.go:177"
                                },
                                "result": {
                                    "status": "passed",
                                    "duration": 199811
                                }
                            },
                            {
                                "keyword": "Then ",
                                "name": "image replacement refuses without package mutation",
                                "line": 17,
                                "match": {
                                    "location": "image_replace_test.go:184"
                                },
                                "result": {
                                    "status": "passed",
                                    "duration": 3519777
                                }
                            }
                        ]
                    },
                    {
                        "id": "replace-one-loaded-worksheet-picture-without-rewriting-drawing-xml;ambiguous-or-protected-image-replacement-refuses-unchanged;;3",
                        "keyword": "Scenario Outline",
                        "name": "Ambiguous or protected image replacement refuses unchanged",
                        "description": "",
                        "line": 22,
                        "type": "scenario",
                        "tags": [
                            {
                                "name": "@implemented",
                                "line": 1
                            },
                            {
                                "name": "@go",
                                "line": 1
                            },
                            {
                                "name": "@spreadsheet",
                                "line": 1
                            },
                            {
                                "name": "@IMAGE-002",
                                "line": 13
                            }
                        ],
                        "steps": [
                            {
                                "keyword": "Given ",
                                "name": "an image workbook with \"shared drawing part\"",
                                "line": 15,
                                "match": {
                                    "location": "image_replace_test.go:108"
                                },
                                "result": {
                                    "status": "passed",
                                    "duration": 1476068
                                }
                            },
                            {
                                "keyword": "When ",
                                "name": "I attempt to replace its selected picture",
                                "line": 16,
                                "match": {
                                    "location": "image_replace_test.go:177"
                                },
                                "result": {
                                    "status": "passed",
                                    "duration": 147162
                                }
                            },
                            {
                                "keyword": "Then ",
                                "name": "image replacement refuses without package mutation",
                                "line": 17,
                                "match": {
                                    "location": "image_replace_test.go:184"
                                },
                                "result": {
                                    "status": "passed",
                                    "duration": 5006575
                                }
                            }
                        ]
                    },
                    {
                        "id": "replace-one-loaded-worksheet-picture-without-rewriting-drawing-xml;ambiguous-or-protected-image-replacement-refuses-unchanged;;4",
                        "keyword": "Scenario Outline",
                        "name": "Ambiguous or protected image replacement refuses unchanged",
                        "description": "",
                        "line": 23,
                        "type": "scenario",
                        "tags": [
                            {
                                "name": "@implemented",
                                "line": 1
                            },
                            {
                                "name": "@go",
                                "line": 1
                            },
                            {
                                "name": "@spreadsheet",
                                "line": 1
                            },
                            {
                                "name": "@IMAGE-002",
                                "line": 13
                            }
                        ],
                        "steps": [
                            {
                                "keyword": "Given ",
                                "name": "an image workbook with \"shared worksheet part\"",
                                "line": 15,
                                "match": {
                                    "location": "image_replace_test.go:108"
                                },
                                "result": {
                                    "status": "passed",
                                    "duration": 2133685
                                }
                            },
                            {
                                "keyword": "When ",
                                "name": "I attempt to replace its selected picture",
                                "line": 16,
                                "match": {
                                    "location": "image_replace_test.go:177"
                                },
                                "result": {
                                    "status": "passed",
                                    "duration": 179109
                                }
                            },
                            {
                                "keyword": "Then ",
                                "name": "image replacement refuses without package mutation",
                                "line": 17,
                                "match": {
                                    "location": "image_replace_test.go:184"
                                },
                                "result": {
                                    "status": "passed",
                                    "duration": 1684145
                                }
                            }
                        ]
                    },
                    {
                        "id": "replace-one-loaded-worksheet-picture-without-rewriting-drawing-xml;ambiguous-or-protected-image-replacement-refuses-unchanged;;5",
                        "keyword": "Scenario Outline",
                        "name": "Ambiguous or protected image replacement refuses unchanged",
                        "description": "",
                        "line": 24,
                        "type": "scenario",
                        "tags": [
                            {
                                "name": "@implemented",
                                "line": 1
                            },
                            {
                                "name": "@go",
                                "line": 1
                            },
                            {
                                "name": "@spreadsheet",
                                "line": 1
                            },
                            {
                                "name": "@IMAGE-002",
                                "line": 13
                            }
                        ],
                        "steps": [
                            {
                                "keyword": "Given ",
                                "name": "an image workbook with \"protected worksheet\"",
                                "line": 15,
                                "match": {
                                    "location": "image_replace_test.go:108"
                                },
                                "result": {
                                    "status": "passed",
                                    "duration": 737859
                                }
                            },
                            {
                                "keyword": "When ",
                                "name": "I attempt to replace its selected picture",
                                "line": 16,
                                "match": {
                                    "location": "image_replace_test.go:177"
                                },
                                "result": {
                                    "status": "passed",
                                    "duration": 118350
                                }
                            },
                            {
                                "keyword": "Then ",
                                "name": "image replacement refuses without package mutation",
                                "line": 17,
                                "match": {
                                    "location": "image_replace_test.go:184"
                                },
                                "result": {
                                    "status": "passed",
                                    "duration": 2035241
                                }
                            }
                        ]
                    },
                    {
                        "id": "replace-one-loaded-worksheet-picture-without-rewriting-drawing-xml;ambiguous-or-protected-image-replacement-refuses-unchanged;;6",
                        "keyword": "Scenario Outline",
                        "name": "Ambiguous or protected image replacement refuses unchanged",
                        "description": "",
                        "line": 25,
                        "type": "scenario",
                        "tags": [
                            {
                                "name": "@implemented",
                                "line": 1
                            },
                            {
                                "name": "@go",
                                "line": 1
                            },
                            {
                                "name": "@spreadsheet",
                                "line": 1
                            },
                            {
                                "name": "@IMAGE-002",
                                "line": 13
                            }
                        ],
                        "steps": [
                            {
                                "keyword": "Given ",
                                "name": "an image workbook with \"malformed image data\"",
                                "line": 15,
                                "match": {
                                    "location": "image_replace_test.go:108"
                                },
                                "result": {
                                    "status": "passed",
                                    "duration": 1213315
                                }
                            },
                            {
                                "keyword": "When ",
                                "name": "I attempt to replace its selected picture",
                                "line": 16,
                                "match": {
                                    "location": "image_replace_test.go:177"
                                },
                                "result": {
                                    "status": "passed",
                                    "duration": 1028756
                                }
                            },
                            {
                                "keyword": "Then ",
                                "name": "image replacement refuses without package mutation",
                                "line": 17,
                                "match": {
                                    "location": "image_replace_test.go:184"
                                },
                                "result": {
                                    "status": "passed",
                                    "duration": 1950774
                                }
                            }
                        ]
                    },
                    {
                        "id": "replace-one-loaded-worksheet-picture-without-rewriting-drawing-xml;ambiguous-or-protected-image-replacement-refuses-unchanged;;7",
                        "keyword": "Scenario Outline",
                        "name": "Ambiguous or protected image replacement refuses unchanged",
                        "description": "",
                        "line": 26,
                        "type": "scenario",
                        "tags": [
                            {
                                "name": "@implemented",
                                "line": 1
                            },
                            {
                                "name": "@go",
                                "line": 1
                            },
                            {
                                "name": "@spreadsheet",
                                "line": 1
                            },
                            {
                                "name": "@IMAGE-002",
                                "line": 13
                            }
                        ],
                        "steps": [
                            {
                                "keyword": "Given ",
                                "name": "an image workbook with \"external picture\"",
                                "line": 15,
                                "match": {
                                    "location": "image_replace_test.go:108"
                                },
                                "result": {
                                    "status": "passed",
                                    "duration": 641959
                                }
                            },
                            {
                                "keyword": "When ",
                                "name": "I attempt to replace its selected picture",
                                "line": 16,
                                "match": {
                                    "location": "image_replace_test.go:177"
                                },
                                "result": {
                                    "status": "passed",
                                    "duration": 175267
                                }
                            },
                            {
                                "keyword": "Then ",
                                "name": "image replacement refuses without package mutation",
                                "line": 17,
                                "match": {
                                    "location": "image_replace_test.go:184"
                                },
                                "result": {
                                    "status": "passed",
                                    "duration": 1766291
                                }
                            }
                        ]
                    }
                ]
            },
            {
                "uri": "../features/implemented/package/receipts.feature",
                "id": "retained-source-delivery-receipts",
                "keyword": "Feature",
                "name": "Retained-source delivery receipts",
                "description": "  Receipts describe observed payload changes and failed delivery preserves prior output.",
                "line": 2,
                "tags": [
                    {
                        "name": "@implemented",
                        "line": 1
                    },
                    {
                        "name": "@go",
                        "line": 1
                    },
                    {
                        "name": "@package",
                        "line": 1
                    }
                ],
                "elements": [
                    {
                        "id": "retained-source-delivery-receipts;a-saved-receipt-agrees-with-independent-package-hashes",
                        "keyword": "Scenario",
                        "name": "A saved receipt agrees with independent package hashes",
                        "description": "",
                        "line": 6,
                        "type": "scenario",
                        "tags": [
                            {
                                "name": "@implemented",
                                "line": 1
                            },
                            {
                                "name": "@go",
                                "line": 1
                            },
                            {
                                "name": "@package",
                                "line": 1
                            },
                            {
                                "name": "@RECEIPT-001",
                                "line": 5
                            }
                        ],
                        "steps": [
                            {
                                "keyword": "Given ",
                                "name": "a staged main-part edit with an opaque custom part",
                                "line": 7,
                                "match": {
                                    "location": "receipts_test.go:56"
                                },
                                "result": {
                                    "status": "passed",
                                    "duration": 178941
                                }
                            },
                            {
                                "keyword": "When ",
                                "name": "I save a main-part replacement with a delivery receipt",
                                "line": 8,
                                "match": {
                                    "location": "receipts_test.go:57"
                                },
                                "result": {
                                    "status": "passed",
                                    "duration": 13218885
                                }
                            },
                            {
                                "keyword": "Then ",
                                "name": "the receipt identifies exactly the changed member and both hashes",
                                "line": 9,
                                "match": {
                                    "location": "receipts_test.go:67"
                                },
                                "result": {
                                    "status": "passed",
                                    "duration": 94391
                                }
                            },
                            {
                                "keyword": "And ",
                                "name": "the delivered archive reopens with unchanged opaque bytes",
                                "line": 10,
                                "match": {
                                    "location": "receipts_test.go:90"
                                },
                                "result": {
                                    "status": "passed",
                                    "duration": 108238
                                }
                            }
                        ]
                    },
                    {
                        "id": "retained-source-delivery-receipts;a-directory-destination-refuses-without-consuming-staged-changes",
                        "keyword": "Scenario",
                        "name": "A directory destination refuses without consuming staged changes",
                        "description": "",
                        "line": 13,
                        "type": "scenario",
                        "tags": [
                            {
                                "name": "@implemented",
                                "line": 1
                            },
                            {
                                "name": "@go",
                                "line": 1
                            },
                            {
                                "name": "@package",
                                "line": 1
                            },
                            {
                                "name": "@RECEIPT-002",
                                "line": 12
                            }
                        ],
                        "steps": [
                            {
                                "keyword": "Given ",
                                "name": "a staged main-part edit with an opaque custom part",
                                "line": 14,
                                "match": {
                                    "location": "receipts_test.go:56"
                                },
                                "result": {
                                    "status": "passed",
                                    "duration": 205157
                                }
                            },
                            {
                                "keyword": "When ",
                                "name": "I deliver staged changes to a directory destination",
                                "line": 15,
                                "match": {
                                    "location": "receipts_test.go:109"
                                },
                                "result": {
                                    "status": "passed",
                                    "duration": 77319
                                }
                            },
                            {
                                "keyword": "Then ",
                                "name": "delivery fails without changing the directory",
                                "line": 16,
                                "match": {
                                    "location": "receipts_test.go:118"
                                },
                                "result": {
                                    "status": "passed",
                                    "duration": 38114
                                }
                            },
                            {
                                "keyword": "And ",
                                "name": "the staged change remains available for another save",
                                "line": 17,
                                "match": {
                                    "location": "receipts_test.go:131"
                                },
                                "result": {
                                    "status": "passed",
                                    "duration": 3231248
                                }
                            }
                        ]
                    }
                ]
            },
            {
                "uri": "../features/implemented/package/preservation.feature",
                "id": "retained-source-package-editing",
                "keyword": "Feature",
                "name": "Retained-source package editing",
                "description": "  A bounded part replacement preserves every other source payload.",
                "line": 2,
                "tags": [
                    {
                        "name": "@implemented",
                        "line": 1
                    },
                    {
                        "name": "@go",
                        "line": 1
                    },
                    {
                        "name": "@package",
                        "line": 1
                    }
                ],
                "elements": [
                    {
                        "id": "retained-source-package-editing;a-no-op-save-preserves-the-exact-source-archive",
                        "keyword": "Scenario",
                        "name": "A no-op save preserves the exact source archive",
                        "description": "",
                        "line": 6,
                        "type": "scenario",
                        "tags": [
                            {
                                "name": "@implemented",
                                "line": 1
                            },
                            {
                                "name": "@go",
                                "line": 1
                            },
                            {
                                "name": "@package",
                                "line": 1
                            },
                            {
                                "name": "@SOURCE-001",
                                "line": 5
                            }
                        ],
                        "steps": [
                            {
                                "keyword": "Given ",
                                "name": "an Office source archive with an opaque custom part",
                                "line": 7,
                                "match": {
                                    "location": "preserved_test.go:54"
                                },
                                "result": {
                                    "status": "passed",
                                    "duration": 179106
                                }
                            },
                            {
                                "keyword": "When ",
                                "name": "I open a retained-source editing session and save without edits",
                                "line": 8,
                                "match": {
                                    "location": "preserved_test.go:55"
                                },
                                "result": {
                                    "status": "passed",
                                    "duration": 39958
                                }
                            },
                            {
                                "keyword": "Then ",
                                "name": "the output archive is byte-identical to the source",
                                "line": 9,
                                "match": {
                                    "location": "preserved_test.go:56"
                                },
                                "result": {
                                    "status": "passed",
                                    "duration": 24376
                                }
                            }
                        ]
                    },
                    {
                        "id": "retained-source-package-editing;replacing-one-part-leaves-all-other-member-payloads-unchanged",
                        "keyword": "Scenario",
                        "name": "Replacing one part leaves all other member payloads unchanged",
                        "description": "",
                        "line": 12,
                        "type": "scenario",
                        "tags": [
                            {
                                "name": "@implemented",
                                "line": 1
                            },
                            {
                                "name": "@go",
                                "line": 1
                            },
                            {
                                "name": "@package",
                                "line": 1
                            },
                            {
                                "name": "@SOURCE-002",
                                "line": 11
                            }
                        ],
                        "steps": [
                            {
                                "keyword": "Given ",
                                "name": "an Office source archive with an opaque custom part",
                                "line": 13,
                                "match": {
                                    "location": "preserved_test.go:54"
                                },
                                "result": {
                                    "status": "passed",
                                    "duration": 180763
                                }
                            },
                            {
                                "keyword": "When ",
                                "name": "I replace the main XML part using its current fingerprint",
                                "line": 14,
                                "match": {
                                    "location": "preserved_test.go:62"
                                },
                                "result": {
                                    "status": "passed",
                                    "duration": 86097
                                }
                            },
                            {
                                "keyword": "Then ",
                                "name": "only that member payload changes after saving",
                                "line": 15,
                                "match": {
                                    "location": "preserved_test.go:73"
                                },
                                "result": {
                                    "status": "passed",
                                    "duration": 51677
                                }
                            },
                            {
                                "keyword": "And ",
                                "name": "the retained source bytes remain unchanged",
                                "line": 16,
                                "match": {
                                    "location": "preserved_test.go:100"
                                },
                                "result": {
                                    "status": "passed",
                                    "duration": 21469
                                }
                            }
                        ]
                    },
                    {
                        "id": "retained-source-package-editing;a-stale-replacement-batch-leaves-all-parts-unchanged",
                        "keyword": "Scenario",
                        "name": "A stale replacement batch leaves all parts unchanged",
                        "description": "",
                        "line": 19,
                        "type": "scenario",
                        "tags": [
                            {
                                "name": "@implemented",
                                "line": 1
                            },
                            {
                                "name": "@go",
                                "line": 1
                            },
                            {
                                "name": "@package",
                                "line": 1
                            },
                            {
                                "name": "@SOURCE-003",
                                "line": 18
                            }
                        ],
                        "steps": [
                            {
                                "keyword": "Given ",
                                "name": "an Office source archive with an opaque custom part",
                                "line": 20,
                                "match": {
                                    "location": "preserved_test.go:54"
                                },
                                "result": {
                                    "status": "passed",
                                    "duration": 228192
                                }
                            },
                            {
                                "keyword": "When ",
                                "name": "I request two replacements with one stale fingerprint",
                                "line": 21,
                                "match": {
                                    "location": "preserved_test.go:106"
                                },
                                "result": {
                                    "status": "passed",
                                    "duration": 39488
                                }
                            },
                            {
                                "keyword": "Then ",
                                "name": "the batch returns a stale-target refusal",
                                "line": 22,
                                "match": {
                                    "location": "preserved_test.go:114"
                                },
                                "result": {
                                    "status": "passed",
                                    "duration": 23044
                                }
                            },
                            {
                                "keyword": "And ",
                                "name": "the session still saves the exact original archive",
                                "line": 23,
                                "match": {
                                    "location": "preserved_test.go:121"
                                },
                                "result": {
                                    "status": "passed",
                                    "duration": 24547
                                }
                            }
                        ]
                    }
                ]
            },
            {
                "uri": "../features/implemented/package/graph-target-form.feature",
                "id": "retargeting-preserves-the-package-relative-or-absolute-target-form",
                "keyword": "Feature",
                "name": "Retargeting preserves the package-relative or absolute target form",
                "description": "  A new target must resolve from its actual source while retaining the input path form.",
                "line": 2,
                "tags": [
                    {
                        "name": "@implemented",
                        "line": 1
                    },
                    {
                        "name": "@go",
                        "line": 1
                    },
                    {
                        "name": "@package",
                        "line": 1
                    }
                ],
                "elements": [
                    {
                        "id": "retargeting-preserves-the-package-relative-or-absolute-target-form;retarget-paths-retain-their-original-form;;2",
                        "keyword": "Scenario Outline",
                        "name": "Retarget paths retain their original form",
                        "description": "",
                        "line": 14,
                        "type": "scenario",
                        "tags": [
                            {
                                "name": "@implemented",
                                "line": 1
                            },
                            {
                                "name": "@go",
                                "line": 1
                            },
                            {
                                "name": "@package",
                                "line": 1
                            },
                            {
                                "name": "@TARGETFORM-001",
                                "line": 5
                            }
                        ],
                        "steps": [
                            {
                                "keyword": "Given ",
                                "name": "a graph edge using \"relative\" target form",
                                "line": 7,
                                "match": {
                                    "location": "graph_target_form_test.go:23"
                                },
                                "result": {
                                    "status": "passed",
                                    "duration": 318349
                                }
                            },
                            {
                                "keyword": "When ",
                                "name": "I retarget it to media containing escaped characters",
                                "line": 8,
                                "match": {
                                    "location": "graph_target_form_test.go:44"
                                },
                                "result": {
                                    "status": "passed",
                                    "duration": 338440
                                }
                            },
                            {
                                "keyword": "Then ",
                                "name": "its new target has \"relative\" form and resolves to the exact added member",
                                "line": 9,
                                "match": {
                                    "location": "graph_target_form_test.go:59"
                                },
                                "result": {
                                    "status": "passed",
                                    "duration": 168954
                                }
                            },
                            {
                                "keyword": "And ",
                                "name": "the old media and all unrelated payloads remain unchanged",
                                "line": 10,
                                "match": {
                                    "location": "graph_target_form_test.go:79"
                                },
                                "result": {
                                    "status": "passed",
                                    "duration": 72623
                                }
                            }
                        ]
                    },
                    {
                        "id": "retargeting-preserves-the-package-relative-or-absolute-target-form;retarget-paths-retain-their-original-form;;3",
                        "keyword": "Scenario Outline",
                        "name": "Retarget paths retain their original form",
                        "description": "",
                        "line": 15,
                        "type": "scenario",
                        "tags": [
                            {
                                "name": "@implemented",
                                "line": 1
                            },
                            {
                                "name": "@go",
                                "line": 1
                            },
                            {
                                "name": "@package",
                                "line": 1
                            },
                            {
                                "name": "@TARGETFORM-001",
                                "line": 5
                            }
                        ],
                        "steps": [
                            {
                                "keyword": "Given ",
                                "name": "a graph edge using \"absolute\" target form",
                                "line": 7,
                                "match": {
                                    "location": "graph_target_form_test.go:23"
                                },
                                "result": {
                                    "status": "passed",
                                    "duration": 386619
                                }
                            },
                            {
                                "keyword": "When ",
                                "name": "I retarget it to media containing escaped characters",
                                "line": 8,
                                "match": {
                                    "location": "graph_target_form_test.go:44"
                                },
                                "result": {
                                    "status": "passed",
                                    "duration": 335393
                                }
                            },
                            {
                                "keyword": "Then ",
                                "name": "its new target has \"absolute\" form and resolves to the exact added member",
                                "line": 9,
                                "match": {
                                    "location": "graph_target_form_test.go:59"
                                },
                                "result": {
                                    "status": "passed",
                                    "duration": 151258
                                }
                            },
                            {
                                "keyword": "And ",
                                "name": "the old media and all unrelated payloads remain unchanged",
                                "line": 10,
                                "match": {
                                    "location": "graph_target_form_test.go:79"
                                },
                                "result": {
                                    "status": "passed",
                                    "duration": 71430
                                }
                            }
                        ]
                    }
                ]
            },
            {
                "uri": "../features/implemented/spreadsheet/cache-invalidation.feature",
                "id": "static-dependency-cache-invalidation-without-calculation",
                "keyword": "Feature",
                "name": "Static dependency cache invalidation without calculation",
                "description": "  A supported input edit removes affected cached results and preserves unrelated caches.",
                "line": 2,
                "tags": [
                    {
                        "name": "@implemented",
                        "line": 1
                    },
                    {
                        "name": "@go",
                        "line": 1
                    },
                    {
                        "name": "@spreadsheet",
                        "line": 1
                    }
                ],
                "elements": [
                    {
                        "id": "static-dependency-cache-invalidation-without-calculation;a-cross-sheet-chain-invalidates-transitively",
                        "keyword": "Scenario",
                        "name": "A cross-sheet chain invalidates transitively",
                        "description": "",
                        "line": 6,
                        "type": "scenario",
                        "tags": [
                            {
                                "name": "@implemented",
                                "line": 1
                            },
                            {
                                "name": "@go",
                                "line": 1
                            },
                            {
                                "name": "@spreadsheet",
                                "line": 1
                            },
                            {
                                "name": "@CACHE-001",
                                "line": 5
                            }
                        ],
                        "steps": [
                            {
                                "keyword": "Given ",
                                "name": "a workbook with input one and a static cross-sheet formula chain",
                                "line": 7,
                                "match": {
                                    "location": "cache_invalidation_test.go:128"
                                },
                                "result": {
                                    "status": "passed",
                                    "duration": 514305
                                }
                            },
                            {
                                "keyword": "When ",
                                "name": "I set the input to ten with explicit invalidation",
                                "line": 8,
                                "match": {
                                    "location": "cache_invalidation_test.go:131"
                                },
                                "result": {
                                    "status": "passed",
                                    "duration": 1832134
                                }
                            },
                            {
                                "keyword": "Then ",
                                "name": "direct and transitive cached results are absent or empty",
                                "line": 9,
                                "match": {
                                    "location": "cache_invalidation_test.go:132"
                                },
                                "result": {
                                    "status": "passed",
                                    "duration": 123305
                                }
                            },
                            {
                                "keyword": "And ",
                                "name": "unrelated cached results and all formula text remain unchanged",
                                "line": 10,
                                "match": {
                                    "location": "cache_invalidation_test.go:155"
                                },
                                "result": {
                                    "status": "passed",
                                    "duration": 99184
                                }
                            },
                            {
                                "keyword": "And ",
                                "name": "the workbook requests full recalculation without computing an answer",
                                "line": 11,
                                "match": {
                                    "location": "cache_invalidation_test.go:168"
                                },
                                "result": {
                                    "status": "passed",
                                    "duration": 74662
                                }
                            }
                        ]
                    },
                    {
                        "id": "static-dependency-cache-invalidation-without-calculation;an-unrelated-input-edit-preserves-all-formula-caches",
                        "keyword": "Scenario",
                        "name": "An unrelated input edit preserves all formula caches",
                        "description": "",
                        "line": 14,
                        "type": "scenario",
                        "tags": [
                            {
                                "name": "@implemented",
                                "line": 1
                            },
                            {
                                "name": "@go",
                                "line": 1
                            },
                            {
                                "name": "@spreadsheet",
                                "line": 1
                            },
                            {
                                "name": "@CACHE-002",
                                "line": 13
                            }
                        ],
                        "steps": [
                            {
                                "keyword": "Given ",
                                "name": "a workbook with input one and a static cross-sheet formula chain",
                                "line": 15,
                                "match": {
                                    "location": "cache_invalidation_test.go:128"
                                },
                                "result": {
                                    "status": "passed",
                                    "duration": 601026
                                }
                            },
                            {
                                "keyword": "When ",
                                "name": "I change an unrelated numeric cell with explicit invalidation",
                                "line": 16,
                                "match": {
                                    "location": "cache_invalidation_test.go:190"
                                },
                                "result": {
                                    "status": "passed",
                                    "duration": 1639015
                                }
                            },
                            {
                                "keyword": "Then ",
                                "name": "cache payloads and workbook calculation metadata remain byte-identical",
                                "line": 17,
                                "match": {
                                    "location": "cache_invalidation_test.go:191"
                                },
                                "result": {
                                    "status": "passed",
                                    "duration": 120666
                                }
                            }
                        ]
                    },
                    {
                        "id": "static-dependency-cache-invalidation-without-calculation;unproved-dependent-structures-refuse-the-complete-edit;;2",
                        "keyword": "Scenario Outline",
                        "name": "Unproved dependent structures refuse the complete edit",
                        "description": "",
                        "line": 27,
                        "type": "scenario",
                        "tags": [
                            {
                                "name": "@implemented",
                                "line": 1
                            },
                            {
                                "name": "@go",
                                "line": 1
                            },
                            {
                                "name": "@spreadsheet",
                                "line": 1
                            },
                            {
                                "name": "@CACHE-003",
                                "line": 19
                            }
                        ],
                        "steps": [
                            {
                                "keyword": "Given ",
                                "name": "a formula workbook containing \"dynamic formula\"",
                                "line": 21,
                                "match": {
                                    "location": "cache_invalidation_test.go:129"
                                },
                                "result": {
                                    "status": "passed",
                                    "duration": 466490
                                }
                            },
                            {
                                "keyword": "When ",
                                "name": "I attempt an explicit invalidating input edit",
                                "line": 22,
                                "match": {
                                    "location": "cache_invalidation_test.go:207"
                                },
                                "result": {
                                    "status": "passed",
                                    "duration": 288905
                                }
                            },
                            {
                                "keyword": "Then ",
                                "name": "invalidation returns a typed refusal without any package mutation",
                                "line": 23,
                                "match": {
                                    "location": "cache_invalidation_test.go:275"
                                },
                                "result": {
                                    "status": "passed",
                                    "duration": 1487992
                                }
                            }
                        ]
                    },
                    {
                        "id": "static-dependency-cache-invalidation-without-calculation;unproved-dependent-structures-refuse-the-complete-edit;;3",
                        "keyword": "Scenario Outline",
                        "name": "Unproved dependent structures refuse the complete edit",
                        "description": "",
                        "line": 28,
                        "type": "scenario",
                        "tags": [
                            {
                                "name": "@implemented",
                                "line": 1
                            },
                            {
                                "name": "@go",
                                "line": 1
                            },
                            {
                                "name": "@spreadsheet",
                                "line": 1
                            },
                            {
                                "name": "@CACHE-003",
                                "line": 19
                            }
                        ],
                        "steps": [
                            {
                                "keyword": "Given ",
                                "name": "a formula workbook containing \"shared formula\"",
                                "line": 21,
                                "match": {
                                    "location": "cache_invalidation_test.go:129"
                                },
                                "result": {
                                    "status": "passed",
                                    "duration": 1315299
                                }
                            },
                            {
                                "keyword": "When ",
                                "name": "I attempt an explicit invalidating input edit",
                                "line": 22,
                                "match": {
                                    "location": "cache_invalidation_test.go:207"
                                },
                                "result": {
                                    "status": "passed",
                                    "duration": 502860
                                }
                            },
                            {
                                "keyword": "Then ",
                                "name": "invalidation returns a typed refusal without any package mutation",
                                "line": 23,
                                "match": {
                                    "location": "cache_invalidation_test.go:275"
                                },
                                "result": {
                                    "status": "passed",
                                    "duration": 1543244
                                }
                            }
                        ]
                    },
                    {
                        "id": "static-dependency-cache-invalidation-without-calculation;unproved-dependent-structures-refuse-the-complete-edit;;4",
                        "keyword": "Scenario Outline",
                        "name": "Unproved dependent structures refuse the complete edit",
                        "description": "",
                        "line": 29,
                        "type": "scenario",
                        "tags": [
                            {
                                "name": "@implemented",
                                "line": 1
                            },
                            {
                                "name": "@go",
                                "line": 1
                            },
                            {
                                "name": "@spreadsheet",
                                "line": 1
                            },
                            {
                                "name": "@CACHE-003",
                                "line": 19
                            }
                        ],
                        "steps": [
                            {
                                "keyword": "Given ",
                                "name": "a formula workbook containing \"unknown sheet\"",
                                "line": 21,
                                "match": {
                                    "location": "cache_invalidation_test.go:129"
                                },
                                "result": {
                                    "status": "passed",
                                    "duration": 484775
                                }
                            },
                            {
                                "keyword": "When ",
                                "name": "I attempt an explicit invalidating input edit",
                                "line": 22,
                                "match": {
                                    "location": "cache_invalidation_test.go:207"
                                },
                                "result": {
                                    "status": "passed",
                                    "duration": 280445
                                }
                            },
                            {
                                "keyword": "Then ",
                                "name": "invalidation returns a typed refusal without any package mutation",
                                "line": 23,
                                "match": {
                                    "location": "cache_invalidation_test.go:275"
                                },
                                "result": {
                                    "status": "passed",
                                    "duration": 1399837
                                }
                            }
                        ]
                    },
                    {
                        "id": "static-dependency-cache-invalidation-without-calculation;unproved-dependent-structures-refuse-the-complete-edit;;5",
                        "keyword": "Scenario Outline",
                        "name": "Unproved dependent structures refuse the complete edit",
                        "description": "",
                        "line": 30,
                        "type": "scenario",
                        "tags": [
                            {
                                "name": "@implemented",
                                "line": 1
                            },
                            {
                                "name": "@go",
                                "line": 1
                            },
                            {
                                "name": "@spreadsheet",
                                "line": 1
                            },
                            {
                                "name": "@CACHE-003",
                                "line": 19
                            }
                        ],
                        "steps": [
                            {
                                "keyword": "Given ",
                                "name": "a formula workbook containing \"existing calculation chain\"",
                                "line": 21,
                                "match": {
                                    "location": "cache_invalidation_test.go:129"
                                },
                                "result": {
                                    "status": "passed",
                                    "duration": 943552
                                }
                            },
                            {
                                "keyword": "When ",
                                "name": "I attempt an explicit invalidating input edit",
                                "line": 22,
                                "match": {
                                    "location": "cache_invalidation_test.go:207"
                                },
                                "result": {
                                    "status": "passed",
                                    "duration": 272898
                                }
                            },
                            {
                                "keyword": "Then ",
                                "name": "invalidation returns a typed refusal without any package mutation",
                                "line": 23,
                                "match": {
                                    "location": "cache_invalidation_test.go:275"
                                },
                                "result": {
                                    "status": "passed",
                                    "duration": 1570065
                                }
                            }
                        ]
                    },
                    {
                        "id": "static-dependency-cache-invalidation-without-calculation;unproved-dependent-structures-refuse-the-complete-edit;;6",
                        "keyword": "Scenario Outline",
                        "name": "Unproved dependent structures refuse the complete edit",
                        "description": "",
                        "line": 31,
                        "type": "scenario",
                        "tags": [
                            {
                                "name": "@implemented",
                                "line": 1
                            },
                            {
                                "name": "@go",
                                "line": 1
                            },
                            {
                                "name": "@spreadsheet",
                                "line": 1
                            },
                            {
                                "name": "@CACHE-003",
                                "line": 19
                            }
                        ],
                        "steps": [
                            {
                                "keyword": "Given ",
                                "name": "a formula workbook containing \"manual calculation mode\"",
                                "line": 21,
                                "match": {
                                    "location": "cache_invalidation_test.go:129"
                                },
                                "result": {
                                    "status": "passed",
                                    "duration": 463097
                                }
                            },
                            {
                                "keyword": "When ",
                                "name": "I attempt an explicit invalidating input edit",
                                "line": 22,
                                "match": {
                                    "location": "cache_invalidation_test.go:207"
                                },
                                "result": {
                                    "status": "passed",
                                    "duration": 214950
                                }
                            },
                            {
                                "keyword": "Then ",
                                "name": "invalidation returns a typed refusal without any package mutation",
                                "line": 23,
                                "match": {
                                    "location": "cache_invalidation_test.go:275"
                                },
                                "result": {
                                    "status": "passed",
                                    "duration": 1610486
                                }
                            }
                        ]
                    },
                    {
                        "id": "static-dependency-cache-invalidation-without-calculation;unproved-dependent-structures-refuse-the-complete-edit;;7",
                        "keyword": "Scenario Outline",
                        "name": "Unproved dependent structures refuse the complete edit",
                        "description": "",
                        "line": 32,
                        "type": "scenario",
                        "tags": [
                            {
                                "name": "@implemented",
                                "line": 1
                            },
                            {
                                "name": "@go",
                                "line": 1
                            },
                            {
                                "name": "@spreadsheet",
                                "line": 1
                            },
                            {
                                "name": "@CACHE-003",
                                "line": 19
                            }
                        ],
                        "steps": [
                            {
                                "keyword": "Given ",
                                "name": "a formula workbook containing \"locked workbook\"",
                                "line": 21,
                                "match": {
                                    "location": "cache_invalidation_test.go:129"
                                },
                                "result": {
                                    "status": "passed",
                                    "duration": 598203
                                }
                            },
                            {
                                "keyword": "When ",
                                "name": "I attempt an explicit invalidating input edit",
                                "line": 22,
                                "match": {
                                    "location": "cache_invalidation_test.go:207"
                                },
                                "result": {
                                    "status": "passed",
                                    "duration": 815350
                                }
                            },
                            {
                                "keyword": "Then ",
                                "name": "invalidation returns a typed refusal without any package mutation",
                                "line": 23,
                                "match": {
                                    "location": "cache_invalidation_test.go:275"
                                },
                                "result": {
                                    "status": "passed",
                                    "duration": 1707809
                                }
                            }
                        ]
                    },
                    {
                        "id": "static-dependency-cache-invalidation-without-calculation;an-empty-inactive-workbook-protection-marker-permits-invalidation",
                        "keyword": "Scenario",
                        "name": "An empty inactive workbook protection marker permits invalidation",
                        "description": "",
                        "line": 35,
                        "type": "scenario",
                        "tags": [
                            {
                                "name": "@implemented",
                                "line": 1
                            },
                            {
                                "name": "@go",
                                "line": 1
                            },
                            {
                                "name": "@spreadsheet",
                                "line": 1
                            },
                            {
                                "name": "@CACHE-004",
                                "line": 34
                            }
                        ],
                        "steps": [
                            {
                                "keyword": "Given ",
                                "name": "a formula workbook containing \"inactive workbook protection\"",
                                "line": 36,
                                "match": {
                                    "location": "cache_invalidation_test.go:129"
                                },
                                "result": {
                                    "status": "passed",
                                    "duration": 647958
                                }
                            },
                            {
                                "keyword": "When ",
                                "name": "I set the input to ten with explicit invalidation",
                                "line": 37,
                                "match": {
                                    "location": "cache_invalidation_test.go:131"
                                },
                                "result": {
                                    "status": "passed",
                                    "duration": 2343455
                                }
                            },
                            {
                                "keyword": "Then ",
                                "name": "direct and transitive cached results are absent or empty",
                                "line": 38,
                                "match": {
                                    "location": "cache_invalidation_test.go:132"
                                },
                                "result": {
                                    "status": "passed",
                                    "duration": 123098
                                }
                            },
                            {
                                "keyword": "And ",
                                "name": "the workbook requests full recalculation without computing an answer",
                                "line": 39,
                                "match": {
                                    "location": "cache_invalidation_test.go:168"
                                },
                                "result": {
                                    "status": "passed",
                                    "duration": 84702
                                }
                            }
                        ]
                    }
                ]
            },
            {
                "uri": "../features/implemented/spreadsheet/formula-analysis.feature",
                "id": "static-formula-dependency-analysis",
                "keyword": "Feature",
                "name": "Static formula dependency analysis",
                "description": "  Reference analysis distinguishes literal strings from actual A1 references and refuses unknown dependencies.",
                "line": 2,
                "tags": [
                    {
                        "name": "@implemented",
                        "line": 1
                    },
                    {
                        "name": "@go",
                        "line": 1
                    },
                    {
                        "name": "@spreadsheet",
                        "line": 1
                    }
                ],
                "elements": [
                    {
                        "id": "static-formula-dependency-analysis;static-expressions-expose-exact-reference-ranges;;2",
                        "keyword": "Scenario Outline",
                        "name": "Static expressions expose exact reference ranges",
                        "description": "",
                        "line": 13,
                        "type": "scenario",
                        "tags": [
                            {
                                "name": "@implemented",
                                "line": 1
                            },
                            {
                                "name": "@go",
                                "line": 1
                            },
                            {
                                "name": "@spreadsheet",
                                "line": 1
                            },
                            {
                                "name": "@FORMULA-001",
                                "line": 5
                            }
                        ],
                        "steps": [
                            {
                                "keyword": "Given ",
                                "name": "the formula expression \"Input!A1*2\"",
                                "line": 7,
                                "match": {
                                    "location": "formula_analysis_test.go:20"
                                },
                                "result": {
                                    "status": "passed",
                                    "duration": 53082
                                }
                            },
                            {
                                "keyword": "When ",
                                "name": "I analyse its static references",
                                "line": 8,
                                "match": {
                                    "location": "formula_analysis_test.go:29"
                                },
                                "result": {
                                    "status": "passed",
                                    "duration": 26588
                                }
                            },
                            {
                                "keyword": "Then ",
                                "name": "exactly 1 reference ranges are reported",
                                "line": 9,
                                "match": {
                                    "location": "formula_analysis_test.go:30"
                                },
                                "result": {
                                    "status": "passed",
                                    "duration": 27294
                                }
                            }
                        ]
                    },
                    {
                        "id": "static-formula-dependency-analysis;static-expressions-expose-exact-reference-ranges;;3",
                        "keyword": "Scenario Outline",
                        "name": "Static expressions expose exact reference ranges",
                        "description": "",
                        "line": 14,
                        "type": "scenario",
                        "tags": [
                            {
                                "name": "@implemented",
                                "line": 1
                            },
                            {
                                "name": "@go",
                                "line": 1
                            },
                            {
                                "name": "@spreadsheet",
                                "line": 1
                            },
                            {
                                "name": "@FORMULA-001",
                                "line": 5
                            }
                        ],
                        "steps": [
                            {
                                "keyword": "Given ",
                                "name": "the formula expression \"SUM($A$1:B3)+C$4\"",
                                "line": 7,
                                "match": {
                                    "location": "formula_analysis_test.go:20"
                                },
                                "result": {
                                    "status": "passed",
                                    "duration": 85685
                                }
                            },
                            {
                                "keyword": "When ",
                                "name": "I analyse its static references",
                                "line": 8,
                                "match": {
                                    "location": "formula_analysis_test.go:29"
                                },
                                "result": {
                                    "status": "passed",
                                    "duration": 46119
                                }
                            },
                            {
                                "keyword": "Then ",
                                "name": "exactly 2 reference ranges are reported",
                                "line": 9,
                                "match": {
                                    "location": "formula_analysis_test.go:30"
                                },
                                "result": {
                                    "status": "passed",
                                    "duration": 39913
                                }
                            }
                        ]
                    },
                    {
                        "id": "static-formula-dependency-analysis;static-expressions-expose-exact-reference-ranges;;4",
                        "keyword": "Scenario Outline",
                        "name": "Static expressions expose exact reference ranges",
                        "description": "",
                        "line": 15,
                        "type": "scenario",
                        "tags": [
                            {
                                "name": "@implemented",
                                "line": 1
                            },
                            {
                                "name": "@go",
                                "line": 1
                            },
                            {
                                "name": "@spreadsheet",
                                "line": 1
                            },
                            {
                                "name": "@FORMULA-001",
                                "line": 5
                            }
                        ],
                        "steps": [
                            {
                                "keyword": "Given ",
                                "name": "the formula expression \"'Input Data'!$B2+Sheet2!C3\"",
                                "line": 7,
                                "match": {
                                    "location": "formula_analysis_test.go:20"
                                },
                                "result": {
                                    "status": "passed",
                                    "duration": 100651
                                }
                            },
                            {
                                "keyword": "When ",
                                "name": "I analyse its static references",
                                "line": 8,
                                "match": {
                                    "location": "formula_analysis_test.go:29"
                                },
                                "result": {
                                    "status": "passed",
                                    "duration": 41098
                                }
                            },
                            {
                                "keyword": "Then ",
                                "name": "exactly 2 reference ranges are reported",
                                "line": 9,
                                "match": {
                                    "location": "formula_analysis_test.go:30"
                                },
                                "result": {
                                    "status": "passed",
                                    "duration": 39962
                                }
                            }
                        ]
                    },
                    {
                        "id": "static-formula-dependency-analysis;static-expressions-expose-exact-reference-ranges;;5",
                        "keyword": "Scenario Outline",
                        "name": "Static expressions expose exact reference ranges",
                        "description": "",
                        "line": 16,
                        "type": "scenario",
                        "tags": [
                            {
                                "name": "@implemented",
                                "line": 1
                            },
                            {
                                "name": "@go",
                                "line": 1
                            },
                            {
                                "name": "@spreadsheet",
                                "line": 1
                            },
                            {
                                "name": "@FORMULA-001",
                                "line": 5
                            }
                        ],
                        "steps": [
                            {
                                "keyword": "Given ",
                                "name": "the formula expression \"1+2*3\"",
                                "line": 7,
                                "match": {
                                    "location": "formula_analysis_test.go:20"
                                },
                                "result": {
                                    "status": "passed",
                                    "duration": 73561
                                }
                            },
                            {
                                "keyword": "When ",
                                "name": "I analyse its static references",
                                "line": 8,
                                "match": {
                                    "location": "formula_analysis_test.go:29"
                                },
                                "result": {
                                    "status": "passed",
                                    "duration": 40619
                                }
                            },
                            {
                                "keyword": "Then ",
                                "name": "exactly 0 reference ranges are reported",
                                "line": 9,
                                "match": {
                                    "location": "formula_analysis_test.go:30"
                                },
                                "result": {
                                    "status": "passed",
                                    "duration": 48635
                                }
                            }
                        ]
                    },
                    {
                        "id": "static-formula-dependency-analysis;unproved-dynamic-or-extended-syntax-refuses-analysis;;2",
                        "keyword": "Scenario Outline",
                        "name": "Unproved dynamic or extended syntax refuses analysis",
                        "description": "",
                        "line": 26,
                        "type": "scenario",
                        "tags": [
                            {
                                "name": "@implemented",
                                "line": 1
                            },
                            {
                                "name": "@go",
                                "line": 1
                            },
                            {
                                "name": "@spreadsheet",
                                "line": 1
                            },
                            {
                                "name": "@FORMULA-002",
                                "line": 18
                            }
                        ],
                        "steps": [
                            {
                                "keyword": "Given ",
                                "name": "the formula expression \"INDIRECT(A1)\"",
                                "line": 20,
                                "match": {
                                    "location": "formula_analysis_test.go:20"
                                },
                                "result": {
                                    "status": "passed",
                                    "duration": 47173
                                }
                            },
                            {
                                "keyword": "When ",
                                "name": "I analyse its static references",
                                "line": 21,
                                "match": {
                                    "location": "formula_analysis_test.go:29"
                                },
                                "result": {
                                    "status": "passed",
                                    "duration": 28500
                                }
                            },
                            {
                                "keyword": "Then ",
                                "name": "dependency analysis refuses instead of returning a partial answer",
                                "line": 22,
                                "match": {
                                    "location": "formula_analysis_test.go:39"
                                },
                                "result": {
                                    "status": "passed",
                                    "duration": 42496
                                }
                            }
                        ]
                    },
                    {
                        "id": "static-formula-dependency-analysis;unproved-dynamic-or-extended-syntax-refuses-analysis;;3",
                        "keyword": "Scenario Outline",
                        "name": "Unproved dynamic or extended syntax refuses analysis",
                        "description": "",
                        "line": 27,
                        "type": "scenario",
                        "tags": [
                            {
                                "name": "@implemented",
                                "line": 1
                            },
                            {
                                "name": "@go",
                                "line": 1
                            },
                            {
                                "name": "@spreadsheet",
                                "line": 1
                            },
                            {
                                "name": "@FORMULA-002",
                                "line": 18
                            }
                        ],
                        "steps": [
                            {
                                "keyword": "Given ",
                                "name": "the formula expression \"OFFSET(A1,1,1)\"",
                                "line": 20,
                                "match": {
                                    "location": "formula_analysis_test.go:20"
                                },
                                "result": {
                                    "status": "passed",
                                    "duration": 52495
                                }
                            },
                            {
                                "keyword": "When ",
                                "name": "I analyse its static references",
                                "line": 21,
                                "match": {
                                    "location": "formula_analysis_test.go:29"
                                },
                                "result": {
                                    "status": "passed",
                                    "duration": 24891
                                }
                            },
                            {
                                "keyword": "Then ",
                                "name": "dependency analysis refuses instead of returning a partial answer",
                                "line": 22,
                                "match": {
                                    "location": "formula_analysis_test.go:39"
                                },
                                "result": {
                                    "status": "passed",
                                    "duration": 47355
                                }
                            }
                        ]
                    },
                    {
                        "id": "static-formula-dependency-analysis;unproved-dynamic-or-extended-syntax-refuses-analysis;;4",
                        "keyword": "Scenario Outline",
                        "name": "Unproved dynamic or extended syntax refuses analysis",
                        "description": "",
                        "line": 28,
                        "type": "scenario",
                        "tags": [
                            {
                                "name": "@implemented",
                                "line": 1
                            },
                            {
                                "name": "@go",
                                "line": 1
                            },
                            {
                                "name": "@spreadsheet",
                                "line": 1
                            },
                            {
                                "name": "@FORMULA-002",
                                "line": 18
                            }
                        ],
                        "steps": [
                            {
                                "keyword": "Given ",
                                "name": "the formula expression \"Sheet1:Sheet3!A1\"",
                                "line": 20,
                                "match": {
                                    "location": "formula_analysis_test.go:20"
                                },
                                "result": {
                                    "status": "passed",
                                    "duration": 71986
                                }
                            },
                            {
                                "keyword": "When ",
                                "name": "I analyse its static references",
                                "line": 21,
                                "match": {
                                    "location": "formula_analysis_test.go:29"
                                },
                                "result": {
                                    "status": "passed",
                                    "duration": 43927
                                }
                            },
                            {
                                "keyword": "Then ",
                                "name": "dependency analysis refuses instead of returning a partial answer",
                                "line": 22,
                                "match": {
                                    "location": "formula_analysis_test.go:39"
                                },
                                "result": {
                                    "status": "passed",
                                    "duration": 50433
                                }
                            }
                        ]
                    },
                    {
                        "id": "static-formula-dependency-analysis;unproved-dynamic-or-extended-syntax-refuses-analysis;;5",
                        "keyword": "Scenario Outline",
                        "name": "Unproved dynamic or extended syntax refuses analysis",
                        "description": "",
                        "line": 29,
                        "type": "scenario",
                        "tags": [
                            {
                                "name": "@implemented",
                                "line": 1
                            },
                            {
                                "name": "@go",
                                "line": 1
                            },
                            {
                                "name": "@spreadsheet",
                                "line": 1
                            },
                            {
                                "name": "@FORMULA-002",
                                "line": 18
                            }
                        ],
                        "steps": [
                            {
                                "keyword": "Given ",
                                "name": "the formula expression \"Table1[Column]\"",
                                "line": 20,
                                "match": {
                                    "location": "formula_analysis_test.go:20"
                                },
                                "result": {
                                    "status": "passed",
                                    "duration": 56438
                                }
                            },
                            {
                                "keyword": "When ",
                                "name": "I analyse its static references",
                                "line": 21,
                                "match": {
                                    "location": "formula_analysis_test.go:29"
                                },
                                "result": {
                                    "status": "passed",
                                    "duration": 24433
                                }
                            },
                            {
                                "keyword": "Then ",
                                "name": "dependency analysis refuses instead of returning a partial answer",
                                "line": 22,
                                "match": {
                                    "location": "formula_analysis_test.go:39"
                                },
                                "result": {
                                    "status": "passed",
                                    "duration": 47506
                                }
                            }
                        ]
                    },
                    {
                        "id": "static-formula-dependency-analysis;unproved-dynamic-or-extended-syntax-refuses-analysis;;6",
                        "keyword": "Scenario Outline",
                        "name": "Unproved dynamic or extended syntax refuses analysis",
                        "description": "",
                        "line": 30,
                        "type": "scenario",
                        "tags": [
                            {
                                "name": "@implemented",
                                "line": 1
                            },
                            {
                                "name": "@go",
                                "line": 1
                            },
                            {
                                "name": "@spreadsheet",
                                "line": 1
                            },
                            {
                                "name": "@FORMULA-002",
                                "line": 18
                            }
                        ],
                        "steps": [
                            {
                                "keyword": "Given ",
                                "name": "the formula expression \"[Book.xlsx]Sheet1!A1\"",
                                "line": 20,
                                "match": {
                                    "location": "formula_analysis_test.go:20"
                                },
                                "result": {
                                    "status": "passed",
                                    "duration": 48410
                                }
                            },
                            {
                                "keyword": "When ",
                                "name": "I analyse its static references",
                                "line": 21,
                                "match": {
                                    "location": "formula_analysis_test.go:29"
                                },
                                "result": {
                                    "status": "passed",
                                    "duration": 21990
                                }
                            },
                            {
                                "keyword": "Then ",
                                "name": "dependency analysis refuses instead of returning a partial answer",
                                "line": 22,
                                "match": {
                                    "location": "formula_analysis_test.go:39"
                                },
                                "result": {
                                    "status": "passed",
                                    "duration": 42767
                                }
                            }
                        ]
                    },
                    {
                        "id": "static-formula-dependency-analysis;unproved-dynamic-or-extended-syntax-refuses-analysis;;7",
                        "keyword": "Scenario Outline",
                        "name": "Unproved dynamic or extended syntax refuses analysis",
                        "description": "",
                        "line": 31,
                        "type": "scenario",
                        "tags": [
                            {
                                "name": "@implemented",
                                "line": 1
                            },
                            {
                                "name": "@go",
                                "line": 1
                            },
                            {
                                "name": "@spreadsheet",
                                "line": 1
                            },
                            {
                                "name": "@FORMULA-002",
                                "line": 18
                            }
                        ],
                        "steps": [
                            {
                                "keyword": "Given ",
                                "name": "the formula expression \"A1#\"",
                                "line": 20,
                                "match": {
                                    "location": "formula_analysis_test.go:20"
                                },
                                "result": {
                                    "status": "passed",
                                    "duration": 60037
                                }
                            },
                            {
                                "keyword": "When ",
                                "name": "I analyse its static references",
                                "line": 21,
                                "match": {
                                    "location": "formula_analysis_test.go:29"
                                },
                                "result": {
                                    "status": "passed",
                                    "duration": 27289
                                }
                            },
                            {
                                "keyword": "Then ",
                                "name": "dependency analysis refuses instead of returning a partial answer",
                                "line": 22,
                                "match": {
                                    "location": "formula_analysis_test.go:39"
                                },
                                "result": {
                                    "status": "passed",
                                    "duration": 43218
                                }
                            }
                        ]
                    },
                    {
                        "id": "static-formula-dependency-analysis;unproved-dynamic-or-extended-syntax-refuses-analysis;;8",
                        "keyword": "Scenario Outline",
                        "name": "Unproved dynamic or extended syntax refuses analysis",
                        "description": "",
                        "line": 32,
                        "type": "scenario",
                        "tags": [
                            {
                                "name": "@implemented",
                                "line": 1
                            },
                            {
                                "name": "@go",
                                "line": 1
                            },
                            {
                                "name": "@spreadsheet",
                                "line": 1
                            },
                            {
                                "name": "@FORMULA-002",
                                "line": 18
                            }
                        ],
                        "steps": [
                            {
                                "keyword": "Given ",
                                "name": "the formula expression \"A1 B2\"",
                                "line": 20,
                                "match": {
                                    "location": "formula_analysis_test.go:20"
                                },
                                "result": {
                                    "status": "passed",
                                    "duration": 80265
                                }
                            },
                            {
                                "keyword": "When ",
                                "name": "I analyse its static references",
                                "line": 21,
                                "match": {
                                    "location": "formula_analysis_test.go:29"
                                },
                                "result": {
                                    "status": "passed",
                                    "duration": 129296
                                }
                            },
                            {
                                "keyword": "Then ",
                                "name": "dependency analysis refuses instead of returning a partial answer",
                                "line": 22,
                                "match": {
                                    "location": "formula_analysis_test.go:39"
                                },
                                "result": {
                                    "status": "passed",
                                    "duration": 101556
                                }
                            }
                        ]
                    },
                    {
                        "id": "static-formula-dependency-analysis;unproved-dynamic-or-extended-syntax-refuses-analysis;;9",
                        "keyword": "Scenario Outline",
                        "name": "Unproved dynamic or extended syntax refuses analysis",
                        "description": "",
                        "line": 33,
                        "type": "scenario",
                        "tags": [
                            {
                                "name": "@implemented",
                                "line": 1
                            },
                            {
                                "name": "@go",
                                "line": 1
                            },
                            {
                                "name": "@spreadsheet",
                                "line": 1
                            },
                            {
                                "name": "@FORMULA-002",
                                "line": 18
                            }
                        ],
                        "steps": [
                            {
                                "keyword": "Given ",
                                "name": "the formula expression \"A1+\"",
                                "line": 20,
                                "match": {
                                    "location": "formula_analysis_test.go:20"
                                },
                                "result": {
                                    "status": "passed",
                                    "duration": 44370
                                }
                            },
                            {
                                "keyword": "When ",
                                "name": "I analyse its static references",
                                "line": 21,
                                "match": {
                                    "location": "formula_analysis_test.go:29"
                                },
                                "result": {
                                    "status": "passed",
                                    "duration": 26583
                                }
                            },
                            {
                                "keyword": "Then ",
                                "name": "dependency analysis refuses instead of returning a partial answer",
                                "line": 22,
                                "match": {
                                    "location": "formula_analysis_test.go:39"
                                },
                                "result": {
                                    "status": "passed",
                                    "duration": 43949
                                }
                            }
                        ]
                    }
                ]
            },
            {
                "uri": "../features/implemented/spreadsheet/formula-remap.feature",
                "id": "structural-reference-remapping-uses-parsed-formula-tokens",
                "keyword": "Feature",
                "name": "Structural reference remapping uses parsed formula tokens",
                "description": "  Static reference edits preserve quoted literals and unrelated sheet references.",
                "line": 2,
                "tags": [
                    {
                        "name": "@implemented",
                        "line": 1
                    },
                    {
                        "name": "@go",
                        "line": 1
                    },
                    {
                        "name": "@spreadsheet",
                        "line": 1
                    }
                ],
                "elements": [
                    {
                        "id": "structural-reference-remapping-uses-parsed-formula-tokens;row-and-column-insertion-follows-structural-coordinates;;2",
                        "keyword": "Scenario Outline",
                        "name": "Row and column insertion follows structural coordinates",
                        "description": "",
                        "line": 13,
                        "type": "scenario",
                        "tags": [
                            {
                                "name": "@implemented",
                                "line": 1
                            },
                            {
                                "name": "@go",
                                "line": 1
                            },
                            {
                                "name": "@spreadsheet",
                                "line": 1
                            },
                            {
                                "name": "@REMAP-001",
                                "line": 5
                            }
                        ],
                        "steps": [
                            {
                                "keyword": "Given ",
                                "name": "a formula \"$A$1+A2+Other!A2\" located on \"Main\"",
                                "line": 7,
                                "match": {
                                    "location": "formula_remap_test.go:20"
                                },
                                "result": {
                                    "status": "passed",
                                    "duration": 87682
                                }
                            },
                            {
                                "keyword": "When ",
                                "name": "I insert 2 \"row\" before coordinate 2 on \"Main\"",
                                "line": 8,
                                "match": {
                                    "location": "formula_remap_test.go:21"
                                },
                                "result": {
                                    "status": "passed",
                                    "duration": 63484
                                }
                            },
                            {
                                "keyword": "Then ",
                                "name": "the remapped formula is \"$A$1+A4+Other!A2\"",
                                "line": 9,
                                "match": {
                                    "location": "formula_remap_test.go:26"
                                },
                                "result": {
                                    "status": "passed",
                                    "duration": 40065
                                }
                            }
                        ]
                    },
                    {
                        "id": "structural-reference-remapping-uses-parsed-formula-tokens;row-and-column-insertion-follows-structural-coordinates;;3",
                        "keyword": "Scenario Outline",
                        "name": "Row and column insertion follows structural coordinates",
                        "description": "",
                        "line": 14,
                        "type": "scenario",
                        "tags": [
                            {
                                "name": "@implemented",
                                "line": 1
                            },
                            {
                                "name": "@go",
                                "line": 1
                            },
                            {
                                "name": "@spreadsheet",
                                "line": 1
                            },
                            {
                                "name": "@REMAP-001",
                                "line": 5
                            }
                        ],
                        "steps": [
                            {
                                "keyword": "Given ",
                                "name": "a formula \"SUM(Main!A1:B3)\" located on \"Other\"",
                                "line": 7,
                                "match": {
                                    "location": "formula_remap_test.go:20"
                                },
                                "result": {
                                    "status": "passed",
                                    "duration": 103596
                                }
                            },
                            {
                                "keyword": "When ",
                                "name": "I insert 1 \"row\" before coordinate 2 on \"Main\"",
                                "line": 8,
                                "match": {
                                    "location": "formula_remap_test.go:21"
                                },
                                "result": {
                                    "status": "passed",
                                    "duration": 63478
                                }
                            },
                            {
                                "keyword": "Then ",
                                "name": "the remapped formula is \"SUM(Main!A1:B4)\"",
                                "line": 9,
                                "match": {
                                    "location": "formula_remap_test.go:26"
                                },
                                "result": {
                                    "status": "passed",
                                    "duration": 31779
                                }
                            }
                        ]
                    },
                    {
                        "id": "structural-reference-remapping-uses-parsed-formula-tokens;row-and-column-insertion-follows-structural-coordinates;;4",
                        "keyword": "Scenario Outline",
                        "name": "Row and column insertion follows structural coordinates",
                        "description": "",
                        "line": 15,
                        "type": "scenario",
                        "tags": [
                            {
                                "name": "@implemented",
                                "line": 1
                            },
                            {
                                "name": "@go",
                                "line": 1
                            },
                            {
                                "name": "@spreadsheet",
                                "line": 1
                            },
                            {
                                "name": "@REMAP-001",
                                "line": 5
                            }
                        ],
                        "steps": [
                            {
                                "keyword": "Given ",
                                "name": "a formula \"Main!$B2+C$4\" located on \"Main\"",
                                "line": 7,
                                "match": {
                                    "location": "formula_remap_test.go:20"
                                },
                                "result": {
                                    "status": "passed",
                                    "duration": 63974
                                }
                            },
                            {
                                "keyword": "When ",
                                "name": "I insert 2 \"column\" before coordinate 2 on \"Main\"",
                                "line": 8,
                                "match": {
                                    "location": "formula_remap_test.go:21"
                                },
                                "result": {
                                    "status": "passed",
                                    "duration": 45157
                                }
                            },
                            {
                                "keyword": "Then ",
                                "name": "the remapped formula is \"Main!$D2+E$4\"",
                                "line": 9,
                                "match": {
                                    "location": "formula_remap_test.go:26"
                                },
                                "result": {
                                    "status": "passed",
                                    "duration": 22026
                                }
                            }
                        ]
                    },
                    {
                        "id": "structural-reference-remapping-uses-parsed-formula-tokens;row-and-column-insertion-follows-structural-coordinates;;5",
                        "keyword": "Scenario Outline",
                        "name": "Row and column insertion follows structural coordinates",
                        "description": "",
                        "line": 16,
                        "type": "scenario",
                        "tags": [
                            {
                                "name": "@implemented",
                                "line": 1
                            },
                            {
                                "name": "@go",
                                "line": 1
                            },
                            {
                                "name": "@spreadsheet",
                                "line": 1
                            },
                            {
                                "name": "@REMAP-001",
                                "line": 5
                            }
                        ],
                        "steps": [
                            {
                                "keyword": "Given ",
                                "name": "a formula \"'Input Data'!A2+1\" located on \"Main\"",
                                "line": 7,
                                "match": {
                                    "location": "formula_remap_test.go:20"
                                },
                                "result": {
                                    "status": "passed",
                                    "duration": 80125
                                }
                            },
                            {
                                "keyword": "When ",
                                "name": "I insert 3 \"row\" before coordinate 2 on \"Input Data\"",
                                "line": 8,
                                "match": {
                                    "location": "formula_remap_test.go:21"
                                },
                                "result": {
                                    "status": "passed",
                                    "duration": 82375
                                }
                            },
                            {
                                "keyword": "Then ",
                                "name": "the remapped formula is \"'Input Data'!A5+1\"",
                                "line": 9,
                                "match": {
                                    "location": "formula_remap_test.go:26"
                                },
                                "result": {
                                    "status": "passed",
                                    "duration": 54654
                                }
                            }
                        ]
                    },
                    {
                        "id": "structural-reference-remapping-uses-parsed-formula-tokens;a-remap-beyond-the-worksheet-grid-refuses-without-a-partial-formula",
                        "keyword": "Scenario",
                        "name": "A remap beyond the worksheet grid refuses without a partial formula",
                        "description": "",
                        "line": 19,
                        "type": "scenario",
                        "tags": [
                            {
                                "name": "@implemented",
                                "line": 1
                            },
                            {
                                "name": "@go",
                                "line": 1
                            },
                            {
                                "name": "@spreadsheet",
                                "line": 1
                            },
                            {
                                "name": "@REMAP-002",
                                "line": 18
                            }
                        ],
                        "steps": [
                            {
                                "keyword": "Given ",
                                "name": "a formula \"A1048576+B1\" located on \"Main\"",
                                "line": 20,
                                "match": {
                                    "location": "formula_remap_test.go:20"
                                },
                                "result": {
                                    "status": "passed",
                                    "duration": 73291
                                }
                            },
                            {
                                "keyword": "When ",
                                "name": "I attempt a row insertion that shifts it beyond the grid",
                                "line": 21,
                                "match": {
                                    "location": "formula_remap_test.go:32"
                                },
                                "result": {
                                    "status": "passed",
                                    "duration": 46235
                                }
                            },
                            {
                                "keyword": "Then ",
                                "name": "remapping refuses and returns no partial expression",
                                "line": 22,
                                "match": {
                                    "location": "formula_remap_test.go:36"
                                },
                                "result": {
                                    "status": "passed",
                                    "duration": 28832
                                }
                            }
                        ]
                    }
                ]
            },
            {
                "uri": "../features/implemented/package/xml-insert.feature",
                "id": "structured-xml-insertion-preserves-namespace-meaning",
                "keyword": "Feature",
                "name": "Structured XML insertion preserves namespace meaning",
                "description": "  New elements use expanded names and cannot silently inherit the wrong default namespace.",
                "line": 2,
                "tags": [
                    {
                        "name": "@implemented",
                        "line": 1
                    },
                    {
                        "name": "@go",
                        "line": 1
                    },
                    {
                        "name": "@package",
                        "line": 1
                    }
                ],
                "elements": [
                    {
                        "id": "structured-xml-insertion-preserves-namespace-meaning;a-new-child-reuses-the-existing-prefix-for-its-namespace",
                        "keyword": "Scenario",
                        "name": "A new child reuses the existing prefix for its namespace",
                        "description": "",
                        "line": 6,
                        "type": "scenario",
                        "tags": [
                            {
                                "name": "@implemented",
                                "line": 1
                            },
                            {
                                "name": "@go",
                                "line": 1
                            },
                            {
                                "name": "@package",
                                "line": 1
                            },
                            {
                                "name": "@NODE-001",
                                "line": 5
                            }
                        ],
                        "steps": [
                            {
                                "keyword": "Given ",
                                "name": "a prefixed XML parent with opaque surrounding markup",
                                "line": 7,
                                "match": {
                                    "location": "xml_insert_test.go:37"
                                },
                                "result": {
                                    "status": "passed",
                                    "duration": 56646
                                }
                            },
                            {
                                "keyword": "When ",
                                "name": "I append a same-namespace child with a namespaced attribute",
                                "line": 8,
                                "match": {
                                    "location": "xml_insert_test.go:42"
                                },
                                "result": {
                                    "status": "passed",
                                    "duration": 41212
                                }
                            },
                            {
                                "keyword": "Then ",
                                "name": "the new child and attribute have the requested expanded names",
                                "line": 9,
                                "match": {
                                    "location": "xml_insert_test.go:47"
                                },
                                "result": {
                                    "status": "passed",
                                    "duration": 35270
                                }
                            },
                            {
                                "keyword": "And ",
                                "name": "every original byte outside the insertion remains identical",
                                "line": 10,
                                "match": {
                                    "location": "xml_insert_test.go:71"
                                },
                                "result": {
                                    "status": "passed",
                                    "duration": 35154
                                }
                            }
                        ]
                    },
                    {
                        "id": "structured-xml-insertion-preserves-namespace-meaning;an-unqualified-child-resets-an-inherited-default-namespace",
                        "keyword": "Scenario",
                        "name": "An unqualified child resets an inherited default namespace",
                        "description": "",
                        "line": 13,
                        "type": "scenario",
                        "tags": [
                            {
                                "name": "@implemented",
                                "line": 1
                            },
                            {
                                "name": "@go",
                                "line": 1
                            },
                            {
                                "name": "@package",
                                "line": 1
                            },
                            {
                                "name": "@NODE-002",
                                "line": 12
                            }
                        ],
                        "steps": [
                            {
                                "keyword": "Given ",
                                "name": "an XML parent in a default namespace",
                                "line": 14,
                                "match": {
                                    "location": "xml_insert_test.go:40"
                                },
                                "result": {
                                    "status": "passed",
                                    "duration": 51789
                                }
                            },
                            {
                                "keyword": "When ",
                                "name": "I append an explicitly no-namespace child",
                                "line": 15,
                                "match": {
                                    "location": "xml_insert_test.go:79"
                                },
                                "result": {
                                    "status": "passed",
                                    "duration": 50485
                                }
                            },
                            {
                                "keyword": "Then ",
                                "name": "the child has no namespace and the parent keeps its namespace",
                                "line": 16,
                                "match": {
                                    "location": "xml_insert_test.go:84"
                                },
                                "result": {
                                    "status": "passed",
                                    "duration": 63315
                                }
                            }
                        ]
                    },
                    {
                        "id": "structured-xml-insertion-preserves-namespace-meaning;a-self-closing-parent-expands-without-rewriting-its-attributes",
                        "keyword": "Scenario",
                        "name": "A self-closing parent expands without rewriting its attributes",
                        "description": "",
                        "line": 19,
                        "type": "scenario",
                        "tags": [
                            {
                                "name": "@implemented",
                                "line": 1
                            },
                            {
                                "name": "@go",
                                "line": 1
                            },
                            {
                                "name": "@package",
                                "line": 1
                            },
                            {
                                "name": "@NODE-003",
                                "line": 18
                            }
                        ],
                        "steps": [
                            {
                                "keyword": "Given ",
                                "name": "a self-closing prefixed parent with unusual attribute spacing",
                                "line": 20,
                                "match": {
                                    "location": "xml_insert_test.go:41"
                                },
                                "result": {
                                    "status": "passed",
                                    "duration": 42991
                                }
                            },
                            {
                                "keyword": "When ",
                                "name": "I append a same-namespace child with a namespaced attribute",
                                "line": 21,
                                "match": {
                                    "location": "xml_insert_test.go:42"
                                },
                                "result": {
                                    "status": "passed",
                                    "duration": 39863
                                }
                            },
                            {
                                "keyword": "Then ",
                                "name": "the new child and attribute have the requested expanded names",
                                "line": 22,
                                "match": {
                                    "location": "xml_insert_test.go:47"
                                },
                                "result": {
                                    "status": "passed",
                                    "duration": 34985
                                }
                            },
                            {
                                "keyword": "And ",
                                "name": "the parent attributes retain their original lexical bytes",
                                "line": 23,
                                "match": {
                                    "location": "xml_insert_test.go:95"
                                },
                                "result": {
                                    "status": "passed",
                                    "duration": 30787
                                }
                            }
                        ]
                    },
                    {
                        "id": "structured-xml-insertion-preserves-namespace-meaning;an-invalid-insertion-refuses-the-complete-batch",
                        "keyword": "Scenario",
                        "name": "An invalid insertion refuses the complete batch",
                        "description": "",
                        "line": 26,
                        "type": "scenario",
                        "tags": [
                            {
                                "name": "@implemented",
                                "line": 1
                            },
                            {
                                "name": "@go",
                                "line": 1
                            },
                            {
                                "name": "@package",
                                "line": 1
                            },
                            {
                                "name": "@NODE-004",
                                "line": 25
                            }
                        ],
                        "steps": [
                            {
                                "keyword": "Given ",
                                "name": "a prefixed XML parent with opaque surrounding markup",
                                "line": 27,
                                "match": {
                                    "location": "xml_insert_test.go:37"
                                },
                                "result": {
                                    "status": "passed",
                                    "duration": 50962
                                }
                            },
                            {
                                "keyword": "When ",
                                "name": "one insertion attempts to supply a namespace declaration",
                                "line": 28,
                                "match": {
                                    "location": "xml_insert_test.go:101"
                                },
                                "result": {
                                    "status": "passed",
                                    "duration": 34273
                                }
                            },
                            {
                                "keyword": "Then ",
                                "name": "the insertion batch refuses with a reusable unchanged snapshot",
                                "line": 29,
                                "match": {
                                    "location": "xml_insert_test.go:107"
                                },
                                "result": {
                                    "status": "passed",
                                    "duration": 41962
                                }
                            }
                        ]
                    }
                ]
            },
            {
                "uri": "../features/implemented/package/xml-subtree.feature",
                "id": "structured-subtree-replacements-preserve-surrounding-source-bytes",
                "keyword": "Feature",
                "name": "Structured subtree replacements preserve surrounding source bytes",
                "description": "  Replacement nodes resolve names using the surviving parent's bindings.",
                "line": 2,
                "tags": [
                    {
                        "name": "@implemented",
                        "line": 1
                    },
                    {
                        "name": "@go",
                        "line": 1
                    },
                    {
                        "name": "@package",
                        "line": 1
                    }
                ],
                "elements": [
                    {
                        "id": "structured-subtree-replacements-preserve-surrounding-source-bytes;replace-a-shadowing-subtree-with-two-siblings-under-parent-bindings",
                        "keyword": "Scenario",
                        "name": "Replace a shadowing subtree with two siblings under parent bindings",
                        "description": "",
                        "line": 6,
                        "type": "scenario",
                        "tags": [
                            {
                                "name": "@implemented",
                                "line": 1
                            },
                            {
                                "name": "@go",
                                "line": 1
                            },
                            {
                                "name": "@package",
                                "line": 1
                            },
                            {
                                "name": "@SUBTREE-001",
                                "line": 5
                            }
                        ],
                        "steps": [
                            {
                                "keyword": "Given ",
                                "name": "an XML subtree that shadows its parent's prefix",
                                "line": 7,
                                "match": {
                                    "location": "xml_subtree_test.go:26"
                                },
                                "result": {
                                    "status": "passed",
                                    "duration": 34503
                                }
                            },
                            {
                                "keyword": "When ",
                                "name": "I replace it with structured sibling nodes",
                                "line": 8,
                                "match": {
                                    "location": "xml_subtree_test.go:32"
                                },
                                "result": {
                                    "status": "passed",
                                    "duration": 26870
                                }
                            },
                            {
                                "keyword": "Then ",
                                "name": "inserted names use the parent scope and surrounding bytes stay exact",
                                "line": 9,
                                "match": {
                                    "location": "xml_subtree_test.go:37"
                                },
                                "result": {
                                    "status": "failed",
                                    "error_message": "unexpected subtree output \u003cr xmlns=\"default\" xmlns:p=\"outer\"\u003ebefore\u003c!--keep--\u003e\u003cp:old xmlns:p=\"inner\"/\u003e after\u003c/r\u003e",
                                    "duration": 35679
                                }
                            }
                        ]
                    },
                    {
                        "id": "structured-subtree-replacements-preserve-surrounding-source-bytes;a-later-invalid-subtree-replacement-leaves-the-snapshot-unchanged",
                        "keyword": "Scenario",
                        "name": "A later invalid subtree replacement leaves the snapshot unchanged",
                        "description": "",
                        "line": 12,
                        "type": "scenario",
                        "tags": [
                            {
                                "name": "@implemented",
                                "line": 1
                            },
                            {
                                "name": "@go",
                                "line": 1
                            },
                            {
                                "name": "@package",
                                "line": 1
                            },
                            {
                                "name": "@SUBTREE-002",
                                "line": 11
                            }
                        ],
                        "steps": [
                            {
                                "keyword": "Given ",
                                "name": "an XML subtree that shadows its parent's prefix",
                                "line": 13,
                                "match": {
                                    "location": "xml_subtree_test.go:26"
                                },
                                "result": {
                                    "status": "passed",
                                    "duration": 51656
                                }
                            },
                            {
                                "keyword": "When ",
                                "name": "one of the structured sibling replacements contains invalid XML text",
                                "line": 14,
                                "match": {
                                    "location": "xml_subtree_test.go:51"
                                },
                                "result": {
                                    "status": "passed",
                                    "duration": 54144
                                }
                            },
                            {
                                "keyword": "Then ",
                                "name": "subtree replacement refuses without publishing partial output",
                                "line": 15,
                                "match": {
                                    "location": "xml_subtree_test.go:57"
                                },
                                "result": {
                                    "status": "failed",
                                    "error_message": "partial/successful output",
                                    "duration": 33055
                                }
                            }
                        ]
                    }
                ]
            },
            {
                "uri": "../features/implemented/document/comment-mime-preservation.feature",
                "id": "unrelated-edits-preserve-differing-extended-comment-content-types",
                "keyword": "Feature",
                "name": "Unrelated edits preserve differing extended-comment content types",
                "description": "  Observed source-library disagreement does not authorise silent content-type normalization.",
                "line": 2,
                "tags": [
                    {
                        "name": "@implemented",
                        "line": 1
                    },
                    {
                        "name": "@go",
                        "line": 1
                    },
                    {
                        "name": "@document",
                        "line": 1
                    }
                ],
                "elements": [
                    {
                        "id": "unrelated-edits-preserve-differing-extended-comment-content-types;preserve-the-input-spelling-without-claiming-office-certification;;2",
                        "keyword": "Scenario Outline",
                        "name": "Preserve the input spelling without claiming Office certification",
                        "description": "",
                        "line": 14,
                        "type": "scenario",
                        "tags": [
                            {
                                "name": "@implemented",
                                "line": 1
                            },
                            {
                                "name": "@go",
                                "line": 1
                            },
                            {
                                "name": "@document",
                                "line": 1
                            },
                            {
                                "name": "@MIME-001",
                                "line": 5
                            }
                        ],
                        "steps": [
                            {
                                "keyword": "Given ",
                                "name": "a Word package with extended-comment MIME spelling \"pinned-go\"",
                                "line": 7,
                                "match": {
                                    "location": "comment_mime_test.go:30"
                                },
                                "result": {
                                    "status": "passed",
                                    "duration": 382676
                                }
                            },
                            {
                                "keyword": "When ",
                                "name": "I make an unrelated guarded body text correction",
                                "line": 8,
                                "match": {
                                    "location": "comment_mime_test.go:55"
                                },
                                "result": {
                                    "status": "passed",
                                    "duration": 1539833
                                }
                            },
                            {
                                "keyword": "Then ",
                                "name": "the delivered package retains the exact extended-comment MIME spelling",
                                "line": 9,
                                "match": {
                                    "location": "comment_mime_test.go:75"
                                },
                                "result": {
                                    "status": "passed",
                                    "duration": 172101
                                }
                            },
                            {
                                "keyword": "And ",
                                "name": "extended comments and relationship payloads remain byte-identical",
                                "line": 10,
                                "match": {
                                    "location": "comment_mime_test.go:97"
                                },
                                "result": {
                                    "status": "passed",
                                    "duration": 80672
                                }
                            }
                        ]
                    },
                    {
                        "id": "unrelated-edits-preserve-differing-extended-comment-content-types;preserve-the-input-spelling-without-claiming-office-certification;;3",
                        "keyword": "Scenario Outline",
                        "name": "Preserve the input spelling without claiming Office certification",
                        "description": "",
                        "line": 15,
                        "type": "scenario",
                        "tags": [
                            {
                                "name": "@implemented",
                                "line": 1
                            },
                            {
                                "name": "@go",
                                "line": 1
                            },
                            {
                                "name": "@document",
                                "line": 1
                            },
                            {
                                "name": "@MIME-001",
                                "line": 5
                            }
                        ],
                        "steps": [
                            {
                                "keyword": "Given ",
                                "name": "a Word package with extended-comment MIME spelling \"specified-metadata\"",
                                "line": 7,
                                "match": {
                                    "location": "comment_mime_test.go:30"
                                },
                                "result": {
                                    "status": "passed",
                                    "duration": 431473
                                }
                            },
                            {
                                "keyword": "When ",
                                "name": "I make an unrelated guarded body text correction",
                                "line": 8,
                                "match": {
                                    "location": "comment_mime_test.go:55"
                                },
                                "result": {
                                    "status": "passed",
                                    "duration": 1622913
                                }
                            },
                            {
                                "keyword": "Then ",
                                "name": "the delivered package retains the exact extended-comment MIME spelling",
                                "line": 9,
                                "match": {
                                    "location": "comment_mime_test.go:75"
                                },
                                "result": {
                                    "status": "passed",
                                    "duration": 186634
                                }
                            },
                            {
                                "keyword": "And ",
                                "name": "extended comments and relationship payloads remain byte-identical",
                                "line": 10,
                                "match": {
                                    "location": "comment_mime_test.go:97"
                                },
                                "result": {
                                    "status": "passed",
                                    "duration": 84760
                                }
                            }
                        ]
                    }
                ]
            },
            {
                "uri": "../features/implemented/document/run-boundary.feature",
                "id": "word-insertion-at-run-boundaries",
                "keyword": "Feature",
                "name": "Word insertion at run boundaries",
                "description": "  Insertion needs identical complete direct formatting and a proved shared owner.",
                "line": 2,
                "tags": [
                    {
                        "name": "@implemented",
                        "line": 1
                    },
                    {
                        "name": "@go",
                        "line": 1
                    },
                    {
                        "name": "@document",
                        "line": 1
                    }
                ],
                "elements": [
                    {
                        "id": "word-insertion-at-run-boundaries;identically-formatted-adjacent-runs-allow-a-boundary-insertion",
                        "keyword": "Scenario",
                        "name": "Identically formatted adjacent runs allow a boundary insertion",
                        "description": "",
                        "line": 6,
                        "type": "scenario",
                        "tags": [
                            {
                                "name": "@implemented",
                                "line": 1
                            },
                            {
                                "name": "@go",
                                "line": 1
                            },
                            {
                                "name": "@document",
                                "line": 1
                            },
                            {
                                "name": "@INSERT-001",
                                "line": 5
                            }
                        ],
                        "steps": [
                            {
                                "keyword": "Given ",
                                "name": "adjacent Word runs with identical direct formatting",
                                "line": 7,
                                "match": {
                                    "location": "run_boundary_test.go:55"
                                },
                                "result": {
                                    "status": "passed",
                                    "duration": 627912
                                }
                            },
                            {
                                "keyword": "When ",
                                "name": "I insert a character at their shared text boundary",
                                "line": 8,
                                "match": {
                                    "location": "run_boundary_test.go:57"
                                },
                                "result": {
                                    "status": "passed",
                                    "duration": 250900
                                }
                            },
                            {
                                "keyword": "Then ",
                                "name": "the combined text includes the insertion with unchanged run properties",
                                "line": 9,
                                "match": {
                                    "location": "run_boundary_test.go:58"
                                },
                                "result": {
                                    "status": "passed",
                                    "duration": 81192
                                }
                            }
                        ]
                    },
                    {
                        "id": "word-insertion-at-run-boundaries;differing-or-interrupted-boundary-ownership-refuses;;2",
                        "keyword": "Scenario Outline",
                        "name": "Differing or interrupted boundary ownership refuses",
                        "description": "",
                        "line": 19,
                        "type": "scenario",
                        "tags": [
                            {
                                "name": "@implemented",
                                "line": 1
                            },
                            {
                                "name": "@go",
                                "line": 1
                            },
                            {
                                "name": "@document",
                                "line": 1
                            },
                            {
                                "name": "@INSERT-002",
                                "line": 11
                            }
                        ],
                        "steps": [
                            {
                                "keyword": "Given ",
                                "name": "adjacent Word runs with \"different direct formatting\"",
                                "line": 13,
                                "match": {
                                    "location": "run_boundary_test.go:56"
                                },
                                "result": {
                                    "status": "passed",
                                    "duration": 354229
                                }
                            },
                            {
                                "keyword": "When ",
                                "name": "I attempt an insertion at their shared text boundary",
                                "line": 14,
                                "match": {
                                    "location": "run_boundary_test.go:68"
                                },
                                "result": {
                                    "status": "passed",
                                    "duration": 46884
                                }
                            },
                            {
                                "keyword": "Then ",
                                "name": "the insertion refuses and retains the original archive",
                                "line": 15,
                                "match": {
                                    "location": "run_boundary_test.go:69"
                                },
                                "result": {
                                    "status": "passed",
                                    "duration": 2157077
                                }
                            }
                        ]
                    },
                    {
                        "id": "word-insertion-at-run-boundaries;differing-or-interrupted-boundary-ownership-refuses;;3",
                        "keyword": "Scenario Outline",
                        "name": "Differing or interrupted boundary ownership refuses",
                        "description": "",
                        "line": 20,
                        "type": "scenario",
                        "tags": [
                            {
                                "name": "@implemented",
                                "line": 1
                            },
                            {
                                "name": "@go",
                                "line": 1
                            },
                            {
                                "name": "@document",
                                "line": 1
                            },
                            {
                                "name": "@INSERT-002",
                                "line": 11
                            }
                        ],
                        "steps": [
                            {
                                "keyword": "Given ",
                                "name": "adjacent Word runs with \"an intervening bookmark\"",
                                "line": 13,
                                "match": {
                                    "location": "run_boundary_test.go:56"
                                },
                                "result": {
                                    "status": "passed",
                                    "duration": 362988
                                }
                            },
                            {
                                "keyword": "When ",
                                "name": "I attempt an insertion at their shared text boundary",
                                "line": 14,
                                "match": {
                                    "location": "run_boundary_test.go:68"
                                },
                                "result": {
                                    "status": "passed",
                                    "duration": 98904
                                }
                            },
                            {
                                "keyword": "Then ",
                                "name": "the insertion refuses and retains the original archive",
                                "line": 15,
                                "match": {
                                    "location": "run_boundary_test.go:69"
                                },
                                "result": {
                                    "status": "passed",
                                    "duration": 1633217
                                }
                            }
                        ]
                    },
                    {
                        "id": "word-insertion-at-run-boundaries;differing-or-interrupted-boundary-ownership-refuses;;4",
                        "keyword": "Scenario Outline",
                        "name": "Differing or interrupted boundary ownership refuses",
                        "description": "",
                        "line": 21,
                        "type": "scenario",
                        "tags": [
                            {
                                "name": "@implemented",
                                "line": 1
                            },
                            {
                                "name": "@go",
                                "line": 1
                            },
                            {
                                "name": "@document",
                                "line": 1
                            },
                            {
                                "name": "@INSERT-002",
                                "line": 11
                            }
                        ],
                        "steps": [
                            {
                                "keyword": "Given ",
                                "name": "adjacent Word runs with \"different run attributes\"",
                                "line": 13,
                                "match": {
                                    "location": "run_boundary_test.go:56"
                                },
                                "result": {
                                    "status": "passed",
                                    "duration": 364044
                                }
                            },
                            {
                                "keyword": "When ",
                                "name": "I attempt an insertion at their shared text boundary",
                                "line": 14,
                                "match": {
                                    "location": "run_boundary_test.go:68"
                                },
                                "result": {
                                    "status": "passed",
                                    "duration": 67929
                                }
                            },
                            {
                                "keyword": "Then ",
                                "name": "the insertion refuses and retains the original archive",
                                "line": 15,
                                "match": {
                                    "location": "run_boundary_test.go:69"
                                },
                                "result": {
                                    "status": "passed",
                                    "duration": 1862820
                                }
                            }
                        ]
                    }
                ]
            },
            {
                "uri": "../features/implemented/document/search-boundaries.feature",
                "id": "word-normalised-and-paragraph-boundary-edge-cases",
                "keyword": "Feature",
                "name": "Word normalised and paragraph-boundary edge cases",
                "description": "  Failed folded candidates cannot hide later whole-character matches.",
                "line": 2,
                "tags": [
                    {
                        "name": "@implemented",
                        "line": 1
                    },
                    {
                        "name": "@go",
                        "line": 1
                    },
                    {
                        "name": "@document",
                        "line": 1
                    }
                ],
                "elements": [
                    {
                        "id": "word-normalised-and-paragraph-boundary-edge-cases;a-partial-folded-candidate-does-not-consume-a-later-valid-character-match",
                        "keyword": "Scenario",
                        "name": "A partial folded candidate does not consume a later valid character match",
                        "description": "",
                        "line": 6,
                        "type": "scenario",
                        "tags": [
                            {
                                "name": "@implemented",
                                "line": 1
                            },
                            {
                                "name": "@go",
                                "line": 1
                            },
                            {
                                "name": "@document",
                                "line": 1
                            },
                            {
                                "name": "@EDGE-001",
                                "line": 5
                            }
                        ],
                        "steps": [
                            {
                                "keyword": "Given ",
                                "name": "a Word paragraph containing \"sß\"",
                                "line": 7,
                                "match": {
                                    "location": "search_policy_test.go:41"
                                },
                                "result": {
                                    "status": "passed",
                                    "duration": 332325
                                }
                            },
                            {
                                "keyword": "When ",
                                "name": "I search with normalisation for \"ss\"",
                                "line": 8,
                                "match": {
                                    "location": "search_policy_test.go:43"
                                },
                                "result": {
                                    "status": "passed",
                                    "duration": 49347
                                }
                            },
                            {
                                "keyword": "Then ",
                                "name": "the search evidence is exactly \"ß\"",
                                "line": 9,
                                "match": {
                                    "location": "search_policy_test.go:48"
                                },
                                "result": {
                                    "status": "passed",
                                    "duration": 21188
                                }
                            }
                        ]
                    },
                    {
                        "id": "word-normalised-and-paragraph-boundary-edge-cases;a-span-ending-in-a-paragraph-separator-remains-inspection-only",
                        "keyword": "Scenario",
                        "name": "A span ending in a paragraph separator remains inspection-only",
                        "description": "",
                        "line": 12,
                        "type": "scenario",
                        "tags": [
                            {
                                "name": "@implemented",
                                "line": 1
                            },
                            {
                                "name": "@go",
                                "line": 1
                            },
                            {
                                "name": "@document",
                                "line": 1
                            },
                            {
                                "name": "@EDGE-002",
                                "line": 11
                            }
                        ],
                        "steps": [
                            {
                                "keyword": "Given ",
                                "name": "two scoped Word paragraphs containing \"first\" and \"second\"",
                                "line": 13,
                                "match": {
                                    "location": "search_scope_test.go:69"
                                },
                                "result": {
                                    "status": "passed",
                                    "duration": 378042
                                }
                            },
                            {
                                "keyword": "When ",
                                "name": "I search for text ending at the paragraph separator",
                                "line": 14,
                                "match": {
                                    "location": "search_scope_test.go:77"
                                },
                                "result": {
                                    "status": "passed",
                                    "duration": 87240
                                }
                            },
                            {
                                "keyword": "Then ",
                                "name": "attempting to edit that cross-paragraph match refuses",
                                "line": 15,
                                "match": {
                                    "location": "search_scope_test.go:84"
                                },
                                "result": {
                                    "status": "passed",
                                    "duration": 2313558
                                }
                            }
                        ]
                    }
                ]
            },
            {
                "uri": "../features/implemented/document/replace-all.feature",
                "id": "word-replace-all-reports-independent-refusals",
                "keyword": "Feature",
                "name": "Word replace-all reports independent refusals",
                "description": "  Supported matches commit together while unsupported matches remain unchanged and reported.",
                "line": 2,
                "tags": [
                    {
                        "name": "@implemented",
                        "line": 1
                    },
                    {
                        "name": "@go",
                        "line": 1
                    },
                    {
                        "name": "@document",
                        "line": 1
                    }
                ],
                "elements": [
                    {
                        "id": "word-replace-all-reports-independent-refusals;a-wrapper-refusal-does-not-discard-independent-supported-matches",
                        "keyword": "Scenario",
                        "name": "A wrapper refusal does not discard independent supported matches",
                        "description": "",
                        "line": 6,
                        "type": "scenario",
                        "tags": [
                            {
                                "name": "@implemented",
                                "line": 1
                            },
                            {
                                "name": "@go",
                                "line": 1
                            },
                            {
                                "name": "@document",
                                "line": 1
                            },
                            {
                                "name": "@ALL-001",
                                "line": 5
                            }
                        ],
                        "steps": [
                            {
                                "keyword": "Given ",
                                "name": "two plain Word matches and one hyperlink-owned match",
                                "line": 7,
                                "match": {
                                    "location": "replace_all_test.go:56"
                                },
                                "result": {
                                    "status": "passed",
                                    "duration": 1097967
                                }
                            },
                            {
                                "keyword": "When ",
                                "name": "I replace all occurrences of \"red\" with \"blue\"",
                                "line": 8,
                                "match": {
                                    "location": "replace_all_test.go:57"
                                },
                                "result": {
                                    "status": "passed",
                                    "duration": 407685
                                }
                            },
                            {
                                "keyword": "Then ",
                                "name": "two matches change and one unsupported match is reported",
                                "line": 9,
                                "match": {
                                    "location": "replace_all_test.go:62"
                                },
                                "result": {
                                    "status": "passed",
                                    "duration": 36689
                                }
                            },
                            {
                                "keyword": "And ",
                                "name": "the hyperlink-owned text remains unchanged",
                                "line": 10,
                                "match": {
                                    "location": "replace_all_test.go:68"
                                },
                                "result": {
                                    "status": "passed",
                                    "duration": 61274
                                }
                            }
                        ]
                    },
                    {
                        "id": "word-replace-all-reports-independent-refusals;replace-all-skips-matches-already-equal-to-the-replacement",
                        "keyword": "Scenario",
                        "name": "Replace-all skips matches already equal to the replacement",
                        "description": "",
                        "line": 13,
                        "type": "scenario",
                        "tags": [
                            {
                                "name": "@implemented",
                                "line": 1
                            },
                            {
                                "name": "@go",
                                "line": 1
                            },
                            {
                                "name": "@document",
                                "line": 1
                            },
                            {
                                "name": "@ALL-002",
                                "line": 12
                            }
                        ],
                        "steps": [
                            {
                                "keyword": "Given ",
                                "name": "two plain Word matches and one hyperlink-owned match",
                                "line": 14,
                                "match": {
                                    "location": "replace_all_test.go:56"
                                },
                                "result": {
                                    "status": "passed",
                                    "duration": 571734
                                }
                            },
                            {
                                "keyword": "When ",
                                "name": "I replace all occurrences of \"red\" with \"red\"",
                                "line": 15,
                                "match": {
                                    "location": "replace_all_test.go:57"
                                },
                                "result": {
                                    "status": "passed",
                                    "duration": 58788
                                }
                            },
                            {
                                "keyword": "Then ",
                                "name": "all three matches are skipped without refusals or mutation",
                                "line": 16,
                                "match": {
                                    "location": "replace_all_test.go:78"
                                },
                                "result": {
                                    "status": "passed",
                                    "duration": 1606822
                                }
                            }
                        ]
                    },
                    {
                        "id": "word-replace-all-reports-independent-refusals;invalid-xml-replacement-cannot-commit-any-selected-match",
                        "keyword": "Scenario",
                        "name": "Invalid XML replacement cannot commit any selected match",
                        "description": "",
                        "line": 19,
                        "type": "scenario",
                        "tags": [
                            {
                                "name": "@implemented",
                                "line": 1
                            },
                            {
                                "name": "@go",
                                "line": 1
                            },
                            {
                                "name": "@document",
                                "line": 1
                            },
                            {
                                "name": "@ALL-003",
                                "line": 18
                            }
                        ],
                        "steps": [
                            {
                                "keyword": "Given ",
                                "name": "two plain Word matches and one hyperlink-owned match",
                                "line": 20,
                                "match": {
                                    "location": "replace_all_test.go:56"
                                },
                                "result": {
                                    "status": "passed",
                                    "duration": 274022
                                }
                            },
                            {
                                "keyword": "When ",
                                "name": "I replace all occurrences with an XML-illegal value",
                                "line": 21,
                                "match": {
                                    "location": "replace_all_test.go:84"
                                },
                                "result": {
                                    "status": "passed",
                                    "duration": 144427
                                }
                            },
                            {
                                "keyword": "Then ",
                                "name": "no match changes and the original package bytes remain exact",
                                "line": 22,
                                "match": {
                                    "location": "replace_all_test.go:85"
                                },
                                "result": {
                                    "status": "passed",
                                    "duration": 1335790
                                }
                            }
                        ]
                    }
                ]
            },
            {
                "uri": "../features/implemented/document/search-scope.feature",
                "id": "word-search-story-and-view-scope",
                "keyword": "Feature",
                "name": "Word search story and view scope",
                "description": "  Paragraph boundaries are explicit characters and historical evidence cannot authorise current edits.",
                "line": 2,
                "tags": [
                    {
                        "name": "@implemented",
                        "line": 1
                    },
                    {
                        "name": "@go",
                        "line": 1
                    },
                    {
                        "name": "@document",
                        "line": 1
                    }
                ],
                "elements": [
                    {
                        "id": "word-search-story-and-view-scope;search-sees-exactly-one-newline-between-paragraphs",
                        "keyword": "Scenario",
                        "name": "Search sees exactly one newline between paragraphs",
                        "description": "",
                        "line": 6,
                        "type": "scenario",
                        "tags": [
                            {
                                "name": "@implemented",
                                "line": 1
                            },
                            {
                                "name": "@go",
                                "line": 1
                            },
                            {
                                "name": "@document",
                                "line": 1
                            },
                            {
                                "name": "@SCOPE-001",
                                "line": 5
                            }
                        ],
                        "steps": [
                            {
                                "keyword": "Given ",
                                "name": "two scoped Word paragraphs containing \"first\" and \"second\"",
                                "line": 7,
                                "match": {
                                    "location": "search_scope_test.go:69"
                                },
                                "result": {
                                    "status": "passed",
                                    "duration": 384938
                                }
                            },
                            {
                                "keyword": "When ",
                                "name": "I search for their text with an explicit paragraph separator",
                                "line": 8,
                                "match": {
                                    "location": "search_scope_test.go:72"
                                },
                                "result": {
                                    "status": "passed",
                                    "duration": 48396
                                }
                            },
                            {
                                "keyword": "Then ",
                                "name": "one cross-paragraph match reports the exact combined text",
                                "line": 9,
                                "match": {
                                    "location": "search_scope_test.go:78"
                                },
                                "result": {
                                    "status": "passed",
                                    "duration": 28125
                                }
                            },
                            {
                                "keyword": "And ",
                                "name": "attempting to edit that cross-paragraph match refuses",
                                "line": 10,
                                "match": {
                                    "location": "search_scope_test.go:84"
                                },
                                "result": {
                                    "status": "passed",
                                    "duration": 1543668
                                }
                            }
                        ]
                    },
                    {
                        "id": "word-search-story-and-view-scope;historical-view-matches-are-read-only",
                        "keyword": "Scenario",
                        "name": "Historical-view matches are read-only",
                        "description": "",
                        "line": 13,
                        "type": "scenario",
                        "tags": [
                            {
                                "name": "@implemented",
                                "line": 1
                            },
                            {
                                "name": "@go",
                                "line": 1
                            },
                            {
                                "name": "@document",
                                "line": 1
                            },
                            {
                                "name": "@SCOPE-002",
                                "line": 12
                            }
                        ],
                        "steps": [
                            {
                                "keyword": "Given ",
                                "name": "scoped Word text with a tracked deletion",
                                "line": 14,
                                "match": {
                                    "location": "search_scope_test.go:85"
                                },
                                "result": {
                                    "status": "passed",
                                    "duration": 829283
                                }
                            },
                            {
                                "keyword": "When ",
                                "name": "I search original-view text for \"removed\"",
                                "line": 15,
                                "match": {
                                    "location": "search_scope_test.go:88"
                                },
                                "result": {
                                    "status": "passed",
                                    "duration": 44682
                                }
                            },
                            {
                                "keyword": "Then ",
                                "name": "the historical match reports \"removed\"",
                                "line": 16,
                                "match": {
                                    "location": "search_scope_test.go:93"
                                },
                                "result": {
                                    "status": "passed",
                                    "duration": 20036
                                }
                            },
                            {
                                "keyword": "And ",
                                "name": "editing the historical match refuses without mutation",
                                "line": 17,
                                "match": {
                                    "location": "search_scope_test.go:99"
                                },
                                "result": {
                                    "status": "passed",
                                    "duration": 1342428
                                }
                            }
                        ]
                    },
                    {
                        "id": "word-search-story-and-view-scope;an-explicit-related-story-does-not-search-the-body-instead",
                        "keyword": "Scenario",
                        "name": "An explicit related story does not search the body instead",
                        "description": "",
                        "line": 20,
                        "type": "scenario",
                        "tags": [
                            {
                                "name": "@implemented",
                                "line": 1
                            },
                            {
                                "name": "@go",
                                "line": 1
                            },
                            {
                                "name": "@document",
                                "line": 1
                            },
                            {
                                "name": "@SCOPE-003",
                                "line": 19
                            }
                        ],
                        "steps": [
                            {
                                "keyword": "Given ",
                                "name": "scoped Word body and header text both equal to \"repeat\"",
                                "line": 21,
                                "match": {
                                    "location": "search_scope_test.go:100"
                                },
                                "result": {
                                    "status": "passed",
                                    "duration": 381690
                                }
                            },
                            {
                                "keyword": "When ",
                                "name": "I search only the header story for \"repeat\"",
                                "line": 22,
                                "match": {
                                    "location": "search_scope_test.go:101"
                                },
                                "result": {
                                    "status": "passed",
                                    "duration": 95714
                                }
                            },
                            {
                                "keyword": "Then ",
                                "name": "exactly one match identifies the header story",
                                "line": 23,
                                "match": {
                                    "location": "search_scope_test.go:106"
                                },
                                "result": {
                                    "status": "passed",
                                    "duration": 23225
                                }
                            }
                        ]
                    }
                ]
            },
            {
                "uri": "../features/implemented/document/span-replace.feature",
                "id": "word-span-replacement-with-exact-affix-alignment",
                "keyword": "Feature",
                "name": "Word span replacement with exact affix alignment",
                "description": "  A replacement changes one proved interval and leaves surrounding run markup intact.",
                "line": 2,
                "tags": [
                    {
                        "name": "@implemented",
                        "line": 1
                    },
                    {
                        "name": "@go",
                        "line": 1
                    },
                    {
                        "name": "@document",
                        "line": 1
                    }
                ],
                "elements": [
                    {
                        "id": "word-span-replacement-with-exact-affix-alignment;replacement-keeps-unchanged-fragments-in-their-source-runs;;2",
                        "keyword": "Scenario Outline",
                        "name": "Replacement keeps unchanged fragments in their source runs",
                        "description": "",
                        "line": 14,
                        "type": "scenario",
                        "tags": [
                            {
                                "name": "@implemented",
                                "line": 1
                            },
                            {
                                "name": "@go",
                                "line": 1
                            },
                            {
                                "name": "@document",
                                "line": 1
                            },
                            {
                                "name": "@REPLACE-001",
                                "line": 5
                            }
                        ],
                        "steps": [
                            {
                                "keyword": "Given ",
                                "name": "editable Word runs \"pre Al\" and \"pha post\"",
                                "line": 7,
                                "match": {
                                    "location": "span_replace_test.go:82"
                                },
                                "result": {
                                    "status": "passed",
                                    "duration": 307408
                                }
                            },
                            {
                                "keyword": "When ",
                                "name": "I replace the exact span \"Alpha\" with \"Omega\"",
                                "line": 8,
                                "match": {
                                    "location": "span_replace_test.go:84"
                                },
                                "result": {
                                    "status": "passed",
                                    "duration": 2286627
                                }
                            },
                            {
                                "keyword": "Then ",
                                "name": "the resulting run texts are \"pre Omeg\" and \"a post\"",
                                "line": 9,
                                "match": {
                                    "location": "span_replace_test.go:104"
                                },
                                "result": {
                                    "status": "passed",
                                    "duration": 45111
                                }
                            },
                            {
                                "keyword": "And ",
                                "name": "all run properties and surrounding XML are byte-preserved",
                                "line": 10,
                                "match": {
                                    "location": "span_replace_test.go:105"
                                },
                                "result": {
                                    "status": "passed",
                                    "duration": 32648
                                }
                            }
                        ]
                    },
                    {
                        "id": "word-span-replacement-with-exact-affix-alignment;replacement-keeps-unchanged-fragments-in-their-source-runs;;3",
                        "keyword": "Scenario Outline",
                        "name": "Replacement keeps unchanged fragments in their source runs",
                        "description": "",
                        "line": 15,
                        "type": "scenario",
                        "tags": [
                            {
                                "name": "@implemented",
                                "line": 1
                            },
                            {
                                "name": "@go",
                                "line": 1
                            },
                            {
                                "name": "@document",
                                "line": 1
                            },
                            {
                                "name": "@REPLACE-001",
                                "line": 5
                            }
                        ],
                        "steps": [
                            {
                                "keyword": "Given ",
                                "name": "editable Word runs \"Al\" and \"pha\"",
                                "line": 7,
                                "match": {
                                    "location": "span_replace_test.go:82"
                                },
                                "result": {
                                    "status": "passed",
                                    "duration": 332836
                                }
                            },
                            {
                                "keyword": "When ",
                                "name": "I replace the exact span \"Alpha\" with \"Beta\"",
                                "line": 8,
                                "match": {
                                    "location": "span_replace_test.go:84"
                                },
                                "result": {
                                    "status": "passed",
                                    "duration": 1779448
                                }
                            },
                            {
                                "keyword": "Then ",
                                "name": "the resulting run texts are \"Bet\" and \"a\"",
                                "line": 9,
                                "match": {
                                    "location": "span_replace_test.go:104"
                                },
                                "result": {
                                    "status": "passed",
                                    "duration": 32791
                                }
                            },
                            {
                                "keyword": "And ",
                                "name": "all run properties and surrounding XML are byte-preserved",
                                "line": 10,
                                "match": {
                                    "location": "span_replace_test.go:105"
                                },
                                "result": {
                                    "status": "passed",
                                    "duration": 32577
                                }
                            }
                        ]
                    },
                    {
                        "id": "word-span-replacement-with-exact-affix-alignment;replacement-keeps-unchanged-fragments-in-their-source-runs;;4",
                        "keyword": "Scenario Outline",
                        "name": "Replacement keeps unchanged fragments in their source runs",
                        "description": "",
                        "line": 16,
                        "type": "scenario",
                        "tags": [
                            {
                                "name": "@implemented",
                                "line": 1
                            },
                            {
                                "name": "@go",
                                "line": 1
                            },
                            {
                                "name": "@document",
                                "line": 1
                            },
                            {
                                "name": "@REPLACE-001",
                                "line": 5
                            }
                        ],
                        "steps": [
                            {
                                "keyword": "Given ",
                                "name": "editable Word runs \"fee😀\" and \"caféEnd\"",
                                "line": 7,
                                "match": {
                                    "location": "span_replace_test.go:82"
                                },
                                "result": {
                                    "status": "passed",
                                    "duration": 319203
                                }
                            },
                            {
                                "keyword": "When ",
                                "name": "I replace the exact span \"😀café\" with \"tea\"",
                                "line": 8,
                                "match": {
                                    "location": "span_replace_test.go:84"
                                },
                                "result": {
                                    "status": "passed",
                                    "duration": 1930455
                                }
                            },
                            {
                                "keyword": "Then ",
                                "name": "the resulting run texts are \"feetea\" and \"End\"",
                                "line": 9,
                                "match": {
                                    "location": "span_replace_test.go:104"
                                },
                                "result": {
                                    "status": "passed",
                                    "duration": 40957
                                }
                            },
                            {
                                "keyword": "And ",
                                "name": "all run properties and surrounding XML are byte-preserved",
                                "line": 10,
                                "match": {
                                    "location": "span_replace_test.go:105"
                                },
                                "result": {
                                    "status": "passed",
                                    "duration": 32555
                                }
                            }
                        ]
                    },
                    {
                        "id": "word-span-replacement-with-exact-affix-alignment;repeated-affix-ambiguity-refuses-without-consuming-the-target",
                        "keyword": "Scenario",
                        "name": "Repeated affix ambiguity refuses without consuming the target",
                        "description": "",
                        "line": 19,
                        "type": "scenario",
                        "tags": [
                            {
                                "name": "@implemented",
                                "line": 1
                            },
                            {
                                "name": "@go",
                                "line": 1
                            },
                            {
                                "name": "@document",
                                "line": 1
                            },
                            {
                                "name": "@REPLACE-002",
                                "line": 18
                            }
                        ],
                        "steps": [
                            {
                                "keyword": "Given ",
                                "name": "editable Word runs \"Term\" and \"Term\"",
                                "line": 20,
                                "match": {
                                    "location": "span_replace_test.go:82"
                                },
                                "result": {
                                    "status": "passed",
                                    "duration": 316356
                                }
                            },
                            {
                                "keyword": "When ",
                                "name": "I attempt to replace \"TermTerm\" with \"Term\"",
                                "line": 21,
                                "match": {
                                    "location": "span_replace_test.go:112"
                                },
                                "result": {
                                    "status": "passed",
                                    "duration": 69043
                                }
                            },
                            {
                                "keyword": "Then ",
                                "name": "ambiguous alignment refuses with the original archive intact",
                                "line": 22,
                                "match": {
                                    "location": "span_replace_test.go:121"
                                },
                                "result": {
                                    "status": "passed",
                                    "duration": 1842159
                                }
                            },
                            {
                                "keyword": "And ",
                                "name": "the same span remains reusable for a different replacement",
                                "line": 23,
                                "match": {
                                    "location": "span_replace_test.go:123"
                                },
                                "result": {
                                    "status": "passed",
                                    "duration": 231073
                                }
                            }
                        ]
                    },
                    {
                        "id": "word-span-replacement-with-exact-affix-alignment;a-visible-span-across-a-hyperlink-boundary-cannot-authorise-an-edit",
                        "keyword": "Scenario",
                        "name": "A visible span across a hyperlink boundary cannot authorise an edit",
                        "description": "",
                        "line": 26,
                        "type": "scenario",
                        "tags": [
                            {
                                "name": "@implemented",
                                "line": 1
                            },
                            {
                                "name": "@go",
                                "line": 1
                            },
                            {
                                "name": "@document",
                                "line": 1
                            },
                            {
                                "name": "@REPLACE-003",
                                "line": 25
                            }
                        ],
                        "steps": [
                            {
                                "keyword": "Given ",
                                "name": "text split across a plain run and a hyperlink wrapper",
                                "line": 27,
                                "match": {
                                    "location": "span_replace_test.go:83"
                                },
                                "result": {
                                    "status": "passed",
                                    "duration": 334213
                                }
                            },
                            {
                                "keyword": "When ",
                                "name": "I attempt to replace \"Alpha\" with \"Omega\"",
                                "line": 28,
                                "match": {
                                    "location": "span_replace_test.go:112"
                                },
                                "result": {
                                    "status": "passed",
                                    "duration": 283913
                                }
                            },
                            {
                                "keyword": "Then ",
                                "name": "wrapper-crossing replacement refuses with the original archive intact",
                                "line": 29,
                                "match": {
                                    "location": "span_replace_test.go:122"
                                },
                                "result": {
                                    "status": "passed",
                                    "duration": 1844522
                                }
                            }
                        ]
                    }
                ]
            },
            {
                "uri": "../features/implemented/document/whitespace.feature",
                "id": "word-whitespace-preservation-on-successful-edits",
                "keyword": "Feature",
                "name": "Word whitespace preservation on successful edits",
                "description": "  Changed text receives explicit XML space preservation without altering unrelated attributes.",
                "line": 2,
                "tags": [
                    {
                        "name": "@implemented",
                        "line": 1
                    },
                    {
                        "name": "@go",
                        "line": 1
                    },
                    {
                        "name": "@document",
                        "line": 1
                    }
                ],
                "elements": [
                    {
                        "id": "word-whitespace-preservation-on-successful-edits;a-single-replacement-adds-the-required-preservation-attribute",
                        "keyword": "Scenario",
                        "name": "A single replacement adds the required preservation attribute",
                        "description": "",
                        "line": 6,
                        "type": "scenario",
                        "tags": [
                            {
                                "name": "@implemented",
                                "line": 1
                            },
                            {
                                "name": "@go",
                                "line": 1
                            },
                            {
                                "name": "@document",
                                "line": 1
                            },
                            {
                                "name": "@SPACE-001",
                                "line": 5
                            }
                        ],
                        "steps": [
                            {
                                "keyword": "Given ",
                                "name": "a Word text leaf without XML space preservation",
                                "line": 7,
                                "match": {
                                    "location": "whitespace_test.go:83"
                                },
                                "result": {
                                    "status": "passed",
                                    "duration": 960309
                                }
                            },
                            {
                                "keyword": "When ",
                                "name": "I replace its text with leading and trailing spaces",
                                "line": 8,
                                "match": {
                                    "location": "whitespace_test.go:85"
                                },
                                "result": {
                                    "status": "passed",
                                    "duration": 2348913
                                }
                            },
                            {
                                "keyword": "Then ",
                                "name": "the changed leaf has XML space preserve and exact new text",
                                "line": 9,
                                "match": {
                                    "location": "whitespace_test.go:95"
                                },
                                "result": {
                                    "status": "passed",
                                    "duration": 54324
                                }
                            },
                            {
                                "keyword": "And ",
                                "name": "its unrelated attribute bytes remain unchanged",
                                "line": 10,
                                "match": {
                                    "location": "whitespace_test.go:96"
                                },
                                "result": {
                                    "status": "passed",
                                    "duration": 26530
                                }
                            }
                        ]
                    },
                    {
                        "id": "word-whitespace-preservation-on-successful-edits;a-selected-batch-adds-one-preservation-attribute-to-a-shared-leaf",
                        "keyword": "Scenario",
                        "name": "A selected batch adds one preservation attribute to a shared leaf",
                        "description": "",
                        "line": 13,
                        "type": "scenario",
                        "tags": [
                            {
                                "name": "@implemented",
                                "line": 1
                            },
                            {
                                "name": "@go",
                                "line": 1
                            },
                            {
                                "name": "@document",
                                "line": 1
                            },
                            {
                                "name": "@SPACE-002",
                                "line": 12
                            }
                        ],
                        "steps": [
                            {
                                "keyword": "Given ",
                                "name": "two Word matches in a leaf without XML space preservation",
                                "line": 14,
                                "match": {
                                    "location": "whitespace_test.go:84"
                                },
                                "result": {
                                    "status": "passed",
                                    "duration": 266546
                                }
                            },
                            {
                                "keyword": "When ",
                                "name": "a selected batch adds significant spaces to both matches",
                                "line": 15,
                                "match": {
                                    "location": "whitespace_test.go:102"
                                },
                                "result": {
                                    "status": "passed",
                                    "duration": 1819498
                                }
                            },
                            {
                                "keyword": "Then ",
                                "name": "the saved leaf has one XML space preserve attribute",
                                "line": 16,
                                "match": {
                                    "location": "whitespace_test.go:116"
                                },
                                "result": {
                                    "status": "passed",
                                    "duration": 40572
                                }
                            },
                            {
                                "keyword": "And ",
                                "name": "both replacements retain their significant spaces",
                                "line": 17,
                                "match": {
                                    "location": "whitespace_test.go:122"
                                },
                                "result": {
                                    "status": "passed",
                                    "duration": 34549
                                }
                            }
                        ]
                    }
                ]
            },
            {
                "uri": "../features/implemented/package/xml-normalization.feature",
                "id": "xml-line-endings-and-attribute-values-retain-original-edit-offsets",
                "keyword": "Feature",
                "name": "XML line endings and attribute values retain original edit offsets",
                "description": "  Decoded values follow XML normalization without reserializing untouched source bytes.",
                "line": 2,
                "tags": [
                    {
                        "name": "@implemented",
                        "line": 1
                    },
                    {
                        "name": "@go",
                        "line": 1
                    },
                    {
                        "name": "@package",
                        "line": 1
                    }
                ],
                "elements": [
                    {
                        "id": "xml-line-endings-and-attribute-values-retain-original-edit-offsets;literal-line-endings-normalize-but-no-op-and-edits-use-original-offsets",
                        "keyword": "Scenario",
                        "name": "Literal line endings normalize but no-op and edits use original offsets",
                        "description": "",
                        "line": 6,
                        "type": "scenario",
                        "tags": [
                            {
                                "name": "@implemented",
                                "line": 1
                            },
                            {
                                "name": "@go",
                                "line": 1
                            },
                            {
                                "name": "@package",
                                "line": 1
                            },
                            {
                                "name": "@NORM-001",
                                "line": 5
                            }
                        ],
                        "steps": [
                            {
                                "keyword": "Given ",
                                "name": "XML text containing mixed CRLF and CR line endings",
                                "line": 7,
                                "match": {
                                    "location": "xml_normalization_test.go:33"
                                },
                                "result": {
                                    "status": "passed",
                                    "duration": 34994
                                }
                            },
                            {
                                "keyword": "When ",
                                "name": "I inspect its decoded character data",
                                "line": 8,
                                "match": {
                                    "location": "xml_normalization_test.go:42"
                                },
                                "result": {
                                    "status": "passed",
                                    "duration": 19685
                                }
                            },
                            {
                                "keyword": "Then ",
                                "name": "literal line endings are LF while numeric CR remains CR",
                                "line": 9,
                                "match": {
                                    "location": "xml_normalization_test.go:50"
                                },
                                "result": {
                                    "status": "passed",
                                    "duration": 29427
                                }
                            },
                            {
                                "keyword": "And ",
                                "name": "a decoded-text no-op preserves the original bytes",
                                "line": 10,
                                "match": {
                                    "location": "xml_normalization_test.go:56"
                                },
                                "result": {
                                    "status": "passed",
                                    "duration": 26798
                                }
                            },
                            {
                                "keyword": "And ",
                                "name": "a changed text leaf preserves surrounding original line endings",
                                "line": 11,
                                "match": {
                                    "location": "xml_normalization_test.go:66"
                                },
                                "result": {
                                    "status": "passed",
                                    "duration": 32228
                                }
                            }
                        ]
                    },
                    {
                        "id": "xml-line-endings-and-attribute-values-retain-original-edit-offsets;literal-attribute-whitespace-differs-from-numeric-character-references",
                        "keyword": "Scenario",
                        "name": "Literal attribute whitespace differs from numeric character references",
                        "description": "",
                        "line": 14,
                        "type": "scenario",
                        "tags": [
                            {
                                "name": "@implemented",
                                "line": 1
                            },
                            {
                                "name": "@go",
                                "line": 1
                            },
                            {
                                "name": "@package",
                                "line": 1
                            },
                            {
                                "name": "@NORM-002",
                                "line": 13
                            }
                        ],
                        "steps": [
                            {
                                "keyword": "Given ",
                                "name": "an XML attribute with literal whitespace and numeric whitespace references",
                                "line": 15,
                                "match": {
                                    "location": "xml_normalization_test.go:77"
                                },
                                "result": {
                                    "status": "passed",
                                    "duration": 55291
                                }
                            },
                            {
                                "keyword": "When ",
                                "name": "I inspect its decoded attribute value",
                                "line": 16,
                                "match": {
                                    "location": "xml_normalization_test.go:86"
                                },
                                "result": {
                                    "status": "passed",
                                    "duration": 21767
                                }
                            },
                            {
                                "keyword": "Then ",
                                "name": "literal attribute whitespace is spaces and numeric references retain their characters",
                                "line": 17,
                                "match": {
                                    "location": "xml_normalization_test.go:87"
                                },
                                "result": {
                                    "status": "passed",
                                    "duration": 30590
                                }
                            },
                            {
                                "keyword": "And ",
                                "name": "a decoded-attribute no-op preserves its original lexical bytes",
                                "line": 18,
                                "match": {
                                    "location": "xml_normalization_test.go:93"
                                },
                                "result": {
                                    "status": "passed",
                                    "duration": 35583
                                }
                            }
                        ]
                    },
                    {
                        "id": "xml-line-endings-and-attribute-values-retain-original-edit-offsets;changed-attribute-whitespace-round-trips-without-losing-numeric-characters",
                        "keyword": "Scenario",
                        "name": "Changed attribute whitespace round-trips without losing numeric characters",
                        "description": "",
                        "line": 21,
                        "type": "scenario",
                        "tags": [
                            {
                                "name": "@implemented",
                                "line": 1
                            },
                            {
                                "name": "@go",
                                "line": 1
                            },
                            {
                                "name": "@package",
                                "line": 1
                            },
                            {
                                "name": "@NORM-003",
                                "line": 20
                            }
                        ],
                        "steps": [
                            {
                                "keyword": "Given ",
                                "name": "an XML attribute with literal whitespace and numeric whitespace references",
                                "line": 22,
                                "match": {
                                    "location": "xml_normalization_test.go:77"
                                },
                                "result": {
                                    "status": "passed",
                                    "duration": 54486
                                }
                            },
                            {
                                "keyword": "When ",
                                "name": "I replace the attribute with tab CR and LF characters",
                                "line": 23,
                                "match": {
                                    "location": "xml_normalization_test.go:103"
                                },
                                "result": {
                                    "status": "passed",
                                    "duration": 35775
                                }
                            },
                            {
                                "keyword": "Then ",
                                "name": "the changed attribute decodes to the requested characters",
                                "line": 24,
                                "match": {
                                    "location": "xml_normalization_test.go:109"
                                },
                                "result": {
                                    "status": "passed",
                                    "duration": 31775
                                }
                            },
                            {
                                "keyword": "And ",
                                "name": "unrelated attributes and start-tag spacing remain byte-identical",
                                "line": 25,
                                "match": {
                                    "location": "xml_normalization_test.go:123"
                                },
                                "result": {
                                    "status": "passed",
                                    "duration": 30142
                                }
                            }
                        ]
                    }
                ]
            }
        ]
    acceptance_test.go:170: {File:../features/implemented/package/xml-subtree.feature ID:@SUBTREE-001 Line:6} step "inserted names use the parent scope and surrounding bytes stay exact": failed
FAIL
FAIL	github.com/rcarmo/go-ooxml/acceptance	1.123s
FAIL
