ok  	github.com/rcarmo/go-ooxml/internal/losslessxml	(cached)
--- FAIL: TestMultilineNotesEdges (0.01s)
    --- FAIL: TestMultilineNotesEdges/self-closing_text_fill (0.00s)
        notes_lines_test.go:42: presentation_edit: unsupported_structure (): self-closing insertion requires structural edit
    --- FAIL: TestMultilineNotesEdges/single_leaf_edge_whitespace_enables_preservation (0.00s)
        notes_lines_test.go:75: edge spaces not marked preserve
FAIL
FAIL	github.com/rcarmo/go-ooxml/pkg/presentation	0.599s
FAIL
--- FAIL: TestAcceptance (1.20s)
    acceptance_test.go:168: Godog failed (1): [
            {
                "uri": "../features/implemented/package/io-safety.feature",
                "id": "archive-intake-and-failure-safe-package-delivery",
                "keyword": "Feature",
                "name": "Archive intake and failure-safe package delivery",
                "description": "  Ambiguous archive names and failed writes must not produce a successful edit.",
                "line": 2,
                "tags": [
                    {
                        "name": "@implemented",
                        "line": 1
                    },
                    {
                        "name": "@go",
                        "line": 1
                    },
                    {
                        "name": "@package",
                        "line": 1
                    }
                ],
                "elements": [
                    {
                        "id": "archive-intake-and-failure-safe-package-delivery;unsafe-archive-names-refuse-before-package-parsing;;2",
                        "keyword": "Scenario Outline",
                        "name": "Unsafe archive names refuse before package parsing",
                        "description": "",
                        "line": 13,
                        "type": "scenario",
                        "tags": [
                            {
                                "name": "@implemented",
                                "line": 1
                            },
                            {
                                "name": "@go",
                                "line": 1
                            },
                            {
                                "name": "@package",
                                "line": 1
                            },
                            {
                                "name": "@IO-001",
                                "line": 5
                            }
                        ],
                        "steps": [
                            {
                                "keyword": "Given ",
                                "name": "a synthetic archive with \"duplicate\" member names",
                                "line": 7,
                                "match": {
                                    "location": "io_test.go:131"
                                },
                                "result": {
                                    "status": "passed",
                                    "duration": 162277
                                }
                            },
                            {
                                "keyword": "When ",
                                "name": "I attempt to open the synthetic archive",
                                "line": 8,
                                "match": {
                                    "location": "io_test.go:180"
                                },
                                "result": {
                                    "status": "passed",
                                    "duration": 42517
                                }
                            },
                            {
                                "keyword": "Then ",
                                "name": "archive intake fails without changing the source bytes",
                                "line": 9,
                                "match": {
                                    "location": "io_test.go:181"
                                },
                                "result": {
                                    "status": "passed",
                                    "duration": 33870
                                }
                            }
                        ]
                    },
                    {
                        "id": "archive-intake-and-failure-safe-package-delivery;unsafe-archive-names-refuse-before-package-parsing;;3",
                        "keyword": "Scenario Outline",
                        "name": "Unsafe archive names refuse before package parsing",
                        "description": "",
                        "line": 14,
                        "type": "scenario",
                        "tags": [
                            {
                                "name": "@implemented",
                                "line": 1
                            },
                            {
                                "name": "@go",
                                "line": 1
                            },
                            {
                                "name": "@package",
                                "line": 1
                            },
                            {
                                "name": "@IO-001",
                                "line": 5
                            }
                        ],
                        "steps": [
                            {
                                "keyword": "Given ",
                                "name": "a synthetic archive with \"collision\" member names",
                                "line": 7,
                                "match": {
                                    "location": "io_test.go:131"
                                },
                                "result": {
                                    "status": "passed",
                                    "duration": 133078
                                }
                            },
                            {
                                "keyword": "When ",
                                "name": "I attempt to open the synthetic archive",
                                "line": 8,
                                "match": {
                                    "location": "io_test.go:180"
                                },
                                "result": {
                                    "status": "passed",
                                    "duration": 44281
                                }
                            },
                            {
                                "keyword": "Then ",
                                "name": "archive intake fails without changing the source bytes",
                                "line": 9,
                                "match": {
                                    "location": "io_test.go:181"
                                },
                                "result": {
                                    "status": "passed",
                                    "duration": 34060
                                }
                            }
                        ]
                    },
                    {
                        "id": "archive-intake-and-failure-safe-package-delivery;unsafe-archive-names-refuse-before-package-parsing;;4",
                        "keyword": "Scenario Outline",
                        "name": "Unsafe archive names refuse before package parsing",
                        "description": "",
                        "line": 15,
                        "type": "scenario",
                        "tags": [
                            {
                                "name": "@implemented",
                                "line": 1
                            },
                            {
                                "name": "@go",
                                "line": 1
                            },
                            {
                                "name": "@package",
                                "line": 1
                            },
                            {
                                "name": "@IO-001",
                                "line": 5
                            }
                        ],
                        "steps": [
                            {
                                "keyword": "Given ",
                                "name": "a synthetic archive with \"traversal\" member names",
                                "line": 7,
                                "match": {
                                    "location": "io_test.go:131"
                                },
                                "result": {
                                    "status": "passed",
                                    "duration": 190547
                                }
                            },
                            {
                                "keyword": "When ",
                                "name": "I attempt to open the synthetic archive",
                                "line": 8,
                                "match": {
                                    "location": "io_test.go:180"
                                },
                                "result": {
                                    "status": "passed",
                                    "duration": 50918
                                }
                            },
                            {
                                "keyword": "Then ",
                                "name": "archive intake fails without changing the source bytes",
                                "line": 9,
                                "match": {
                                    "location": "io_test.go:181"
                                },
                                "result": {
                                    "status": "passed",
                                    "duration": 41182
                                }
                            }
                        ]
                    },
                    {
                        "id": "archive-intake-and-failure-safe-package-delivery;unsafe-archive-names-refuse-before-package-parsing;;5",
                        "keyword": "Scenario Outline",
                        "name": "Unsafe archive names refuse before package parsing",
                        "description": "",
                        "line": 16,
                        "type": "scenario",
                        "tags": [
                            {
                                "name": "@implemented",
                                "line": 1
                            },
                            {
                                "name": "@go",
                                "line": 1
                            },
                            {
                                "name": "@package",
                                "line": 1
                            },
                            {
                                "name": "@IO-001",
                                "line": 5
                            }
                        ],
                        "steps": [
                            {
                                "keyword": "Given ",
                                "name": "a synthetic archive with \"absolute\" member names",
                                "line": 7,
                                "match": {
                                    "location": "io_test.go:131"
                                },
                                "result": {
                                    "status": "passed",
                                    "duration": 608700
                                }
                            },
                            {
                                "keyword": "When ",
                                "name": "I attempt to open the synthetic archive",
                                "line": 8,
                                "match": {
                                    "location": "io_test.go:180"
                                },
                                "result": {
                                    "status": "passed",
                                    "duration": 83053
                                }
                            },
                            {
                                "keyword": "Then ",
                                "name": "archive intake fails without changing the source bytes",
                                "line": 9,
                                "match": {
                                    "location": "io_test.go:181"
                                },
                                "result": {
                                    "status": "passed",
                                    "duration": 54835
                                }
                            }
                        ]
                    },
                    {
                        "id": "archive-intake-and-failure-safe-package-delivery;unsafe-archive-names-refuse-before-package-parsing;;6",
                        "keyword": "Scenario Outline",
                        "name": "Unsafe archive names refuse before package parsing",
                        "description": "",
                        "line": 17,
                        "type": "scenario",
                        "tags": [
                            {
                                "name": "@implemented",
                                "line": 1
                            },
                            {
                                "name": "@go",
                                "line": 1
                            },
                            {
                                "name": "@package",
                                "line": 1
                            },
                            {
                                "name": "@IO-001",
                                "line": 5
                            }
                        ],
                        "steps": [
                            {
                                "keyword": "Given ",
                                "name": "a synthetic archive with \"backslash\" member names",
                                "line": 7,
                                "match": {
                                    "location": "io_test.go:131"
                                },
                                "result": {
                                    "status": "passed",
                                    "duration": 352451
                                }
                            },
                            {
                                "keyword": "When ",
                                "name": "I attempt to open the synthetic archive",
                                "line": 8,
                                "match": {
                                    "location": "io_test.go:180"
                                },
                                "result": {
                                    "status": "passed",
                                    "duration": 60415
                                }
                            },
                            {
                                "keyword": "Then ",
                                "name": "archive intake fails without changing the source bytes",
                                "line": 9,
                                "match": {
                                    "location": "io_test.go:181"
                                },
                                "result": {
                                    "status": "passed",
                                    "duration": 36456
                                }
                            }
                        ]
                    },
                    {
                        "id": "archive-intake-and-failure-safe-package-delivery;stream-finalisation-failure-is-returned-to-the-caller",
                        "keyword": "Scenario",
                        "name": "Stream finalisation failure is returned to the caller",
                        "description": "",
                        "line": 20,
                        "type": "scenario",
                        "tags": [
                            {
                                "name": "@implemented",
                                "line": 1
                            },
                            {
                                "name": "@go",
                                "line": 1
                            },
                            {
                                "name": "@package",
                                "line": 1
                            },
                            {
                                "name": "@IO-002",
                                "line": 19
                            }
                        ],
                        "steps": [
                            {
                                "keyword": "Given ",
                                "name": "a small new Office package",
                                "line": 21,
                                "match": {
                                    "location": "io_test.go:182"
                                },
                                "result": {
                                    "status": "passed",
                                    "duration": 43415
                                }
                            },
                            {
                                "keyword": "When ",
                                "name": "I write it to a stream that fails during finalisation",
                                "line": 22,
                                "match": {
                                    "location": "io_test.go:183"
                                },
                                "result": {
                                    "status": "passed",
                                    "duration": 131875
                                }
                            },
                            {
                                "keyword": "Then ",
                                "name": "the write reports the injected failure",
                                "line": 23,
                                "match": {
                                    "location": "io_test.go:184"
                                },
                                "result": {
                                    "status": "passed",
                                    "duration": 29441
                                }
                            }
                        ]
                    },
                    {
                        "id": "archive-intake-and-failure-safe-package-delivery;a-serialisation-failure-preserves-an-existing-destination",
                        "keyword": "Scenario",
                        "name": "A serialisation failure preserves an existing destination",
                        "description": "",
                        "line": 26,
                        "type": "scenario",
                        "tags": [
                            {
                                "name": "@implemented",
                                "line": 1
                            },
                            {
                                "name": "@go",
                                "line": 1
                            },
                            {
                                "name": "@package",
                                "line": 1
                            },
                            {
                                "name": "@IO-003",
                                "line": 25
                            }
                        ],
                        "steps": [
                            {
                                "keyword": "Given ",
                                "name": "an existing destination and an unserialisable package",
                                "line": 27,
                                "match": {
                                    "location": "io_test.go:190"
                                },
                                "result": {
                                    "status": "passed",
                                    "duration": 211416
                                }
                            },
                            {
                                "keyword": "When ",
                                "name": "I attempt to save over the destination",
                                "line": 28,
                                "match": {
                                    "location": "io_test.go:191"
                                },
                                "result": {
                                    "status": "passed",
                                    "duration": 92156
                                }
                            },
                            {
                                "keyword": "Then ",
                                "name": "saving fails and the destination and package state remain unchanged",
                                "line": 29,
                                "match": {
                                    "location": "io_test.go:192"
                                },
                                "result": {
                                    "status": "passed",
                                    "duration": 79199
                                }
                            },
                            {
                                "keyword": "And ",
                                "name": "no temporary files remain in the destination directory",
                                "line": 30,
                                "match": {
                                    "location": "io_test.go:193"
                                },
                                "result": {
                                    "status": "passed",
                                    "duration": 130776
                                }
                            }
                        ]
                    }
                ]
            },
            {
                "uri": "../features/implemented/document/span-batch.feature",
                "id": "atomic-selected-word-span-batches",
                "keyword": "Feature",
                "name": "Atomic selected Word span batches",
                "description": "  A batch commits every selected replacement together or leaves all targets unchanged.",
                "line": 2,
                "tags": [
                    {
                        "name": "@implemented",
                        "line": 1
                    },
                    {
                        "name": "@go",
                        "line": 1
                    },
                    {
                        "name": "@document",
                        "line": 1
                    }
                ],
                "elements": [
                    {
                        "id": "atomic-selected-word-span-batches;several-matches-in-one-leaf-are-replaced-in-one-transaction",
                        "keyword": "Scenario",
                        "name": "Several matches in one leaf are replaced in one transaction",
                        "description": "",
                        "line": 6,
                        "type": "scenario",
                        "tags": [
                            {
                                "name": "@implemented",
                                "line": 1
                            },
                            {
                                "name": "@go",
                                "line": 1
                            },
                            {
                                "name": "@document",
                                "line": 1
                            },
                            {
                                "name": "@BATCH-001",
                                "line": 5
                            }
                        ],
                        "steps": [
                            {
                                "keyword": "Given ",
                                "name": "selected Word spans for three occurrences of \"red\"",
                                "line": 7,
                                "match": {
                                    "location": "span_batch_test.go:69"
                                },
                                "result": {
                                    "status": "passed",
                                    "duration": 473523
                                }
                            },
                            {
                                "keyword": "When ",
                                "name": "I replace all selected spans with \"blue\"",
                                "line": 8,
                                "match": {
                                    "location": "span_batch_test.go:71"
                                },
                                "result": {
                                    "status": "passed",
                                    "duration": 268841
                                }
                            },
                            {
                                "keyword": "Then ",
                                "name": "the paragraph reads \"blue blue blue\"",
                                "line": 9,
                                "match": {
                                    "location": "span_batch_test.go:72"
                                },
                                "result": {
                                    "status": "passed",
                                    "duration": 85033
                                }
                            },
                            {
                                "keyword": "And ",
                                "name": "every changed selected target is consumed",
                                "line": 10,
                                "match": {
                                    "location": "span_batch_test.go:82"
                                },
                                "result": {
                                    "status": "passed",
                                    "duration": 99905
                                }
                            }
                        ]
                    },
                    {
                        "id": "atomic-selected-word-span-batches;an-unsupported-later-target-rolls-back-earlier-selected-edits",
                        "keyword": "Scenario",
                        "name": "An unsupported later target rolls back earlier selected edits",
                        "description": "",
                        "line": 13,
                        "type": "scenario",
                        "tags": [
                            {
                                "name": "@implemented",
                                "line": 1
                            },
                            {
                                "name": "@go",
                                "line": 1
                            },
                            {
                                "name": "@document",
                                "line": 1
                            },
                            {
                                "name": "@BATCH-002",
                                "line": 12
                            }
                        ],
                        "steps": [
                            {
                                "keyword": "Given ",
                                "name": "selected Word spans with a later hyperlink-owned occurrence",
                                "line": 14,
                                "match": {
                                    "location": "span_batch_test.go:70"
                                },
                                "result": {
                                    "status": "passed",
                                    "duration": 286202
                                }
                            },
                            {
                                "keyword": "When ",
                                "name": "I attempt a selected batch replacement with \"blue\"",
                                "line": 15,
                                "match": {
                                    "location": "span_batch_test.go:92"
                                },
                                "result": {
                                    "status": "passed",
                                    "duration": 105037
                                }
                            },
                            {
                                "keyword": "Then ",
                                "name": "the selected batch refuses without changing the source archive",
                                "line": 16,
                                "match": {
                                    "location": "span_batch_test.go:93"
                                },
                                "result": {
                                    "status": "passed",
                                    "duration": 2002322
                                }
                            },
                            {
                                "keyword": "And ",
                                "name": "the first ordinary target remains reusable",
                                "line": 17,
                                "match": {
                                    "location": "span_batch_test.go:107"
                                },
                                "result": {
                                    "status": "passed",
                                    "duration": 107937
                                }
                            }
                        ]
                    },
                    {
                        "id": "atomic-selected-word-span-batches;a-stale-selected-target-aborts-the-whole-batch",
                        "keyword": "Scenario",
                        "name": "A stale selected target aborts the whole batch",
                        "description": "",
                        "line": 20,
                        "type": "scenario",
                        "tags": [
                            {
                                "name": "@implemented",
                                "line": 1
                            },
                            {
                                "name": "@go",
                                "line": 1
                            },
                            {
                                "name": "@document",
                                "line": 1
                            },
                            {
                                "name": "@BATCH-003",
                                "line": 19
                            }
                        ],
                        "steps": [
                            {
                                "keyword": "Given ",
                                "name": "selected Word spans for three occurrences of \"red\"",
                                "line": 21,
                                "match": {
                                    "location": "span_batch_test.go:69"
                                },
                                "result": {
                                    "status": "passed",
                                    "duration": 987158
                                }
                            },
                            {
                                "keyword": "And ",
                                "name": "the first occurrence has already been changed",
                                "line": 22,
                                "match": {
                                    "location": "span_batch_test.go:108"
                                },
                                "result": {
                                    "status": "passed",
                                    "duration": 2970973
                                }
                            },
                            {
                                "keyword": "When ",
                                "name": "I attempt a selected batch replacement with \"blue\"",
                                "line": 23,
                                "match": {
                                    "location": "span_batch_test.go:92"
                                },
                                "result": {
                                    "status": "passed",
                                    "duration": 89051
                                }
                            },
                            {
                                "keyword": "Then ",
                                "name": "the stale batch leaves the previously committed edit unchanged",
                                "line": 24,
                                "match": {
                                    "location": "span_batch_test.go:116"
                                },
                                "result": {
                                    "status": "passed",
                                    "duration": 1870695
                                }
                            }
                        ]
                    }
                ]
            },
            {
                "uri": "../features/implemented/package/zip64.feature",
                "id": "bounded-zip64-declarations-agree-with-physical-archive-ranges",
                "keyword": "Feature",
                "name": "Bounded ZIP64 declarations agree with physical archive ranges",
                "description": "  Tiny fixtures exercise ZIP64 without allocating multi-gigabyte payloads.",
                "line": 2,
                "tags": [
                    {
                        "name": "@implemented",
                        "line": 1
                    },
                    {
                        "name": "@go",
                        "line": 1
                    },
                    {
                        "name": "@package",
                        "line": 1
                    }
                ],
                "elements": [
                    {
                        "id": "bounded-zip64-declarations-agree-with-physical-archive-ranges;verified-local-zip64-payloads-survive-no-op-delivery;;2",
                        "keyword": "Scenario Outline",
                        "name": "Verified local ZIP64 payloads survive no-op delivery",
                        "description": "",
                        "line": 13,
                        "type": "scenario",
                        "tags": [
                            {
                                "name": "@implemented",
                                "line": 1
                            },
                            {
                                "name": "@go",
                                "line": 1
                            },
                            {
                                "name": "@package",
                                "line": 1
                            },
                            {
                                "name": "@ZSIX-001",
                                "line": 5
                            }
                        ],
                        "steps": [
                            {
                                "keyword": "Given ",
                                "name": "a tiny ZIP64 package using \"stored local sizes\"",
                                "line": 7,
                                "match": {
                                    "location": "zip64_test.go:26"
                                },
                                "result": {
                                    "status": "passed",
                                    "duration": 66560
                                }
                            },
                            {
                                "keyword": "When ",
                                "name": "I open and round-trip its retained payloads",
                                "line": 8,
                                "match": {
                                    "location": "zip64_test.go:45"
                                },
                                "result": {
                                    "status": "passed",
                                    "duration": 74423
                                }
                            },
                            {
                                "keyword": "Then ",
                                "name": "all ZIP64 source bytes and the empty member are preserved",
                                "line": 9,
                                "match": {
                                    "location": "zip64_test.go:58"
                                },
                                "result": {
                                    "status": "passed",
                                    "duration": 45629
                                }
                            }
                        ]
                    },
                    {
                        "id": "bounded-zip64-declarations-agree-with-physical-archive-ranges;verified-local-zip64-payloads-survive-no-op-delivery;;3",
                        "keyword": "Scenario Outline",
                        "name": "Verified local ZIP64 payloads survive no-op delivery",
                        "description": "",
                        "line": 14,
                        "type": "scenario",
                        "tags": [
                            {
                                "name": "@implemented",
                                "line": 1
                            },
                            {
                                "name": "@go",
                                "line": 1
                            },
                            {
                                "name": "@package",
                                "line": 1
                            },
                            {
                                "name": "@ZSIX-001",
                                "line": 5
                            }
                        ],
                        "steps": [
                            {
                                "keyword": "Given ",
                                "name": "a tiny ZIP64 package using \"deflated local sizes\"",
                                "line": 7,
                                "match": {
                                    "location": "zip64_test.go:26"
                                },
                                "result": {
                                    "status": "passed",
                                    "duration": 354664
                                }
                            },
                            {
                                "keyword": "When ",
                                "name": "I open and round-trip its retained payloads",
                                "line": 8,
                                "match": {
                                    "location": "zip64_test.go:45"
                                },
                                "result": {
                                    "status": "passed",
                                    "duration": 81654
                                }
                            },
                            {
                                "keyword": "Then ",
                                "name": "all ZIP64 source bytes and the empty member are preserved",
                                "line": 9,
                                "match": {
                                    "location": "zip64_test.go:58"
                                },
                                "result": {
                                    "status": "passed",
                                    "duration": 37875
                                }
                            }
                        ]
                    },
                    {
                        "id": "bounded-zip64-declarations-agree-with-physical-archive-ranges;verified-local-zip64-payloads-survive-no-op-delivery;;4",
                        "keyword": "Scenario Outline",
                        "name": "Verified local ZIP64 payloads survive no-op delivery",
                        "description": "",
                        "line": 15,
                        "type": "scenario",
                        "tags": [
                            {
                                "name": "@implemented",
                                "line": 1
                            },
                            {
                                "name": "@go",
                                "line": 1
                            },
                            {
                                "name": "@package",
                                "line": 1
                            },
                            {
                                "name": "@ZSIX-001",
                                "line": 5
                            }
                        ],
                        "steps": [
                            {
                                "keyword": "Given ",
                                "name": "a tiny ZIP64 package using \"signed descriptor\"",
                                "line": 7,
                                "match": {
                                    "location": "zip64_test.go:26"
                                },
                                "result": {
                                    "status": "passed",
                                    "duration": 650893
                                }
                            },
                            {
                                "keyword": "When ",
                                "name": "I open and round-trip its retained payloads",
                                "line": 8,
                                "match": {
                                    "location": "zip64_test.go:45"
                                },
                                "result": {
                                    "status": "passed",
                                    "duration": 81624
                                }
                            },
                            {
                                "keyword": "Then ",
                                "name": "all ZIP64 source bytes and the empty member are preserved",
                                "line": 9,
                                "match": {
                                    "location": "zip64_test.go:58"
                                },
                                "result": {
                                    "status": "passed",
                                    "duration": 39911
                                }
                            }
                        ]
                    },
                    {
                        "id": "bounded-zip64-declarations-agree-with-physical-archive-ranges;verified-local-zip64-payloads-survive-no-op-delivery;;5",
                        "keyword": "Scenario Outline",
                        "name": "Verified local ZIP64 payloads survive no-op delivery",
                        "description": "",
                        "line": 16,
                        "type": "scenario",
                        "tags": [
                            {
                                "name": "@implemented",
                                "line": 1
                            },
                            {
                                "name": "@go",
                                "line": 1
                            },
                            {
                                "name": "@package",
                                "line": 1
                            },
                            {
                                "name": "@ZSIX-001",
                                "line": 5
                            }
                        ],
                        "steps": [
                            {
                                "keyword": "Given ",
                                "name": "a tiny ZIP64 package using \"unsigned descriptor\"",
                                "line": 7,
                                "match": {
                                    "location": "zip64_test.go:26"
                                },
                                "result": {
                                    "status": "passed",
                                    "duration": 1102929
                                }
                            },
                            {
                                "keyword": "When ",
                                "name": "I open and round-trip its retained payloads",
                                "line": 8,
                                "match": {
                                    "location": "zip64_test.go:45"
                                },
                                "result": {
                                    "status": "passed",
                                    "duration": 125049
                                }
                            },
                            {
                                "keyword": "Then ",
                                "name": "all ZIP64 source bytes and the empty member are preserved",
                                "line": 9,
                                "match": {
                                    "location": "zip64_test.go:58"
                                },
                                "result": {
                                    "status": "passed",
                                    "duration": 64323
                                }
                            }
                        ]
                    },
                    {
                        "id": "bounded-zip64-declarations-agree-with-physical-archive-ranges;conflicting-or-undeclared-zip64-bytes-refuse-intake;;2",
                        "keyword": "Scenario Outline",
                        "name": "Conflicting or undeclared ZIP64 bytes refuse intake",
                        "description": "",
                        "line": 26,
                        "type": "scenario",
                        "tags": [
                            {
                                "name": "@implemented",
                                "line": 1
                            },
                            {
                                "name": "@go",
                                "line": 1
                            },
                            {
                                "name": "@package",
                                "line": 1
                            },
                            {
                                "name": "@ZSIX-002",
                                "line": 18
                            }
                        ],
                        "steps": [
                            {
                                "keyword": "Given ",
                                "name": "a tiny ZIP64 package with \"gap before ZIP64 end\"",
                                "line": 20,
                                "match": {
                                    "location": "zip64_test.go:72"
                                },
                                "result": {
                                    "status": "passed",
                                    "duration": 64912
                                }
                            },
                            {
                                "keyword": "When ",
                                "name": "I validate the ZIP64 package for editing",
                                "line": 21,
                                "match": {
                                    "location": "zip64_test.go:82"
                                },
                                "result": {
                                    "status": "passed",
                                    "duration": 36294
                                }
                            },
                            {
                                "keyword": "Then ",
                                "name": "ZIP64 intake refuses with a typed error and unchanged bytes",
                                "line": 22,
                                "match": {
                                    "location": "zip64_test.go:86"
                                },
                                "result": {
                                    "status": "passed",
                                    "duration": 40344
                                }
                            }
                        ]
                    },
                    {
                        "id": "bounded-zip64-declarations-agree-with-physical-archive-ranges;conflicting-or-undeclared-zip64-bytes-refuse-intake;;3",
                        "keyword": "Scenario Outline",
                        "name": "Conflicting or undeclared ZIP64 bytes refuse intake",
                        "description": "",
                        "line": 27,
                        "type": "scenario",
                        "tags": [
                            {
                                "name": "@implemented",
                                "line": 1
                            },
                            {
                                "name": "@go",
                                "line": 1
                            },
                            {
                                "name": "@package",
                                "line": 1
                            },
                            {
                                "name": "@ZSIX-002",
                                "line": 18
                            }
                        ],
                        "steps": [
                            {
                                "keyword": "Given ",
                                "name": "a tiny ZIP64 package with \"gap before locator\"",
                                "line": 20,
                                "match": {
                                    "location": "zip64_test.go:72"
                                },
                                "result": {
                                    "status": "passed",
                                    "duration": 82454
                                }
                            },
                            {
                                "keyword": "When ",
                                "name": "I validate the ZIP64 package for editing",
                                "line": 21,
                                "match": {
                                    "location": "zip64_test.go:82"
                                },
                                "result": {
                                    "status": "passed",
                                    "duration": 59048
                                }
                            },
                            {
                                "keyword": "Then ",
                                "name": "ZIP64 intake refuses with a typed error and unchanged bytes",
                                "line": 22,
                                "match": {
                                    "location": "zip64_test.go:86"
                                },
                                "result": {
                                    "status": "passed",
                                    "duration": 65096
                                }
                            }
                        ]
                    },
                    {
                        "id": "bounded-zip64-declarations-agree-with-physical-archive-ranges;conflicting-or-undeclared-zip64-bytes-refuse-intake;;4",
                        "keyword": "Scenario Outline",
                        "name": "Conflicting or undeclared ZIP64 bytes refuse intake",
                        "description": "",
                        "line": 28,
                        "type": "scenario",
                        "tags": [
                            {
                                "name": "@implemented",
                                "line": 1
                            },
                            {
                                "name": "@go",
                                "line": 1
                            },
                            {
                                "name": "@package",
                                "line": 1
                            },
                            {
                                "name": "@ZSIX-002",
                                "line": 18
                            }
                        ],
                        "steps": [
                            {
                                "keyword": "Given ",
                                "name": "a tiny ZIP64 package with \"ZIP64 length overflow\"",
                                "line": 20,
                                "match": {
                                    "location": "zip64_test.go:72"
                                },
                                "result": {
                                    "status": "passed",
                                    "duration": 60333
                                }
                            },
                            {
                                "keyword": "When ",
                                "name": "I validate the ZIP64 package for editing",
                                "line": 21,
                                "match": {
                                    "location": "zip64_test.go:82"
                                },
                                "result": {
                                    "status": "passed",
                                    "duration": 33316
                                }
                            },
                            {
                                "keyword": "Then ",
                                "name": "ZIP64 intake refuses with a typed error and unchanged bytes",
                                "line": 22,
                                "match": {
                                    "location": "zip64_test.go:86"
                                },
                                "result": {
                                    "status": "passed",
                                    "duration": 39372
                                }
                            }
                        ]
                    },
                    {
                        "id": "bounded-zip64-declarations-agree-with-physical-archive-ranges;conflicting-or-undeclared-zip64-bytes-refuse-intake;;5",
                        "keyword": "Scenario Outline",
                        "name": "Conflicting or undeclared ZIP64 bytes refuse intake",
                        "description": "",
                        "line": 29,
                        "type": "scenario",
                        "tags": [
                            {
                                "name": "@implemented",
                                "line": 1
                            },
                            {
                                "name": "@go",
                                "line": 1
                            },
                            {
                                "name": "@package",
                                "line": 1
                            },
                            {
                                "name": "@ZSIX-002",
                                "line": 18
                            }
                        ],
                        "steps": [
                            {
                                "keyword": "Given ",
                                "name": "a tiny ZIP64 package with \"ZIP64 length crosses locator\"",
                                "line": 20,
                                "match": {
                                    "location": "zip64_test.go:72"
                                },
                                "result": {
                                    "status": "passed",
                                    "duration": 107861
                                }
                            },
                            {
                                "keyword": "When ",
                                "name": "I validate the ZIP64 package for editing",
                                "line": 21,
                                "match": {
                                    "location": "zip64_test.go:82"
                                },
                                "result": {
                                    "status": "passed",
                                    "duration": 51476
                                }
                            },
                            {
                                "keyword": "Then ",
                                "name": "ZIP64 intake refuses with a typed error and unchanged bytes",
                                "line": 22,
                                "match": {
                                    "location": "zip64_test.go:86"
                                },
                                "result": {
                                    "status": "passed",
                                    "duration": 55728
                                }
                            }
                        ]
                    },
                    {
                        "id": "bounded-zip64-declarations-agree-with-physical-archive-ranges;conflicting-or-undeclared-zip64-bytes-refuse-intake;;6",
                        "keyword": "Scenario Outline",
                        "name": "Conflicting or undeclared ZIP64 bytes refuse intake",
                        "description": "",
                        "line": 30,
                        "type": "scenario",
                        "tags": [
                            {
                                "name": "@implemented",
                                "line": 1
                            },
                            {
                                "name": "@go",
                                "line": 1
                            },
                            {
                                "name": "@package",
                                "line": 1
                            },
                            {
                                "name": "@ZSIX-002",
                                "line": 18
                            }
                        ],
                        "steps": [
                            {
                                "keyword": "Given ",
                                "name": "a tiny ZIP64 package with \"short local extra\"",
                                "line": 20,
                                "match": {
                                    "location": "zip64_test.go:72"
                                },
                                "result": {
                                    "status": "passed",
                                    "duration": 68499
                                }
                            },
                            {
                                "keyword": "When ",
                                "name": "I validate the ZIP64 package for editing",
                                "line": 21,
                                "match": {
                                    "location": "zip64_test.go:82"
                                },
                                "result": {
                                    "status": "passed",
                                    "duration": 44116
                                }
                            },
                            {
                                "keyword": "Then ",
                                "name": "ZIP64 intake refuses with a typed error and unchanged bytes",
                                "line": 22,
                                "match": {
                                    "location": "zip64_test.go:86"
                                },
                                "result": {
                                    "status": "passed",
                                    "duration": 42825
                                }
                            }
                        ]
                    },
                    {
                        "id": "bounded-zip64-declarations-agree-with-physical-archive-ranges;conflicting-or-undeclared-zip64-bytes-refuse-intake;;7",
                        "keyword": "Scenario Outline",
                        "name": "Conflicting or undeclared ZIP64 bytes refuse intake",
                        "description": "",
                        "line": 31,
                        "type": "scenario",
                        "tags": [
                            {
                                "name": "@implemented",
                                "line": 1
                            },
                            {
                                "name": "@go",
                                "line": 1
                            },
                            {
                                "name": "@package",
                                "line": 1
                            },
                            {
                                "name": "@ZSIX-002",
                                "line": 18
                            }
                        ],
                        "steps": [
                            {
                                "keyword": "Given ",
                                "name": "a tiny ZIP64 package with \"local size mismatch\"",
                                "line": 20,
                                "match": {
                                    "location": "zip64_test.go:72"
                                },
                                "result": {
                                    "status": "passed",
                                    "duration": 96512
                                }
                            },
                            {
                                "keyword": "When ",
                                "name": "I validate the ZIP64 package for editing",
                                "line": 21,
                                "match": {
                                    "location": "zip64_test.go:82"
                                },
                                "result": {
                                    "status": "passed",
                                    "duration": 53646
                                }
                            },
                            {
                                "keyword": "Then ",
                                "name": "ZIP64 intake refuses with a typed error and unchanged bytes",
                                "line": 22,
                                "match": {
                                    "location": "zip64_test.go:86"
                                },
                                "result": {
                                    "status": "passed",
                                    "duration": 64282
                                }
                            }
                        ]
                    },
                    {
                        "id": "bounded-zip64-declarations-agree-with-physical-archive-ranges;conflicting-or-undeclared-zip64-bytes-refuse-intake;;8",
                        "keyword": "Scenario Outline",
                        "name": "Conflicting or undeclared ZIP64 bytes refuse intake",
                        "description": "",
                        "line": 32,
                        "type": "scenario",
                        "tags": [
                            {
                                "name": "@implemented",
                                "line": 1
                            },
                            {
                                "name": "@go",
                                "line": 1
                            },
                            {
                                "name": "@package",
                                "line": 1
                            },
                            {
                                "name": "@ZSIX-002",
                                "line": 18
                            }
                        ],
                        "steps": [
                            {
                                "keyword": "Given ",
                                "name": "a tiny ZIP64 package with \"short central extra\"",
                                "line": 20,
                                "match": {
                                    "location": "zip64_test.go:72"
                                },
                                "result": {
                                    "status": "passed",
                                    "duration": 69800
                                }
                            },
                            {
                                "keyword": "When ",
                                "name": "I validate the ZIP64 package for editing",
                                "line": 21,
                                "match": {
                                    "location": "zip64_test.go:82"
                                },
                                "result": {
                                    "status": "passed",
                                    "duration": 30302
                                }
                            },
                            {
                                "keyword": "Then ",
                                "name": "ZIP64 intake refuses with a typed error and unchanged bytes",
                                "line": 22,
                                "match": {
                                    "location": "zip64_test.go:86"
                                },
                                "result": {
                                    "status": "passed",
                                    "duration": 38671
                                }
                            }
                        ]
                    },
                    {
                        "id": "bounded-zip64-declarations-agree-with-physical-archive-ranges;conflicting-or-undeclared-zip64-bytes-refuse-intake;;9",
                        "keyword": "Scenario Outline",
                        "name": "Conflicting or undeclared ZIP64 bytes refuse intake",
                        "description": "",
                        "line": 33,
                        "type": "scenario",
                        "tags": [
                            {
                                "name": "@implemented",
                                "line": 1
                            },
                            {
                                "name": "@go",
                                "line": 1
                            },
                            {
                                "name": "@package",
                                "line": 1
                            },
                            {
                                "name": "@ZSIX-002",
                                "line": 18
                            }
                        ],
                        "steps": [
                            {
                                "keyword": "Given ",
                                "name": "a tiny ZIP64 package with \"duplicate central extra\"",
                                "line": 20,
                                "match": {
                                    "location": "zip64_test.go:72"
                                },
                                "result": {
                                    "status": "passed",
                                    "duration": 91477
                                }
                            },
                            {
                                "keyword": "When ",
                                "name": "I validate the ZIP64 package for editing",
                                "line": 21,
                                "match": {
                                    "location": "zip64_test.go:82"
                                },
                                "result": {
                                    "status": "passed",
                                    "duration": 57948
                                }
                            },
                            {
                                "keyword": "Then ",
                                "name": "ZIP64 intake refuses with a typed error and unchanged bytes",
                                "line": 22,
                                "match": {
                                    "location": "zip64_test.go:86"
                                },
                                "result": {
                                    "status": "passed",
                                    "duration": 63633
                                }
                            }
                        ]
                    },
                    {
                        "id": "bounded-zip64-declarations-agree-with-physical-archive-ranges;conflicting-or-undeclared-zip64-bytes-refuse-intake;;10",
                        "keyword": "Scenario Outline",
                        "name": "Conflicting or undeclared ZIP64 bytes refuse intake",
                        "description": "",
                        "line": 34,
                        "type": "scenario",
                        "tags": [
                            {
                                "name": "@implemented",
                                "line": 1
                            },
                            {
                                "name": "@go",
                                "line": 1
                            },
                            {
                                "name": "@package",
                                "line": 1
                            },
                            {
                                "name": "@ZSIX-002",
                                "line": 18
                            }
                        ],
                        "steps": [
                            {
                                "keyword": "Given ",
                                "name": "a tiny ZIP64 package with \"descriptor mismatch\"",
                                "line": 20,
                                "match": {
                                    "location": "zip64_test.go:72"
                                },
                                "result": {
                                    "status": "passed",
                                    "duration": 65450
                                }
                            },
                            {
                                "keyword": "When ",
                                "name": "I validate the ZIP64 package for editing",
                                "line": 21,
                                "match": {
                                    "location": "zip64_test.go:82"
                                },
                                "result": {
                                    "status": "passed",
                                    "duration": 34689
                                }
                            },
                            {
                                "keyword": "Then ",
                                "name": "ZIP64 intake refuses with a typed error and unchanged bytes",
                                "line": 22,
                                "match": {
                                    "location": "zip64_test.go:86"
                                },
                                "result": {
                                    "status": "passed",
                                    "duration": 42364
                                }
                            }
                        ]
                    },
                    {
                        "id": "bounded-zip64-declarations-agree-with-physical-archive-ranges;conflicting-or-undeclared-zip64-bytes-refuse-intake;;11",
                        "keyword": "Scenario Outline",
                        "name": "Conflicting or undeclared ZIP64 bytes refuse intake",
                        "description": "",
                        "line": 35,
                        "type": "scenario",
                        "tags": [
                            {
                                "name": "@implemented",
                                "line": 1
                            },
                            {
                                "name": "@go",
                                "line": 1
                            },
                            {
                                "name": "@package",
                                "line": 1
                            },
                            {
                                "name": "@ZSIX-002",
                                "line": 18
                            }
                        ],
                        "steps": [
                            {
                                "keyword": "Given ",
                                "name": "a tiny ZIP64 package with \"classic count mismatch\"",
                                "line": 20,
                                "match": {
                                    "location": "zip64_test.go:72"
                                },
                                "result": {
                                    "status": "passed",
                                    "duration": 78668
                                }
                            },
                            {
                                "keyword": "When ",
                                "name": "I validate the ZIP64 package for editing",
                                "line": 21,
                                "match": {
                                    "location": "zip64_test.go:82"
                                },
                                "result": {
                                    "status": "passed",
                                    "duration": 49356
                                }
                            },
                            {
                                "keyword": "Then ",
                                "name": "ZIP64 intake refuses with a typed error and unchanged bytes",
                                "line": 22,
                                "match": {
                                    "location": "zip64_test.go:86"
                                },
                                "result": {
                                    "status": "passed",
                                    "duration": 65109
                                }
                            }
                        ]
                    }
                ]
            },
            {
                "uri": "../features/implemented/spreadsheet/bounded-edit.feature",
                "id": "bounded-formula-free-numeric-cell-correction",
                "keyword": "Feature",
                "name": "Bounded formula-free numeric cell correction",
                "description": "  Existing numeric cells can change only when dependent structures are absent.",
                "line": 2,
                "tags": [
                    {
                        "name": "@implemented",
                        "line": 1
                    },
                    {
                        "name": "@go",
                        "line": 1
                    },
                    {
                        "name": "@spreadsheet",
                        "line": 1
                    }
                ],
                "elements": [
                    {
                        "id": "bounded-formula-free-numeric-cell-correction;changing-a-formula-free-numeric-cell-preserves-styles-and-opaque-parts",
                        "keyword": "Scenario",
                        "name": "Changing a formula-free numeric cell preserves styles and opaque parts",
                        "description": "",
                        "line": 6,
                        "type": "scenario",
                        "tags": [
                            {
                                "name": "@implemented",
                                "line": 1
                            },
                            {
                                "name": "@go",
                                "line": 1
                            },
                            {
                                "name": "@spreadsheet",
                                "line": 1
                            },
                            {
                                "name": "@CELL-001",
                                "line": 5
                            }
                        ],
                        "steps": [
                            {
                                "keyword": "Given ",
                                "name": "a formula-free workbook with numeric cell \"B2\"",
                                "line": 7,
                                "match": {
                                    "location": "cell_test.go:95"
                                },
                                "result": {
                                    "status": "passed",
                                    "duration": 476459
                                }
                            },
                            {
                                "keyword": "When ",
                                "name": "I set the guarded numeric cell to 125",
                                "line": 8,
                                "match": {
                                    "location": "cell_test.go:97"
                                },
                                "result": {
                                    "status": "passed",
                                    "duration": 210027
                                }
                            },
                            {
                                "keyword": "Then ",
                                "name": "delivery changes only the cell value bytes",
                                "line": 9,
                                "match": {
                                    "location": "cell_test.go:105"
                                },
                                "result": {
                                    "status": "passed",
                                    "duration": 4737955
                                }
                            },
                            {
                                "keyword": "And ",
                                "name": "the consumed cell target refuses reuse",
                                "line": 10,
                                "match": {
                                    "location": "cell_test.go:132"
                                },
                                "result": {
                                    "status": "passed",
                                    "duration": 207166
                                }
                            }
                        ]
                    },
                    {
                        "id": "bounded-formula-free-numeric-cell-correction;unproved-workbook-dependencies-refuse-numeric-writes;;2",
                        "keyword": "Scenario Outline",
                        "name": "Unproved workbook dependencies refuse numeric writes",
                        "description": "",
                        "line": 21,
                        "type": "scenario",
                        "tags": [
                            {
                                "name": "@implemented",
                                "line": 1
                            },
                            {
                                "name": "@go",
                                "line": 1
                            },
                            {
                                "name": "@spreadsheet",
                                "line": 1
                            },
                            {
                                "name": "@CELL-002",
                                "line": 12
                            }
                        ],
                        "steps": [
                            {
                                "keyword": "Given ",
                                "name": "a workbook containing \"formula on another sheet\"",
                                "line": 14,
                                "match": {
                                    "location": "cell_test.go:96"
                                },
                                "result": {
                                    "status": "passed",
                                    "duration": 733030
                                }
                            },
                            {
                                "keyword": "When ",
                                "name": "I attempt the guarded numeric correction",
                                "line": 15,
                                "match": {
                                    "location": "cell_test.go:140"
                                },
                                "result": {
                                    "status": "passed",
                                    "duration": 280669
                                }
                            },
                            {
                                "keyword": "Then ",
                                "name": "the numeric correction returns a typed refusal",
                                "line": 16,
                                "match": {
                                    "location": "cell_test.go:147"
                                },
                                "result": {
                                    "status": "passed",
                                    "duration": 41397
                                }
                            },
                            {
                                "keyword": "And ",
                                "name": "saving the numeric session preserves the original archive",
                                "line": 17,
                                "match": {
                                    "location": "cell_test.go:154"
                                },
                                "result": {
                                    "status": "passed",
                                    "duration": 3829319
                                }
                            }
                        ]
                    },
                    {
                        "id": "bounded-formula-free-numeric-cell-correction;unproved-workbook-dependencies-refuse-numeric-writes;;3",
                        "keyword": "Scenario Outline",
                        "name": "Unproved workbook dependencies refuse numeric writes",
                        "description": "",
                        "line": 22,
                        "type": "scenario",
                        "tags": [
                            {
                                "name": "@implemented",
                                "line": 1
                            },
                            {
                                "name": "@go",
                                "line": 1
                            },
                            {
                                "name": "@spreadsheet",
                                "line": 1
                            },
                            {
                                "name": "@CELL-002",
                                "line": 12
                            }
                        ],
                        "steps": [
                            {
                                "keyword": "Given ",
                                "name": "a workbook containing \"protected worksheet\"",
                                "line": 14,
                                "match": {
                                    "location": "cell_test.go:96"
                                },
                                "result": {
                                    "status": "passed",
                                    "duration": 800597
                                }
                            },
                            {
                                "keyword": "When ",
                                "name": "I attempt the guarded numeric correction",
                                "line": 15,
                                "match": {
                                    "location": "cell_test.go:140"
                                },
                                "result": {
                                    "status": "passed",
                                    "duration": 198315
                                }
                            },
                            {
                                "keyword": "Then ",
                                "name": "the numeric correction returns a typed refusal",
                                "line": 16,
                                "match": {
                                    "location": "cell_test.go:147"
                                },
                                "result": {
                                    "status": "passed",
                                    "duration": 39293
                                }
                            },
                            {
                                "keyword": "And ",
                                "name": "saving the numeric session preserves the original archive",
                                "line": 17,
                                "match": {
                                    "location": "cell_test.go:154"
                                },
                                "result": {
                                    "status": "passed",
                                    "duration": 1641980
                                }
                            }
                        ]
                    },
                    {
                        "id": "bounded-formula-free-numeric-cell-correction;unproved-workbook-dependencies-refuse-numeric-writes;;4",
                        "keyword": "Scenario Outline",
                        "name": "Unproved workbook dependencies refuse numeric writes",
                        "description": "",
                        "line": 23,
                        "type": "scenario",
                        "tags": [
                            {
                                "name": "@implemented",
                                "line": 1
                            },
                            {
                                "name": "@go",
                                "line": 1
                            },
                            {
                                "name": "@spreadsheet",
                                "line": 1
                            },
                            {
                                "name": "@CELL-002",
                                "line": 12
                            }
                        ],
                        "steps": [
                            {
                                "keyword": "Given ",
                                "name": "a workbook containing \"defined name\"",
                                "line": 14,
                                "match": {
                                    "location": "cell_test.go:96"
                                },
                                "result": {
                                    "status": "passed",
                                    "duration": 1430639
                                }
                            },
                            {
                                "keyword": "When ",
                                "name": "I attempt the guarded numeric correction",
                                "line": 15,
                                "match": {
                                    "location": "cell_test.go:140"
                                },
                                "result": {
                                    "status": "passed",
                                    "duration": 204565
                                }
                            },
                            {
                                "keyword": "Then ",
                                "name": "the numeric correction returns a typed refusal",
                                "line": 16,
                                "match": {
                                    "location": "cell_test.go:147"
                                },
                                "result": {
                                    "status": "passed",
                                    "duration": 34245
                                }
                            },
                            {
                                "keyword": "And ",
                                "name": "saving the numeric session preserves the original archive",
                                "line": 17,
                                "match": {
                                    "location": "cell_test.go:154"
                                },
                                "result": {
                                    "status": "passed",
                                    "duration": 2075477
                                }
                            }
                        ]
                    },
                    {
                        "id": "bounded-formula-free-numeric-cell-correction;unproved-workbook-dependencies-refuse-numeric-writes;;5",
                        "keyword": "Scenario Outline",
                        "name": "Unproved workbook dependencies refuse numeric writes",
                        "description": "",
                        "line": 24,
                        "type": "scenario",
                        "tags": [
                            {
                                "name": "@implemented",
                                "line": 1
                            },
                            {
                                "name": "@go",
                                "line": 1
                            },
                            {
                                "name": "@spreadsheet",
                                "line": 1
                            },
                            {
                                "name": "@CELL-002",
                                "line": 12
                            }
                        ],
                        "steps": [
                            {
                                "keyword": "Given ",
                                "name": "a workbook containing \"duplicate cell address\"",
                                "line": 14,
                                "match": {
                                    "location": "cell_test.go:96"
                                },
                                "result": {
                                    "status": "passed",
                                    "duration": 519543
                                }
                            },
                            {
                                "keyword": "When ",
                                "name": "I attempt the guarded numeric correction",
                                "line": 15,
                                "match": {
                                    "location": "cell_test.go:140"
                                },
                                "result": {
                                    "status": "passed",
                                    "duration": 52837
                                }
                            },
                            {
                                "keyword": "Then ",
                                "name": "the numeric correction returns a typed refusal",
                                "line": 16,
                                "match": {
                                    "location": "cell_test.go:147"
                                },
                                "result": {
                                    "status": "passed",
                                    "duration": 28721
                                }
                            },
                            {
                                "keyword": "And ",
                                "name": "saving the numeric session preserves the original archive",
                                "line": 17,
                                "match": {
                                    "location": "cell_test.go:154"
                                },
                                "result": {
                                    "status": "passed",
                                    "duration": 1655000
                                }
                            }
                        ]
                    },
                    {
                        "id": "bounded-formula-free-numeric-cell-correction;unproved-workbook-dependencies-refuse-numeric-writes;;6",
                        "keyword": "Scenario Outline",
                        "name": "Unproved workbook dependencies refuse numeric writes",
                        "description": "",
                        "line": 25,
                        "type": "scenario",
                        "tags": [
                            {
                                "name": "@implemented",
                                "line": 1
                            },
                            {
                                "name": "@go",
                                "line": 1
                            },
                            {
                                "name": "@spreadsheet",
                                "line": 1
                            },
                            {
                                "name": "@CELL-002",
                                "line": 12
                            }
                        ],
                        "steps": [
                            {
                                "keyword": "Given ",
                                "name": "a workbook containing \"chart dependency\"",
                                "line": 14,
                                "match": {
                                    "location": "cell_test.go:96"
                                },
                                "result": {
                                    "status": "passed",
                                    "duration": 1418691
                                }
                            },
                            {
                                "keyword": "When ",
                                "name": "I attempt the guarded numeric correction",
                                "line": 15,
                                "match": {
                                    "location": "cell_test.go:140"
                                },
                                "result": {
                                    "status": "passed",
                                    "duration": 318936
                                }
                            },
                            {
                                "keyword": "Then ",
                                "name": "the numeric correction returns a typed refusal",
                                "line": 16,
                                "match": {
                                    "location": "cell_test.go:147"
                                },
                                "result": {
                                    "status": "passed",
                                    "duration": 63219
                                }
                            },
                            {
                                "keyword": "And ",
                                "name": "saving the numeric session preserves the original archive",
                                "line": 17,
                                "match": {
                                    "location": "cell_test.go:154"
                                },
                                "result": {
                                    "status": "passed",
                                    "duration": 1856742
                                }
                            }
                        ]
                    },
                    {
                        "id": "bounded-formula-free-numeric-cell-correction;unproved-workbook-dependencies-refuse-numeric-writes;;7",
                        "keyword": "Scenario Outline",
                        "name": "Unproved workbook dependencies refuse numeric writes",
                        "description": "",
                        "line": 26,
                        "type": "scenario",
                        "tags": [
                            {
                                "name": "@implemented",
                                "line": 1
                            },
                            {
                                "name": "@go",
                                "line": 1
                            },
                            {
                                "name": "@spreadsheet",
                                "line": 1
                            },
                            {
                                "name": "@CELL-002",
                                "line": 12
                            }
                        ],
                        "steps": [
                            {
                                "keyword": "Given ",
                                "name": "a workbook containing \"data validation\"",
                                "line": 14,
                                "match": {
                                    "location": "cell_test.go:96"
                                },
                                "result": {
                                    "status": "passed",
                                    "duration": 522334
                                }
                            },
                            {
                                "keyword": "When ",
                                "name": "I attempt the guarded numeric correction",
                                "line": 15,
                                "match": {
                                    "location": "cell_test.go:140"
                                },
                                "result": {
                                    "status": "passed",
                                    "duration": 211959
                                }
                            },
                            {
                                "keyword": "Then ",
                                "name": "the numeric correction returns a typed refusal",
                                "line": 16,
                                "match": {
                                    "location": "cell_test.go:147"
                                },
                                "result": {
                                    "status": "passed",
                                    "duration": 34568
                                }
                            },
                            {
                                "keyword": "And ",
                                "name": "saving the numeric session preserves the original archive",
                                "line": 17,
                                "match": {
                                    "location": "cell_test.go:154"
                                },
                                "result": {
                                    "status": "passed",
                                    "duration": 1830228
                                }
                            }
                        ]
                    },
                    {
                        "id": "bounded-formula-free-numeric-cell-correction;unproved-workbook-dependencies-refuse-numeric-writes;;8",
                        "keyword": "Scenario Outline",
                        "name": "Unproved workbook dependencies refuse numeric writes",
                        "description": "",
                        "line": 27,
                        "type": "scenario",
                        "tags": [
                            {
                                "name": "@implemented",
                                "line": 1
                            },
                            {
                                "name": "@go",
                                "line": 1
                            },
                            {
                                "name": "@spreadsheet",
                                "line": 1
                            },
                            {
                                "name": "@CELL-002",
                                "line": 12
                            }
                        ],
                        "steps": [
                            {
                                "keyword": "Given ",
                                "name": "a workbook containing \"unknown worksheet element\"",
                                "line": 14,
                                "match": {
                                    "location": "cell_test.go:96"
                                },
                                "result": {
                                    "status": "passed",
                                    "duration": 1042457
                                }
                            },
                            {
                                "keyword": "When ",
                                "name": "I attempt the guarded numeric correction",
                                "line": 15,
                                "match": {
                                    "location": "cell_test.go:140"
                                },
                                "result": {
                                    "status": "passed",
                                    "duration": 228755
                                }
                            },
                            {
                                "keyword": "Then ",
                                "name": "the numeric correction returns a typed refusal",
                                "line": 16,
                                "match": {
                                    "location": "cell_test.go:147"
                                },
                                "result": {
                                    "status": "passed",
                                    "duration": 35555
                                }
                            },
                            {
                                "keyword": "And ",
                                "name": "saving the numeric session preserves the original archive",
                                "line": 17,
                                "match": {
                                    "location": "cell_test.go:154"
                                },
                                "result": {
                                    "status": "passed",
                                    "duration": 2566062
                                }
                            }
                        ]
                    },
                    {
                        "id": "bounded-formula-free-numeric-cell-correction;unproved-workbook-dependencies-refuse-numeric-writes;;9",
                        "keyword": "Scenario Outline",
                        "name": "Unproved workbook dependencies refuse numeric writes",
                        "description": "",
                        "line": 28,
                        "type": "scenario",
                        "tags": [
                            {
                                "name": "@implemented",
                                "line": 1
                            },
                            {
                                "name": "@go",
                                "line": 1
                            },
                            {
                                "name": "@spreadsheet",
                                "line": 1
                            },
                            {
                                "name": "@CELL-002",
                                "line": 12
                            }
                        ],
                        "steps": [
                            {
                                "keyword": "Given ",
                                "name": "a workbook containing \"unknown cell attribute namespace\"",
                                "line": 14,
                                "match": {
                                    "location": "cell_test.go:96"
                                },
                                "result": {
                                    "status": "passed",
                                    "duration": 514201
                                }
                            },
                            {
                                "keyword": "When ",
                                "name": "I attempt the guarded numeric correction",
                                "line": 15,
                                "match": {
                                    "location": "cell_test.go:140"
                                },
                                "result": {
                                    "status": "passed",
                                    "duration": 193491
                                }
                            },
                            {
                                "keyword": "Then ",
                                "name": "the numeric correction returns a typed refusal",
                                "line": 16,
                                "match": {
                                    "location": "cell_test.go:147"
                                },
                                "result": {
                                    "status": "passed",
                                    "duration": 37792
                                }
                            },
                            {
                                "keyword": "And ",
                                "name": "saving the numeric session preserves the original archive",
                                "line": 17,
                                "match": {
                                    "location": "cell_test.go:154"
                                },
                                "result": {
                                    "status": "passed",
                                    "duration": 2283963
                                }
                            }
                        ]
                    }
                ]
            },
            {
                "uri": "../features/implemented/presentation/bounded-edit.feature",
                "id": "bounded-presentation-text-correction",
                "keyword": "Feature",
                "name": "Bounded presentation text correction",
                "description": "  A shape-ID target changes only its plain text while preserving source formatting.",
                "line": 2,
                "tags": [
                    {
                        "name": "@implemented",
                        "line": 1
                    },
                    {
                        "name": "@go",
                        "line": 1
                    },
                    {
                        "name": "@presentation",
                        "line": 1
                    }
                ],
                "elements": [
                    {
                        "id": "bounded-presentation-text-correction;shape-id-targeting-preserves-geometry-and-opaque-extension-bytes",
                        "keyword": "Scenario",
                        "name": "Shape-ID targeting preserves geometry and opaque extension bytes",
                        "description": "",
                        "line": 6,
                        "type": "scenario",
                        "tags": [
                            {
                                "name": "@implemented",
                                "line": 1
                            },
                            {
                                "name": "@go",
                                "line": 1
                            },
                            {
                                "name": "@presentation",
                                "line": 1
                            },
                            {
                                "name": "@SLIDE-001",
                                "line": 5
                            }
                        ],
                        "steps": [
                            {
                                "keyword": "Given ",
                                "name": "a presentation with a plain text shape and opaque slide markup",
                                "line": 7,
                                "match": {
                                    "location": "slide_test.go:77"
                                },
                                "result": {
                                    "status": "passed",
                                    "duration": 641551
                                }
                            },
                            {
                                "keyword": "When ",
                                "name": "I replace \"old text\" in shape 7 on \"ppt/slides/slide1.xml\"",
                                "line": 8,
                                "match": {
                                    "location": "slide_test.go:79"
                                },
                                "result": {
                                    "status": "passed",
                                    "duration": 123447
                                }
                            },
                            {
                                "keyword": "Then ",
                                "name": "only the selected slide text bytes differ after delivery",
                                "line": 9,
                                "match": {
                                    "location": "slide_test.go:87"
                                },
                                "result": {
                                    "status": "passed",
                                    "duration": 5763663
                                }
                            },
                            {
                                "keyword": "And ",
                                "name": "the consumed presentation target refuses reuse",
                                "line": 10,
                                "match": {
                                    "location": "slide_test.go:114"
                                },
                                "result": {
                                    "status": "passed",
                                    "duration": 120137
                                }
                            }
                        ]
                    },
                    {
                        "id": "bounded-presentation-text-correction;unsupported-presentation-text-context-refuses-unchanged;;2",
                        "keyword": "Scenario Outline",
                        "name": "Unsupported presentation text context refuses unchanged",
                        "description": "",
                        "line": 21,
                        "type": "scenario",
                        "tags": [
                            {
                                "name": "@implemented",
                                "line": 1
                            },
                            {
                                "name": "@go",
                                "line": 1
                            },
                            {
                                "name": "@presentation",
                                "line": 1
                            },
                            {
                                "name": "@SLIDE-002",
                                "line": 12
                            }
                        ],
                        "steps": [
                            {
                                "keyword": "Given ",
                                "name": "a presentation text shape with \"duplicate shape IDs\"",
                                "line": 14,
                                "match": {
                                    "location": "slide_test.go:78"
                                },
                                "result": {
                                    "status": "passed",
                                    "duration": 599196
                                }
                            },
                            {
                                "keyword": "When ",
                                "name": "I request a guarded presentation text correction",
                                "line": 15,
                                "match": {
                                    "location": "slide_test.go:122"
                                },
                                "result": {
                                    "status": "passed",
                                    "duration": 86643
                                }
                            },
                            {
                                "keyword": "Then ",
                                "name": "the presentation operation returns a typed refusal",
                                "line": 16,
                                "match": {
                                    "location": "slide_test.go:133"
                                },
                                "result": {
                                    "status": "passed",
                                    "duration": 28373
                                }
                            },
                            {
                                "keyword": "And ",
                                "name": "its delivered archive is byte-identical to the source",
                                "line": 17,
                                "match": {
                                    "location": "slide_test.go:140"
                                },
                                "result": {
                                    "status": "passed",
                                    "duration": 3692130
                                }
                            }
                        ]
                    },
                    {
                        "id": "bounded-presentation-text-correction;unsupported-presentation-text-context-refuses-unchanged;;3",
                        "keyword": "Scenario Outline",
                        "name": "Unsupported presentation text context refuses unchanged",
                        "description": "",
                        "line": 22,
                        "type": "scenario",
                        "tags": [
                            {
                                "name": "@implemented",
                                "line": 1
                            },
                            {
                                "name": "@go",
                                "line": 1
                            },
                            {
                                "name": "@presentation",
                                "line": 1
                            },
                            {
                                "name": "@SLIDE-002",
                                "line": 12
                            }
                        ],
                        "steps": [
                            {
                                "keyword": "Given ",
                                "name": "a presentation text shape with \"repeated leaf text\"",
                                "line": 14,
                                "match": {
                                    "location": "slide_test.go:78"
                                },
                                "result": {
                                    "status": "passed",
                                    "duration": 464731
                                }
                            },
                            {
                                "keyword": "When ",
                                "name": "I request a guarded presentation text correction",
                                "line": 15,
                                "match": {
                                    "location": "slide_test.go:122"
                                },
                                "result": {
                                    "status": "passed",
                                    "duration": 86824
                                }
                            },
                            {
                                "keyword": "Then ",
                                "name": "the presentation operation returns a typed refusal",
                                "line": 16,
                                "match": {
                                    "location": "slide_test.go:133"
                                },
                                "result": {
                                    "status": "passed",
                                    "duration": 33275
                                }
                            },
                            {
                                "keyword": "And ",
                                "name": "its delivered archive is byte-identical to the source",
                                "line": 17,
                                "match": {
                                    "location": "slide_test.go:140"
                                },
                                "result": {
                                    "status": "passed",
                                    "duration": 1668844
                                }
                            }
                        ]
                    },
                    {
                        "id": "bounded-presentation-text-correction;unsupported-presentation-text-context-refuses-unchanged;;4",
                        "keyword": "Scenario Outline",
                        "name": "Unsupported presentation text context refuses unchanged",
                        "description": "",
                        "line": 23,
                        "type": "scenario",
                        "tags": [
                            {
                                "name": "@implemented",
                                "line": 1
                            },
                            {
                                "name": "@go",
                                "line": 1
                            },
                            {
                                "name": "@presentation",
                                "line": 1
                            },
                            {
                                "name": "@SLIDE-002",
                                "line": 12
                            }
                        ],
                        "steps": [
                            {
                                "keyword": "Given ",
                                "name": "a presentation text shape with \"field-bearing paragraph\"",
                                "line": 14,
                                "match": {
                                    "location": "slide_test.go:78"
                                },
                                "result": {
                                    "status": "passed",
                                    "duration": 495150
                                }
                            },
                            {
                                "keyword": "When ",
                                "name": "I request a guarded presentation text correction",
                                "line": 15,
                                "match": {
                                    "location": "slide_test.go:122"
                                },
                                "result": {
                                    "status": "passed",
                                    "duration": 71445
                                }
                            },
                            {
                                "keyword": "Then ",
                                "name": "the presentation operation returns a typed refusal",
                                "line": 16,
                                "match": {
                                    "location": "slide_test.go:133"
                                },
                                "result": {
                                    "status": "passed",
                                    "duration": 28205
                                }
                            },
                            {
                                "keyword": "And ",
                                "name": "its delivered archive is byte-identical to the source",
                                "line": 17,
                                "match": {
                                    "location": "slide_test.go:140"
                                },
                                "result": {
                                    "status": "passed",
                                    "duration": 2681660
                                }
                            }
                        ]
                    },
                    {
                        "id": "bounded-presentation-text-correction;unsupported-presentation-text-context-refuses-unchanged;;5",
                        "keyword": "Scenario Outline",
                        "name": "Unsupported presentation text context refuses unchanged",
                        "description": "",
                        "line": 24,
                        "type": "scenario",
                        "tags": [
                            {
                                "name": "@implemented",
                                "line": 1
                            },
                            {
                                "name": "@go",
                                "line": 1
                            },
                            {
                                "name": "@presentation",
                                "line": 1
                            },
                            {
                                "name": "@SLIDE-002",
                                "line": 12
                            }
                        ],
                        "steps": [
                            {
                                "keyword": "Given ",
                                "name": "a presentation text shape with \"foreign slide part\"",
                                "line": 14,
                                "match": {
                                    "location": "slide_test.go:78"
                                },
                                "result": {
                                    "status": "passed",
                                    "duration": 533087
                                }
                            },
                            {
                                "keyword": "When ",
                                "name": "I request a guarded presentation text correction",
                                "line": 15,
                                "match": {
                                    "location": "slide_test.go:122"
                                },
                                "result": {
                                    "status": "passed",
                                    "duration": 58966
                                }
                            },
                            {
                                "keyword": "Then ",
                                "name": "the presentation operation returns a typed refusal",
                                "line": 16,
                                "match": {
                                    "location": "slide_test.go:133"
                                },
                                "result": {
                                    "status": "passed",
                                    "duration": 44906
                                }
                            },
                            {
                                "keyword": "And ",
                                "name": "its delivered archive is byte-identical to the source",
                                "line": 17,
                                "match": {
                                    "location": "slide_test.go:140"
                                },
                                "result": {
                                    "status": "passed",
                                    "duration": 5603713
                                }
                            }
                        ]
                    }
                ]
            },
            {
                "uri": "../features/implemented/document/bounded-edit.feature",
                "id": "bounded-preservation-safe-word-text-correction",
                "keyword": "Feature",
                "name": "Bounded preservation-safe Word text correction",
                "description": "  Plain body text corrections preserve every unrelated XML byte and package part.",
                "line": 2,
                "tags": [
                    {
                        "name": "@implemented",
                        "line": 1
                    },
                    {
                        "name": "@go",
                        "line": 1
                    },
                    {
                        "name": "@document",
                        "line": 1
                    }
                ],
                "elements": [
                    {
                        "id": "bounded-preservation-safe-word-text-correction;a-plain-run-correction-preserves-opaque-markup-and-media",
                        "keyword": "Scenario",
                        "name": "A plain run correction preserves opaque markup and media",
                        "description": "",
                        "line": 6,
                        "type": "scenario",
                        "tags": [
                            {
                                "name": "@implemented",
                                "line": 1
                            },
                            {
                                "name": "@go",
                                "line": 1
                            },
                            {
                                "name": "@document",
                                "line": 1
                            },
                            {
                                "name": "@WORD-001",
                                "line": 5
                            }
                        ],
                        "steps": [
                            {
                                "keyword": "Given ",
                                "name": "a Word package containing a plain body text run and opaque content",
                                "line": 7,
                                "match": {
                                    "location": "word_test.go:71"
                                },
                                "result": {
                                    "status": "passed",
                                    "duration": 672882
                                }
                            },
                            {
                                "keyword": "When ",
                                "name": "I replace the unique text \"old text\" with \"new \u0026 text\" through a guarded target",
                                "line": 8,
                                "match": {
                                    "location": "word_test.go:73"
                                },
                                "result": {
                                    "status": "passed",
                                    "duration": 151446
                                }
                            },
                            {
                                "keyword": "And ",
                                "name": "save the edited Word package",
                                "line": 9,
                                "match": {
                                    "location": "word_test.go:91"
                                },
                                "result": {
                                    "status": "passed",
                                    "duration": 16489450
                                }
                            },
                            {
                                "keyword": "Then ",
                                "name": "only the matched XML character data differs",
                                "line": 10,
                                "match": {
                                    "location": "word_test.go:92"
                                },
                                "result": {
                                    "status": "passed",
                                    "duration": 82811
                                }
                            },
                            {
                                "keyword": "And ",
                                "name": "every other package member retains its payload bytes",
                                "line": 11,
                                "match": {
                                    "location": "word_test.go:107"
                                },
                                "result": {
                                    "status": "passed",
                                    "duration": 81088
                                }
                            },
                            {
                                "keyword": "And ",
                                "name": "reusing the consumed target returns a stale-target refusal",
                                "line": 12,
                                "match": {
                                    "location": "word_test.go:130"
                                },
                                "result": {
                                    "status": "passed",
                                    "duration": 92067
                                }
                            }
                        ]
                    },
                    {
                        "id": "bounded-preservation-safe-word-text-correction;unsupported-ownership-or-editing-policy-refuses-unchanged;;2",
                        "keyword": "Scenario Outline",
                        "name": "Unsupported ownership or editing policy refuses unchanged",
                        "description": "",
                        "line": 23,
                        "type": "scenario",
                        "tags": [
                            {
                                "name": "@implemented",
                                "line": 1
                            },
                            {
                                "name": "@go",
                                "line": 1
                            },
                            {
                                "name": "@document",
                                "line": 1
                            },
                            {
                                "name": "@WORD-002",
                                "line": 14
                            }
                        ],
                        "steps": [
                            {
                                "keyword": "Given ",
                                "name": "a Word package with \"duplicate text\"",
                                "line": 16,
                                "match": {
                                    "location": "word_test.go:72"
                                },
                                "result": {
                                    "status": "passed",
                                    "duration": 378406
                                }
                            },
                            {
                                "keyword": "When ",
                                "name": "I request a guarded correction of \"old text\"",
                                "line": 17,
                                "match": {
                                    "location": "word_test.go:138"
                                },
                                "result": {
                                    "status": "passed",
                                    "duration": 52291
                                }
                            },
                            {
                                "keyword": "Then ",
                                "name": "the correction returns a typed refusal",
                                "line": 18,
                                "match": {
                                    "location": "word_test.go:145"
                                },
                                "result": {
                                    "status": "passed",
                                    "duration": 19583
                                }
                            },
                            {
                                "keyword": "And ",
                                "name": "saving the Word session retains the original archive bytes",
                                "line": 19,
                                "match": {
                                    "location": "word_test.go:152"
                                },
                                "result": {
                                    "status": "passed",
                                    "duration": 3338888
                                }
                            }
                        ]
                    },
                    {
                        "id": "bounded-preservation-safe-word-text-correction;unsupported-ownership-or-editing-policy-refuses-unchanged;;3",
                        "keyword": "Scenario Outline",
                        "name": "Unsupported ownership or editing policy refuses unchanged",
                        "description": "",
                        "line": 24,
                        "type": "scenario",
                        "tags": [
                            {
                                "name": "@implemented",
                                "line": 1
                            },
                            {
                                "name": "@go",
                                "line": 1
                            },
                            {
                                "name": "@document",
                                "line": 1
                            },
                            {
                                "name": "@WORD-002",
                                "line": 14
                            }
                        ],
                        "steps": [
                            {
                                "keyword": "Given ",
                                "name": "a Word package with \"active document protection\"",
                                "line": 16,
                                "match": {
                                    "location": "word_test.go:72"
                                },
                                "result": {
                                    "status": "passed",
                                    "duration": 437427
                                }
                            },
                            {
                                "keyword": "When ",
                                "name": "I request a guarded correction of \"old text\"",
                                "line": 17,
                                "match": {
                                    "location": "word_test.go:138"
                                },
                                "result": {
                                    "status": "passed",
                                    "duration": 128980
                                }
                            },
                            {
                                "keyword": "Then ",
                                "name": "the correction returns a typed refusal",
                                "line": 18,
                                "match": {
                                    "location": "word_test.go:145"
                                },
                                "result": {
                                    "status": "passed",
                                    "duration": 21515
                                }
                            },
                            {
                                "keyword": "And ",
                                "name": "saving the Word session retains the original archive bytes",
                                "line": 19,
                                "match": {
                                    "location": "word_test.go:152"
                                },
                                "result": {
                                    "status": "passed",
                                    "duration": 3013656
                                }
                            }
                        ]
                    },
                    {
                        "id": "bounded-preservation-safe-word-text-correction;unsupported-ownership-or-editing-policy-refuses-unchanged;;4",
                        "keyword": "Scenario Outline",
                        "name": "Unsupported ownership or editing policy refuses unchanged",
                        "description": "",
                        "line": 25,
                        "type": "scenario",
                        "tags": [
                            {
                                "name": "@implemented",
                                "line": 1
                            },
                            {
                                "name": "@go",
                                "line": 1
                            },
                            {
                                "name": "@document",
                                "line": 1
                            },
                            {
                                "name": "@WORD-002",
                                "line": 14
                            }
                        ],
                        "steps": [
                            {
                                "keyword": "Given ",
                                "name": "a Word package with \"tracked revisions\"",
                                "line": 16,
                                "match": {
                                    "location": "word_test.go:72"
                                },
                                "result": {
                                    "status": "passed",
                                    "duration": 340000
                                }
                            },
                            {
                                "keyword": "When ",
                                "name": "I request a guarded correction of \"old text\"",
                                "line": 17,
                                "match": {
                                    "location": "word_test.go:138"
                                },
                                "result": {
                                    "status": "passed",
                                    "duration": 97075
                                }
                            },
                            {
                                "keyword": "Then ",
                                "name": "the correction returns a typed refusal",
                                "line": 18,
                                "match": {
                                    "location": "word_test.go:145"
                                },
                                "result": {
                                    "status": "passed",
                                    "duration": 21296
                                }
                            },
                            {
                                "keyword": "And ",
                                "name": "saving the Word session retains the original archive bytes",
                                "line": 19,
                                "match": {
                                    "location": "word_test.go:152"
                                },
                                "result": {
                                    "status": "passed",
                                    "duration": 3130582
                                }
                            }
                        ]
                    },
                    {
                        "id": "bounded-preservation-safe-word-text-correction;unsupported-ownership-or-editing-policy-refuses-unchanged;;5",
                        "keyword": "Scenario Outline",
                        "name": "Unsupported ownership or editing policy refuses unchanged",
                        "description": "",
                        "line": 26,
                        "type": "scenario",
                        "tags": [
                            {
                                "name": "@implemented",
                                "line": 1
                            },
                            {
                                "name": "@go",
                                "line": 1
                            },
                            {
                                "name": "@document",
                                "line": 1
                            },
                            {
                                "name": "@WORD-002",
                                "line": 14
                            }
                        ],
                        "steps": [
                            {
                                "keyword": "Given ",
                                "name": "a Word package with \"field boundary\"",
                                "line": 16,
                                "match": {
                                    "location": "word_test.go:72"
                                },
                                "result": {
                                    "status": "passed",
                                    "duration": 1021349
                                }
                            },
                            {
                                "keyword": "When ",
                                "name": "I request a guarded correction of \"old text\"",
                                "line": 17,
                                "match": {
                                    "location": "word_test.go:138"
                                },
                                "result": {
                                    "status": "passed",
                                    "duration": 231695
                                }
                            },
                            {
                                "keyword": "Then ",
                                "name": "the correction returns a typed refusal",
                                "line": 18,
                                "match": {
                                    "location": "word_test.go:145"
                                },
                                "result": {
                                    "status": "passed",
                                    "duration": 35680
                                }
                            },
                            {
                                "keyword": "And ",
                                "name": "saving the Word session retains the original archive bytes",
                                "line": 19,
                                "match": {
                                    "location": "word_test.go:152"
                                },
                                "result": {
                                    "status": "passed",
                                    "duration": 1446794
                                }
                            }
                        ]
                    },
                    {
                        "id": "bounded-preservation-safe-word-text-correction;unsupported-ownership-or-editing-policy-refuses-unchanged;;6",
                        "keyword": "Scenario Outline",
                        "name": "Unsupported ownership or editing policy refuses unchanged",
                        "description": "",
                        "line": 27,
                        "type": "scenario",
                        "tags": [
                            {
                                "name": "@implemented",
                                "line": 1
                            },
                            {
                                "name": "@go",
                                "line": 1
                            },
                            {
                                "name": "@document",
                                "line": 1
                            },
                            {
                                "name": "@WORD-002",
                                "line": 14
                            }
                        ],
                        "steps": [
                            {
                                "keyword": "Given ",
                                "name": "a Word package with \"unknown settings extension\"",
                                "line": 16,
                                "match": {
                                    "location": "word_test.go:72"
                                },
                                "result": {
                                    "status": "passed",
                                    "duration": 376283
                                }
                            },
                            {
                                "keyword": "When ",
                                "name": "I request a guarded correction of \"old text\"",
                                "line": 17,
                                "match": {
                                    "location": "word_test.go:138"
                                },
                                "result": {
                                    "status": "passed",
                                    "duration": 135713
                                }
                            },
                            {
                                "keyword": "Then ",
                                "name": "the correction returns a typed refusal",
                                "line": 18,
                                "match": {
                                    "location": "word_test.go:145"
                                },
                                "result": {
                                    "status": "passed",
                                    "duration": 21370
                                }
                            },
                            {
                                "keyword": "And ",
                                "name": "saving the Word session retains the original archive bytes",
                                "line": 19,
                                "match": {
                                    "location": "word_test.go:152"
                                },
                                "result": {
                                    "status": "passed",
                                    "duration": 1410538
                                }
                            }
                        ]
                    }
                ]
            },
            {
                "uri": "../features/implemented/package/limits.feature",
                "id": "caller-defined-package-intake-budgets",
                "keyword": "Feature",
                "name": "Caller-defined package intake budgets",
                "description": "  Budget violations are refused before payload allocation or decompression.",
                "line": 2,
                "tags": [
                    {
                        "name": "@implemented",
                        "line": 1
                    },
                    {
                        "name": "@go",
                        "line": 1
                    },
                    {
                        "name": "@package",
                        "line": 1
                    }
                ],
                "elements": [
                    {
                        "id": "caller-defined-package-intake-budgets;intake-enforces-a-configured-resource-ceiling;;2",
                        "keyword": "Scenario Outline",
                        "name": "Intake enforces a configured resource ceiling",
                        "description": "",
                        "line": 13,
                        "type": "scenario",
                        "tags": [
                            {
                                "name": "@implemented",
                                "line": 1
                            },
                            {
                                "name": "@go",
                                "line": 1
                            },
                            {
                                "name": "@package",
                                "line": 1
                            },
                            {
                                "name": "@LIMIT-001",
                                "line": 5
                            }
                        ],
                        "steps": [
                            {
                                "keyword": "Given ",
                                "name": "an archive exceeding its \"source\" budget",
                                "line": 7,
                                "match": {
                                    "location": "limits_test.go:43"
                                },
                                "result": {
                                    "status": "passed",
                                    "duration": 430011
                                }
                            },
                            {
                                "keyword": "When ",
                                "name": "I open it with the configured resource limits",
                                "line": 8,
                                "match": {
                                    "location": "limits_test.go:62"
                                },
                                "result": {
                                    "status": "passed",
                                    "duration": 72340
                                }
                            },
                            {
                                "keyword": "Then ",
                                "name": "I receive a typed resource-limit refusal",
                                "line": 9,
                                "match": {
                                    "location": "limits_test.go:66"
                                },
                                "result": {
                                    "status": "passed",
                                    "duration": 38810
                                }
                            }
                        ]
                    },
                    {
                        "id": "caller-defined-package-intake-budgets;intake-enforces-a-configured-resource-ceiling;;3",
                        "keyword": "Scenario Outline",
                        "name": "Intake enforces a configured resource ceiling",
                        "description": "",
                        "line": 14,
                        "type": "scenario",
                        "tags": [
                            {
                                "name": "@implemented",
                                "line": 1
                            },
                            {
                                "name": "@go",
                                "line": 1
                            },
                            {
                                "name": "@package",
                                "line": 1
                            },
                            {
                                "name": "@LIMIT-001",
                                "line": 5
                            }
                        ],
                        "steps": [
                            {
                                "keyword": "Given ",
                                "name": "an archive exceeding its \"entries\" budget",
                                "line": 7,
                                "match": {
                                    "location": "limits_test.go:43"
                                },
                                "result": {
                                    "status": "passed",
                                    "duration": 199101
                                }
                            },
                            {
                                "keyword": "When ",
                                "name": "I open it with the configured resource limits",
                                "line": 8,
                                "match": {
                                    "location": "limits_test.go:62"
                                },
                                "result": {
                                    "status": "passed",
                                    "duration": 45482
                                }
                            },
                            {
                                "keyword": "Then ",
                                "name": "I receive a typed resource-limit refusal",
                                "line": 9,
                                "match": {
                                    "location": "limits_test.go:66"
                                },
                                "result": {
                                    "status": "passed",
                                    "duration": 23845
                                }
                            }
                        ]
                    },
                    {
                        "id": "caller-defined-package-intake-budgets;intake-enforces-a-configured-resource-ceiling;;4",
                        "keyword": "Scenario Outline",
                        "name": "Intake enforces a configured resource ceiling",
                        "description": "",
                        "line": 15,
                        "type": "scenario",
                        "tags": [
                            {
                                "name": "@implemented",
                                "line": 1
                            },
                            {
                                "name": "@go",
                                "line": 1
                            },
                            {
                                "name": "@package",
                                "line": 1
                            },
                            {
                                "name": "@LIMIT-001",
                                "line": 5
                            }
                        ],
                        "steps": [
                            {
                                "keyword": "Given ",
                                "name": "an archive exceeding its \"part\" budget",
                                "line": 7,
                                "match": {
                                    "location": "limits_test.go:43"
                                },
                                "result": {
                                    "status": "passed",
                                    "duration": 138456
                                }
                            },
                            {
                                "keyword": "When ",
                                "name": "I open it with the configured resource limits",
                                "line": 8,
                                "match": {
                                    "location": "limits_test.go:62"
                                },
                                "result": {
                                    "status": "passed",
                                    "duration": 39298
                                }
                            },
                            {
                                "keyword": "Then ",
                                "name": "I receive a typed resource-limit refusal",
                                "line": 9,
                                "match": {
                                    "location": "limits_test.go:66"
                                },
                                "result": {
                                    "status": "passed",
                                    "duration": 23315
                                }
                            }
                        ]
                    },
                    {
                        "id": "caller-defined-package-intake-budgets;intake-enforces-a-configured-resource-ceiling;;5",
                        "keyword": "Scenario Outline",
                        "name": "Intake enforces a configured resource ceiling",
                        "description": "",
                        "line": 16,
                        "type": "scenario",
                        "tags": [
                            {
                                "name": "@implemented",
                                "line": 1
                            },
                            {
                                "name": "@go",
                                "line": 1
                            },
                            {
                                "name": "@package",
                                "line": 1
                            },
                            {
                                "name": "@LIMIT-001",
                                "line": 5
                            }
                        ],
                        "steps": [
                            {
                                "keyword": "Given ",
                                "name": "an archive exceeding its \"total\" budget",
                                "line": 7,
                                "match": {
                                    "location": "limits_test.go:43"
                                },
                                "result": {
                                    "status": "passed",
                                    "duration": 107904
                                }
                            },
                            {
                                "keyword": "When ",
                                "name": "I open it with the configured resource limits",
                                "line": 8,
                                "match": {
                                    "location": "limits_test.go:62"
                                },
                                "result": {
                                    "status": "passed",
                                    "duration": 39492
                                }
                            },
                            {
                                "keyword": "Then ",
                                "name": "I receive a typed resource-limit refusal",
                                "line": 9,
                                "match": {
                                    "location": "limits_test.go:66"
                                },
                                "result": {
                                    "status": "passed",
                                    "duration": 22341
                                }
                            }
                        ]
                    },
                    {
                        "id": "caller-defined-package-intake-budgets;finite-sufficient-budgets-permit-normal-intake",
                        "keyword": "Scenario",
                        "name": "Finite sufficient budgets permit normal intake",
                        "description": "",
                        "line": 19,
                        "type": "scenario",
                        "tags": [
                            {
                                "name": "@implemented",
                                "line": 1
                            },
                            {
                                "name": "@go",
                                "line": 1
                            },
                            {
                                "name": "@package",
                                "line": 1
                            },
                            {
                                "name": "@LIMIT-002",
                                "line": 18
                            }
                        ],
                        "steps": [
                            {
                                "keyword": "Given ",
                                "name": "an archive within all configured budgets",
                                "line": 20,
                                "match": {
                                    "location": "limits_test.go:61"
                                },
                                "result": {
                                    "status": "passed",
                                    "duration": 189568
                                }
                            },
                            {
                                "keyword": "When ",
                                "name": "I open it with the configured resource limits",
                                "line": 21,
                                "match": {
                                    "location": "limits_test.go:62"
                                },
                                "result": {
                                    "status": "passed",
                                    "duration": 89111
                                }
                            },
                            {
                                "keyword": "Then ",
                                "name": "its XML payload is available without changes",
                                "line": 22,
                                "match": {
                                    "location": "limits_test.go:76"
                                },
                                "result": {
                                    "status": "passed",
                                    "duration": 25985
                                }
                            }
                        ]
                    }
                ]
            },
            {
                "uri": "../features/implemented/spreadsheet/dependency-structure.feature",
                "id": "dependency-analysis-validates-worksheet-structure",
                "keyword": "Feature",
                "name": "Dependency analysis validates worksheet structure",
                "description": "  A static expression is not enough when its cell ownership or input value structure is ambiguous.",
                "line": 2,
                "tags": [
                    {
                        "name": "@implemented",
                        "line": 1
                    },
                    {
                        "name": "@go",
                        "line": 1
                    },
                    {
                        "name": "@spreadsheet",
                        "line": 1
                    }
                ],
                "elements": [
                    {
                        "id": "dependency-analysis-validates-worksheet-structure;malformed-non-formula-cells-refuse-the-complete-dependency-plan;;2",
                        "keyword": "Scenario Outline",
                        "name": "Malformed non-formula cells refuse the complete dependency plan",
                        "description": "",
                        "line": 13,
                        "type": "scenario",
                        "tags": [
                            {
                                "name": "@implemented",
                                "line": 1
                            },
                            {
                                "name": "@go",
                                "line": 1
                            },
                            {
                                "name": "@spreadsheet",
                                "line": 1
                            },
                            {
                                "name": "@DEPEND-001",
                                "line": 5
                            }
                        ],
                        "steps": [
                            {
                                "keyword": "Given ",
                                "name": "a dependency workbook with \"duplicate unrelated value\"",
                                "line": 7,
                                "match": {
                                    "location": "cache_invalidation_test.go:130"
                                },
                                "result": {
                                    "status": "passed",
                                    "duration": 730309
                                }
                            },
                            {
                                "keyword": "When ",
                                "name": "I attempt an explicit invalidating input edit",
                                "line": 8,
                                "match": {
                                    "location": "cache_invalidation_test.go:207"
                                },
                                "result": {
                                    "status": "passed",
                                    "duration": 471446
                                }
                            },
                            {
                                "keyword": "Then ",
                                "name": "invalidation returns a typed refusal without any package mutation",
                                "line": 9,
                                "match": {
                                    "location": "cache_invalidation_test.go:275"
                                },
                                "result": {
                                    "status": "passed",
                                    "duration": 1890163
                                }
                            }
                        ]
                    },
                    {
                        "id": "dependency-analysis-validates-worksheet-structure;malformed-non-formula-cells-refuse-the-complete-dependency-plan;;3",
                        "keyword": "Scenario Outline",
                        "name": "Malformed non-formula cells refuse the complete dependency plan",
                        "description": "",
                        "line": 14,
                        "type": "scenario",
                        "tags": [
                            {
                                "name": "@implemented",
                                "line": 1
                            },
                            {
                                "name": "@go",
                                "line": 1
                            },
                            {
                                "name": "@spreadsheet",
                                "line": 1
                            },
                            {
                                "name": "@DEPEND-001",
                                "line": 5
                            }
                        ],
                        "steps": [
                            {
                                "keyword": "Given ",
                                "name": "a dependency workbook with \"unclassified cell metadata\"",
                                "line": 7,
                                "match": {
                                    "location": "cache_invalidation_test.go:130"
                                },
                                "result": {
                                    "status": "passed",
                                    "duration": 548177
                                }
                            },
                            {
                                "keyword": "When ",
                                "name": "I attempt an explicit invalidating input edit",
                                "line": 8,
                                "match": {
                                    "location": "cache_invalidation_test.go:207"
                                },
                                "result": {
                                    "status": "passed",
                                    "duration": 301189
                                }
                            },
                            {
                                "keyword": "Then ",
                                "name": "invalidation returns a typed refusal without any package mutation",
                                "line": 9,
                                "match": {
                                    "location": "cache_invalidation_test.go:275"
                                },
                                "result": {
                                    "status": "passed",
                                    "duration": 2075133
                                }
                            }
                        ]
                    },
                    {
                        "id": "dependency-analysis-validates-worksheet-structure;malformed-non-formula-cells-refuse-the-complete-dependency-plan;;4",
                        "keyword": "Scenario Outline",
                        "name": "Malformed non-formula cells refuse the complete dependency plan",
                        "description": "",
                        "line": 15,
                        "type": "scenario",
                        "tags": [
                            {
                                "name": "@implemented",
                                "line": 1
                            },
                            {
                                "name": "@go",
                                "line": 1
                            },
                            {
                                "name": "@spreadsheet",
                                "line": 1
                            },
                            {
                                "name": "@DEPEND-001",
                                "line": 5
                            }
                        ],
                        "steps": [
                            {
                                "keyword": "Given ",
                                "name": "a dependency workbook with \"duplicate sheetData containers\"",
                                "line": 7,
                                "match": {
                                    "location": "cache_invalidation_test.go:130"
                                },
                                "result": {
                                    "status": "passed",
                                    "duration": 665346
                                }
                            },
                            {
                                "keyword": "When ",
                                "name": "I attempt an explicit invalidating input edit",
                                "line": 8,
                                "match": {
                                    "location": "cache_invalidation_test.go:207"
                                },
                                "result": {
                                    "status": "passed",
                                    "duration": 619194
                                }
                            },
                            {
                                "keyword": "Then ",
                                "name": "invalidation returns a typed refusal without any package mutation",
                                "line": 9,
                                "match": {
                                    "location": "cache_invalidation_test.go:275"
                                },
                                "result": {
                                    "status": "passed",
                                    "duration": 3496132
                                }
                            }
                        ]
                    }
                ]
            },
            {
                "uri": "../features/implemented/package/xml-boundary.feature",
                "id": "document-boundary-whitespace-must-be-literal-xml-whitespace",
                "keyword": "Feature",
                "name": "Document boundary whitespace must be literal XML whitespace",
                "description": "  Decoding a character reference or CDATA into whitespace cannot make it legal outside the root.",
                "line": 2,
                "tags": [
                    {
                        "name": "@implemented",
                        "line": 1
                    },
                    {
                        "name": "@go",
                        "line": 1
                    },
                    {
                        "name": "@package",
                        "line": 1
                    }
                ],
                "elements": [
                    {
                        "id": "document-boundary-whitespace-must-be-literal-xml-whitespace;lexically-illegal-boundary-text-refuses-unchanged;;2",
                        "keyword": "Scenario Outline",
                        "name": "Lexically illegal boundary text refuses unchanged",
                        "description": "",
                        "line": 13,
                        "type": "scenario",
                        "tags": [
                            {
                                "name": "@implemented",
                                "line": 1
                            },
                            {
                                "name": "@go",
                                "line": 1
                            },
                            {
                                "name": "@package",
                                "line": 1
                            },
                            {
                                "name": "@PROLOG-001",
                                "line": 5
                            }
                        ],
                        "steps": [
                            {
                                "keyword": "Given ",
                                "name": "XML with lexical boundary case \"decimal space prolog\"",
                                "line": 7,
                                "match": {
                                    "location": "xml_conformance_test.go:35"
                                },
                                "result": {
                                    "status": "passed",
                                    "duration": 68113
                                }
                            },
                            {
                                "keyword": "When ",
                                "name": "I parse it as an editable XML snapshot",
                                "line": 8,
                                "match": {
                                    "location": "xml_conformance_test.go:45"
                                },
                                "result": {
                                    "status": "passed",
                                    "duration": 31685
                                }
                            },
                            {
                                "keyword": "Then ",
                                "name": "invalid XML structure is refused without changing the input",
                                "line": 9,
                                "match": {
                                    "location": "xml_conformance_test.go:46"
                                },
                                "result": {
                                    "status": "passed",
                                    "duration": 35110
                                }
                            }
                        ]
                    },
                    {
                        "id": "document-boundary-whitespace-must-be-literal-xml-whitespace;lexically-illegal-boundary-text-refuses-unchanged;;3",
                        "keyword": "Scenario Outline",
                        "name": "Lexically illegal boundary text refuses unchanged",
                        "description": "",
                        "line": 14,
                        "type": "scenario",
                        "tags": [
                            {
                                "name": "@implemented",
                                "line": 1
                            },
                            {
                                "name": "@go",
                                "line": 1
                            },
                            {
                                "name": "@package",
                                "line": 1
                            },
                            {
                                "name": "@PROLOG-001",
                                "line": 5
                            }
                        ],
                        "steps": [
                            {
                                "keyword": "Given ",
                                "name": "XML with lexical boundary case \"hexadecimal tab epilog\"",
                                "line": 7,
                                "match": {
                                    "location": "xml_conformance_test.go:35"
                                },
                                "result": {
                                    "status": "passed",
                                    "duration": 67611
                                }
                            },
                            {
                                "keyword": "When ",
                                "name": "I parse it as an editable XML snapshot",
                                "line": 8,
                                "match": {
                                    "location": "xml_conformance_test.go:45"
                                },
                                "result": {
                                    "status": "passed",
                                    "duration": 34965
                                }
                            },
                            {
                                "keyword": "Then ",
                                "name": "invalid XML structure is refused without changing the input",
                                "line": 9,
                                "match": {
                                    "location": "xml_conformance_test.go:46"
                                },
                                "result": {
                                    "status": "passed",
                                    "duration": 33934
                                }
                            }
                        ]
                    },
                    {
                        "id": "document-boundary-whitespace-must-be-literal-xml-whitespace;lexically-illegal-boundary-text-refuses-unchanged;;4",
                        "keyword": "Scenario Outline",
                        "name": "Lexically illegal boundary text refuses unchanged",
                        "description": "",
                        "line": 15,
                        "type": "scenario",
                        "tags": [
                            {
                                "name": "@implemented",
                                "line": 1
                            },
                            {
                                "name": "@go",
                                "line": 1
                            },
                            {
                                "name": "@package",
                                "line": 1
                            },
                            {
                                "name": "@PROLOG-001",
                                "line": 5
                            }
                        ],
                        "steps": [
                            {
                                "keyword": "Given ",
                                "name": "XML with lexical boundary case \"whitespace CDATA prolog\"",
                                "line": 7,
                                "match": {
                                    "location": "xml_conformance_test.go:35"
                                },
                                "result": {
                                    "status": "passed",
                                    "duration": 44776
                                }
                            },
                            {
                                "keyword": "When ",
                                "name": "I parse it as an editable XML snapshot",
                                "line": 8,
                                "match": {
                                    "location": "xml_conformance_test.go:45"
                                },
                                "result": {
                                    "status": "passed",
                                    "duration": 25827
                                }
                            },
                            {
                                "keyword": "Then ",
                                "name": "invalid XML structure is refused without changing the input",
                                "line": 9,
                                "match": {
                                    "location": "xml_conformance_test.go:46"
                                },
                                "result": {
                                    "status": "passed",
                                    "duration": 32209
                                }
                            }
                        ]
                    },
                    {
                        "id": "document-boundary-whitespace-must-be-literal-xml-whitespace;lexically-illegal-boundary-text-refuses-unchanged;;5",
                        "keyword": "Scenario Outline",
                        "name": "Lexically illegal boundary text refuses unchanged",
                        "description": "",
                        "line": 16,
                        "type": "scenario",
                        "tags": [
                            {
                                "name": "@implemented",
                                "line": 1
                            },
                            {
                                "name": "@go",
                                "line": 1
                            },
                            {
                                "name": "@package",
                                "line": 1
                            },
                            {
                                "name": "@PROLOG-001",
                                "line": 5
                            }
                        ],
                        "steps": [
                            {
                                "keyword": "Given ",
                                "name": "XML with lexical boundary case \"empty CDATA epilog\"",
                                "line": 7,
                                "match": {
                                    "location": "xml_conformance_test.go:35"
                                },
                                "result": {
                                    "status": "passed",
                                    "duration": 52437
                                }
                            },
                            {
                                "keyword": "When ",
                                "name": "I parse it as an editable XML snapshot",
                                "line": 8,
                                "match": {
                                    "location": "xml_conformance_test.go:45"
                                },
                                "result": {
                                    "status": "passed",
                                    "duration": 47027
                                }
                            },
                            {
                                "keyword": "Then ",
                                "name": "invalid XML structure is refused without changing the input",
                                "line": 9,
                                "match": {
                                    "location": "xml_conformance_test.go:46"
                                },
                                "result": {
                                    "status": "passed",
                                    "duration": 59090
                                }
                            }
                        ]
                    }
                ]
            },
            {
                "uri": "../features/implemented/document/spans.feature",
                "id": "exact-word-spans-across-run-fragmentation",
                "keyword": "Feature",
                "name": "Exact Word spans across run fragmentation",
                "description": "  Search exposes all exact matches without selecting an arbitrary occurrence.",
                "line": 2,
                "tags": [
                    {
                        "name": "@implemented",
                        "line": 1
                    },
                    {
                        "name": "@go",
                        "line": 1
                    },
                    {
                        "name": "@document",
                        "line": 1
                    }
                ],
                "elements": [
                    {
                        "id": "exact-word-spans-across-run-fragmentation;exact-matching-crosses-formatting-runs-and-unicode-boundaries;;2",
                        "keyword": "Scenario Outline",
                        "name": "Exact matching crosses formatting runs and Unicode boundaries",
                        "description": "",
                        "line": 13,
                        "type": "scenario",
                        "tags": [
                            {
                                "name": "@implemented",
                                "line": 1
                            },
                            {
                                "name": "@go",
                                "line": 1
                            },
                            {
                                "name": "@document",
                                "line": 1
                            },
                            {
                                "name": "@SPAN-001",
                                "line": 5
                            }
                        ],
                        "steps": [
                            {
                                "keyword": "Given ",
                                "name": "a Word paragraph with run text \"Payment\" and \"terms\"",
                                "line": 7,
                                "match": {
                                    "location": "spans_test.go:45"
                                },
                                "result": {
                                    "status": "passed",
                                    "duration": 378681
                                }
                            },
                            {
                                "keyword": "When ",
                                "name": "I find exact Word spans for \"Paymentterms\"",
                                "line": 8,
                                "match": {
                                    "location": "spans_test.go:47"
                                },
                                "result": {
                                    "status": "passed",
                                    "duration": 48209
                                }
                            },
                            {
                                "keyword": "Then ",
                                "name": "exactly one span reports the original text \"Paymentterms\"",
                                "line": 9,
                                "match": {
                                    "location": "spans_test.go:48"
                                },
                                "result": {
                                    "status": "passed",
                                    "duration": 44136
                                }
                            }
                        ]
                    },
                    {
                        "id": "exact-word-spans-across-run-fragmentation;exact-matching-crosses-formatting-runs-and-unicode-boundaries;;3",
                        "keyword": "Scenario Outline",
                        "name": "Exact matching crosses formatting runs and Unicode boundaries",
                        "description": "",
                        "line": 14,
                        "type": "scenario",
                        "tags": [
                            {
                                "name": "@implemented",
                                "line": 1
                            },
                            {
                                "name": "@go",
                                "line": 1
                            },
                            {
                                "name": "@document",
                                "line": 1
                            },
                            {
                                "name": "@SPAN-001",
                                "line": 5
                            }
                        ],
                        "steps": [
                            {
                                "keyword": "Given ",
                                "name": "a Word paragraph with run text \"pre Al\" and \"pha post\"",
                                "line": 7,
                                "match": {
                                    "location": "spans_test.go:45"
                                },
                                "result": {
                                    "status": "passed",
                                    "duration": 265453
                                }
                            },
                            {
                                "keyword": "When ",
                                "name": "I find exact Word spans for \"Alpha\"",
                                "line": 8,
                                "match": {
                                    "location": "spans_test.go:47"
                                },
                                "result": {
                                    "status": "passed",
                                    "duration": 41797
                                }
                            },
                            {
                                "keyword": "Then ",
                                "name": "exactly one span reports the original text \"Alpha\"",
                                "line": 9,
                                "match": {
                                    "location": "spans_test.go:48"
                                },
                                "result": {
                                    "status": "passed",
                                    "duration": 39191
                                }
                            }
                        ]
                    },
                    {
                        "id": "exact-word-spans-across-run-fragmentation;exact-matching-crosses-formatting-runs-and-unicode-boundaries;;4",
                        "keyword": "Scenario Outline",
                        "name": "Exact matching crosses formatting runs and Unicode boundaries",
                        "description": "",
                        "line": 15,
                        "type": "scenario",
                        "tags": [
                            {
                                "name": "@implemented",
                                "line": 1
                            },
                            {
                                "name": "@go",
                                "line": 1
                            },
                            {
                                "name": "@document",
                                "line": 1
                            },
                            {
                                "name": "@SPAN-001",
                                "line": 5
                            }
                        ],
                        "steps": [
                            {
                                "keyword": "Given ",
                                "name": "a Word paragraph with run text \"fee 😀\" and \"café\"",
                                "line": 7,
                                "match": {
                                    "location": "spans_test.go:45"
                                },
                                "result": {
                                    "status": "passed",
                                    "duration": 294799
                                }
                            },
                            {
                                "keyword": "When ",
                                "name": "I find exact Word spans for \"😀café\"",
                                "line": 8,
                                "match": {
                                    "location": "spans_test.go:47"
                                },
                                "result": {
                                    "status": "passed",
                                    "duration": 45694
                                }
                            },
                            {
                                "keyword": "Then ",
                                "name": "exactly one span reports the original text \"😀café\"",
                                "line": 9,
                                "match": {
                                    "location": "spans_test.go:48"
                                },
                                "result": {
                                    "status": "passed",
                                    "duration": 42097
                                }
                            }
                        ]
                    },
                    {
                        "id": "exact-word-spans-across-run-fragmentation;repeated-matches-remain-explicit-and-single-target-lookup-refuses",
                        "keyword": "Scenario",
                        "name": "Repeated matches remain explicit and single-target lookup refuses",
                        "description": "",
                        "line": 18,
                        "type": "scenario",
                        "tags": [
                            {
                                "name": "@implemented",
                                "line": 1
                            },
                            {
                                "name": "@go",
                                "line": 1
                            },
                            {
                                "name": "@document",
                                "line": 1
                            },
                            {
                                "name": "@SPAN-002",
                                "line": 17
                            }
                        ],
                        "steps": [
                            {
                                "keyword": "Given ",
                                "name": "a Word paragraph with run text \"red red\" and \" red\"",
                                "line": 19,
                                "match": {
                                    "location": "spans_test.go:45"
                                },
                                "result": {
                                    "status": "passed",
                                    "duration": 306327
                                }
                            },
                            {
                                "keyword": "When ",
                                "name": "I find exact Word spans for \"red\"",
                                "line": 20,
                                "match": {
                                    "location": "spans_test.go:47"
                                },
                                "result": {
                                    "status": "passed",
                                    "duration": 39928
                                }
                            },
                            {
                                "keyword": "Then ",
                                "name": "all three spans remain available in source order",
                                "line": 21,
                                "match": {
                                    "location": "spans_test.go:61"
                                },
                                "result": {
                                    "status": "passed",
                                    "duration": 27384
                                }
                            },
                            {
                                "keyword": "And ",
                                "name": "single-target lookup reports ambiguous-target",
                                "line": 22,
                                "match": {
                                    "location": "spans_test.go:72"
                                },
                                "result": {
                                    "status": "passed",
                                    "duration": 34800
                                }
                            }
                        ]
                    },
                    {
                        "id": "exact-word-spans-across-run-fragmentation;text-separated-by-paragraph-boundaries-is-not-silently-concatenated",
                        "keyword": "Scenario",
                        "name": "Text separated by paragraph boundaries is not silently concatenated",
                        "description": "",
                        "line": 25,
                        "type": "scenario",
                        "tags": [
                            {
                                "name": "@implemented",
                                "line": 1
                            },
                            {
                                "name": "@go",
                                "line": 1
                            },
                            {
                                "name": "@document",
                                "line": 1
                            },
                            {
                                "name": "@SPAN-003",
                                "line": 24
                            }
                        ],
                        "steps": [
                            {
                                "keyword": "Given ",
                                "name": "Word paragraphs containing \"first\" and \"second\"",
                                "line": 26,
                                "match": {
                                    "location": "spans_test.go:46"
                                },
                                "result": {
                                    "status": "passed",
                                    "duration": 259468
                                }
                            },
                            {
                                "keyword": "When ",
                                "name": "I find exact Word spans for \"firstsecond\"",
                                "line": 27,
                                "match": {
                                    "location": "spans_test.go:47"
                                },
                                "result": {
                                    "status": "passed",
                                    "duration": 42692
                                }
                            },
                            {
                                "keyword": "Then ",
                                "name": "no spans are returned",
                                "line": 28,
                                "match": {
                                    "location": "spans_test.go:80"
                                },
                                "result": {
                                    "status": "passed",
                                    "duration": 15961
                                }
                            }
                        ]
                    }
                ]
            },
            {
                "uri": "../features/implemented/package/baseline.feature",
                "id": "existing-office-fixture-intake",
                "keyword": "Feature",
                "name": "Existing Office fixture intake",
                "description": "  Repository fixtures can be inspected without a fixed workspace mount.",
                "line": 2,
                "tags": [
                    {
                        "name": "@implemented",
                        "line": 1
                    },
                    {
                        "name": "@go",
                        "line": 1
                    },
                    {
                        "name": "@package",
                        "line": 1
                    }
                ],
                "elements": [
                    {
                        "id": "existing-office-fixture-intake;open-the-principal-part-from-a-repository-fixture;;2",
                        "keyword": "Scenario Outline",
                        "name": "Open the principal part from a repository fixture",
                        "description": "",
                        "line": 13,
                        "type": "scenario",
                        "tags": [
                            {
                                "name": "@implemented",
                                "line": 1
                            },
                            {
                                "name": "@go",
                                "line": 1
                            },
                            {
                                "name": "@package",
                                "line": 1
                            },
                            {
                                "name": "@BASE-001",
                                "line": 5
                            }
                        ],
                        "steps": [
                            {
                                "keyword": "Given ",
                                "name": "the repository fixture \"word/minimal.docx\"",
                                "line": 7,
                                "match": {
                                    "location": "acceptance_test.go:143"
                                },
                                "result": {
                                    "status": "passed",
                                    "duration": 94730
                                }
                            },
                            {
                                "keyword": "When ",
                                "name": "I open its Office package",
                                "line": 8,
                                "match": {
                                    "location": "acceptance_test.go:144"
                                },
                                "result": {
                                    "status": "passed",
                                    "duration": 1096369
                                }
                            },
                            {
                                "keyword": "Then ",
                                "name": "the package contains a nonempty part \"word/document.xml\"",
                                "line": 9,
                                "match": {
                                    "location": "acceptance_test.go:145"
                                },
                                "result": {
                                    "status": "passed",
                                    "duration": 44855
                                }
                            }
                        ]
                    },
                    {
                        "id": "existing-office-fixture-intake;open-the-principal-part-from-a-repository-fixture;;3",
                        "keyword": "Scenario Outline",
                        "name": "Open the principal part from a repository fixture",
                        "description": "",
                        "line": 14,
                        "type": "scenario",
                        "tags": [
                            {
                                "name": "@implemented",
                                "line": 1
                            },
                            {
                                "name": "@go",
                                "line": 1
                            },
                            {
                                "name": "@package",
                                "line": 1
                            },
                            {
                                "name": "@BASE-001",
                                "line": 5
                            }
                        ],
                        "steps": [
                            {
                                "keyword": "Given ",
                                "name": "the repository fixture \"pptx/minimal.pptx\"",
                                "line": 7,
                                "match": {
                                    "location": "acceptance_test.go:143"
                                },
                                "result": {
                                    "status": "passed",
                                    "duration": 76023
                                }
                            },
                            {
                                "keyword": "When ",
                                "name": "I open its Office package",
                                "line": 8,
                                "match": {
                                    "location": "acceptance_test.go:144"
                                },
                                "result": {
                                    "status": "passed",
                                    "duration": 685621
                                }
                            },
                            {
                                "keyword": "Then ",
                                "name": "the package contains a nonempty part \"ppt/presentation.xml\"",
                                "line": 9,
                                "match": {
                                    "location": "acceptance_test.go:145"
                                },
                                "result": {
                                    "status": "passed",
                                    "duration": 47048
                                }
                            }
                        ]
                    },
                    {
                        "id": "existing-office-fixture-intake;open-the-principal-part-from-a-repository-fixture;;4",
                        "keyword": "Scenario Outline",
                        "name": "Open the principal part from a repository fixture",
                        "description": "",
                        "line": 15,
                        "type": "scenario",
                        "tags": [
                            {
                                "name": "@implemented",
                                "line": 1
                            },
                            {
                                "name": "@go",
                                "line": 1
                            },
                            {
                                "name": "@package",
                                "line": 1
                            },
                            {
                                "name": "@BASE-001",
                                "line": 5
                            }
                        ],
                        "steps": [
                            {
                                "keyword": "Given ",
                                "name": "the repository fixture \"excel/minimal.xlsx\"",
                                "line": 7,
                                "match": {
                                    "location": "acceptance_test.go:143"
                                },
                                "result": {
                                    "status": "passed",
                                    "duration": 67143
                                }
                            },
                            {
                                "keyword": "When ",
                                "name": "I open its Office package",
                                "line": 8,
                                "match": {
                                    "location": "acceptance_test.go:144"
                                },
                                "result": {
                                    "status": "passed",
                                    "duration": 177531
                                }
                            },
                            {
                                "keyword": "Then ",
                                "name": "the package contains a nonempty part \"xl/workbook.xml\"",
                                "line": 9,
                                "match": {
                                    "location": "acceptance_test.go:145"
                                },
                                "result": {
                                    "status": "passed",
                                    "duration": 34549
                                }
                            }
                        ]
                    },
                    {
                        "id": "existing-office-fixture-intake;open-the-principal-part-from-a-repository-fixture;;5",
                        "keyword": "Scenario Outline",
                        "name": "Open the principal part from a repository fixture",
                        "description": "",
                        "line": 16,
                        "type": "scenario",
                        "tags": [
                            {
                                "name": "@implemented",
                                "line": 1
                            },
                            {
                                "name": "@go",
                                "line": 1
                            },
                            {
                                "name": "@package",
                                "line": 1
                            },
                            {
                                "name": "@BASE-001",
                                "line": 5
                            }
                        ],
                        "steps": [
                            {
                                "keyword": "Given ",
                                "name": "the repository fixture \"pptx/comments.pptx\"",
                                "line": 7,
                                "match": {
                                    "location": "acceptance_test.go:143"
                                },
                                "result": {
                                    "status": "passed",
                                    "duration": 80779
                                }
                            },
                            {
                                "keyword": "When ",
                                "name": "I open its Office package",
                                "line": 8,
                                "match": {
                                    "location": "acceptance_test.go:144"
                                },
                                "result": {
                                    "status": "passed",
                                    "duration": 665911
                                }
                            },
                            {
                                "keyword": "Then ",
                                "name": "the package contains a nonempty part \"ppt/presentation.xml\"",
                                "line": 9,
                                "match": {
                                    "location": "acceptance_test.go:145"
                                },
                                "result": {
                                    "status": "passed",
                                    "duration": 37312
                                }
                            }
                        ]
                    },
                    {
                        "id": "existing-office-fixture-intake;open-the-principal-part-from-a-repository-fixture;;6",
                        "keyword": "Scenario Outline",
                        "name": "Open the principal part from a repository fixture",
                        "description": "",
                        "line": 17,
                        "type": "scenario",
                        "tags": [
                            {
                                "name": "@implemented",
                                "line": 1
                            },
                            {
                                "name": "@go",
                                "line": 1
                            },
                            {
                                "name": "@package",
                                "line": 1
                            },
                            {
                                "name": "@BASE-001",
                                "line": 5
                            }
                        ],
                        "steps": [
                            {
                                "keyword": "Given ",
                                "name": "the repository fixture \"excel/formatting.xlsx\"",
                                "line": 7,
                                "match": {
                                    "location": "acceptance_test.go:143"
                                },
                                "result": {
                                    "status": "passed",
                                    "duration": 85077
                                }
                            },
                            {
                                "keyword": "When ",
                                "name": "I open its Office package",
                                "line": 8,
                                "match": {
                                    "location": "acceptance_test.go:144"
                                },
                                "result": {
                                    "status": "passed",
                                    "duration": 180077
                                }
                            },
                            {
                                "keyword": "Then ",
                                "name": "the package contains a nonempty part \"xl/workbook.xml\"",
                                "line": 9,
                                "match": {
                                    "location": "acceptance_test.go:145"
                                },
                                "result": {
                                    "status": "passed",
                                    "duration": 122374
                                }
                            }
                        ]
                    },
                    {
                        "id": "existing-office-fixture-intake;open-the-principal-part-from-a-repository-fixture;;7",
                        "keyword": "Scenario Outline",
                        "name": "Open the principal part from a repository fixture",
                        "description": "",
                        "line": 18,
                        "type": "scenario",
                        "tags": [
                            {
                                "name": "@implemented",
                                "line": 1
                            },
                            {
                                "name": "@go",
                                "line": 1
                            },
                            {
                                "name": "@package",
                                "line": 1
                            },
                            {
                                "name": "@BASE-001",
                                "line": 5
                            }
                        ],
                        "steps": [
                            {
                                "keyword": "Given ",
                                "name": "the repository fixture \"excel/formulas.xlsx\"",
                                "line": 7,
                                "match": {
                                    "location": "acceptance_test.go:143"
                                },
                                "result": {
                                    "status": "passed",
                                    "duration": 60320
                                }
                            },
                            {
                                "keyword": "When ",
                                "name": "I open its Office package",
                                "line": 8,
                                "match": {
                                    "location": "acceptance_test.go:144"
                                },
                                "result": {
                                    "status": "passed",
                                    "duration": 197272
                                }
                            },
                            {
                                "keyword": "Then ",
                                "name": "the package contains a nonempty part \"xl/workbook.xml\"",
                                "line": 9,
                                "match": {
                                    "location": "acceptance_test.go:145"
                                },
                                "result": {
                                    "status": "passed",
                                    "duration": 34900
                                }
                            }
                        ]
                    },
                    {
                        "id": "existing-office-fixture-intake;open-the-principal-part-from-a-repository-fixture;;8",
                        "keyword": "Scenario Outline",
                        "name": "Open the principal part from a repository fixture",
                        "description": "",
                        "line": 19,
                        "type": "scenario",
                        "tags": [
                            {
                                "name": "@implemented",
                                "line": 1
                            },
                            {
                                "name": "@go",
                                "line": 1
                            },
                            {
                                "name": "@package",
                                "line": 1
                            },
                            {
                                "name": "@BASE-001",
                                "line": 5
                            }
                        ],
                        "steps": [
                            {
                                "keyword": "Given ",
                                "name": "the repository fixture \"excel/conditional_format.xlsx\"",
                                "line": 7,
                                "match": {
                                    "location": "acceptance_test.go:143"
                                },
                                "result": {
                                    "status": "passed",
                                    "duration": 69444
                                }
                            },
                            {
                                "keyword": "When ",
                                "name": "I open its Office package",
                                "line": 8,
                                "match": {
                                    "location": "acceptance_test.go:144"
                                },
                                "result": {
                                    "status": "passed",
                                    "duration": 185046
                                }
                            },
                            {
                                "keyword": "Then ",
                                "name": "the package contains a nonempty part \"xl/workbook.xml\"",
                                "line": 9,
                                "match": {
                                    "location": "acceptance_test.go:145"
                                },
                                "result": {
                                    "status": "passed",
                                    "duration": 35986
                                }
                            }
                        ]
                    }
                ]
            },
            {
                "uri": "../features/implemented/document/search-policy.feature",
                "id": "explicit-word-search-policy-and-context-ranking",
                "keyword": "Feature",
                "name": "Explicit Word search policy and context ranking",
                "description": "  Normalisation selects original text; proximity never hides ambiguous candidates.",
                "line": 2,
                "tags": [
                    {
                        "name": "@implemented",
                        "line": 1
                    },
                    {
                        "name": "@go",
                        "line": 1
                    },
                    {
                        "name": "@document",
                        "line": 1
                    }
                ],
                "elements": [
                    {
                        "id": "explicit-word-search-policy-and-context-ranking;normalised-matching-retains-original-typographic-text",
                        "keyword": "Scenario",
                        "name": "Normalised matching retains original typographic text",
                        "description": "",
                        "line": 6,
                        "type": "scenario",
                        "tags": [
                            {
                                "name": "@implemented",
                                "line": 1
                            },
                            {
                                "name": "@go",
                                "line": 1
                            },
                            {
                                "name": "@document",
                                "line": 1
                            },
                            {
                                "name": "@SEARCH-001",
                                "line": 5
                            }
                        ],
                        "steps": [
                            {
                                "keyword": "Given ",
                                "name": "a Word paragraph containing \"Straße – “Cost”\"",
                                "line": 7,
                                "match": {
                                    "location": "search_policy_test.go:41"
                                },
                                "result": {
                                    "status": "passed",
                                    "duration": 305942
                                }
                            },
                            {
                                "keyword": "When ",
                                "name": "I search with normalisation for \"STRASSE - “cost”\"",
                                "line": 8,
                                "match": {
                                    "location": "search_policy_test.go:43"
                                },
                                "result": {
                                    "status": "passed",
                                    "duration": 51276
                                }
                            },
                            {
                                "keyword": "Then ",
                                "name": "the search evidence is exactly \"Straße – “Cost”\"",
                                "line": 9,
                                "match": {
                                    "location": "search_policy_test.go:48"
                                },
                                "result": {
                                    "status": "passed",
                                    "duration": 27407
                                }
                            },
                            {
                                "keyword": "And ",
                                "name": "that selected evidence can authorise an ordinary replacement",
                                "line": 10,
                                "match": {
                                    "location": "search_policy_test.go:54"
                                },
                                "result": {
                                    "status": "passed",
                                    "duration": 98200
                                }
                            }
                        ]
                    },
                    {
                        "id": "explicit-word-search-policy-and-context-ranking;casefold-expansion-cannot-select-half-an-original-character",
                        "keyword": "Scenario",
                        "name": "Casefold expansion cannot select half an original character",
                        "description": "",
                        "line": 13,
                        "type": "scenario",
                        "tags": [
                            {
                                "name": "@implemented",
                                "line": 1
                            },
                            {
                                "name": "@go",
                                "line": 1
                            },
                            {
                                "name": "@document",
                                "line": 1
                            },
                            {
                                "name": "@SEARCH-002",
                                "line": 12
                            }
                        ],
                        "steps": [
                            {
                                "keyword": "Given ",
                                "name": "a Word paragraph containing \"ß\"",
                                "line": 14,
                                "match": {
                                    "location": "search_policy_test.go:41"
                                },
                                "result": {
                                    "status": "passed",
                                    "duration": 249099
                                }
                            },
                            {
                                "keyword": "When ",
                                "name": "I search with normalisation for \"s\"",
                                "line": 15,
                                "match": {
                                    "location": "search_policy_test.go:43"
                                },
                                "result": {
                                    "status": "passed",
                                    "duration": 34636
                                }
                            },
                            {
                                "keyword": "Then ",
                                "name": "normalised search returns no partial-character target",
                                "line": 16,
                                "match": {
                                    "location": "search_policy_test.go:55"
                                },
                                "result": {
                                    "status": "passed",
                                    "duration": 40188
                                }
                            }
                        ]
                    },
                    {
                        "id": "explicit-word-search-policy-and-context-ranking;near-ranks-every-candidate-but-does-not-discard-distant-matches",
                        "keyword": "Scenario",
                        "name": "Near ranks every candidate but does not discard distant matches",
                        "description": "",
                        "line": 19,
                        "type": "scenario",
                        "tags": [
                            {
                                "name": "@implemented",
                                "line": 1
                            },
                            {
                                "name": "@go",
                                "line": 1
                            },
                            {
                                "name": "@document",
                                "line": 1
                            },
                            {
                                "name": "@SEARCH-003",
                                "line": 18
                            }
                        ],
                        "steps": [
                            {
                                "keyword": "Given ",
                                "name": "Word search paragraphs \"red far\" and \"red context\"",
                                "line": 20,
                                "match": {
                                    "location": "search_policy_test.go:42"
                                },
                                "result": {
                                    "status": "passed",
                                    "duration": 849550
                                }
                            },
                            {
                                "keyword": "When ",
                                "name": "I rank matches for \"red\" near \"context\"",
                                "line": 21,
                                "match": {
                                    "location": "search_policy_test.go:61"
                                },
                                "result": {
                                    "status": "passed",
                                    "duration": 44590
                                }
                            },
                            {
                                "keyword": "Then ",
                                "name": "both candidates remain and the contextual paragraph ranks first",
                                "line": 22,
                                "match": {
                                    "location": "search_policy_test.go:66"
                                },
                                "result": {
                                    "status": "passed",
                                    "duration": 138764
                                }
                            }
                        ]
                    },
                    {
                        "id": "explicit-word-search-policy-and-context-ranking;conflicting-positional-and-contextual-selectors-refuse",
                        "keyword": "Scenario",
                        "name": "Conflicting positional and contextual selectors refuse",
                        "description": "",
                        "line": 25,
                        "type": "scenario",
                        "tags": [
                            {
                                "name": "@implemented",
                                "line": 1
                            },
                            {
                                "name": "@go",
                                "line": 1
                            },
                            {
                                "name": "@document",
                                "line": 1
                            },
                            {
                                "name": "@SEARCH-004",
                                "line": 24
                            }
                        ],
                        "steps": [
                            {
                                "keyword": "Given ",
                                "name": "a Word paragraph containing \"red red\"",
                                "line": 26,
                                "match": {
                                    "location": "search_policy_test.go:41"
                                },
                                "result": {
                                    "status": "passed",
                                    "duration": 300229
                                }
                            },
                            {
                                "keyword": "When ",
                                "name": "I combine an explicit occurrence with contextual ranking",
                                "line": 27,
                                "match": {
                                    "location": "search_policy_test.go:82"
                                },
                                "result": {
                                    "status": "passed",
                                    "duration": 40267
                                }
                            },
                            {
                                "keyword": "Then ",
                                "name": "the search argument conflict is reported",
                                "line": 28,
                                "match": {
                                    "location": "search_policy_test.go:86"
                                },
                                "result": {
                                    "status": "passed",
                                    "duration": 21719
                                }
                            }
                        ]
                    }
                ]
            },
            {
                "uri": "../features/implemented/package/graph-delete.feature",
                "id": "explicit-graph-deletion-is-atomic-with-payload-edits",
                "keyword": "Feature",
                "name": "Explicit graph deletion is atomic with payload edits",
                "description": "  A detached leaf can be removed without deleting any unselected shared content.",
                "line": 2,
                "tags": [
                    {
                        "name": "@implemented",
                        "line": 1
                    },
                    {
                        "name": "@go",
                        "line": 1
                    },
                    {
                        "name": "@package",
                        "line": 1
                    }
                ],
                "elements": [
                    {
                        "id": "explicit-graph-deletion-is-atomic-with-payload-edits;delete-a-leaf-and-its-selected-relationships-in-one-transaction",
                        "keyword": "Scenario",
                        "name": "Delete a leaf and its selected relationships in one transaction",
                        "description": "",
                        "line": 6,
                        "type": "scenario",
                        "tags": [
                            {
                                "name": "@implemented",
                                "line": 1
                            },
                            {
                                "name": "@go",
                                "line": 1
                            },
                            {
                                "name": "@package",
                                "line": 1
                            },
                            {
                                "name": "@DELETE-001",
                                "line": 5
                            }
                        ],
                        "steps": [
                            {
                                "keyword": "Given ",
                                "name": "a package with two relationships to a removable leaf",
                                "line": 7,
                                "match": {
                                    "location": "graph_delete_test.go:39"
                                },
                                "result": {
                                    "status": "passed",
                                    "duration": 793856
                                }
                            },
                            {
                                "keyword": "When ",
                                "name": "I plan removal of both edges and the leaf with an owner edit",
                                "line": 8,
                                "match": {
                                    "location": "graph_delete_test.go:59"
                                },
                                "result": {
                                    "status": "passed",
                                    "duration": 356830
                                }
                            },
                            {
                                "keyword": "Then ",
                                "name": "the deletion preview preserves all package bytes",
                                "line": 9,
                                "match": {
                                    "location": "graph_delete_test.go:60"
                                },
                                "result": {
                                    "status": "passed",
                                    "duration": 47985
                                }
                            },
                            {
                                "keyword": "When ",
                                "name": "I apply and deliver the deletion plan",
                                "line": 10,
                                "match": {
                                    "location": "graph_delete_test.go:70"
                                },
                                "result": {
                                    "status": "passed",
                                    "duration": 2432197
                                }
                            },
                            {
                                "keyword": "Then ",
                                "name": "the leaf and its content-type override and edges are absent",
                                "line": 11,
                                "match": {
                                    "location": "graph_delete_test.go:96"
                                },
                                "result": {
                                    "status": "passed",
                                    "duration": 104981
                                }
                            },
                            {
                                "keyword": "And ",
                                "name": "the owner edit and unrelated registry bytes are preserved",
                                "line": 12,
                                "match": {
                                    "location": "graph_delete_test.go:117"
                                },
                                "result": {
                                    "status": "passed",
                                    "duration": 43345
                                }
                            }
                        ]
                    },
                    {
                        "id": "explicit-graph-deletion-is-atomic-with-payload-edits;unsafe-deletion-refuses-without-committing-any-payload;;2",
                        "keyword": "Scenario Outline",
                        "name": "Unsafe deletion refuses without committing any payload",
                        "description": "",
                        "line": 22,
                        "type": "scenario",
                        "tags": [
                            {
                                "name": "@implemented",
                                "line": 1
                            },
                            {
                                "name": "@go",
                                "line": 1
                            },
                            {
                                "name": "@package",
                                "line": 1
                            },
                            {
                                "name": "@DELETE-002",
                                "line": 14
                            }
                        ],
                        "steps": [
                            {
                                "keyword": "Given ",
                                "name": "a package with two relationships to a removable leaf",
                                "line": 16,
                                "match": {
                                    "location": "graph_delete_test.go:39"
                                },
                                "result": {
                                    "status": "passed",
                                    "duration": 1067638
                                }
                            },
                            {
                                "keyword": "When ",
                                "name": "I attempt a deletion plan with \"remaining inbound edge\"",
                                "line": 17,
                                "match": {
                                    "location": "graph_delete_test.go:129"
                                },
                                "result": {
                                    "status": "passed",
                                    "duration": 214760
                                }
                            },
                            {
                                "keyword": "Then ",
                                "name": "deletion planning refuses with unchanged package bytes",
                                "line": 18,
                                "match": {
                                    "location": "graph_delete_test.go:150"
                                },
                                "result": {
                                    "status": "passed",
                                    "duration": 61999
                                }
                            }
                        ]
                    },
                    {
                        "id": "explicit-graph-deletion-is-atomic-with-payload-edits;unsafe-deletion-refuses-without-committing-any-payload;;3",
                        "keyword": "Scenario Outline",
                        "name": "Unsafe deletion refuses without committing any payload",
                        "description": "",
                        "line": 23,
                        "type": "scenario",
                        "tags": [
                            {
                                "name": "@implemented",
                                "line": 1
                            },
                            {
                                "name": "@go",
                                "line": 1
                            },
                            {
                                "name": "@package",
                                "line": 1
                            },
                            {
                                "name": "@DELETE-002",
                                "line": 14
                            }
                        ],
                        "steps": [
                            {
                                "keyword": "Given ",
                                "name": "a package with two relationships to a removable leaf",
                                "line": 16,
                                "match": {
                                    "location": "graph_delete_test.go:39"
                                },
                                "result": {
                                    "status": "passed",
                                    "duration": 208030
                                }
                            },
                            {
                                "keyword": "When ",
                                "name": "I attempt a deletion plan with \"stale leaf fingerprint\"",
                                "line": 17,
                                "match": {
                                    "location": "graph_delete_test.go:129"
                                },
                                "result": {
                                    "status": "passed",
                                    "duration": 80007
                                }
                            },
                            {
                                "keyword": "Then ",
                                "name": "deletion planning refuses with unchanged package bytes",
                                "line": 18,
                                "match": {
                                    "location": "graph_delete_test.go:150"
                                },
                                "result": {
                                    "status": "passed",
                                    "duration": 32011
                                }
                            }
                        ]
                    },
                    {
                        "id": "explicit-graph-deletion-is-atomic-with-payload-edits;unsafe-deletion-refuses-without-committing-any-payload;;4",
                        "keyword": "Scenario Outline",
                        "name": "Unsafe deletion refuses without committing any payload",
                        "description": "",
                        "line": 24,
                        "type": "scenario",
                        "tags": [
                            {
                                "name": "@implemented",
                                "line": 1
                            },
                            {
                                "name": "@go",
                                "line": 1
                            },
                            {
                                "name": "@package",
                                "line": 1
                            },
                            {
                                "name": "@DELETE-002",
                                "line": 14
                            }
                        ],
                        "steps": [
                            {
                                "keyword": "Given ",
                                "name": "a package with two relationships to a removable leaf",
                                "line": 16,
                                "match": {
                                    "location": "graph_delete_test.go:39"
                                },
                                "result": {
                                    "status": "passed",
                                    "duration": 262011
                                }
                            },
                            {
                                "keyword": "When ",
                                "name": "I attempt a deletion plan with \"stale owner replacement\"",
                                "line": 17,
                                "match": {
                                    "location": "graph_delete_test.go:129"
                                },
                                "result": {
                                    "status": "passed",
                                    "duration": 120617
                                }
                            },
                            {
                                "keyword": "Then ",
                                "name": "deletion planning refuses with unchanged package bytes",
                                "line": 18,
                                "match": {
                                    "location": "graph_delete_test.go:150"
                                },
                                "result": {
                                    "status": "passed",
                                    "duration": 31288
                                }
                            }
                        ]
                    },
                    {
                        "id": "explicit-graph-deletion-is-atomic-with-payload-edits;unsafe-deletion-refuses-without-committing-any-payload;;5",
                        "keyword": "Scenario Outline",
                        "name": "Unsafe deletion refuses without committing any payload",
                        "description": "",
                        "line": 25,
                        "type": "scenario",
                        "tags": [
                            {
                                "name": "@implemented",
                                "line": 1
                            },
                            {
                                "name": "@go",
                                "line": 1
                            },
                            {
                                "name": "@package",
                                "line": 1
                            },
                            {
                                "name": "@DELETE-002",
                                "line": 14
                            }
                        ],
                        "steps": [
                            {
                                "keyword": "Given ",
                                "name": "a package with two relationships to a removable leaf",
                                "line": 16,
                                "match": {
                                    "location": "graph_delete_test.go:39"
                                },
                                "result": {
                                    "status": "passed",
                                    "duration": 230261
                                }
                            },
                            {
                                "keyword": "When ",
                                "name": "I attempt a deletion plan with \"duplicate edge removal\"",
                                "line": 17,
                                "match": {
                                    "location": "graph_delete_test.go:129"
                                },
                                "result": {
                                    "status": "passed",
                                    "duration": 124259
                                }
                            },
                            {
                                "keyword": "Then ",
                                "name": "deletion planning refuses with unchanged package bytes",
                                "line": 18,
                                "match": {
                                    "location": "graph_delete_test.go:150"
                                },
                                "result": {
                                    "status": "passed",
                                    "duration": 34078
                                }
                            }
                        ]
                    },
                    {
                        "id": "explicit-graph-deletion-is-atomic-with-payload-edits;unsafe-deletion-refuses-without-committing-any-payload;;6",
                        "keyword": "Scenario Outline",
                        "name": "Unsafe deletion refuses without committing any payload",
                        "description": "",
                        "line": 26,
                        "type": "scenario",
                        "tags": [
                            {
                                "name": "@implemented",
                                "line": 1
                            },
                            {
                                "name": "@go",
                                "line": 1
                            },
                            {
                                "name": "@package",
                                "line": 1
                            },
                            {
                                "name": "@DELETE-002",
                                "line": 14
                            }
                        ],
                        "steps": [
                            {
                                "keyword": "Given ",
                                "name": "a package with two relationships to a removable leaf",
                                "line": 16,
                                "match": {
                                    "location": "graph_delete_test.go:39"
                                },
                                "result": {
                                    "status": "passed",
                                    "duration": 353892
                                }
                            },
                            {
                                "keyword": "When ",
                                "name": "I attempt a deletion plan with \"delete and replace conflict\"",
                                "line": 17,
                                "match": {
                                    "location": "graph_delete_test.go:129"
                                },
                                "result": {
                                    "status": "passed",
                                    "duration": 175439
                                }
                            },
                            {
                                "keyword": "Then ",
                                "name": "deletion planning refuses with unchanged package bytes",
                                "line": 18,
                                "match": {
                                    "location": "graph_delete_test.go:150"
                                },
                                "result": {
                                    "status": "passed",
                                    "duration": 32354
                                }
                            }
                        ]
                    },
                    {
                        "id": "explicit-graph-deletion-is-atomic-with-payload-edits;unsafe-deletion-refuses-without-committing-any-payload;;7",
                        "keyword": "Scenario Outline",
                        "name": "Unsafe deletion refuses without committing any payload",
                        "description": "",
                        "line": 27,
                        "type": "scenario",
                        "tags": [
                            {
                                "name": "@implemented",
                                "line": 1
                            },
                            {
                                "name": "@go",
                                "line": 1
                            },
                            {
                                "name": "@package",
                                "line": 1
                            },
                            {
                                "name": "@DELETE-002",
                                "line": 14
                            }
                        ],
                        "steps": [
                            {
                                "keyword": "Given ",
                                "name": "a package with two relationships to a removable leaf",
                                "line": 16,
                                "match": {
                                    "location": "graph_delete_test.go:39"
                                },
                                "result": {
                                    "status": "passed",
                                    "duration": 191205
                                }
                            },
                            {
                                "keyword": "When ",
                                "name": "I attempt a deletion plan with \"missing leaf\"",
                                "line": 17,
                                "match": {
                                    "location": "graph_delete_test.go:129"
                                },
                                "result": {
                                    "status": "passed",
                                    "duration": 61017
                                }
                            },
                            {
                                "keyword": "Then ",
                                "name": "deletion planning refuses with unchanged package bytes",
                                "line": 18,
                                "match": {
                                    "location": "graph_delete_test.go:150"
                                },
                                "result": {
                                    "status": "passed",
                                    "duration": 30644
                                }
                            }
                        ]
                    }
                ]
            },
            {
                "uri": "../features/implemented/spreadsheet/formula-tokens.feature",
                "id": "formula-punctuation-is-distinct-from-quoted-string-content",
                "keyword": "Feature",
                "name": "Formula punctuation is distinct from quoted string content",
                "description": "  Operator-looking text inside string literals never becomes grammar punctuation.",
                "line": 2,
                "tags": [
                    {
                        "name": "@implemented",
                        "line": 1
                    },
                    {
                        "name": "@go",
                        "line": 1
                    },
                    {
                        "name": "@spreadsheet",
                        "line": 1
                    }
                ],
                "elements": [
                    {
                        "id": "formula-punctuation-is-distinct-from-quoted-string-content;a-quoted-closing-parenthesis-is-a-literal-function-argument",
                        "keyword": "Scenario",
                        "name": "A quoted closing parenthesis is a literal function argument",
                        "description": "",
                        "line": 6,
                        "type": "scenario",
                        "tags": [
                            {
                                "name": "@implemented",
                                "line": 1
                            },
                            {
                                "name": "@go",
                                "line": 1
                            },
                            {
                                "name": "@spreadsheet",
                                "line": 1
                            },
                            {
                                "name": "@TOKEN-001",
                                "line": 5
                            }
                        ],
                        "steps": [
                            {
                                "keyword": "Given ",
                                "name": "a static formula with a quoted closing-parenthesis argument",
                                "line": 7,
                                "match": {
                                    "location": "formula_analysis_test.go:21"
                                },
                                "result": {
                                    "status": "passed",
                                    "duration": 71260
                                }
                            },
                            {
                                "keyword": "When ",
                                "name": "I analyse its static references",
                                "line": 8,
                                "match": {
                                    "location": "formula_analysis_test.go:29"
                                },
                                "result": {
                                    "status": "passed",
                                    "duration": 28530
                                }
                            },
                            {
                                "keyword": "Then ",
                                "name": "literal punctuation is accepted without hiding cell references",
                                "line": 9,
                                "match": {
                                    "location": "formula_analysis_test.go:23"
                                },
                                "result": {
                                    "status": "passed",
                                    "duration": 31987
                                }
                            }
                        ]
                    },
                    {
                        "id": "formula-punctuation-is-distinct-from-quoted-string-content;adjacent-quoted-operator-text-cannot-stand-in-for-a-binary-operator",
                        "keyword": "Scenario",
                        "name": "Adjacent quoted operator text cannot stand in for a binary operator",
                        "description": "",
                        "line": 12,
                        "type": "scenario",
                        "tags": [
                            {
                                "name": "@implemented",
                                "line": 1
                            },
                            {
                                "name": "@go",
                                "line": 1
                            },
                            {
                                "name": "@spreadsheet",
                                "line": 1
                            },
                            {
                                "name": "@TOKEN-002",
                                "line": 11
                            }
                        ],
                        "steps": [
                            {
                                "keyword": "Given ",
                                "name": "a formula with two references separated only by a quoted plus sign",
                                "line": 13,
                                "match": {
                                    "location": "formula_analysis_test.go:22"
                                },
                                "result": {
                                    "status": "passed",
                                    "duration": 54346
                                }
                            },
                            {
                                "keyword": "When ",
                                "name": "I analyse its static references",
                                "line": 14,
                                "match": {
                                    "location": "formula_analysis_test.go:29"
                                },
                                "result": {
                                    "status": "passed",
                                    "duration": 24081
                                }
                            },
                            {
                                "keyword": "Then ",
                                "name": "dependency analysis refuses instead of returning a partial answer",
                                "line": 15,
                                "match": {
                                    "location": "formula_analysis_test.go:39"
                                },
                                "result": {
                                    "status": "passed",
                                    "duration": 44389
                                }
                            }
                        ]
                    }
                ]
            },
            {
                "uri": "../features/implemented/presentation/notes-edit.feature",
                "id": "guarded-edits-to-an-existing-notes-body",
                "keyword": "Feature",
                "name": "Guarded edits to an existing notes body",
                "description": "  Reading and replacing notes never creates a missing notes graph or changes other placeholders.",
                "line": 2,
                "tags": [
                    {
                        "name": "@implemented",
                        "line": 1
                    },
                    {
                        "name": "@go",
                        "line": 1
                    },
                    {
                        "name": "@presentation",
                        "line": 1
                    }
                ],
                "elements": [
                    {
                        "id": "guarded-edits-to-an-existing-notes-body;replace-a-plain-existing-notes-body-and-retain-every-other-payload",
                        "keyword": "Scenario",
                        "name": "Replace a plain existing notes body and retain every other payload",
                        "description": "",
                        "line": 6,
                        "type": "scenario",
                        "tags": [
                            {
                                "name": "@implemented",
                                "line": 1
                            },
                            {
                                "name": "@go",
                                "line": 1
                            },
                            {
                                "name": "@presentation",
                                "line": 1
                            },
                            {
                                "name": "@NOTES-001",
                                "line": 5
                            }
                        ],
                        "steps": [
                            {
                                "keyword": "Given ",
                                "name": "a presentation with notes condition \"ordinary body\"",
                                "line": 7,
                                "match": {
                                    "location": "notes_edit_test.go:47"
                                },
                                "result": {
                                    "status": "passed",
                                    "duration": 645770
                                }
                            },
                            {
                                "keyword": "When ",
                                "name": "I find the existing notes body",
                                "line": 8,
                                "match": {
                                    "location": "notes_edit_test.go:102"
                                },
                                "result": {
                                    "status": "passed",
                                    "duration": 153581
                                }
                            },
                            {
                                "keyword": "Then ",
                                "name": "the notes text is \"Original notes\"",
                                "line": 9,
                                "match": {
                                    "location": "notes_edit_test.go:103"
                                },
                                "result": {
                                    "status": "passed",
                                    "duration": 23869
                                }
                            },
                            {
                                "keyword": "When ",
                                "name": "I replace that notes body with \"Updated notes\"",
                                "line": 10,
                                "match": {
                                    "location": "notes_edit_test.go:109"
                                },
                                "result": {
                                    "status": "passed",
                                    "duration": 4534751
                                }
                            },
                            {
                                "keyword": "Then ",
                                "name": "only the notes body text bytes change after delivery",
                                "line": 11,
                                "match": {
                                    "location": "notes_edit_test.go:116"
                                },
                                "result": {
                                    "status": "passed",
                                    "duration": 548442
                                }
                            },
                            {
                                "keyword": "And ",
                                "name": "the old notes target refuses reuse",
                                "line": 12,
                                "match": {
                                    "location": "notes_edit_test.go:148"
                                },
                                "result": {
                                    "status": "passed",
                                    "duration": 46121
                                }
                            }
                        ]
                    },
                    {
                        "id": "guarded-edits-to-an-existing-notes-body;an-empty-existing-notes-text-leaf-can-be-filled-without-other-changes",
                        "keyword": "Scenario",
                        "name": "An empty existing notes text leaf can be filled without other changes",
                        "description": "",
                        "line": 15,
                        "type": "scenario",
                        "tags": [
                            {
                                "name": "@implemented",
                                "line": 1
                            },
                            {
                                "name": "@go",
                                "line": 1
                            },
                            {
                                "name": "@presentation",
                                "line": 1
                            },
                            {
                                "name": "@NOTES-002",
                                "line": 14
                            }
                        ],
                        "steps": [
                            {
                                "keyword": "Given ",
                                "name": "a presentation with notes condition \"empty text leaf\"",
                                "line": 16,
                                "match": {
                                    "location": "notes_edit_test.go:47"
                                },
                                "result": {
                                    "status": "passed",
                                    "duration": 646852
                                }
                            },
                            {
                                "keyword": "When ",
                                "name": "I find the existing notes body",
                                "line": 17,
                                "match": {
                                    "location": "notes_edit_test.go:102"
                                },
                                "result": {
                                    "status": "passed",
                                    "duration": 150095
                                }
                            },
                            {
                                "keyword": "Then ",
                                "name": "the notes text is \"\"",
                                "line": 18,
                                "match": {
                                    "location": "notes_edit_test.go:103"
                                },
                                "result": {
                                    "status": "passed",
                                    "duration": 18529
                                }
                            },
                            {
                                "keyword": "When ",
                                "name": "I replace that notes body with \"Updated notes\"",
                                "line": 19,
                                "match": {
                                    "location": "notes_edit_test.go:109"
                                },
                                "result": {
                                    "status": "passed",
                                    "duration": 1889023
                                }
                            },
                            {
                                "keyword": "Then ",
                                "name": "only the notes body text bytes change after delivery",
                                "line": 20,
                                "match": {
                                    "location": "notes_edit_test.go:116"
                                },
                                "result": {
                                    "status": "passed",
                                    "duration": 470458
                                }
                            }
                        ]
                    },
                    {
                        "id": "guarded-edits-to-an-existing-notes-body;a-self-closing-text-leaf-can-be-filled-through-structural-authoring",
                        "keyword": "Scenario",
                        "name": "A self-closing text leaf can be filled through structural authoring",
                        "description": "",
                        "line": 23,
                        "type": "scenario",
                        "tags": [
                            {
                                "name": "@implemented",
                                "line": 1
                            },
                            {
                                "name": "@go",
                                "line": 1
                            },
                            {
                                "name": "@presentation",
                                "line": 1
                            },
                            {
                                "name": "@NOTES-005",
                                "line": 22
                            }
                        ],
                        "steps": [
                            {
                                "keyword": "Given ",
                                "name": "a presentation with notes condition \"self-closing text leaf\"",
                                "line": 24,
                                "match": {
                                    "location": "notes_edit_test.go:47"
                                },
                                "result": {
                                    "status": "passed",
                                    "duration": 620811
                                }
                            },
                            {
                                "keyword": "When ",
                                "name": "I find the existing notes body",
                                "line": 25,
                                "match": {
                                    "location": "notes_edit_test.go:102"
                                },
                                "result": {
                                    "status": "passed",
                                    "duration": 145306
                                }
                            },
                            {
                                "keyword": "Then ",
                                "name": "the notes text is \"\"",
                                "line": 26,
                                "match": {
                                    "location": "notes_edit_test.go:103"
                                },
                                "result": {
                                    "status": "passed",
                                    "duration": 18574
                                }
                            },
                            {
                                "keyword": "When ",
                                "name": "I replace that notes body with \"Updated notes\"",
                                "line": 27,
                                "match": {
                                    "location": "notes_edit_test.go:109"
                                },
                                "result": {
                                    "status": "failed",
                                    "error_message": "presentation_edit: unsupported_structure (): self-closing insertion requires structural edit",
                                    "duration": 40158
                                }
                            },
                            {
                                "keyword": "Then ",
                                "name": "only the notes body text bytes change after delivery",
                                "line": 28,
                                "match": {
                                    "location": "notes_edit_test.go:116"
                                },
                                "result": {
                                    "status": "skipped"
                                }
                            }
                        ]
                    },
                    {
                        "id": "guarded-edits-to-an-existing-notes-body;grouping-only-notes-shape-lock-does-not-prevent-text-correction",
                        "keyword": "Scenario",
                        "name": "Grouping-only notes shape lock does not prevent text correction",
                        "description": "",
                        "line": 31,
                        "type": "scenario",
                        "tags": [
                            {
                                "name": "@implemented",
                                "line": 1
                            },
                            {
                                "name": "@go",
                                "line": 1
                            },
                            {
                                "name": "@presentation",
                                "line": 1
                            },
                            {
                                "name": "@NOTES-004",
                                "line": 30
                            }
                        ],
                        "steps": [
                            {
                                "keyword": "Given ",
                                "name": "a presentation with notes condition \"grouping-only lock\"",
                                "line": 32,
                                "match": {
                                    "location": "notes_edit_test.go:47"
                                },
                                "result": {
                                    "status": "passed",
                                    "duration": 712246
                                }
                            },
                            {
                                "keyword": "When ",
                                "name": "I find the existing notes body",
                                "line": 33,
                                "match": {
                                    "location": "notes_edit_test.go:102"
                                },
                                "result": {
                                    "status": "passed",
                                    "duration": 149602
                                }
                            },
                            {
                                "keyword": "Then ",
                                "name": "the notes text is \"Original notes\"",
                                "line": 34,
                                "match": {
                                    "location": "notes_edit_test.go:103"
                                },
                                "result": {
                                    "status": "passed",
                                    "duration": 27212
                                }
                            },
                            {
                                "keyword": "When ",
                                "name": "I replace that notes body with \"Updated notes\"",
                                "line": 35,
                                "match": {
                                    "location": "notes_edit_test.go:109"
                                },
                                "result": {
                                    "status": "passed",
                                    "duration": 2192729
                                }
                            },
                            {
                                "keyword": "Then ",
                                "name": "only the notes body text bytes change after delivery",
                                "line": 36,
                                "match": {
                                    "location": "notes_edit_test.go:116"
                                },
                                "result": {
                                    "status": "passed",
                                    "duration": 493274
                                }
                            }
                        ]
                    },
                    {
                        "id": "guarded-edits-to-an-existing-notes-body;unproved-notes-selection-or-replacement-refuses-atomically;;2",
                        "keyword": "Scenario Outline",
                        "name": "Unproved notes selection or replacement refuses atomically",
                        "description": "",
                        "line": 46,
                        "type": "scenario",
                        "tags": [
                            {
                                "name": "@implemented",
                                "line": 1
                            },
                            {
                                "name": "@go",
                                "line": 1
                            },
                            {
                                "name": "@presentation",
                                "line": 1
                            },
                            {
                                "name": "@NOTES-003",
                                "line": 38
                            }
                        ],
                        "steps": [
                            {
                                "keyword": "Given ",
                                "name": "a presentation with notes condition \"absent notes\"",
                                "line": 40,
                                "match": {
                                    "location": "notes_edit_test.go:47"
                                },
                                "result": {
                                    "status": "passed",
                                    "duration": 761083
                                }
                            },
                            {
                                "keyword": "When ",
                                "name": "I attempt a guarded notes replacement",
                                "line": 41,
                                "match": {
                                    "location": "notes_edit_test.go:156"
                                },
                                "result": {
                                    "status": "passed",
                                    "duration": 332893
                                }
                            },
                            {
                                "keyword": "Then ",
                                "name": "notes replacement refuses and the archive is unchanged",
                                "line": 42,
                                "match": {
                                    "location": "notes_edit_test.go:170"
                                },
                                "result": {
                                    "status": "passed",
                                    "duration": 1958296
                                }
                            }
                        ]
                    },
                    {
                        "id": "guarded-edits-to-an-existing-notes-body;unproved-notes-selection-or-replacement-refuses-atomically;;3",
                        "keyword": "Scenario Outline",
                        "name": "Unproved notes selection or replacement refuses atomically",
                        "description": "",
                        "line": 47,
                        "type": "scenario",
                        "tags": [
                            {
                                "name": "@implemented",
                                "line": 1
                            },
                            {
                                "name": "@go",
                                "line": 1
                            },
                            {
                                "name": "@presentation",
                                "line": 1
                            },
                            {
                                "name": "@NOTES-003",
                                "line": 38
                            }
                        ],
                        "steps": [
                            {
                                "keyword": "Given ",
                                "name": "a presentation with notes condition \"duplicate body placeholder\"",
                                "line": 40,
                                "match": {
                                    "location": "notes_edit_test.go:47"
                                },
                                "result": {
                                    "status": "passed",
                                    "duration": 643175
                                }
                            },
                            {
                                "keyword": "When ",
                                "name": "I attempt a guarded notes replacement",
                                "line": 41,
                                "match": {
                                    "location": "notes_edit_test.go:156"
                                },
                                "result": {
                                    "status": "passed",
                                    "duration": 161307
                                }
                            },
                            {
                                "keyword": "Then ",
                                "name": "notes replacement refuses and the archive is unchanged",
                                "line": 42,
                                "match": {
                                    "location": "notes_edit_test.go:170"
                                },
                                "result": {
                                    "status": "passed",
                                    "duration": 1599188
                                }
                            }
                        ]
                    },
                    {
                        "id": "guarded-edits-to-an-existing-notes-body;unproved-notes-selection-or-replacement-refuses-atomically;;4",
                        "keyword": "Scenario Outline",
                        "name": "Unproved notes selection or replacement refuses atomically",
                        "description": "",
                        "line": 48,
                        "type": "scenario",
                        "tags": [
                            {
                                "name": "@implemented",
                                "line": 1
                            },
                            {
                                "name": "@go",
                                "line": 1
                            },
                            {
                                "name": "@presentation",
                                "line": 1
                            },
                            {
                                "name": "@NOTES-003",
                                "line": 38
                            }
                        ],
                        "steps": [
                            {
                                "keyword": "Given ",
                                "name": "a presentation with notes condition \"shared notes part\"",
                                "line": 40,
                                "match": {
                                    "location": "notes_edit_test.go:47"
                                },
                                "result": {
                                    "status": "passed",
                                    "duration": 1175939
                                }
                            },
                            {
                                "keyword": "When ",
                                "name": "I attempt a guarded notes replacement",
                                "line": 41,
                                "match": {
                                    "location": "notes_edit_test.go:156"
                                },
                                "result": {
                                    "status": "passed",
                                    "duration": 118727
                                }
                            },
                            {
                                "keyword": "Then ",
                                "name": "notes replacement refuses and the archive is unchanged",
                                "line": 42,
                                "match": {
                                    "location": "notes_edit_test.go:170"
                                },
                                "result": {
                                    "status": "passed",
                                    "duration": 3055312
                                }
                            }
                        ]
                    },
                    {
                        "id": "guarded-edits-to-an-existing-notes-body;unproved-notes-selection-or-replacement-refuses-atomically;;5",
                        "keyword": "Scenario Outline",
                        "name": "Unproved notes selection or replacement refuses atomically",
                        "description": "",
                        "line": 49,
                        "type": "scenario",
                        "tags": [
                            {
                                "name": "@implemented",
                                "line": 1
                            },
                            {
                                "name": "@go",
                                "line": 1
                            },
                            {
                                "name": "@presentation",
                                "line": 1
                            },
                            {
                                "name": "@NOTES-003",
                                "line": 38
                            }
                        ],
                        "steps": [
                            {
                                "keyword": "Given ",
                                "name": "a presentation with notes condition \"field in body\"",
                                "line": 40,
                                "match": {
                                    "location": "notes_edit_test.go:47"
                                },
                                "result": {
                                    "status": "passed",
                                    "duration": 556186
                                }
                            },
                            {
                                "keyword": "When ",
                                "name": "I attempt a guarded notes replacement",
                                "line": 41,
                                "match": {
                                    "location": "notes_edit_test.go:156"
                                },
                                "result": {
                                    "status": "passed",
                                    "duration": 164050
                                }
                            },
                            {
                                "keyword": "Then ",
                                "name": "notes replacement refuses and the archive is unchanged",
                                "line": 42,
                                "match": {
                                    "location": "notes_edit_test.go:170"
                                },
                                "result": {
                                    "status": "passed",
                                    "duration": 1530094
                                }
                            }
                        ]
                    },
                    {
                        "id": "guarded-edits-to-an-existing-notes-body;unproved-notes-selection-or-replacement-refuses-atomically;;6",
                        "keyword": "Scenario Outline",
                        "name": "Unproved notes selection or replacement refuses atomically",
                        "description": "",
                        "line": 50,
                        "type": "scenario",
                        "tags": [
                            {
                                "name": "@implemented",
                                "line": 1
                            },
                            {
                                "name": "@go",
                                "line": 1
                            },
                            {
                                "name": "@presentation",
                                "line": 1
                            },
                            {
                                "name": "@NOTES-003",
                                "line": 38
                            }
                        ],
                        "steps": [
                            {
                                "keyword": "Given ",
                                "name": "a presentation with notes condition \"locked body\"",
                                "line": 40,
                                "match": {
                                    "location": "notes_edit_test.go:47"
                                },
                                "result": {
                                    "status": "passed",
                                    "duration": 1173416
                                }
                            },
                            {
                                "keyword": "When ",
                                "name": "I attempt a guarded notes replacement",
                                "line": 41,
                                "match": {
                                    "location": "notes_edit_test.go:156"
                                },
                                "result": {
                                    "status": "passed",
                                    "duration": 485723
                                }
                            },
                            {
                                "keyword": "Then ",
                                "name": "notes replacement refuses and the archive is unchanged",
                                "line": 42,
                                "match": {
                                    "location": "notes_edit_test.go:170"
                                },
                                "result": {
                                    "status": "passed",
                                    "duration": 3425630
                                }
                            }
                        ]
                    },
                    {
                        "id": "guarded-edits-to-an-existing-notes-body;unproved-notes-selection-or-replacement-refuses-atomically;;7",
                        "keyword": "Scenario Outline",
                        "name": "Unproved notes selection or replacement refuses atomically",
                        "description": "",
                        "line": 51,
                        "type": "scenario",
                        "tags": [
                            {
                                "name": "@implemented",
                                "line": 1
                            },
                            {
                                "name": "@go",
                                "line": 1
                            },
                            {
                                "name": "@presentation",
                                "line": 1
                            },
                            {
                                "name": "@NOTES-003",
                                "line": 38
                            }
                        ],
                        "steps": [
                            {
                                "keyword": "Given ",
                                "name": "a presentation with notes condition \"malformed grouping lock\"",
                                "line": 40,
                                "match": {
                                    "location": "notes_edit_test.go:47"
                                },
                                "result": {
                                    "status": "passed",
                                    "duration": 572128
                                }
                            },
                            {
                                "keyword": "When ",
                                "name": "I attempt a guarded notes replacement",
                                "line": 41,
                                "match": {
                                    "location": "notes_edit_test.go:156"
                                },
                                "result": {
                                    "status": "passed",
                                    "duration": 145717
                                }
                            },
                            {
                                "keyword": "Then ",
                                "name": "notes replacement refuses and the archive is unchanged",
                                "line": 42,
                                "match": {
                                    "location": "notes_edit_test.go:170"
                                },
                                "result": {
                                    "status": "passed",
                                    "duration": 1733080
                                }
                            }
                        ]
                    },
                    {
                        "id": "guarded-edits-to-an-existing-notes-body;unproved-notes-selection-or-replacement-refuses-atomically;;8",
                        "keyword": "Scenario Outline",
                        "name": "Unproved notes selection or replacement refuses atomically",
                        "description": "",
                        "line": 52,
                        "type": "scenario",
                        "tags": [
                            {
                                "name": "@implemented",
                                "line": 1
                            },
                            {
                                "name": "@go",
                                "line": 1
                            },
                            {
                                "name": "@presentation",
                                "line": 1
                            },
                            {
                                "name": "@NOTES-003",
                                "line": 38
                            }
                        ],
                        "steps": [
                            {
                                "keyword": "Given ",
                                "name": "a presentation with notes condition \"bad replacement character\"",
                                "line": 40,
                                "match": {
                                    "location": "notes_edit_test.go:47"
                                },
                                "result": {
                                    "status": "passed",
                                    "duration": 816919
                                }
                            },
                            {
                                "keyword": "When ",
                                "name": "I attempt a guarded notes replacement",
                                "line": 41,
                                "match": {
                                    "location": "notes_edit_test.go:156"
                                },
                                "result": {
                                    "status": "passed",
                                    "duration": 218491
                                }
                            },
                            {
                                "keyword": "Then ",
                                "name": "notes replacement refuses and the archive is unchanged",
                                "line": 42,
                                "match": {
                                    "location": "notes_edit_test.go:170"
                                },
                                "result": {
                                    "status": "passed",
                                    "duration": 4834879
                                }
                            }
                        ]
                    },
                    {
                        "id": "guarded-edits-to-an-existing-notes-body;unproved-notes-selection-or-replacement-refuses-atomically;;9",
                        "keyword": "Scenario Outline",
                        "name": "Unproved notes selection or replacement refuses atomically",
                        "description": "",
                        "line": 53,
                        "type": "scenario",
                        "tags": [
                            {
                                "name": "@implemented",
                                "line": 1
                            },
                            {
                                "name": "@go",
                                "line": 1
                            },
                            {
                                "name": "@presentation",
                                "line": 1
                            },
                            {
                                "name": "@NOTES-003",
                                "line": 38
                            }
                        ],
                        "steps": [
                            {
                                "keyword": "Given ",
                                "name": "a presentation with notes condition \"tab replacement\"",
                                "line": 40,
                                "match": {
                                    "location": "notes_edit_test.go:47"
                                },
                                "result": {
                                    "status": "passed",
                                    "duration": 645118
                                }
                            },
                            {
                                "keyword": "When ",
                                "name": "I attempt a guarded notes replacement",
                                "line": 41,
                                "match": {
                                    "location": "notes_edit_test.go:156"
                                },
                                "result": {
                                    "status": "passed",
                                    "duration": 153003
                                }
                            },
                            {
                                "keyword": "Then ",
                                "name": "notes replacement refuses and the archive is unchanged",
                                "line": 42,
                                "match": {
                                    "location": "notes_edit_test.go:170"
                                },
                                "result": {
                                    "status": "passed",
                                    "duration": 1889312
                                }
                            }
                        ]
                    }
                ]
            },
            {
                "uri": "../features/implemented/document/span-guards.feature",
                "id": "hidden-run-content-cannot-be-crossed-by-word-text-edits",
                "keyword": "Feature",
                "name": "Hidden run content cannot be crossed by Word text edits",
                "description": "  Text matching does not grant authority to cross non-text content or differing namespace semantics.",
                "line": 2,
                "tags": [
                    {
                        "name": "@implemented",
                        "line": 1
                    },
                    {
                        "name": "@go",
                        "line": 1
                    },
                    {
                        "name": "@document",
                        "line": 1
                    }
                ],
                "elements": [
                    {
                        "id": "hidden-run-content-cannot-be-crossed-by-word-text-edits;a-drawing-only-run-inside-a-changed-interval-refuses-replacement",
                        "keyword": "Scenario",
                        "name": "A drawing-only run inside a changed interval refuses replacement",
                        "description": "",
                        "line": 6,
                        "type": "scenario",
                        "tags": [
                            {
                                "name": "@implemented",
                                "line": 1
                            },
                            {
                                "name": "@go",
                                "line": 1
                            },
                            {
                                "name": "@document",
                                "line": 1
                            },
                            {
                                "name": "@GUARD-001",
                                "line": 5
                            }
                        ],
                        "steps": [
                            {
                                "keyword": "Given ",
                                "name": "Word text split around a drawing-only run",
                                "line": 7,
                                "match": {
                                    "location": "span_guards_test.go:38"
                                },
                                "result": {
                                    "status": "passed",
                                    "duration": 345194
                                }
                            },
                            {
                                "keyword": "When ",
                                "name": "I attempt the matched cross-run correction",
                                "line": 8,
                                "match": {
                                    "location": "span_guards_test.go:42"
                                },
                                "result": {
                                    "status": "passed",
                                    "duration": 95235
                                }
                            },
                            {
                                "keyword": "Then ",
                                "name": "the hidden-content correction refuses without changing the archive",
                                "line": 9,
                                "match": {
                                    "location": "span_guards_test.go:58"
                                },
                                "result": {
                                    "status": "passed",
                                    "duration": 1583199
                                }
                            }
                        ]
                    },
                    {
                        "id": "hidden-run-content-cannot-be-crossed-by-word-text-edits;lexically-equal-properties-with-different-namespace-bindings-refuse-insertion",
                        "keyword": "Scenario",
                        "name": "Lexically equal properties with different namespace bindings refuse insertion",
                        "description": "",
                        "line": 12,
                        "type": "scenario",
                        "tags": [
                            {
                                "name": "@implemented",
                                "line": 1
                            },
                            {
                                "name": "@go",
                                "line": 1
                            },
                            {
                                "name": "@document",
                                "line": 1
                            },
                            {
                                "name": "@GUARD-002",
                                "line": 11
                            }
                        ],
                        "steps": [
                            {
                                "keyword": "Given ",
                                "name": "boundary runs with equal property bytes but different prefix bindings",
                                "line": 13,
                                "match": {
                                    "location": "span_guards_test.go:39"
                                },
                                "result": {
                                    "status": "passed",
                                    "duration": 401198
                                }
                            },
                            {
                                "keyword": "When ",
                                "name": "I attempt the matched boundary insertion",
                                "line": 14,
                                "match": {
                                    "location": "span_guards_test.go:50"
                                },
                                "result": {
                                    "status": "passed",
                                    "duration": 61861
                                }
                            },
                            {
                                "keyword": "Then ",
                                "name": "the hidden-content correction refuses without changing the archive",
                                "line": 15,
                                "match": {
                                    "location": "span_guards_test.go:58"
                                },
                                "result": {
                                    "status": "passed",
                                    "duration": 1529765
                                }
                            }
                        ]
                    }
                ]
            },
            {
                "uri": "../features/implemented/package/structure.feature",
                "id": "local-and-central-zip-structures-agree",
                "keyword": "Feature",
                "name": "Local and central ZIP structures agree",
                "description": "  Member identity cannot change between directory lookup and payload reading.",
                "line": 2,
                "tags": [
                    {
                        "name": "@implemented",
                        "line": 1
                    },
                    {
                        "name": "@go",
                        "line": 1
                    },
                    {
                        "name": "@package",
                        "line": 1
                    }
                ],
                "elements": [
                    {
                        "id": "local-and-central-zip-structures-agree;disagreeing-local-headers-refuse-before-reading-xml;;2",
                        "keyword": "Scenario Outline",
                        "name": "Disagreeing local headers refuse before reading XML",
                        "description": "",
                        "line": 13,
                        "type": "scenario",
                        "tags": [
                            {
                                "name": "@implemented",
                                "line": 1
                            },
                            {
                                "name": "@go",
                                "line": 1
                            },
                            {
                                "name": "@package",
                                "line": 1
                            },
                            {
                                "name": "@ZIP-001",
                                "line": 5
                            }
                        ],
                        "steps": [
                            {
                                "keyword": "Given ",
                                "name": "a synthetic archive with a mismatched local \"name\"",
                                "line": 7,
                                "match": {
                                    "location": "io_test.go:158"
                                },
                                "result": {
                                    "status": "passed",
                                    "duration": 107660
                                }
                            },
                            {
                                "keyword": "When ",
                                "name": "I attempt to open the synthetic archive",
                                "line": 8,
                                "match": {
                                    "location": "io_test.go:180"
                                },
                                "result": {
                                    "status": "passed",
                                    "duration": 32271
                                }
                            },
                            {
                                "keyword": "Then ",
                                "name": "archive intake fails without changing the source bytes",
                                "line": 9,
                                "match": {
                                    "location": "io_test.go:181"
                                },
                                "result": {
                                    "status": "passed",
                                    "duration": 30094
                                }
                            }
                        ]
                    },
                    {
                        "id": "local-and-central-zip-structures-agree;disagreeing-local-headers-refuse-before-reading-xml;;3",
                        "keyword": "Scenario Outline",
                        "name": "Disagreeing local headers refuse before reading XML",
                        "description": "",
                        "line": 14,
                        "type": "scenario",
                        "tags": [
                            {
                                "name": "@implemented",
                                "line": 1
                            },
                            {
                                "name": "@go",
                                "line": 1
                            },
                            {
                                "name": "@package",
                                "line": 1
                            },
                            {
                                "name": "@ZIP-001",
                                "line": 5
                            }
                        ],
                        "steps": [
                            {
                                "keyword": "Given ",
                                "name": "a synthetic archive with a mismatched local \"method\"",
                                "line": 7,
                                "match": {
                                    "location": "io_test.go:158"
                                },
                                "result": {
                                    "status": "passed",
                                    "duration": 157312
                                }
                            },
                            {
                                "keyword": "When ",
                                "name": "I attempt to open the synthetic archive",
                                "line": 8,
                                "match": {
                                    "location": "io_test.go:180"
                                },
                                "result": {
                                    "status": "passed",
                                    "duration": 44937
                                }
                            },
                            {
                                "keyword": "Then ",
                                "name": "archive intake fails without changing the source bytes",
                                "line": 9,
                                "match": {
                                    "location": "io_test.go:181"
                                },
                                "result": {
                                    "status": "passed",
                                    "duration": 32513
                                }
                            }
                        ]
                    },
                    {
                        "id": "local-and-central-zip-structures-agree;disagreeing-local-headers-refuse-before-reading-xml;;4",
                        "keyword": "Scenario Outline",
                        "name": "Disagreeing local headers refuse before reading XML",
                        "description": "",
                        "line": 15,
                        "type": "scenario",
                        "tags": [
                            {
                                "name": "@implemented",
                                "line": 1
                            },
                            {
                                "name": "@go",
                                "line": 1
                            },
                            {
                                "name": "@package",
                                "line": 1
                            },
                            {
                                "name": "@ZIP-001",
                                "line": 5
                            }
                        ],
                        "steps": [
                            {
                                "keyword": "Given ",
                                "name": "a synthetic archive with a mismatched local \"flags\"",
                                "line": 7,
                                "match": {
                                    "location": "io_test.go:158"
                                },
                                "result": {
                                    "status": "passed",
                                    "duration": 154012
                                }
                            },
                            {
                                "keyword": "When ",
                                "name": "I attempt to open the synthetic archive",
                                "line": 8,
                                "match": {
                                    "location": "io_test.go:180"
                                },
                                "result": {
                                    "status": "passed",
                                    "duration": 46792
                                }
                            },
                            {
                                "keyword": "Then ",
                                "name": "archive intake fails without changing the source bytes",
                                "line": 9,
                                "match": {
                                    "location": "io_test.go:181"
                                },
                                "result": {
                                    "status": "passed",
                                    "duration": 53890
                                }
                            }
                        ]
                    },
                    {
                        "id": "local-and-central-zip-structures-agree;an-adjusted-archive-prefix-refuses-standalone-package-intake",
                        "keyword": "Scenario",
                        "name": "An adjusted archive prefix refuses standalone package intake",
                        "description": "",
                        "line": 18,
                        "type": "scenario",
                        "tags": [
                            {
                                "name": "@implemented",
                                "line": 1
                            },
                            {
                                "name": "@go",
                                "line": 1
                            },
                            {
                                "name": "@package",
                                "line": 1
                            },
                            {
                                "name": "@ZIP-002",
                                "line": 17
                            }
                        ],
                        "steps": [
                            {
                                "keyword": "Given ",
                                "name": "a synthetic archive with an adjusted prepended prefix",
                                "line": 19,
                                "match": {
                                    "location": "io_test.go:132"
                                },
                                "result": {
                                    "status": "passed",
                                    "duration": 120497
                                }
                            },
                            {
                                "keyword": "When ",
                                "name": "I attempt to open the synthetic archive",
                                "line": 20,
                                "match": {
                                    "location": "io_test.go:180"
                                },
                                "result": {
                                    "status": "passed",
                                    "duration": 35004
                                }
                            },
                            {
                                "keyword": "Then ",
                                "name": "archive intake fails without changing the source bytes",
                                "line": 21,
                                "match": {
                                    "location": "io_test.go:181"
                                },
                                "result": {
                                    "status": "passed",
                                    "duration": 32975
                                }
                            }
                        ]
                    },
                    {
                        "id": "local-and-central-zip-structures-agree;distinct-crc-valid-member-payloads-cannot-physically-overlap",
                        "keyword": "Scenario",
                        "name": "Distinct CRC-valid member payloads cannot physically overlap",
                        "description": "",
                        "line": 24,
                        "type": "scenario",
                        "tags": [
                            {
                                "name": "@implemented",
                                "line": 1
                            },
                            {
                                "name": "@go",
                                "line": 1
                            },
                            {
                                "name": "@package",
                                "line": 1
                            },
                            {
                                "name": "@ZIP-003",
                                "line": 23
                            }
                        ],
                        "steps": [
                            {
                                "keyword": "Given ",
                                "name": "a ZIP whose distinct CRC-valid members overlap physically",
                                "line": 25,
                                "match": {
                                    "location": "zip64_test.go:81"
                                },
                                "result": {
                                    "status": "passed",
                                    "duration": 174221
                                }
                            },
                            {
                                "keyword": "When ",
                                "name": "I validate the ZIP64 package for editing",
                                "line": 26,
                                "match": {
                                    "location": "zip64_test.go:82"
                                },
                                "result": {
                                    "status": "passed",
                                    "duration": 51356
                                }
                            },
                            {
                                "keyword": "Then ",
                                "name": "ZIP64 intake refuses with a typed error and unchanged bytes",
                                "line": 27,
                                "match": {
                                    "location": "zip64_test.go:86"
                                },
                                "result": {
                                    "status": "passed",
                                    "duration": 38271
                                }
                            }
                        ]
                    }
                ]
            },
            {
                "uri": "../features/implemented/package/attributes.feature",
                "id": "lossless-xml-attribute-edits",
                "keyword": "Feature",
                "name": "Lossless XML attribute edits",
                "description": "  Attribute edits preserve unrelated start-tag bytes and cannot alter namespace bindings.",
                "line": 2,
                "tags": [
                    {
                        "name": "@implemented",
                        "line": 1
                    },
                    {
                        "name": "@go",
                        "line": 1
                    },
                    {
                        "name": "@package",
                        "line": 1
                    }
                ],
                "elements": [
                    {
                        "id": "lossless-xml-attribute-edits;add-a-namespaced-attribute-using-an-existing-binding",
                        "keyword": "Scenario",
                        "name": "Add a namespaced attribute using an existing binding",
                        "description": "",
                        "line": 6,
                        "type": "scenario",
                        "tags": [
                            {
                                "name": "@implemented",
                                "line": 1
                            },
                            {
                                "name": "@go",
                                "line": 1
                            },
                            {
                                "name": "@package",
                                "line": 1
                            },
                            {
                                "name": "@ATTR-001",
                                "line": 5
                            }
                        ],
                        "steps": [
                            {
                                "keyword": "Given ",
                                "name": "XML with a text element and unrelated attributes",
                                "line": 7,
                                "match": {
                                    "location": "attributes_test.go:25"
                                },
                                "result": {
                                    "status": "passed",
                                    "duration": 53584
                                }
                            },
                            {
                                "keyword": "When ",
                                "name": "I add XML space preservation and replace its text",
                                "line": 8,
                                "match": {
                                    "location": "attributes_test.go:34"
                                },
                                "result": {
                                    "status": "passed",
                                    "duration": 37727
                                }
                            },
                            {
                                "keyword": "Then ",
                                "name": "the original start-tag attributes retain their bytes",
                                "line": 9,
                                "match": {
                                    "location": "attributes_test.go:39"
                                },
                                "result": {
                                    "status": "passed",
                                    "duration": 25768
                                }
                            },
                            {
                                "keyword": "And ",
                                "name": "only the requested attribute and text are changed",
                                "line": 10,
                                "match": {
                                    "location": "attributes_test.go:45"
                                },
                                "result": {
                                    "status": "passed",
                                    "duration": 24144
                                }
                            }
                        ]
                    },
                    {
                        "id": "lossless-xml-attribute-edits;a-namespace-changing-batch-refuses-without-changing-the-snapshot",
                        "keyword": "Scenario",
                        "name": "A namespace-changing batch refuses without changing the snapshot",
                        "description": "",
                        "line": 13,
                        "type": "scenario",
                        "tags": [
                            {
                                "name": "@implemented",
                                "line": 1
                            },
                            {
                                "name": "@go",
                                "line": 1
                            },
                            {
                                "name": "@package",
                                "line": 1
                            },
                            {
                                "name": "@ATTR-002",
                                "line": 12
                            }
                        ],
                        "steps": [
                            {
                                "keyword": "Given ",
                                "name": "XML with a text element and unrelated attributes",
                                "line": 14,
                                "match": {
                                    "location": "attributes_test.go:25"
                                },
                                "result": {
                                    "status": "passed",
                                    "duration": 51824
                                }
                            },
                            {
                                "keyword": "When ",
                                "name": "an attribute edit attempts to change a namespace declaration",
                                "line": 15,
                                "match": {
                                    "location": "attributes_test.go:52"
                                },
                                "result": {
                                    "status": "passed",
                                    "duration": 36377
                                }
                            },
                            {
                                "keyword": "Then ",
                                "name": "the attribute batch refuses and the original snapshot remains reusable",
                                "line": 16,
                                "match": {
                                    "location": "attributes_test.go:56"
                                },
                                "result": {
                                    "status": "passed",
                                    "duration": 41394
                                }
                            }
                        ]
                    }
                ]
            },
            {
                "uri": "../features/implemented/package/xml.feature",
                "id": "lossless-namespace-aware-xml-leaf-edits",
                "keyword": "Feature",
                "name": "Lossless namespace-aware XML leaf edits",
                "description": "  XML inspection identifies expanded names while edits retain unrelated source bytes.",
                "line": 2,
                "tags": [
                    {
                        "name": "@implemented",
                        "line": 1
                    },
                    {
                        "name": "@go",
                        "line": 1
                    },
                    {
                        "name": "@package",
                        "line": 1
                    }
                ],
                "elements": [
                    {
                        "id": "lossless-namespace-aware-xml-leaf-edits;editing-a-text-leaf-preserves-unknown-markup-and-namespace-context",
                        "keyword": "Scenario",
                        "name": "Editing a text leaf preserves unknown markup and namespace context",
                        "description": "",
                        "line": 6,
                        "type": "scenario",
                        "tags": [
                            {
                                "name": "@implemented",
                                "line": 1
                            },
                            {
                                "name": "@go",
                                "line": 1
                            },
                            {
                                "name": "@package",
                                "line": 1
                            },
                            {
                                "name": "@XML-001",
                                "line": 5
                            }
                        ],
                        "steps": [
                            {
                                "keyword": "Given ",
                                "name": "XML with prefixed text and an opaque extension",
                                "line": 7,
                                "match": {
                                    "location": "xml_test.go:36"
                                },
                                "result": {
                                    "status": "passed",
                                    "duration": 70574
                                }
                            },
                            {
                                "keyword": "When ",
                                "name": "I replace the selected text leaf with \"A\u0026B \u003cnew\u003e\"",
                                "line": 8,
                                "match": {
                                    "location": "xml_test.go:43"
                                },
                                "result": {
                                    "status": "passed",
                                    "duration": 54799
                                }
                            },
                            {
                                "keyword": "Then ",
                                "name": "only the leaf character-data bytes change",
                                "line": 9,
                                "match": {
                                    "location": "xml_test.go:51"
                                },
                                "result": {
                                    "status": "passed",
                                    "duration": 27383
                                }
                            },
                            {
                                "keyword": "And ",
                                "name": "the replacement decodes to \"A\u0026B \u003cnew\u003e\"",
                                "line": 10,
                                "match": {
                                    "location": "xml_test.go:61"
                                },
                                "result": {
                                    "status": "passed",
                                    "duration": 30329
                                }
                            }
                        ]
                    },
                    {
                        "id": "lossless-namespace-aware-xml-leaf-edits;namespace-invalid-xml-is-rejected;;2",
                        "keyword": "Scenario Outline",
                        "name": "Namespace-invalid XML is rejected",
                        "description": "",
                        "line": 20,
                        "type": "scenario",
                        "tags": [
                            {
                                "name": "@implemented",
                                "line": 1
                            },
                            {
                                "name": "@go",
                                "line": 1
                            },
                            {
                                "name": "@package",
                                "line": 1
                            },
                            {
                                "name": "@XML-002",
                                "line": 12
                            }
                        ],
                        "steps": [
                            {
                                "keyword": "Given ",
                                "name": "XML with \"undeclared element prefix\"",
                                "line": 14,
                                "match": {
                                    "location": "xml_test.go:76"
                                },
                                "result": {
                                    "status": "passed",
                                    "duration": 58008
                                }
                            },
                            {
                                "keyword": "When ",
                                "name": "I parse the XML for lossless editing",
                                "line": 15,
                                "match": {
                                    "location": "xml_test.go:86"
                                },
                                "result": {
                                    "status": "passed",
                                    "duration": 40631
                                }
                            },
                            {
                                "keyword": "Then ",
                                "name": "parsing refuses without changing the source",
                                "line": 16,
                                "match": {
                                    "location": "xml_test.go:87"
                                },
                                "result": {
                                    "status": "passed",
                                    "duration": 31808
                                }
                            }
                        ]
                    },
                    {
                        "id": "lossless-namespace-aware-xml-leaf-edits;namespace-invalid-xml-is-rejected;;3",
                        "keyword": "Scenario Outline",
                        "name": "Namespace-invalid XML is rejected",
                        "description": "",
                        "line": 21,
                        "type": "scenario",
                        "tags": [
                            {
                                "name": "@implemented",
                                "line": 1
                            },
                            {
                                "name": "@go",
                                "line": 1
                            },
                            {
                                "name": "@package",
                                "line": 1
                            },
                            {
                                "name": "@XML-002",
                                "line": 12
                            }
                        ],
                        "steps": [
                            {
                                "keyword": "Given ",
                                "name": "XML with \"undeclared attribute prefix\"",
                                "line": 14,
                                "match": {
                                    "location": "xml_test.go:76"
                                },
                                "result": {
                                    "status": "passed",
                                    "duration": 57161
                                }
                            },
                            {
                                "keyword": "When ",
                                "name": "I parse the XML for lossless editing",
                                "line": 15,
                                "match": {
                                    "location": "xml_test.go:86"
                                },
                                "result": {
                                    "status": "passed",
                                    "duration": 31447
                                }
                            },
                            {
                                "keyword": "Then ",
                                "name": "parsing refuses without changing the source",
                                "line": 16,
                                "match": {
                                    "location": "xml_test.go:87"
                                },
                                "result": {
                                    "status": "passed",
                                    "duration": 31673
                                }
                            }
                        ]
                    },
                    {
                        "id": "lossless-namespace-aware-xml-leaf-edits;namespace-invalid-xml-is-rejected;;4",
                        "keyword": "Scenario Outline",
                        "name": "Namespace-invalid XML is rejected",
                        "description": "",
                        "line": 22,
                        "type": "scenario",
                        "tags": [
                            {
                                "name": "@implemented",
                                "line": 1
                            },
                            {
                                "name": "@go",
                                "line": 1
                            },
                            {
                                "name": "@package",
                                "line": 1
                            },
                            {
                                "name": "@XML-002",
                                "line": 12
                            }
                        ],
                        "steps": [
                            {
                                "keyword": "Given ",
                                "name": "XML with \"duplicate expanded attribute\"",
                                "line": 14,
                                "match": {
                                    "location": "xml_test.go:76"
                                },
                                "result": {
                                    "status": "passed",
                                    "duration": 77389
                                }
                            },
                            {
                                "keyword": "When ",
                                "name": "I parse the XML for lossless editing",
                                "line": 15,
                                "match": {
                                    "location": "xml_test.go:86"
                                },
                                "result": {
                                    "status": "passed",
                                    "duration": 50679
                                }
                            },
                            {
                                "keyword": "Then ",
                                "name": "parsing refuses without changing the source",
                                "line": 16,
                                "match": {
                                    "location": "xml_test.go:87"
                                },
                                "result": {
                                    "status": "passed",
                                    "duration": 33721
                                }
                            }
                        ]
                    },
                    {
                        "id": "lossless-namespace-aware-xml-leaf-edits;namespace-invalid-xml-is-rejected;;5",
                        "keyword": "Scenario Outline",
                        "name": "Namespace-invalid XML is rejected",
                        "description": "",
                        "line": 23,
                        "type": "scenario",
                        "tags": [
                            {
                                "name": "@implemented",
                                "line": 1
                            },
                            {
                                "name": "@go",
                                "line": 1
                            },
                            {
                                "name": "@package",
                                "line": 1
                            },
                            {
                                "name": "@XML-002",
                                "line": 12
                            }
                        ],
                        "steps": [
                            {
                                "keyword": "Given ",
                                "name": "XML with \"invalid xml binding\"",
                                "line": 14,
                                "match": {
                                    "location": "xml_test.go:76"
                                },
                                "result": {
                                    "status": "passed",
                                    "duration": 50393
                                }
                            },
                            {
                                "keyword": "When ",
                                "name": "I parse the XML for lossless editing",
                                "line": 15,
                                "match": {
                                    "location": "xml_test.go:86"
                                },
                                "result": {
                                    "status": "passed",
                                    "duration": 34136
                                }
                            },
                            {
                                "keyword": "Then ",
                                "name": "parsing refuses without changing the source",
                                "line": 16,
                                "match": {
                                    "location": "xml_test.go:87"
                                },
                                "result": {
                                    "status": "passed",
                                    "duration": 32506
                                }
                            }
                        ]
                    },
                    {
                        "id": "lossless-namespace-aware-xml-leaf-edits;namespace-invalid-xml-is-rejected;;6",
                        "keyword": "Scenario Outline",
                        "name": "Namespace-invalid XML is rejected",
                        "description": "",
                        "line": 24,
                        "type": "scenario",
                        "tags": [
                            {
                                "name": "@implemented",
                                "line": 1
                            },
                            {
                                "name": "@go",
                                "line": 1
                            },
                            {
                                "name": "@package",
                                "line": 1
                            },
                            {
                                "name": "@XML-002",
                                "line": 12
                            }
                        ],
                        "steps": [
                            {
                                "keyword": "Given ",
                                "name": "XML with \"mismatched end prefix\"",
                                "line": 14,
                                "match": {
                                    "location": "xml_test.go:76"
                                },
                                "result": {
                                    "status": "passed",
                                    "duration": 65174
                                }
                            },
                            {
                                "keyword": "When ",
                                "name": "I parse the XML for lossless editing",
                                "line": 15,
                                "match": {
                                    "location": "xml_test.go:86"
                                },
                                "result": {
                                    "status": "passed",
                                    "duration": 41044
                                }
                            },
                            {
                                "keyword": "Then ",
                                "name": "parsing refuses without changing the source",
                                "line": 16,
                                "match": {
                                    "location": "xml_test.go:87"
                                },
                                "result": {
                                    "status": "passed",
                                    "duration": 31969
                                }
                            }
                        ]
                    },
                    {
                        "id": "lossless-namespace-aware-xml-leaf-edits;a-foreign-target-refuses-the-entire-edit-batch",
                        "keyword": "Scenario",
                        "name": "A foreign target refuses the entire edit batch",
                        "description": "",
                        "line": 27,
                        "type": "scenario",
                        "tags": [
                            {
                                "name": "@implemented",
                                "line": 1
                            },
                            {
                                "name": "@go",
                                "line": 1
                            },
                            {
                                "name": "@package",
                                "line": 1
                            },
                            {
                                "name": "@XML-003",
                                "line": 26
                            }
                        ],
                        "steps": [
                            {
                                "keyword": "Given ",
                                "name": "XML with prefixed text and an opaque extension",
                                "line": 28,
                                "match": {
                                    "location": "xml_test.go:36"
                                },
                                "result": {
                                    "status": "passed",
                                    "duration": 73255
                                }
                            },
                            {
                                "keyword": "When ",
                                "name": "an edit batch contains a target from another parsed document",
                                "line": 29,
                                "match": {
                                    "location": "xml_test.go:96"
                                },
                                "result": {
                                    "status": "passed",
                                    "duration": 49394
                                }
                            },
                            {
                                "keyword": "Then ",
                                "name": "the batch refuses and a valid target remains reusable",
                                "line": 30,
                                "match": {
                                    "location": "xml_test.go:112"
                                },
                                "result": {
                                    "status": "passed",
                                    "duration": 33984
                                }
                            }
                        ]
                    }
                ]
            },
            {
                "uri": "../features/implemented/presentation/notes-multiline.feature",
                "id": "multiline-notes-preserve-the-first-paragraph-and-run-formatting-template",
                "keyword": "Feature",
                "name": "Multiline notes preserve the first paragraph and run formatting template",
                "description": "  Empty lines become empty paragraphs in the existing notes body only.",
                "line": 2,
                "tags": [
                    {
                        "name": "@implemented",
                        "line": 1
                    },
                    {
                        "name": "@go",
                        "line": 1
                    },
                    {
                        "name": "@presentation",
                        "line": 1
                    }
                ],
                "elements": [
                    {
                        "id": "multiline-notes-preserve-the-first-paragraph-and-run-formatting-template;replace-ordinary-notes-paragraphs-with-templated-lines;;2",
                        "keyword": "Scenario Outline",
                        "name": "Replace ordinary notes paragraphs with templated lines",
                        "description": "",
                        "line": 16,
                        "type": "scenario",
                        "tags": [
                            {
                                "name": "@implemented",
                                "line": 1
                            },
                            {
                                "name": "@go",
                                "line": 1
                            },
                            {
                                "name": "@presentation",
                                "line": 1
                            },
                            {
                                "name": "@NOTELINES-001",
                                "line": 5
                            }
                        ],
                        "steps": [
                            {
                                "keyword": "Given ",
                                "name": "multiline notes condition \"multiple runs and paragraphs\"",
                                "line": 7,
                                "match": {
                                    "location": "notes_multiline_test.go:70"
                                },
                                "result": {
                                    "status": "passed",
                                    "duration": 704288
                                }
                            },
                            {
                                "keyword": "When ",
                                "name": "I replace the existing notes with four lines including an empty line",
                                "line": 8,
                                "match": {
                                    "location": "notes_multiline_test.go:107"
                                },
                                "result": {
                                    "status": "passed",
                                    "duration": 3824851
                                }
                            },
                            {
                                "keyword": "Then ",
                                "name": "reopened notes contain exactly the four requested lines",
                                "line": 9,
                                "match": {
                                    "location": "notes_multiline_test.go:125"
                                },
                                "result": {
                                    "status": "passed",
                                    "duration": 504012
                                }
                            },
                            {
                                "keyword": "And ",
                                "name": "each new paragraph keeps the first paragraph formatting",
                                "line": 10,
                                "match": {
                                    "location": "notes_multiline_test.go:140"
                                },
                                "result": {
                                    "status": "passed",
                                    "duration": 125884
                                }
                            },
                            {
                                "keyword": "And ",
                                "name": "each nonempty line keeps the first run formatting without formatting from later runs",
                                "line": 11,
                                "match": {
                                    "location": "notes_multiline_test.go:167"
                                },
                                "result": {
                                    "status": "passed",
                                    "duration": 133241
                                }
                            },
                            {
                                "keyword": "And ",
                                "name": "all non-body notes XML and other package payloads stay unchanged",
                                "line": 12,
                                "match": {
                                    "location": "notes_multiline_test.go:205"
                                },
                                "result": {
                                    "status": "passed",
                                    "duration": 110767
                                }
                            }
                        ]
                    },
                    {
                        "id": "multiline-notes-preserve-the-first-paragraph-and-run-formatting-template;replace-ordinary-notes-paragraphs-with-templated-lines;;3",
                        "keyword": "Scenario Outline",
                        "name": "Replace ordinary notes paragraphs with templated lines",
                        "description": "",
                        "line": 17,
                        "type": "scenario",
                        "tags": [
                            {
                                "name": "@implemented",
                                "line": 1
                            },
                            {
                                "name": "@go",
                                "line": 1
                            },
                            {
                                "name": "@presentation",
                                "line": 1
                            },
                            {
                                "name": "@NOTELINES-001",
                                "line": 5
                            }
                        ],
                        "steps": [
                            {
                                "keyword": "Given ",
                                "name": "multiline notes condition \"empty existing paragraph\"",
                                "line": 7,
                                "match": {
                                    "location": "notes_multiline_test.go:70"
                                },
                                "result": {
                                    "status": "passed",
                                    "duration": 506160
                                }
                            },
                            {
                                "keyword": "When ",
                                "name": "I replace the existing notes with four lines including an empty line",
                                "line": 8,
                                "match": {
                                    "location": "notes_multiline_test.go:107"
                                },
                                "result": {
                                    "status": "passed",
                                    "duration": 3361660
                                }
                            },
                            {
                                "keyword": "Then ",
                                "name": "reopened notes contain exactly the four requested lines",
                                "line": 9,
                                "match": {
                                    "location": "notes_multiline_test.go:125"
                                },
                                "result": {
                                    "status": "passed",
                                    "duration": 452027
                                }
                            },
                            {
                                "keyword": "And ",
                                "name": "each new paragraph keeps the first paragraph formatting",
                                "line": 10,
                                "match": {
                                    "location": "notes_multiline_test.go:140"
                                },
                                "result": {
                                    "status": "passed",
                                    "duration": 124992
                                }
                            },
                            {
                                "keyword": "And ",
                                "name": "each nonempty line keeps the first run formatting without formatting from later runs",
                                "line": 11,
                                "match": {
                                    "location": "notes_multiline_test.go:167"
                                },
                                "result": {
                                    "status": "passed",
                                    "duration": 107901
                                }
                            },
                            {
                                "keyword": "And ",
                                "name": "all non-body notes XML and other package payloads stay unchanged",
                                "line": 12,
                                "match": {
                                    "location": "notes_multiline_test.go:205"
                                },
                                "result": {
                                    "status": "passed",
                                    "duration": 106873
                                }
                            }
                        ]
                    },
                    {
                        "id": "multiline-notes-preserve-the-first-paragraph-and-run-formatting-template;replace-ordinary-notes-paragraphs-with-templated-lines;;4",
                        "keyword": "Scenario Outline",
                        "name": "Replace ordinary notes paragraphs with templated lines",
                        "description": "",
                        "line": 18,
                        "type": "scenario",
                        "tags": [
                            {
                                "name": "@implemented",
                                "line": 1
                            },
                            {
                                "name": "@go",
                                "line": 1
                            },
                            {
                                "name": "@presentation",
                                "line": 1
                            },
                            {
                                "name": "@NOTELINES-001",
                                "line": 5
                            }
                        ],
                        "steps": [
                            {
                                "keyword": "Given ",
                                "name": "multiline notes condition \"prefixed template namespaces\"",
                                "line": 7,
                                "match": {
                                    "location": "notes_multiline_test.go:70"
                                },
                                "result": {
                                    "status": "passed",
                                    "duration": 602955
                                }
                            },
                            {
                                "keyword": "When ",
                                "name": "I replace the existing notes with four lines including an empty line",
                                "line": 8,
                                "match": {
                                    "location": "notes_multiline_test.go:107"
                                },
                                "result": {
                                    "status": "passed",
                                    "duration": 2483447
                                }
                            },
                            {
                                "keyword": "Then ",
                                "name": "reopened notes contain exactly the four requested lines",
                                "line": 9,
                                "match": {
                                    "location": "notes_multiline_test.go:125"
                                },
                                "result": {
                                    "status": "passed",
                                    "duration": 848421
                                }
                            },
                            {
                                "keyword": "And ",
                                "name": "each new paragraph keeps the first paragraph formatting",
                                "line": 10,
                                "match": {
                                    "location": "notes_multiline_test.go:140"
                                },
                                "result": {
                                    "status": "passed",
                                    "duration": 203681
                                }
                            },
                            {
                                "keyword": "And ",
                                "name": "each nonempty line keeps the first run formatting without formatting from later runs",
                                "line": 11,
                                "match": {
                                    "location": "notes_multiline_test.go:167"
                                },
                                "result": {
                                    "status": "passed",
                                    "duration": 244557
                                }
                            },
                            {
                                "keyword": "And ",
                                "name": "all non-body notes XML and other package payloads stay unchanged",
                                "line": 12,
                                "match": {
                                    "location": "notes_multiline_test.go:205"
                                },
                                "result": {
                                    "status": "passed",
                                    "duration": 245461
                                }
                            }
                        ]
                    },
                    {
                        "id": "multiline-notes-preserve-the-first-paragraph-and-run-formatting-template;clearing-multiline-notes-creates-one-empty-paragraph-then-permits-refill",
                        "keyword": "Scenario",
                        "name": "Clearing multiline notes creates one empty paragraph then permits refill",
                        "description": "",
                        "line": 21,
                        "type": "scenario",
                        "tags": [
                            {
                                "name": "@implemented",
                                "line": 1
                            },
                            {
                                "name": "@go",
                                "line": 1
                            },
                            {
                                "name": "@presentation",
                                "line": 1
                            },
                            {
                                "name": "@NOTELINES-002",
                                "line": 20
                            }
                        ],
                        "steps": [
                            {
                                "keyword": "Given ",
                                "name": "multiline notes condition \"multiple runs and paragraphs\"",
                                "line": 22,
                                "match": {
                                    "location": "notes_multiline_test.go:70"
                                },
                                "result": {
                                    "status": "passed",
                                    "duration": 631887
                                }
                            },
                            {
                                "keyword": "When ",
                                "name": "I clear and refill the existing notes body",
                                "line": 23,
                                "match": {
                                    "location": "notes_multiline_test.go:227"
                                },
                                "result": {
                                    "status": "passed",
                                    "duration": 5178023
                                }
                            },
                            {
                                "keyword": "Then ",
                                "name": "the cleared body is one empty paragraph and refill has the requested text",
                                "line": 24,
                                "match": {
                                    "location": "notes_multiline_test.go:248"
                                },
                                "result": {
                                    "status": "passed",
                                    "duration": 411489
                                }
                            }
                        ]
                    },
                    {
                        "id": "multiline-notes-preserve-the-first-paragraph-and-run-formatting-template;unproved-formatting-and-late-invalid-text-refuse-before-paragraph-removal;;2",
                        "keyword": "Scenario Outline",
                        "name": "Unproved formatting and late invalid text refuse before paragraph removal",
                        "description": "",
                        "line": 34,
                        "type": "scenario",
                        "tags": [
                            {
                                "name": "@implemented",
                                "line": 1
                            },
                            {
                                "name": "@go",
                                "line": 1
                            },
                            {
                                "name": "@presentation",
                                "line": 1
                            },
                            {
                                "name": "@NOTELINES-003",
                                "line": 26
                            }
                        ],
                        "steps": [
                            {
                                "keyword": "Given ",
                                "name": "multiline notes condition \"hyperlink in later run\"",
                                "line": 28,
                                "match": {
                                    "location": "notes_multiline_test.go:70"
                                },
                                "result": {
                                    "status": "passed",
                                    "duration": 579272
                                }
                            },
                            {
                                "keyword": "When ",
                                "name": "I attempt an unsupported multiline notes edit",
                                "line": 29,
                                "match": {
                                    "location": "notes_multiline_test.go:268"
                                },
                                "result": {
                                    "status": "passed",
                                    "duration": 146352
                                }
                            },
                            {
                                "keyword": "Then ",
                                "name": "the notes snapshot and package remain unchanged",
                                "line": 30,
                                "match": {
                                    "location": "notes_multiline_test.go:279"
                                },
                                "result": {
                                    "status": "passed",
                                    "duration": 1966773
                                }
                            }
                        ]
                    },
                    {
                        "id": "multiline-notes-preserve-the-first-paragraph-and-run-formatting-template;unproved-formatting-and-late-invalid-text-refuse-before-paragraph-removal;;3",
                        "keyword": "Scenario Outline",
                        "name": "Unproved formatting and late invalid text refuse before paragraph removal",
                        "description": "",
                        "line": 35,
                        "type": "scenario",
                        "tags": [
                            {
                                "name": "@implemented",
                                "line": 1
                            },
                            {
                                "name": "@go",
                                "line": 1
                            },
                            {
                                "name": "@presentation",
                                "line": 1
                            },
                            {
                                "name": "@NOTELINES-003",
                                "line": 26
                            }
                        ],
                        "steps": [
                            {
                                "keyword": "Given ",
                                "name": "multiline notes condition \"unknown paragraph property\"",
                                "line": 28,
                                "match": {
                                    "location": "notes_multiline_test.go:70"
                                },
                                "result": {
                                    "status": "passed",
                                    "duration": 582900
                                }
                            },
                            {
                                "keyword": "When ",
                                "name": "I attempt an unsupported multiline notes edit",
                                "line": 29,
                                "match": {
                                    "location": "notes_multiline_test.go:268"
                                },
                                "result": {
                                    "status": "passed",
                                    "duration": 167749
                                }
                            },
                            {
                                "keyword": "Then ",
                                "name": "the notes snapshot and package remain unchanged",
                                "line": 30,
                                "match": {
                                    "location": "notes_multiline_test.go:279"
                                },
                                "result": {
                                    "status": "passed",
                                    "duration": 2140702
                                }
                            }
                        ]
                    },
                    {
                        "id": "multiline-notes-preserve-the-first-paragraph-and-run-formatting-template;unproved-formatting-and-late-invalid-text-refuse-before-paragraph-removal;;4",
                        "keyword": "Scenario Outline",
                        "name": "Unproved formatting and late invalid text refuse before paragraph removal",
                        "description": "",
                        "line": 36,
                        "type": "scenario",
                        "tags": [
                            {
                                "name": "@implemented",
                                "line": 1
                            },
                            {
                                "name": "@go",
                                "line": 1
                            },
                            {
                                "name": "@presentation",
                                "line": 1
                            },
                            {
                                "name": "@NOTELINES-003",
                                "line": 26
                            }
                        ],
                        "steps": [
                            {
                                "keyword": "Given ",
                                "name": "multiline notes condition \"invalid character after newline\"",
                                "line": 28,
                                "match": {
                                    "location": "notes_multiline_test.go:70"
                                },
                                "result": {
                                    "status": "passed",
                                    "duration": 556269
                                }
                            },
                            {
                                "keyword": "When ",
                                "name": "I attempt an unsupported multiline notes edit",
                                "line": 29,
                                "match": {
                                    "location": "notes_multiline_test.go:268"
                                },
                                "result": {
                                    "status": "passed",
                                    "duration": 182703
                                }
                            },
                            {
                                "keyword": "Then ",
                                "name": "the notes snapshot and package remain unchanged",
                                "line": 30,
                                "match": {
                                    "location": "notes_multiline_test.go:279"
                                },
                                "result": {
                                    "status": "passed",
                                    "duration": 4912872
                                }
                            }
                        ]
                    }
                ]
            },
            {
                "uri": "../features/implemented/package/xml-conformance.feature",
                "id": "namespace-names-and-document-boundaries-obey-xml-rules",
                "keyword": "Feature",
                "name": "Namespace names and document boundaries obey XML rules",
                "description": "  Namespace expansion must not turn invalid qualified names into accepted nodes.",
                "line": 2,
                "tags": [
                    {
                        "name": "@implemented",
                        "line": 1
                    },
                    {
                        "name": "@go",
                        "line": 1
                    },
                    {
                        "name": "@package",
                        "line": 1
                    }
                ],
                "elements": [
                    {
                        "id": "namespace-names-and-document-boundaries-obey-xml-rules;invalid-qualified-names-refuse-before-editing;;2",
                        "keyword": "Scenario Outline",
                        "name": "Invalid qualified names refuse before editing",
                        "description": "",
                        "line": 13,
                        "type": "scenario",
                        "tags": [
                            {
                                "name": "@implemented",
                                "line": 1
                            },
                            {
                                "name": "@go",
                                "line": 1
                            },
                            {
                                "name": "@package",
                                "line": 1
                            },
                            {
                                "name": "@QNAME-001",
                                "line": 5
                            }
                        ],
                        "steps": [
                            {
                                "keyword": "Given ",
                                "name": "XML with invalid qualified-name case \"numeric local name\"",
                                "line": 7,
                                "match": {
                                    "location": "xml_conformance_test.go:25"
                                },
                                "result": {
                                    "status": "passed",
                                    "duration": 52648
                                }
                            },
                            {
                                "keyword": "When ",
                                "name": "I parse it as an editable XML snapshot",
                                "line": 8,
                                "match": {
                                    "location": "xml_conformance_test.go:45"
                                },
                                "result": {
                                    "status": "passed",
                                    "duration": 35824
                                }
                            },
                            {
                                "keyword": "Then ",
                                "name": "invalid XML structure is refused without changing the input",
                                "line": 9,
                                "match": {
                                    "location": "xml_conformance_test.go:46"
                                },
                                "result": {
                                    "status": "passed",
                                    "duration": 31148
                                }
                            }
                        ]
                    },
                    {
                        "id": "namespace-names-and-document-boundaries-obey-xml-rules;invalid-qualified-names-refuse-before-editing;;3",
                        "keyword": "Scenario Outline",
                        "name": "Invalid qualified names refuse before editing",
                        "description": "",
                        "line": 14,
                        "type": "scenario",
                        "tags": [
                            {
                                "name": "@implemented",
                                "line": 1
                            },
                            {
                                "name": "@go",
                                "line": 1
                            },
                            {
                                "name": "@package",
                                "line": 1
                            },
                            {
                                "name": "@QNAME-001",
                                "line": 5
                            }
                        ],
                        "steps": [
                            {
                                "keyword": "Given ",
                                "name": "XML with invalid qualified-name case \"numeric attribute local name\"",
                                "line": 7,
                                "match": {
                                    "location": "xml_conformance_test.go:25"
                                },
                                "result": {
                                    "status": "passed",
                                    "duration": 50759
                                }
                            },
                            {
                                "keyword": "When ",
                                "name": "I parse it as an editable XML snapshot",
                                "line": 8,
                                "match": {
                                    "location": "xml_conformance_test.go:45"
                                },
                                "result": {
                                    "status": "passed",
                                    "duration": 28080
                                }
                            },
                            {
                                "keyword": "Then ",
                                "name": "invalid XML structure is refused without changing the input",
                                "line": 9,
                                "match": {
                                    "location": "xml_conformance_test.go:46"
                                },
                                "result": {
                                    "status": "passed",
                                    "duration": 30123
                                }
                            }
                        ]
                    },
                    {
                        "id": "namespace-names-and-document-boundaries-obey-xml-rules;invalid-qualified-names-refuse-before-editing;;4",
                        "keyword": "Scenario Outline",
                        "name": "Invalid qualified names refuse before editing",
                        "description": "",
                        "line": 15,
                        "type": "scenario",
                        "tags": [
                            {
                                "name": "@implemented",
                                "line": 1
                            },
                            {
                                "name": "@go",
                                "line": 1
                            },
                            {
                                "name": "@package",
                                "line": 1
                            },
                            {
                                "name": "@QNAME-001",
                                "line": 5
                            }
                        ],
                        "steps": [
                            {
                                "keyword": "Given ",
                                "name": "XML with invalid qualified-name case \"numeric namespace prefix\"",
                                "line": 7,
                                "match": {
                                    "location": "xml_conformance_test.go:25"
                                },
                                "result": {
                                    "status": "passed",
                                    "duration": 67498
                                }
                            },
                            {
                                "keyword": "When ",
                                "name": "I parse it as an editable XML snapshot",
                                "line": 8,
                                "match": {
                                    "location": "xml_conformance_test.go:45"
                                },
                                "result": {
                                    "status": "passed",
                                    "duration": 33021
                                }
                            },
                            {
                                "keyword": "Then ",
                                "name": "invalid XML structure is refused without changing the input",
                                "line": 9,
                                "match": {
                                    "location": "xml_conformance_test.go:46"
                                },
                                "result": {
                                    "status": "passed",
                                    "duration": 32513
                                }
                            }
                        ]
                    },
                    {
                        "id": "namespace-names-and-document-boundaries-obey-xml-rules;invalid-qualified-names-refuse-before-editing;;5",
                        "keyword": "Scenario Outline",
                        "name": "Invalid qualified names refuse before editing",
                        "description": "",
                        "line": 16,
                        "type": "scenario",
                        "tags": [
                            {
                                "name": "@implemented",
                                "line": 1
                            },
                            {
                                "name": "@go",
                                "line": 1
                            },
                            {
                                "name": "@package",
                                "line": 1
                            },
                            {
                                "name": "@QNAME-001",
                                "line": 5
                            }
                        ],
                        "steps": [
                            {
                                "keyword": "Given ",
                                "name": "XML with invalid qualified-name case \"non XML whitespace outside root\"",
                                "line": 7,
                                "match": {
                                    "location": "xml_conformance_test.go:25"
                                },
                                "result": {
                                    "status": "passed",
                                    "duration": 98111
                                }
                            },
                            {
                                "keyword": "When ",
                                "name": "I parse it as an editable XML snapshot",
                                "line": 8,
                                "match": {
                                    "location": "xml_conformance_test.go:45"
                                },
                                "result": {
                                    "status": "passed",
                                    "duration": 45991
                                }
                            },
                            {
                                "keyword": "Then ",
                                "name": "invalid XML structure is refused without changing the input",
                                "line": 9,
                                "match": {
                                    "location": "xml_conformance_test.go:46"
                                },
                                "result": {
                                    "status": "passed",
                                    "duration": 53698
                                }
                            }
                        ]
                    },
                    {
                        "id": "namespace-names-and-document-boundaries-obey-xml-rules;fresh-insertion-bindings-do-not-leak-to-existing-or-later-siblings",
                        "keyword": "Scenario",
                        "name": "Fresh insertion bindings do not leak to existing or later siblings",
                        "description": "",
                        "line": 19,
                        "type": "scenario",
                        "tags": [
                            {
                                "name": "@implemented",
                                "line": 1
                            },
                            {
                                "name": "@go",
                                "line": 1
                            },
                            {
                                "name": "@package",
                                "line": 1
                            },
                            {
                                "name": "@QNAME-002",
                                "line": 18
                            }
                        ],
                        "steps": [
                            {
                                "keyword": "Given ",
                                "name": "a parent with an occupied generated prefix and default namespace",
                                "line": 20,
                                "match": {
                                    "location": "xml_conformance_test.go:55"
                                },
                                "result": {
                                    "status": "passed",
                                    "duration": 77611
                                }
                            },
                            {
                                "keyword": "When ",
                                "name": "I append children with independent new namespace requirements",
                                "line": 21,
                                "match": {
                                    "location": "xml_conformance_test.go:61"
                                },
                                "result": {
                                    "status": "passed",
                                    "duration": 51693
                                }
                            },
                            {
                                "keyword": "Then ",
                                "name": "all new and existing sibling names resolve to their intended namespaces",
                                "line": 22,
                                "match": {
                                    "location": "xml_conformance_test.go:66"
                                },
                                "result": {
                                    "status": "passed",
                                    "duration": 41732
                                }
                            }
                        ]
                    }
                ]
            },
            {
                "uri": "../features/implemented/spreadsheet/style-index.feature",
                "id": "numeric-edits-require-resolvable-cell-styles",
                "keyword": "Feature",
                "name": "Numeric edits require resolvable cell styles",
                "description": "  An omitted cell style attribute still selects style zero when a style table exists.",
                "line": 2,
                "tags": [
                    {
                        "name": "@implemented",
                        "line": 1
                    },
                    {
                        "name": "@go",
                        "line": 1
                    },
                    {
                        "name": "@spreadsheet",
                        "line": 1
                    }
                ],
                "elements": [
                    {
                        "id": "numeric-edits-require-resolvable-cell-styles;invalid-style-references-refuse-numeric-edits-unchanged;;2",
                        "keyword": "Scenario Outline",
                        "name": "Invalid style references refuse numeric edits unchanged",
                        "description": "",
                        "line": 13,
                        "type": "scenario",
                        "tags": [
                            {
                                "name": "@implemented",
                                "line": 1
                            },
                            {
                                "name": "@go",
                                "line": 1
                            },
                            {
                                "name": "@spreadsheet",
                                "line": 1
                            },
                            {
                                "name": "@STYLE-001",
                                "line": 5
                            }
                        ],
                        "steps": [
                            {
                                "keyword": "Given ",
                                "name": "a numeric workbook with \"empty cellXfs and omitted s\"",
                                "line": 7,
                                "match": {
                                    "location": "style_index_test.go:82"
                                },
                                "result": {
                                    "status": "passed",
                                    "duration": 453769
                                }
                            },
                            {
                                "keyword": "When ",
                                "name": "I attempt a numeric edit under the style policy",
                                "line": 8,
                                "match": {
                                    "location": "style_index_test.go:83"
                                },
                                "result": {
                                    "status": "passed",
                                    "duration": 298528
                                }
                            },
                            {
                                "keyword": "Then ",
                                "name": "style validation refuses with the original archive unchanged",
                                "line": 9,
                                "match": {
                                    "location": "style_index_test.go:84"
                                },
                                "result": {
                                    "status": "passed",
                                    "duration": 1747691
                                }
                            }
                        ]
                    },
                    {
                        "id": "numeric-edits-require-resolvable-cell-styles;invalid-style-references-refuse-numeric-edits-unchanged;;3",
                        "keyword": "Scenario Outline",
                        "name": "Invalid style references refuse numeric edits unchanged",
                        "description": "",
                        "line": 14,
                        "type": "scenario",
                        "tags": [
                            {
                                "name": "@implemented",
                                "line": 1
                            },
                            {
                                "name": "@go",
                                "line": 1
                            },
                            {
                                "name": "@spreadsheet",
                                "line": 1
                            },
                            {
                                "name": "@STYLE-001",
                                "line": 5
                            }
                        ],
                        "steps": [
                            {
                                "keyword": "Given ",
                                "name": "a numeric workbook with \"empty cellXfs and explicit zero\"",
                                "line": 7,
                                "match": {
                                    "location": "style_index_test.go:82"
                                },
                                "result": {
                                    "status": "passed",
                                    "duration": 426031
                                }
                            },
                            {
                                "keyword": "When ",
                                "name": "I attempt a numeric edit under the style policy",
                                "line": 8,
                                "match": {
                                    "location": "style_index_test.go:83"
                                },
                                "result": {
                                    "status": "passed",
                                    "duration": 102596
                                }
                            },
                            {
                                "keyword": "Then ",
                                "name": "style validation refuses with the original archive unchanged",
                                "line": 9,
                                "match": {
                                    "location": "style_index_test.go:84"
                                },
                                "result": {
                                    "status": "passed",
                                    "duration": 1395602
                                }
                            }
                        ]
                    },
                    {
                        "id": "numeric-edits-require-resolvable-cell-styles;invalid-style-references-refuse-numeric-edits-unchanged;;4",
                        "keyword": "Scenario Outline",
                        "name": "Invalid style references refuse numeric edits unchanged",
                        "description": "",
                        "line": 15,
                        "type": "scenario",
                        "tags": [
                            {
                                "name": "@implemented",
                                "line": 1
                            },
                            {
                                "name": "@go",
                                "line": 1
                            },
                            {
                                "name": "@spreadsheet",
                                "line": 1
                            },
                            {
                                "name": "@STYLE-001",
                                "line": 5
                            }
                        ],
                        "steps": [
                            {
                                "keyword": "Given ",
                                "name": "a numeric workbook with \"out of range style\"",
                                "line": 7,
                                "match": {
                                    "location": "style_index_test.go:82"
                                },
                                "result": {
                                    "status": "passed",
                                    "duration": 368245
                                }
                            },
                            {
                                "keyword": "When ",
                                "name": "I attempt a numeric edit under the style policy",
                                "line": 8,
                                "match": {
                                    "location": "style_index_test.go:83"
                                },
                                "result": {
                                    "status": "passed",
                                    "duration": 103161
                                }
                            },
                            {
                                "keyword": "Then ",
                                "name": "style validation refuses with the original archive unchanged",
                                "line": 9,
                                "match": {
                                    "location": "style_index_test.go:84"
                                },
                                "result": {
                                    "status": "passed",
                                    "duration": 3792525
                                }
                            }
                        ]
                    },
                    {
                        "id": "numeric-edits-require-resolvable-cell-styles;invalid-style-references-refuse-numeric-edits-unchanged;;5",
                        "keyword": "Scenario Outline",
                        "name": "Invalid style references refuse numeric edits unchanged",
                        "description": "",
                        "line": 16,
                        "type": "scenario",
                        "tags": [
                            {
                                "name": "@implemented",
                                "line": 1
                            },
                            {
                                "name": "@go",
                                "line": 1
                            },
                            {
                                "name": "@spreadsheet",
                                "line": 1
                            },
                            {
                                "name": "@STYLE-001",
                                "line": 5
                            }
                        ],
                        "steps": [
                            {
                                "keyword": "Given ",
                                "name": "a numeric workbook with \"mismatched cellXfs count\"",
                                "line": 7,
                                "match": {
                                    "location": "style_index_test.go:82"
                                },
                                "result": {
                                    "status": "passed",
                                    "duration": 438022
                                }
                            },
                            {
                                "keyword": "When ",
                                "name": "I attempt a numeric edit under the style policy",
                                "line": 8,
                                "match": {
                                    "location": "style_index_test.go:83"
                                },
                                "result": {
                                    "status": "passed",
                                    "duration": 100916
                                }
                            },
                            {
                                "keyword": "Then ",
                                "name": "style validation refuses with the original archive unchanged",
                                "line": 9,
                                "match": {
                                    "location": "style_index_test.go:84"
                                },
                                "result": {
                                    "status": "passed",
                                    "duration": 1425300
                                }
                            }
                        ]
                    },
                    {
                        "id": "numeric-edits-require-resolvable-cell-styles;invalid-style-references-refuse-numeric-edits-unchanged;;6",
                        "keyword": "Scenario Outline",
                        "name": "Invalid style references refuse numeric edits unchanged",
                        "description": "",
                        "line": 17,
                        "type": "scenario",
                        "tags": [
                            {
                                "name": "@implemented",
                                "line": 1
                            },
                            {
                                "name": "@go",
                                "line": 1
                            },
                            {
                                "name": "@spreadsheet",
                                "line": 1
                            },
                            {
                                "name": "@STYLE-001",
                                "line": 5
                            }
                        ],
                        "steps": [
                            {
                                "keyword": "Given ",
                                "name": "a numeric workbook with \"malformed style index\"",
                                "line": 7,
                                "match": {
                                    "location": "style_index_test.go:82"
                                },
                                "result": {
                                    "status": "passed",
                                    "duration": 376955
                                }
                            },
                            {
                                "keyword": "When ",
                                "name": "I attempt a numeric edit under the style policy",
                                "line": 8,
                                "match": {
                                    "location": "style_index_test.go:83"
                                },
                                "result": {
                                    "status": "passed",
                                    "duration": 101175
                                }
                            },
                            {
                                "keyword": "Then ",
                                "name": "style validation refuses with the original archive unchanged",
                                "line": 9,
                                "match": {
                                    "location": "style_index_test.go:84"
                                },
                                "result": {
                                    "status": "passed",
                                    "duration": 1298490
                                }
                            }
                        ]
                    },
                    {
                        "id": "numeric-edits-require-resolvable-cell-styles;invalid-style-references-refuse-numeric-edits-unchanged;;7",
                        "keyword": "Scenario Outline",
                        "name": "Invalid style references refuse numeric edits unchanged",
                        "description": "",
                        "line": 18,
                        "type": "scenario",
                        "tags": [
                            {
                                "name": "@implemented",
                                "line": 1
                            },
                            {
                                "name": "@go",
                                "line": 1
                            },
                            {
                                "name": "@spreadsheet",
                                "line": 1
                            },
                            {
                                "name": "@STYLE-001",
                                "line": 5
                            }
                        ],
                        "steps": [
                            {
                                "keyword": "Given ",
                                "name": "a numeric workbook with \"unrelated cell with invalid style\"",
                                "line": 7,
                                "match": {
                                    "location": "style_index_test.go:82"
                                },
                                "result": {
                                    "status": "passed",
                                    "duration": 540558
                                }
                            },
                            {
                                "keyword": "When ",
                                "name": "I attempt a numeric edit under the style policy",
                                "line": 8,
                                "match": {
                                    "location": "style_index_test.go:83"
                                },
                                "result": {
                                    "status": "passed",
                                    "duration": 162934
                                }
                            },
                            {
                                "keyword": "Then ",
                                "name": "style validation refuses with the original archive unchanged",
                                "line": 9,
                                "match": {
                                    "location": "style_index_test.go:84"
                                },
                                "result": {
                                    "status": "passed",
                                    "duration": 1479922
                                }
                            }
                        ]
                    },
                    {
                        "id": "numeric-edits-require-resolvable-cell-styles;implicit-style-zero-resolves-through-a-nonempty-table",
                        "keyword": "Scenario",
                        "name": "Implicit style zero resolves through a nonempty table",
                        "description": "",
                        "line": 21,
                        "type": "scenario",
                        "tags": [
                            {
                                "name": "@implemented",
                                "line": 1
                            },
                            {
                                "name": "@go",
                                "line": 1
                            },
                            {
                                "name": "@spreadsheet",
                                "line": 1
                            },
                            {
                                "name": "@STYLE-002",
                                "line": 20
                            }
                        ],
                        "steps": [
                            {
                                "keyword": "Given ",
                                "name": "a numeric workbook with \"one style and omitted s\"",
                                "line": 22,
                                "match": {
                                    "location": "style_index_test.go:82"
                                },
                                "result": {
                                    "status": "passed",
                                    "duration": 404886
                                }
                            },
                            {
                                "keyword": "When ",
                                "name": "I set its style-validated numeric value to 125",
                                "line": 23,
                                "match": {
                                    "location": "style_index_test.go:98"
                                },
                                "result": {
                                    "status": "passed",
                                    "duration": 189624
                                }
                            },
                            {
                                "keyword": "Then ",
                                "name": "the value changes without adding a style attribute or modifying styles",
                                "line": 24,
                                "match": {
                                    "location": "style_index_test.go:99"
                                },
                                "result": {
                                    "status": "passed",
                                    "duration": 1432485
                                }
                            }
                        ]
                    }
                ]
            },
            {
                "uri": "../features/implemented/package/office-link-namespaces.feature",
                "id": "office-relationship-identity-follows-expanded-names-and-exact-type-uris",
                "keyword": "Feature",
                "name": "Office relationship identity follows expanded names and exact type URIs",
                "description": "  Prefix spellings and default namespaces cannot redirect a sheet or slide relationship.",
                "line": 2,
                "tags": [
                    {
                        "name": "@implemented",
                        "line": 1
                    },
                    {
                        "name": "@go",
                        "line": 1
                    },
                    {
                        "name": "@package",
                        "line": 1
                    }
                ],
                "elements": [
                    {
                        "id": "office-relationship-identity-follows-expanded-names-and-exact-type-uris;correct-expanded-relationship-attributes-open-for-inspection;;2",
                        "keyword": "Scenario Outline",
                        "name": "Correct expanded relationship attributes open for inspection",
                        "description": "",
                        "line": 13,
                        "type": "scenario",
                        "tags": [
                            {
                                "name": "@implemented",
                                "line": 1
                            },
                            {
                                "name": "@go",
                                "line": 1
                            },
                            {
                                "name": "@package",
                                "line": 1
                            },
                            {
                                "name": "@OFFLINK-001",
                                "line": 5
                            }
                        ],
                        "steps": [
                            {
                                "keyword": "Given ",
                                "name": "an Office link fixture for \"xlsx\" with \"alias prefix\"",
                                "line": 7,
                                "match": {
                                    "location": "office_link_namespaces_test.go:28"
                                },
                                "result": {
                                    "status": "passed",
                                    "duration": 290133
                                }
                            },
                            {
                                "keyword": "When ",
                                "name": "I inspect the Office link identity",
                                "line": 8,
                                "match": {
                                    "location": "office_link_namespaces_test.go:86"
                                },
                                "result": {
                                    "status": "passed",
                                    "duration": 210235
                                }
                            },
                            {
                                "keyword": "Then ",
                                "name": "exactly the intended sheet or slide is found without mutation",
                                "line": 9,
                                "match": {
                                    "location": "office_link_namespaces_test.go:105"
                                },
                                "result": {
                                    "status": "passed",
                                    "duration": 40833
                                }
                            }
                        ]
                    },
                    {
                        "id": "office-relationship-identity-follows-expanded-names-and-exact-type-uris;correct-expanded-relationship-attributes-open-for-inspection;;3",
                        "keyword": "Scenario Outline",
                        "name": "Correct expanded relationship attributes open for inspection",
                        "description": "",
                        "line": 14,
                        "type": "scenario",
                        "tags": [
                            {
                                "name": "@implemented",
                                "line": 1
                            },
                            {
                                "name": "@go",
                                "line": 1
                            },
                            {
                                "name": "@package",
                                "line": 1
                            },
                            {
                                "name": "@OFFLINK-001",
                                "line": 5
                            }
                        ],
                        "steps": [
                            {
                                "keyword": "Given ",
                                "name": "an Office link fixture for \"pptx\" with \"alias prefix\"",
                                "line": 7,
                                "match": {
                                    "location": "office_link_namespaces_test.go:28"
                                },
                                "result": {
                                    "status": "passed",
                                    "duration": 320443
                                }
                            },
                            {
                                "keyword": "When ",
                                "name": "I inspect the Office link identity",
                                "line": 8,
                                "match": {
                                    "location": "office_link_namespaces_test.go:86"
                                },
                                "result": {
                                    "status": "passed",
                                    "duration": 231240
                                }
                            },
                            {
                                "keyword": "Then ",
                                "name": "exactly the intended sheet or slide is found without mutation",
                                "line": 9,
                                "match": {
                                    "location": "office_link_namespaces_test.go:105"
                                },
                                "result": {
                                    "status": "passed",
                                    "duration": 43713
                                }
                            }
                        ]
                    },
                    {
                        "id": "office-relationship-identity-follows-expanded-names-and-exact-type-uris;correct-expanded-relationship-attributes-open-for-inspection;;4",
                        "keyword": "Scenario Outline",
                        "name": "Correct expanded relationship attributes open for inspection",
                        "description": "",
                        "line": 15,
                        "type": "scenario",
                        "tags": [
                            {
                                "name": "@implemented",
                                "line": 1
                            },
                            {
                                "name": "@go",
                                "line": 1
                            },
                            {
                                "name": "@package",
                                "line": 1
                            },
                            {
                                "name": "@OFFLINK-001",
                                "line": 5
                            }
                        ],
                        "steps": [
                            {
                                "keyword": "Given ",
                                "name": "an Office link fixture for \"xlsx\" with \"local correct binding\"",
                                "line": 7,
                                "match": {
                                    "location": "office_link_namespaces_test.go:28"
                                },
                                "result": {
                                    "status": "passed",
                                    "duration": 214948
                                }
                            },
                            {
                                "keyword": "When ",
                                "name": "I inspect the Office link identity",
                                "line": 8,
                                "match": {
                                    "location": "office_link_namespaces_test.go:86"
                                },
                                "result": {
                                    "status": "passed",
                                    "duration": 170862
                                }
                            },
                            {
                                "keyword": "Then ",
                                "name": "exactly the intended sheet or slide is found without mutation",
                                "line": 9,
                                "match": {
                                    "location": "office_link_namespaces_test.go:105"
                                },
                                "result": {
                                    "status": "passed",
                                    "duration": 34856
                                }
                            }
                        ]
                    },
                    {
                        "id": "office-relationship-identity-follows-expanded-names-and-exact-type-uris;correct-expanded-relationship-attributes-open-for-inspection;;5",
                        "keyword": "Scenario Outline",
                        "name": "Correct expanded relationship attributes open for inspection",
                        "description": "",
                        "line": 16,
                        "type": "scenario",
                        "tags": [
                            {
                                "name": "@implemented",
                                "line": 1
                            },
                            {
                                "name": "@go",
                                "line": 1
                            },
                            {
                                "name": "@package",
                                "line": 1
                            },
                            {
                                "name": "@OFFLINK-001",
                                "line": 5
                            }
                        ],
                        "steps": [
                            {
                                "keyword": "Given ",
                                "name": "an Office link fixture for \"pptx\" with \"local correct binding\"",
                                "line": 7,
                                "match": {
                                    "location": "office_link_namespaces_test.go:28"
                                },
                                "result": {
                                    "status": "passed",
                                    "duration": 242420
                                }
                            },
                            {
                                "keyword": "When ",
                                "name": "I inspect the Office link identity",
                                "line": 8,
                                "match": {
                                    "location": "office_link_namespaces_test.go:86"
                                },
                                "result": {
                                    "status": "passed",
                                    "duration": 198840
                                }
                            },
                            {
                                "keyword": "Then ",
                                "name": "exactly the intended sheet or slide is found without mutation",
                                "line": 9,
                                "match": {
                                    "location": "office_link_namespaces_test.go:105"
                                },
                                "result": {
                                    "status": "passed",
                                    "duration": 38744
                                }
                            }
                        ]
                    },
                    {
                        "id": "office-relationship-identity-follows-expanded-names-and-exact-type-uris;correct-expanded-relationship-attributes-open-for-inspection;;6",
                        "keyword": "Scenario Outline",
                        "name": "Correct expanded relationship attributes open for inspection",
                        "description": "",
                        "line": 17,
                        "type": "scenario",
                        "tags": [
                            {
                                "name": "@implemented",
                                "line": 1
                            },
                            {
                                "name": "@go",
                                "line": 1
                            },
                            {
                                "name": "@package",
                                "line": 1
                            },
                            {
                                "name": "@OFFLINK-001",
                                "line": 5
                            }
                        ],
                        "steps": [
                            {
                                "keyword": "Given ",
                                "name": "an Office link fixture for \"xlsx\" with \"foreign r alongside correct link\"",
                                "line": 7,
                                "match": {
                                    "location": "office_link_namespaces_test.go:28"
                                },
                                "result": {
                                    "status": "passed",
                                    "duration": 275867
                                }
                            },
                            {
                                "keyword": "When ",
                                "name": "I inspect the Office link identity",
                                "line": 8,
                                "match": {
                                    "location": "office_link_namespaces_test.go:86"
                                },
                                "result": {
                                    "status": "passed",
                                    "duration": 468918
                                }
                            },
                            {
                                "keyword": "Then ",
                                "name": "exactly the intended sheet or slide is found without mutation",
                                "line": 9,
                                "match": {
                                    "location": "office_link_namespaces_test.go:105"
                                },
                                "result": {
                                    "status": "passed",
                                    "duration": 62400
                                }
                            }
                        ]
                    },
                    {
                        "id": "office-relationship-identity-follows-expanded-names-and-exact-type-uris;correct-expanded-relationship-attributes-open-for-inspection;;7",
                        "keyword": "Scenario Outline",
                        "name": "Correct expanded relationship attributes open for inspection",
                        "description": "",
                        "line": 18,
                        "type": "scenario",
                        "tags": [
                            {
                                "name": "@implemented",
                                "line": 1
                            },
                            {
                                "name": "@go",
                                "line": 1
                            },
                            {
                                "name": "@package",
                                "line": 1
                            },
                            {
                                "name": "@OFFLINK-001",
                                "line": 5
                            }
                        ],
                        "steps": [
                            {
                                "keyword": "Given ",
                                "name": "an Office link fixture for \"pptx\" with \"foreign r alongside correct link\"",
                                "line": 7,
                                "match": {
                                    "location": "office_link_namespaces_test.go:28"
                                },
                                "result": {
                                    "status": "passed",
                                    "duration": 398442
                                }
                            },
                            {
                                "keyword": "When ",
                                "name": "I inspect the Office link identity",
                                "line": 8,
                                "match": {
                                    "location": "office_link_namespaces_test.go:86"
                                },
                                "result": {
                                    "status": "passed",
                                    "duration": 193493
                                }
                            },
                            {
                                "keyword": "Then ",
                                "name": "exactly the intended sheet or slide is found without mutation",
                                "line": 9,
                                "match": {
                                    "location": "office_link_namespaces_test.go:105"
                                },
                                "result": {
                                    "status": "passed",
                                    "duration": 42520
                                }
                            }
                        ]
                    },
                    {
                        "id": "office-relationship-identity-follows-expanded-names-and-exact-type-uris;wrong-expanded-attributes-or-type-uris-refuse-intake;;2",
                        "keyword": "Scenario Outline",
                        "name": "Wrong expanded attributes or type URIs refuse intake",
                        "description": "",
                        "line": 28,
                        "type": "scenario",
                        "tags": [
                            {
                                "name": "@implemented",
                                "line": 1
                            },
                            {
                                "name": "@go",
                                "line": 1
                            },
                            {
                                "name": "@package",
                                "line": 1
                            },
                            {
                                "name": "@OFFLINK-002",
                                "line": 20
                            }
                        ],
                        "steps": [
                            {
                                "keyword": "Given ",
                                "name": "an Office link fixture for \"xlsx\" with \"locally shadowed wrong URI\"",
                                "line": 22,
                                "match": {
                                    "location": "office_link_namespaces_test.go:28"
                                },
                                "result": {
                                    "status": "passed",
                                    "duration": 203687
                                }
                            },
                            {
                                "keyword": "When ",
                                "name": "I inspect the Office link identity",
                                "line": 23,
                                "match": {
                                    "location": "office_link_namespaces_test.go:86"
                                },
                                "result": {
                                    "status": "passed",
                                    "duration": 178919
                                }
                            },
                            {
                                "keyword": "Then ",
                                "name": "the Office link is refused and input bytes are unchanged",
                                "line": 24,
                                "match": {
                                    "location": "office_link_namespaces_test.go:114"
                                },
                                "result": {
                                    "status": "passed",
                                    "duration": 33653
                                }
                            }
                        ]
                    },
                    {
                        "id": "office-relationship-identity-follows-expanded-names-and-exact-type-uris;wrong-expanded-attributes-or-type-uris-refuse-intake;;3",
                        "keyword": "Scenario Outline",
                        "name": "Wrong expanded attributes or type URIs refuse intake",
                        "description": "",
                        "line": 29,
                        "type": "scenario",
                        "tags": [
                            {
                                "name": "@implemented",
                                "line": 1
                            },
                            {
                                "name": "@go",
                                "line": 1
                            },
                            {
                                "name": "@package",
                                "line": 1
                            },
                            {
                                "name": "@OFFLINK-002",
                                "line": 20
                            }
                        ],
                        "steps": [
                            {
                                "keyword": "Given ",
                                "name": "an Office link fixture for \"pptx\" with \"locally shadowed wrong URI\"",
                                "line": 22,
                                "match": {
                                    "location": "office_link_namespaces_test.go:28"
                                },
                                "result": {
                                    "status": "passed",
                                    "duration": 732101
                                }
                            },
                            {
                                "keyword": "When ",
                                "name": "I inspect the Office link identity",
                                "line": 23,
                                "match": {
                                    "location": "office_link_namespaces_test.go:86"
                                },
                                "result": {
                                    "status": "passed",
                                    "duration": 306155
                                }
                            },
                            {
                                "keyword": "Then ",
                                "name": "the Office link is refused and input bytes are unchanged",
                                "line": 24,
                                "match": {
                                    "location": "office_link_namespaces_test.go:114"
                                },
                                "result": {
                                    "status": "passed",
                                    "duration": 38158
                                }
                            }
                        ]
                    },
                    {
                        "id": "office-relationship-identity-follows-expanded-names-and-exact-type-uris;wrong-expanded-attributes-or-type-uris-refuse-intake;;4",
                        "keyword": "Scenario Outline",
                        "name": "Wrong expanded attributes or type URIs refuse intake",
                        "description": "",
                        "line": 30,
                        "type": "scenario",
                        "tags": [
                            {
                                "name": "@implemented",
                                "line": 1
                            },
                            {
                                "name": "@go",
                                "line": 1
                            },
                            {
                                "name": "@package",
                                "line": 1
                            },
                            {
                                "name": "@OFFLINK-002",
                                "line": 20
                            }
                        ],
                        "steps": [
                            {
                                "keyword": "Given ",
                                "name": "an Office link fixture for \"xlsx\" with \"plain id with default namespace\"",
                                "line": 22,
                                "match": {
                                    "location": "office_link_namespaces_test.go:28"
                                },
                                "result": {
                                    "status": "passed",
                                    "duration": 207241
                                }
                            },
                            {
                                "keyword": "When ",
                                "name": "I inspect the Office link identity",
                                "line": 23,
                                "match": {
                                    "location": "office_link_namespaces_test.go:86"
                                },
                                "result": {
                                    "status": "passed",
                                    "duration": 151217
                                }
                            },
                            {
                                "keyword": "Then ",
                                "name": "the Office link is refused and input bytes are unchanged",
                                "line": 24,
                                "match": {
                                    "location": "office_link_namespaces_test.go:114"
                                },
                                "result": {
                                    "status": "passed",
                                    "duration": 32053
                                }
                            }
                        ]
                    },
                    {
                        "id": "office-relationship-identity-follows-expanded-names-and-exact-type-uris;wrong-expanded-attributes-or-type-uris-refuse-intake;;5",
                        "keyword": "Scenario Outline",
                        "name": "Wrong expanded attributes or type URIs refuse intake",
                        "description": "",
                        "line": 31,
                        "type": "scenario",
                        "tags": [
                            {
                                "name": "@implemented",
                                "line": 1
                            },
                            {
                                "name": "@go",
                                "line": 1
                            },
                            {
                                "name": "@package",
                                "line": 1
                            },
                            {
                                "name": "@OFFLINK-002",
                                "line": 20
                            }
                        ],
                        "steps": [
                            {
                                "keyword": "Given ",
                                "name": "an Office link fixture for \"pptx\" with \"plain id with default namespace\"",
                                "line": 22,
                                "match": {
                                    "location": "office_link_namespaces_test.go:28"
                                },
                                "result": {
                                    "status": "passed",
                                    "duration": 214031
                                }
                            },
                            {
                                "keyword": "When ",
                                "name": "I inspect the Office link identity",
                                "line": 23,
                                "match": {
                                    "location": "office_link_namespaces_test.go:86"
                                },
                                "result": {
                                    "status": "passed",
                                    "duration": 219331
                                }
                            },
                            {
                                "keyword": "Then ",
                                "name": "the Office link is refused and input bytes are unchanged",
                                "line": 24,
                                "match": {
                                    "location": "office_link_namespaces_test.go:114"
                                },
                                "result": {
                                    "status": "passed",
                                    "duration": 35891
                                }
                            }
                        ]
                    },
                    {
                        "id": "office-relationship-identity-follows-expanded-names-and-exact-type-uris;wrong-expanded-attributes-or-type-uris-refuse-intake;;6",
                        "keyword": "Scenario Outline",
                        "name": "Wrong expanded attributes or type URIs refuse intake",
                        "description": "",
                        "line": 32,
                        "type": "scenario",
                        "tags": [
                            {
                                "name": "@implemented",
                                "line": 1
                            },
                            {
                                "name": "@go",
                                "line": 1
                            },
                            {
                                "name": "@package",
                                "line": 1
                            },
                            {
                                "name": "@OFFLINK-002",
                                "line": 20
                            }
                        ],
                        "steps": [
                            {
                                "keyword": "Given ",
                                "name": "an Office link fixture for \"xlsx\" with \"foreign relationship type suffix\"",
                                "line": 22,
                                "match": {
                                    "location": "office_link_namespaces_test.go:28"
                                },
                                "result": {
                                    "status": "passed",
                                    "duration": 231635
                                }
                            },
                            {
                                "keyword": "When ",
                                "name": "I inspect the Office link identity",
                                "line": 23,
                                "match": {
                                    "location": "office_link_namespaces_test.go:86"
                                },
                                "result": {
                                    "status": "passed",
                                    "duration": 323853
                                }
                            },
                            {
                                "keyword": "Then ",
                                "name": "the Office link is refused and input bytes are unchanged",
                                "line": 24,
                                "match": {
                                    "location": "office_link_namespaces_test.go:114"
                                },
                                "result": {
                                    "status": "passed",
                                    "duration": 65433
                                }
                            }
                        ]
                    },
                    {
                        "id": "office-relationship-identity-follows-expanded-names-and-exact-type-uris;wrong-expanded-attributes-or-type-uris-refuse-intake;;7",
                        "keyword": "Scenario Outline",
                        "name": "Wrong expanded attributes or type URIs refuse intake",
                        "description": "",
                        "line": 33,
                        "type": "scenario",
                        "tags": [
                            {
                                "name": "@implemented",
                                "line": 1
                            },
                            {
                                "name": "@go",
                                "line": 1
                            },
                            {
                                "name": "@package",
                                "line": 1
                            },
                            {
                                "name": "@OFFLINK-002",
                                "line": 20
                            }
                        ],
                        "steps": [
                            {
                                "keyword": "Given ",
                                "name": "an Office link fixture for \"pptx\" with \"foreign relationship type suffix\"",
                                "line": 22,
                                "match": {
                                    "location": "office_link_namespaces_test.go:28"
                                },
                                "result": {
                                    "status": "passed",
                                    "duration": 406426
                                }
                            },
                            {
                                "keyword": "When ",
                                "name": "I inspect the Office link identity",
                                "line": 23,
                                "match": {
                                    "location": "office_link_namespaces_test.go:86"
                                },
                                "result": {
                                    "status": "passed",
                                    "duration": 166221
                                }
                            },
                            {
                                "keyword": "Then ",
                                "name": "the Office link is refused and input bytes are unchanged",
                                "line": 24,
                                "match": {
                                    "location": "office_link_namespaces_test.go:114"
                                },
                                "result": {
                                    "status": "passed",
                                    "duration": 45940
                                }
                            }
                        ]
                    }
                ]
            },
            {
                "uri": "../features/implemented/package/graph-edit.feature",
                "id": "planned-part-addition-and-relationship-retargeting",
                "keyword": "Feature",
                "name": "Planned part addition and relationship retargeting",
                "description": "  New payloads and registry patches commit together without rewriting shared old payloads.",
                "line": 2,
                "tags": [
                    {
                        "name": "@implemented",
                        "line": 1
                    },
                    {
                        "name": "@go",
                        "line": 1
                    },
                    {
                        "name": "@package",
                        "line": 1
                    }
                ],
                "elements": [
                    {
                        "id": "planned-part-addition-and-relationship-retargeting;add-a-private-payload-and-retarget-one-of-two-shared-edges",
                        "keyword": "Scenario",
                        "name": "Add a private payload and retarget one of two shared edges",
                        "description": "",
                        "line": 6,
                        "type": "scenario",
                        "tags": [
                            {
                                "name": "@implemented",
                                "line": 1
                            },
                            {
                                "name": "@go",
                                "line": 1
                            },
                            {
                                "name": "@package",
                                "line": 1
                            },
                            {
                                "name": "@SURGERY-001",
                                "line": 5
                            }
                        ],
                        "steps": [
                            {
                                "keyword": "Given ",
                                "name": "a retained package with two edges sharing a payload",
                                "line": 7,
                                "match": {
                                    "location": "graph_edit_test.go:35"
                                },
                                "result": {
                                    "status": "passed",
                                    "duration": 897418
                                }
                            },
                            {
                                "keyword": "When ",
                                "name": "I plan a new payload for the first edge",
                                "line": 8,
                                "match": {
                                    "location": "graph_edit_test.go:55"
                                },
                                "result": {
                                    "status": "passed",
                                    "duration": 222954
                                }
                            },
                            {
                                "keyword": "Then ",
                                "name": "planning leaves the original archive byte-identical",
                                "line": 9,
                                "match": {
                                    "location": "graph_edit_test.go:56"
                                },
                                "result": {
                                    "status": "passed",
                                    "duration": 48836
                                }
                            },
                            {
                                "keyword": "When ",
                                "name": "I apply and deliver the graph plan",
                                "line": 10,
                                "match": {
                                    "location": "graph_edit_test.go:66"
                                },
                                "result": {
                                    "status": "passed",
                                    "duration": 2232008
                                }
                            },
                            {
                                "keyword": "Then ",
                                "name": "only the selected edge points to the new registered payload",
                                "line": 11,
                                "match": {
                                    "location": "graph_edit_test.go:86"
                                },
                                "result": {
                                    "status": "passed",
                                    "duration": 133264
                                }
                            },
                            {
                                "keyword": "And ",
                                "name": "unrelated registry bytes and original payloads are preserved",
                                "line": 12,
                                "match": {
                                    "location": "graph_edit_test.go:108"
                                },
                                "result": {
                                    "status": "passed",
                                    "duration": 69304
                                }
                            }
                        ]
                    },
                    {
                        "id": "planned-part-addition-and-relationship-retargeting;unproved-graph-changes-refuse-the-entire-plan;;2",
                        "keyword": "Scenario Outline",
                        "name": "Unproved graph changes refuse the entire plan",
                        "description": "",
                        "line": 22,
                        "type": "scenario",
                        "tags": [
                            {
                                "name": "@implemented",
                                "line": 1
                            },
                            {
                                "name": "@go",
                                "line": 1
                            },
                            {
                                "name": "@package",
                                "line": 1
                            },
                            {
                                "name": "@SURGERY-002",
                                "line": 14
                            }
                        ],
                        "steps": [
                            {
                                "keyword": "Given ",
                                "name": "a retained package with two edges sharing a payload",
                                "line": 16,
                                "match": {
                                    "location": "graph_edit_test.go:35"
                                },
                                "result": {
                                    "status": "passed",
                                    "duration": 235051
                                }
                            },
                            {
                                "keyword": "When ",
                                "name": "I plan a graph change with \"case colliding part\"",
                                "line": 17,
                                "match": {
                                    "location": "graph_edit_test.go:129"
                                },
                                "result": {
                                    "status": "passed",
                                    "duration": 84170
                                }
                            },
                            {
                                "keyword": "Then ",
                                "name": "graph planning refuses without adding parts or changing bytes",
                                "line": 18,
                                "match": {
                                    "location": "graph_edit_test.go:152"
                                },
                                "result": {
                                    "status": "passed",
                                    "duration": 37450
                                }
                            }
                        ]
                    },
                    {
                        "id": "planned-part-addition-and-relationship-retargeting;unproved-graph-changes-refuse-the-entire-plan;;3",
                        "keyword": "Scenario Outline",
                        "name": "Unproved graph changes refuse the entire plan",
                        "description": "",
                        "line": 23,
                        "type": "scenario",
                        "tags": [
                            {
                                "name": "@implemented",
                                "line": 1
                            },
                            {
                                "name": "@go",
                                "line": 1
                            },
                            {
                                "name": "@package",
                                "line": 1
                            },
                            {
                                "name": "@SURGERY-002",
                                "line": 14
                            }
                        ],
                        "steps": [
                            {
                                "keyword": "Given ",
                                "name": "a retained package with two edges sharing a payload",
                                "line": 16,
                                "match": {
                                    "location": "graph_edit_test.go:35"
                                },
                                "result": {
                                    "status": "passed",
                                    "duration": 316145
                                }
                            },
                            {
                                "keyword": "When ",
                                "name": "I plan a graph change with \"absent target\"",
                                "line": 17,
                                "match": {
                                    "location": "graph_edit_test.go:129"
                                },
                                "result": {
                                    "status": "passed",
                                    "duration": 178415
                                }
                            },
                            {
                                "keyword": "Then ",
                                "name": "graph planning refuses without adding parts or changing bytes",
                                "line": 18,
                                "match": {
                                    "location": "graph_edit_test.go:152"
                                },
                                "result": {
                                    "status": "passed",
                                    "duration": 169233
                                }
                            }
                        ]
                    },
                    {
                        "id": "planned-part-addition-and-relationship-retargeting;unproved-graph-changes-refuse-the-entire-plan;;4",
                        "keyword": "Scenario Outline",
                        "name": "Unproved graph changes refuse the entire plan",
                        "description": "",
                        "line": 24,
                        "type": "scenario",
                        "tags": [
                            {
                                "name": "@implemented",
                                "line": 1
                            },
                            {
                                "name": "@go",
                                "line": 1
                            },
                            {
                                "name": "@package",
                                "line": 1
                            },
                            {
                                "name": "@SURGERY-002",
                                "line": 14
                            }
                        ],
                        "steps": [
                            {
                                "keyword": "Given ",
                                "name": "a retained package with two edges sharing a payload",
                                "line": 16,
                                "match": {
                                    "location": "graph_edit_test.go:35"
                                },
                                "result": {
                                    "status": "passed",
                                    "duration": 236488
                                }
                            },
                            {
                                "keyword": "When ",
                                "name": "I plan a graph change with \"external edge\"",
                                "line": 17,
                                "match": {
                                    "location": "graph_edit_test.go:129"
                                },
                                "result": {
                                    "status": "passed",
                                    "duration": 119419
                                }
                            },
                            {
                                "keyword": "Then ",
                                "name": "graph planning refuses without adding parts or changing bytes",
                                "line": 18,
                                "match": {
                                    "location": "graph_edit_test.go:152"
                                },
                                "result": {
                                    "status": "passed",
                                    "duration": 42624
                                }
                            }
                        ]
                    },
                    {
                        "id": "planned-part-addition-and-relationship-retargeting;unproved-graph-changes-refuse-the-entire-plan;;5",
                        "keyword": "Scenario Outline",
                        "name": "Unproved graph changes refuse the entire plan",
                        "description": "",
                        "line": 25,
                        "type": "scenario",
                        "tags": [
                            {
                                "name": "@implemented",
                                "line": 1
                            },
                            {
                                "name": "@go",
                                "line": 1
                            },
                            {
                                "name": "@package",
                                "line": 1
                            },
                            {
                                "name": "@SURGERY-002",
                                "line": 14
                            }
                        ],
                        "steps": [
                            {
                                "keyword": "Given ",
                                "name": "a retained package with two edges sharing a payload",
                                "line": 16,
                                "match": {
                                    "location": "graph_edit_test.go:35"
                                },
                                "result": {
                                    "status": "passed",
                                    "duration": 350728
                                }
                            },
                            {
                                "keyword": "When ",
                                "name": "I plan a graph change with \"duplicate edge edit\"",
                                "line": 17,
                                "match": {
                                    "location": "graph_edit_test.go:129"
                                },
                                "result": {
                                    "status": "passed",
                                    "duration": 127156
                                }
                            },
                            {
                                "keyword": "Then ",
                                "name": "graph planning refuses without adding parts or changing bytes",
                                "line": 18,
                                "match": {
                                    "location": "graph_edit_test.go:152"
                                },
                                "result": {
                                    "status": "passed",
                                    "duration": 66507
                                }
                            }
                        ]
                    },
                    {
                        "id": "planned-part-addition-and-relationship-retargeting;unproved-graph-changes-refuse-the-entire-plan;;6",
                        "keyword": "Scenario Outline",
                        "name": "Unproved graph changes refuse the entire plan",
                        "description": "",
                        "line": 26,
                        "type": "scenario",
                        "tags": [
                            {
                                "name": "@implemented",
                                "line": 1
                            },
                            {
                                "name": "@go",
                                "line": 1
                            },
                            {
                                "name": "@package",
                                "line": 1
                            },
                            {
                                "name": "@SURGERY-002",
                                "line": 14
                            }
                        ],
                        "steps": [
                            {
                                "keyword": "Given ",
                                "name": "a retained package with two edges sharing a payload",
                                "line": 16,
                                "match": {
                                    "location": "graph_edit_test.go:35"
                                },
                                "result": {
                                    "status": "passed",
                                    "duration": 271550
                                }
                            },
                            {
                                "keyword": "When ",
                                "name": "I plan a graph change with \"reserved registry addition\"",
                                "line": 17,
                                "match": {
                                    "location": "graph_edit_test.go:129"
                                },
                                "result": {
                                    "status": "passed",
                                    "duration": 102436
                                }
                            },
                            {
                                "keyword": "Then ",
                                "name": "graph planning refuses without adding parts or changing bytes",
                                "line": 18,
                                "match": {
                                    "location": "graph_edit_test.go:152"
                                },
                                "result": {
                                    "status": "passed",
                                    "duration": 40595
                                }
                            }
                        ]
                    },
                    {
                        "id": "planned-part-addition-and-relationship-retargeting;unproved-graph-changes-refuse-the-entire-plan;;7",
                        "keyword": "Scenario Outline",
                        "name": "Unproved graph changes refuse the entire plan",
                        "description": "",
                        "line": 27,
                        "type": "scenario",
                        "tags": [
                            {
                                "name": "@implemented",
                                "line": 1
                            },
                            {
                                "name": "@go",
                                "line": 1
                            },
                            {
                                "name": "@package",
                                "line": 1
                            },
                            {
                                "name": "@SURGERY-002",
                                "line": 14
                            }
                        ],
                        "steps": [
                            {
                                "keyword": "Given ",
                                "name": "a retained package with two edges sharing a payload",
                                "line": 16,
                                "match": {
                                    "location": "graph_edit_test.go:35"
                                },
                                "result": {
                                    "status": "passed",
                                    "duration": 569675
                                }
                            },
                            {
                                "keyword": "When ",
                                "name": "I plan a graph change with \"malformed XML addition\"",
                                "line": 17,
                                "match": {
                                    "location": "graph_edit_test.go:129"
                                },
                                "result": {
                                    "status": "passed",
                                    "duration": 151864
                                }
                            },
                            {
                                "keyword": "Then ",
                                "name": "graph planning refuses without adding parts or changing bytes",
                                "line": 18,
                                "match": {
                                    "location": "graph_edit_test.go:152"
                                },
                                "result": {
                                    "status": "passed",
                                    "duration": 65984
                                }
                            }
                        ]
                    },
                    {
                        "id": "planned-part-addition-and-relationship-retargeting;a-graph-plan-cannot-overwrite-an-intervening-payload-edit",
                        "keyword": "Scenario",
                        "name": "A graph plan cannot overwrite an intervening payload edit",
                        "description": "",
                        "line": 30,
                        "type": "scenario",
                        "tags": [
                            {
                                "name": "@implemented",
                                "line": 1
                            },
                            {
                                "name": "@go",
                                "line": 1
                            },
                            {
                                "name": "@package",
                                "line": 1
                            },
                            {
                                "name": "@SURGERY-003",
                                "line": 29
                            }
                        ],
                        "steps": [
                            {
                                "keyword": "Given ",
                                "name": "a retained package with two edges sharing a payload",
                                "line": 31,
                                "match": {
                                    "location": "graph_edit_test.go:35"
                                },
                                "result": {
                                    "status": "passed",
                                    "duration": 255048
                                }
                            },
                            {
                                "keyword": "When ",
                                "name": "I plan a new payload for the first edge",
                                "line": 32,
                                "match": {
                                    "location": "graph_edit_test.go:55"
                                },
                                "result": {
                                    "status": "passed",
                                    "duration": 148240
                                }
                            },
                            {
                                "keyword": "And ",
                                "name": "I change an existing payload before applying the graph plan",
                                "line": 33,
                                "match": {
                                    "location": "graph_edit_test.go:166"
                                },
                                "result": {
                                    "status": "passed",
                                    "duration": 48823
                                }
                            },
                            {
                                "keyword": "Then ",
                                "name": "the stale graph plan refuses and preserves the intervening edit",
                                "line": 34,
                                "match": {
                                    "location": "graph_edit_test.go:173"
                                },
                                "result": {
                                    "status": "passed",
                                    "duration": 113081
                                }
                            }
                        ]
                    }
                ]
            },
            {
                "uri": "../features/implemented/document/stories.feature",
                "id": "read-only-word-story-projections",
                "keyword": "Feature",
                "name": "Read-only Word story projections",
                "description": "  Inspection includes related stories and nested paragraphs without double-counting.",
                "line": 2,
                "tags": [
                    {
                        "name": "@implemented",
                        "line": 1
                    },
                    {
                        "name": "@go",
                        "line": 1
                    },
                    {
                        "name": "@document",
                        "line": 1
                    }
                ],
                "elements": [
                    {
                        "id": "read-only-word-story-projections;revision-view-selects-the-appropriate-visible-text;;2",
                        "keyword": "Scenario Outline",
                        "name": "Revision view selects the appropriate visible text",
                        "description": "",
                        "line": 15,
                        "type": "scenario",
                        "tags": [
                            {
                                "name": "@implemented",
                                "line": 1
                            },
                            {
                                "name": "@go",
                                "line": 1
                            },
                            {
                                "name": "@document",
                                "line": 1
                            },
                            {
                                "name": "@STORY-001",
                                "line": 5
                            }
                        ],
                        "steps": [
                            {
                                "keyword": "Given ",
                                "name": "a Word document with body revisions and a related header",
                                "line": 7,
                                "match": {
                                    "location": "stories_test.go:43"
                                },
                                "result": {
                                    "status": "passed",
                                    "duration": 415068
                                }
                            },
                            {
                                "keyword": "When ",
                                "name": "I inspect its \"current\" story view",
                                "line": 8,
                                "match": {
                                    "location": "stories_test.go:45"
                                },
                                "result": {
                                    "status": "passed",
                                    "duration": 86342
                                }
                            },
                            {
                                "keyword": "Then ",
                                "name": "the body paragraph reads \"base new\"",
                                "line": 9,
                                "match": {
                                    "location": "stories_test.go:58"
                                },
                                "result": {
                                    "status": "passed",
                                    "duration": 19271
                                }
                            },
                            {
                                "keyword": "And ",
                                "name": "the related header paragraph reads \"Header text\"",
                                "line": 10,
                                "match": {
                                    "location": "stories_test.go:59"
                                },
                                "result": {
                                    "status": "passed",
                                    "duration": 28852
                                }
                            },
                            {
                                "keyword": "And ",
                                "name": "story inspection leaves the source archive unchanged",
                                "line": 11,
                                "match": {
                                    "location": "stories_test.go:62"
                                },
                                "result": {
                                    "status": "passed",
                                    "duration": 1951382
                                }
                            }
                        ]
                    },
                    {
                        "id": "read-only-word-story-projections;revision-view-selects-the-appropriate-visible-text;;3",
                        "keyword": "Scenario Outline",
                        "name": "Revision view selects the appropriate visible text",
                        "description": "",
                        "line": 16,
                        "type": "scenario",
                        "tags": [
                            {
                                "name": "@implemented",
                                "line": 1
                            },
                            {
                                "name": "@go",
                                "line": 1
                            },
                            {
                                "name": "@document",
                                "line": 1
                            },
                            {
                                "name": "@STORY-001",
                                "line": 5
                            }
                        ],
                        "steps": [
                            {
                                "keyword": "Given ",
                                "name": "a Word document with body revisions and a related header",
                                "line": 7,
                                "match": {
                                    "location": "stories_test.go:43"
                                },
                                "result": {
                                    "status": "passed",
                                    "duration": 664204
                                }
                            },
                            {
                                "keyword": "When ",
                                "name": "I inspect its \"original\" story view",
                                "line": 8,
                                "match": {
                                    "location": "stories_test.go:45"
                                },
                                "result": {
                                    "status": "passed",
                                    "duration": 87917
                                }
                            },
                            {
                                "keyword": "Then ",
                                "name": "the body paragraph reads \"base old\"",
                                "line": 9,
                                "match": {
                                    "location": "stories_test.go:58"
                                },
                                "result": {
                                    "status": "passed",
                                    "duration": 19699
                                }
                            },
                            {
                                "keyword": "And ",
                                "name": "the related header paragraph reads \"Header text\"",
                                "line": 10,
                                "match": {
                                    "location": "stories_test.go:59"
                                },
                                "result": {
                                    "status": "passed",
                                    "duration": 28280
                                }
                            },
                            {
                                "keyword": "And ",
                                "name": "story inspection leaves the source archive unchanged",
                                "line": 11,
                                "match": {
                                    "location": "stories_test.go:62"
                                },
                                "result": {
                                    "status": "passed",
                                    "duration": 3310324
                                }
                            }
                        ]
                    },
                    {
                        "id": "read-only-word-story-projections;revision-view-selects-the-appropriate-visible-text;;4",
                        "keyword": "Scenario Outline",
                        "name": "Revision view selects the appropriate visible text",
                        "description": "",
                        "line": 17,
                        "type": "scenario",
                        "tags": [
                            {
                                "name": "@implemented",
                                "line": 1
                            },
                            {
                                "name": "@go",
                                "line": 1
                            },
                            {
                                "name": "@document",
                                "line": 1
                            },
                            {
                                "name": "@STORY-001",
                                "line": 5
                            }
                        ],
                        "steps": [
                            {
                                "keyword": "Given ",
                                "name": "a Word document with body revisions and a related header",
                                "line": 7,
                                "match": {
                                    "location": "stories_test.go:43"
                                },
                                "result": {
                                    "status": "passed",
                                    "duration": 544435
                                }
                            },
                            {
                                "keyword": "When ",
                                "name": "I inspect its \"all\" story view",
                                "line": 8,
                                "match": {
                                    "location": "stories_test.go:45"
                                },
                                "result": {
                                    "status": "passed",
                                    "duration": 89606
                                }
                            },
                            {
                                "keyword": "Then ",
                                "name": "the body paragraph reads \"base oldnew\"",
                                "line": 9,
                                "match": {
                                    "location": "stories_test.go:58"
                                },
                                "result": {
                                    "status": "passed",
                                    "duration": 23841
                                }
                            },
                            {
                                "keyword": "And ",
                                "name": "the related header paragraph reads \"Header text\"",
                                "line": 10,
                                "match": {
                                    "location": "stories_test.go:59"
                                },
                                "result": {
                                    "status": "passed",
                                    "duration": 27155
                                }
                            },
                            {
                                "keyword": "And ",
                                "name": "story inspection leaves the source archive unchanged",
                                "line": 11,
                                "match": {
                                    "location": "stories_test.go:62"
                                },
                                "result": {
                                    "status": "passed",
                                    "duration": 1444619
                                }
                            }
                        ]
                    },
                    {
                        "id": "read-only-word-story-projections;nested-text-box-paragraphs-do-not-duplicate-their-text-in-the-parent",
                        "keyword": "Scenario",
                        "name": "Nested text box paragraphs do not duplicate their text in the parent",
                        "description": "",
                        "line": 20,
                        "type": "scenario",
                        "tags": [
                            {
                                "name": "@implemented",
                                "line": 1
                            },
                            {
                                "name": "@go",
                                "line": 1
                            },
                            {
                                "name": "@document",
                                "line": 1
                            },
                            {
                                "name": "@STORY-002",
                                "line": 19
                            }
                        ],
                        "steps": [
                            {
                                "keyword": "Given ",
                                "name": "a Word document with a nested text box paragraph",
                                "line": 21,
                                "match": {
                                    "location": "stories_test.go:44"
                                },
                                "result": {
                                    "status": "passed",
                                    "duration": 362027
                                }
                            },
                            {
                                "keyword": "When ",
                                "name": "I inspect its \"current\" story view",
                                "line": 22,
                                "match": {
                                    "location": "stories_test.go:45"
                                },
                                "result": {
                                    "status": "passed",
                                    "duration": 249711
                                }
                            },
                            {
                                "keyword": "Then ",
                                "name": "the outer paragraph reads \"Outer\"",
                                "line": 23,
                                "match": {
                                    "location": "stories_test.go:60"
                                },
                                "result": {
                                    "status": "passed",
                                    "duration": 146963
                                }
                            },
                            {
                                "keyword": "And ",
                                "name": "one text-box paragraph reads \"Inner\"",
                                "line": 24,
                                "match": {
                                    "location": "stories_test.go:61"
                                },
                                "result": {
                                    "status": "passed",
                                    "duration": 38303
                                }
                            }
                        ]
                    }
                ]
            },
            {
                "uri": "../features/implemented/package/graph.feature",
                "id": "read-only-relationship-ownership-inspection",
                "keyword": "Feature",
                "name": "Read-only relationship ownership inspection",
                "description": "  Package inspection resolves local ownership without fetching external targets.",
                "line": 2,
                "tags": [
                    {
                        "name": "@implemented",
                        "line": 1
                    },
                    {
                        "name": "@go",
                        "line": 1
                    },
                    {
                        "name": "@package",
                        "line": 1
                    }
                ],
                "elements": [
                    {
                        "id": "read-only-relationship-ownership-inspection;shared-and-external-relationships-retain-distinct-ownership",
                        "keyword": "Scenario",
                        "name": "Shared and external relationships retain distinct ownership",
                        "description": "",
                        "line": 6,
                        "type": "scenario",
                        "tags": [
                            {
                                "name": "@implemented",
                                "line": 1
                            },
                            {
                                "name": "@go",
                                "line": 1
                            },
                            {
                                "name": "@package",
                                "line": 1
                            },
                            {
                                "name": "@GRAPH-001",
                                "line": 5
                            }
                        ],
                        "steps": [
                            {
                                "keyword": "Given ",
                                "name": "a package with two users of one image and an external hyperlink",
                                "line": 7,
                                "match": {
                                    "location": "graph_test.go:89"
                                },
                                "result": {
                                    "status": "passed",
                                    "duration": 1064231
                                }
                            },
                            {
                                "keyword": "When ",
                                "name": "I inspect the retained package relationship graph",
                                "line": 8,
                                "match": {
                                    "location": "graph_test.go:91"
                                },
                                "result": {
                                    "status": "passed",
                                    "duration": 106503
                                }
                            },
                            {
                                "keyword": "Then ",
                                "name": "the image has two incoming relationships",
                                "line": 9,
                                "match": {
                                    "location": "graph_test.go:92"
                                },
                                "result": {
                                    "status": "passed",
                                    "duration": 22021
                                }
                            },
                            {
                                "keyword": "And ",
                                "name": "the hyperlink remains an unresolved external edge",
                                "line": 10,
                                "match": {
                                    "location": "graph_test.go:103"
                                },
                                "result": {
                                    "status": "passed",
                                    "duration": 30554
                                }
                            },
                            {
                                "keyword": "And ",
                                "name": "graph inspection leaves the archive byte-identical",
                                "line": 11,
                                "match": {
                                    "location": "graph_test.go:111"
                                },
                                "result": {
                                    "status": "passed",
                                    "duration": 27683
                                }
                            }
                        ]
                    },
                    {
                        "id": "read-only-relationship-ownership-inspection;ambiguous-or-dangling-registries-refuse-inspection;;2",
                        "keyword": "Scenario Outline",
                        "name": "Ambiguous or dangling registries refuse inspection",
                        "description": "",
                        "line": 21,
                        "type": "scenario",
                        "tags": [
                            {
                                "name": "@implemented",
                                "line": 1
                            },
                            {
                                "name": "@go",
                                "line": 1
                            },
                            {
                                "name": "@package",
                                "line": 1
                            },
                            {
                                "name": "@GRAPH-002",
                                "line": 13
                            }
                        ],
                        "steps": [
                            {
                                "keyword": "Given ",
                                "name": "a relationship package with \"missing target\"",
                                "line": 15,
                                "match": {
                                    "location": "graph_test.go:90"
                                },
                                "result": {
                                    "status": "passed",
                                    "duration": 669413
                                }
                            },
                            {
                                "keyword": "When ",
                                "name": "I inspect the retained package relationship graph",
                                "line": 16,
                                "match": {
                                    "location": "graph_test.go:91"
                                },
                                "result": {
                                    "status": "passed",
                                    "duration": 267713
                                }
                            },
                            {
                                "keyword": "Then ",
                                "name": "graph inspection returns a relationship-policy refusal",
                                "line": 17,
                                "match": {
                                    "location": "graph_test.go:121"
                                },
                                "result": {
                                    "status": "passed",
                                    "duration": 38770
                                }
                            }
                        ]
                    },
                    {
                        "id": "read-only-relationship-ownership-inspection;ambiguous-or-dangling-registries-refuse-inspection;;3",
                        "keyword": "Scenario Outline",
                        "name": "Ambiguous or dangling registries refuse inspection",
                        "description": "",
                        "line": 22,
                        "type": "scenario",
                        "tags": [
                            {
                                "name": "@implemented",
                                "line": 1
                            },
                            {
                                "name": "@go",
                                "line": 1
                            },
                            {
                                "name": "@package",
                                "line": 1
                            },
                            {
                                "name": "@GRAPH-002",
                                "line": 13
                            }
                        ],
                        "steps": [
                            {
                                "keyword": "Given ",
                                "name": "a relationship package with \"duplicate relationship ID\"",
                                "line": 15,
                                "match": {
                                    "location": "graph_test.go:90"
                                },
                                "result": {
                                    "status": "passed",
                                    "duration": 380629
                                }
                            },
                            {
                                "keyword": "When ",
                                "name": "I inspect the retained package relationship graph",
                                "line": 16,
                                "match": {
                                    "location": "graph_test.go:91"
                                },
                                "result": {
                                    "status": "passed",
                                    "duration": 88955
                                }
                            },
                            {
                                "keyword": "Then ",
                                "name": "graph inspection returns a relationship-policy refusal",
                                "line": 17,
                                "match": {
                                    "location": "graph_test.go:121"
                                },
                                "result": {
                                    "status": "passed",
                                    "duration": 41062
                                }
                            }
                        ]
                    },
                    {
                        "id": "read-only-relationship-ownership-inspection;ambiguous-or-dangling-registries-refuse-inspection;;4",
                        "keyword": "Scenario Outline",
                        "name": "Ambiguous or dangling registries refuse inspection",
                        "description": "",
                        "line": 23,
                        "type": "scenario",
                        "tags": [
                            {
                                "name": "@implemented",
                                "line": 1
                            },
                            {
                                "name": "@go",
                                "line": 1
                            },
                            {
                                "name": "@package",
                                "line": 1
                            },
                            {
                                "name": "@GRAPH-002",
                                "line": 13
                            }
                        ],
                        "steps": [
                            {
                                "keyword": "Given ",
                                "name": "a relationship package with \"escaping target\"",
                                "line": 15,
                                "match": {
                                    "location": "graph_test.go:90"
                                },
                                "result": {
                                    "status": "passed",
                                    "duration": 343983
                                }
                            },
                            {
                                "keyword": "When ",
                                "name": "I inspect the retained package relationship graph",
                                "line": 16,
                                "match": {
                                    "location": "graph_test.go:91"
                                },
                                "result": {
                                    "status": "passed",
                                    "duration": 95301
                                }
                            },
                            {
                                "keyword": "Then ",
                                "name": "graph inspection returns a relationship-policy refusal",
                                "line": 17,
                                "match": {
                                    "location": "graph_test.go:121"
                                },
                                "result": {
                                    "status": "passed",
                                    "duration": 37797
                                }
                            }
                        ]
                    },
                    {
                        "id": "read-only-relationship-ownership-inspection;ambiguous-or-dangling-registries-refuse-inspection;;5",
                        "keyword": "Scenario Outline",
                        "name": "Ambiguous or dangling registries refuse inspection",
                        "description": "",
                        "line": 24,
                        "type": "scenario",
                        "tags": [
                            {
                                "name": "@implemented",
                                "line": 1
                            },
                            {
                                "name": "@go",
                                "line": 1
                            },
                            {
                                "name": "@package",
                                "line": 1
                            },
                            {
                                "name": "@GRAPH-002",
                                "line": 13
                            }
                        ],
                        "steps": [
                            {
                                "keyword": "Given ",
                                "name": "a relationship package with \"duplicate content-type default\"",
                                "line": 15,
                                "match": {
                                    "location": "graph_test.go:90"
                                },
                                "result": {
                                    "status": "passed",
                                    "duration": 377808
                                }
                            },
                            {
                                "keyword": "When ",
                                "name": "I inspect the retained package relationship graph",
                                "line": 16,
                                "match": {
                                    "location": "graph_test.go:91"
                                },
                                "result": {
                                    "status": "passed",
                                    "duration": 63968
                                }
                            },
                            {
                                "keyword": "Then ",
                                "name": "graph inspection returns a relationship-policy refusal",
                                "line": 17,
                                "match": {
                                    "location": "graph_test.go:121"
                                },
                                "result": {
                                    "status": "passed",
                                    "duration": 39069
                                }
                            }
                        ]
                    },
                    {
                        "id": "read-only-relationship-ownership-inspection;ambiguous-or-dangling-registries-refuse-inspection;;6",
                        "keyword": "Scenario Outline",
                        "name": "Ambiguous or dangling registries refuse inspection",
                        "description": "",
                        "line": 25,
                        "type": "scenario",
                        "tags": [
                            {
                                "name": "@implemented",
                                "line": 1
                            },
                            {
                                "name": "@go",
                                "line": 1
                            },
                            {
                                "name": "@package",
                                "line": 1
                            },
                            {
                                "name": "@GRAPH-002",
                                "line": 13
                            }
                        ],
                        "steps": [
                            {
                                "keyword": "Given ",
                                "name": "a relationship package with \"unknown registry extension\"",
                                "line": 15,
                                "match": {
                                    "location": "graph_test.go:90"
                                },
                                "result": {
                                    "status": "passed",
                                    "duration": 559092
                                }
                            },
                            {
                                "keyword": "When ",
                                "name": "I inspect the retained package relationship graph",
                                "line": 16,
                                "match": {
                                    "location": "graph_test.go:91"
                                },
                                "result": {
                                    "status": "passed",
                                    "duration": 104534
                                }
                            },
                            {
                                "keyword": "Then ",
                                "name": "graph inspection returns a relationship-policy refusal",
                                "line": 17,
                                "match": {
                                    "location": "graph_test.go:121"
                                },
                                "result": {
                                    "status": "passed",
                                    "duration": 36176
                                }
                            }
                        ]
                    }
                ]
            },
            {
                "uri": "../features/implemented/spreadsheet/calc-chain.feature",
                "id": "remove-an-obsolete-calculation-chain-with-dependent-cache-invalidation",
                "keyword": "Feature",
                "name": "Remove an obsolete calculation chain with dependent-cache invalidation",
                "description": "  The optional chain is removed only when a supported numeric edit affects formulas.",
                "line": 2,
                "tags": [
                    {
                        "name": "@implemented",
                        "line": 1
                    },
                    {
                        "name": "@go",
                        "line": 1
                    },
                    {
                        "name": "@spreadsheet",
                        "line": 1
                    }
                ],
                "elements": [
                    {
                        "id": "remove-an-obsolete-calculation-chain-with-dependent-cache-invalidation;dependent-input-edit-atomically-removes-an-owned-calculation-chain",
                        "keyword": "Scenario",
                        "name": "Dependent input edit atomically removes an owned calculation chain",
                        "description": "",
                        "line": 6,
                        "type": "scenario",
                        "tags": [
                            {
                                "name": "@implemented",
                                "line": 1
                            },
                            {
                                "name": "@go",
                                "line": 1
                            },
                            {
                                "name": "@spreadsheet",
                                "line": 1
                            },
                            {
                                "name": "@CHAIN-001",
                                "line": 5
                            }
                        ],
                        "steps": [
                            {
                                "keyword": "Given ",
                                "name": "a formula workbook containing \"owned calculation chain\"",
                                "line": 7,
                                "match": {
                                    "location": "cache_invalidation_test.go:129"
                                },
                                "result": {
                                    "status": "passed",
                                    "duration": 871602
                                }
                            },
                            {
                                "keyword": "When ",
                                "name": "I set the input to ten with explicit invalidation",
                                "line": 8,
                                "match": {
                                    "location": "cache_invalidation_test.go:131"
                                },
                                "result": {
                                    "status": "passed",
                                    "duration": 3051895
                                }
                            },
                            {
                                "keyword": "Then ",
                                "name": "direct and transitive cached results are absent or empty",
                                "line": 9,
                                "match": {
                                    "location": "cache_invalidation_test.go:132"
                                },
                                "result": {
                                    "status": "passed",
                                    "duration": 167926
                                }
                            },
                            {
                                "keyword": "And ",
                                "name": "the workbook requests full recalculation without computing an answer",
                                "line": 10,
                                "match": {
                                    "location": "cache_invalidation_test.go:168"
                                },
                                "result": {
                                    "status": "passed",
                                    "duration": 168043
                                }
                            },
                            {
                                "keyword": "And ",
                                "name": "the calculation chain part and its registrations are removed",
                                "line": 11,
                                "match": {
                                    "location": "cache_invalidation_test.go:215"
                                },
                                "result": {
                                    "status": "passed",
                                    "duration": 225611
                                }
                            },
                            {
                                "keyword": "And ",
                                "name": "unrelated cached results and all formula text remain unchanged",
                                "line": 12,
                                "match": {
                                    "location": "cache_invalidation_test.go:155"
                                },
                                "result": {
                                    "status": "passed",
                                    "duration": 118654
                                }
                            }
                        ]
                    },
                    {
                        "id": "remove-an-obsolete-calculation-chain-with-dependent-cache-invalidation;an-unrelated-numeric-edit-retains-the-chain-and-its-registrations",
                        "keyword": "Scenario",
                        "name": "An unrelated numeric edit retains the chain and its registrations",
                        "description": "",
                        "line": 15,
                        "type": "scenario",
                        "tags": [
                            {
                                "name": "@implemented",
                                "line": 1
                            },
                            {
                                "name": "@go",
                                "line": 1
                            },
                            {
                                "name": "@spreadsheet",
                                "line": 1
                            },
                            {
                                "name": "@CHAIN-002",
                                "line": 14
                            }
                        ],
                        "steps": [
                            {
                                "keyword": "Given ",
                                "name": "a formula workbook containing \"owned calculation chain\"",
                                "line": 16,
                                "match": {
                                    "location": "cache_invalidation_test.go:129"
                                },
                                "result": {
                                    "status": "passed",
                                    "duration": 1046229
                                }
                            },
                            {
                                "keyword": "When ",
                                "name": "I change an unrelated numeric cell with explicit invalidation",
                                "line": 17,
                                "match": {
                                    "location": "cache_invalidation_test.go:190"
                                },
                                "result": {
                                    "status": "passed",
                                    "duration": 2394487
                                }
                            },
                            {
                                "keyword": "Then ",
                                "name": "cache payloads and workbook calculation metadata remain byte-identical",
                                "line": 18,
                                "match": {
                                    "location": "cache_invalidation_test.go:191"
                                },
                                "result": {
                                    "status": "passed",
                                    "duration": 148298
                                }
                            },
                            {
                                "keyword": "And ",
                                "name": "the calculation chain and registry payloads remain byte-identical",
                                "line": 19,
                                "match": {
                                    "location": "cache_invalidation_test.go:241"
                                },
                                "result": {
                                    "status": "passed",
                                    "duration": 103927
                                }
                            }
                        ]
                    },
                    {
                        "id": "remove-an-obsolete-calculation-chain-with-dependent-cache-invalidation;a-same-value-edit-retains-the-chain-and-keeps-its-target-reusable",
                        "keyword": "Scenario",
                        "name": "A same-value edit retains the chain and keeps its target reusable",
                        "description": "",
                        "line": 22,
                        "type": "scenario",
                        "tags": [
                            {
                                "name": "@implemented",
                                "line": 1
                            },
                            {
                                "name": "@go",
                                "line": 1
                            },
                            {
                                "name": "@spreadsheet",
                                "line": 1
                            },
                            {
                                "name": "@CHAIN-003",
                                "line": 21
                            }
                        ],
                        "steps": [
                            {
                                "keyword": "Given ",
                                "name": "a formula workbook containing \"owned calculation chain\"",
                                "line": 23,
                                "match": {
                                    "location": "cache_invalidation_test.go:129"
                                },
                                "result": {
                                    "status": "passed",
                                    "duration": 520376
                                }
                            },
                            {
                                "keyword": "When ",
                                "name": "I apply a same-value edit then reuse its numeric target",
                                "line": 24,
                                "match": {
                                    "location": "cache_invalidation_test.go:254"
                                },
                                "result": {
                                    "status": "passed",
                                    "duration": 5664252
                                }
                            },
                            {
                                "keyword": "Then ",
                                "name": "the calculation chain part and its registrations are removed",
                                "line": 25,
                                "match": {
                                    "location": "cache_invalidation_test.go:215"
                                },
                                "result": {
                                    "status": "passed",
                                    "duration": 284313
                                }
                            }
                        ]
                    },
                    {
                        "id": "remove-an-obsolete-calculation-chain-with-dependent-cache-invalidation;unknown-or-shared-chain-ownership-refuses-without-editing;;2",
                        "keyword": "Scenario Outline",
                        "name": "Unknown or shared chain ownership refuses without editing",
                        "description": "",
                        "line": 35,
                        "type": "scenario",
                        "tags": [
                            {
                                "name": "@implemented",
                                "line": 1
                            },
                            {
                                "name": "@go",
                                "line": 1
                            },
                            {
                                "name": "@spreadsheet",
                                "line": 1
                            },
                            {
                                "name": "@CHAIN-004",
                                "line": 27
                            }
                        ],
                        "steps": [
                            {
                                "keyword": "Given ",
                                "name": "a formula workbook containing \"shared calculation chain\"",
                                "line": 29,
                                "match": {
                                    "location": "cache_invalidation_test.go:129"
                                },
                                "result": {
                                    "status": "passed",
                                    "duration": 911849
                                }
                            },
                            {
                                "keyword": "When ",
                                "name": "I attempt an explicit invalidating input edit",
                                "line": 30,
                                "match": {
                                    "location": "cache_invalidation_test.go:207"
                                },
                                "result": {
                                    "status": "passed",
                                    "duration": 279207
                                }
                            },
                            {
                                "keyword": "Then ",
                                "name": "invalidation returns a typed refusal without any package mutation",
                                "line": 31,
                                "match": {
                                    "location": "cache_invalidation_test.go:275"
                                },
                                "result": {
                                    "status": "passed",
                                    "duration": 1964779
                                }
                            }
                        ]
                    },
                    {
                        "id": "remove-an-obsolete-calculation-chain-with-dependent-cache-invalidation;unknown-or-shared-chain-ownership-refuses-without-editing;;3",
                        "keyword": "Scenario Outline",
                        "name": "Unknown or shared chain ownership refuses without editing",
                        "description": "",
                        "line": 36,
                        "type": "scenario",
                        "tags": [
                            {
                                "name": "@implemented",
                                "line": 1
                            },
                            {
                                "name": "@go",
                                "line": 1
                            },
                            {
                                "name": "@spreadsheet",
                                "line": 1
                            },
                            {
                                "name": "@CHAIN-004",
                                "line": 27
                            }
                        ],
                        "steps": [
                            {
                                "keyword": "Given ",
                                "name": "a formula workbook containing \"extended calculation chain\"",
                                "line": 29,
                                "match": {
                                    "location": "cache_invalidation_test.go:129"
                                },
                                "result": {
                                    "status": "passed",
                                    "duration": 503508
                                }
                            },
                            {
                                "keyword": "When ",
                                "name": "I attempt an explicit invalidating input edit",
                                "line": 30,
                                "match": {
                                    "location": "cache_invalidation_test.go:207"
                                },
                                "result": {
                                    "status": "passed",
                                    "duration": 177125
                                }
                            },
                            {
                                "keyword": "Then ",
                                "name": "invalidation returns a typed refusal without any package mutation",
                                "line": 31,
                                "match": {
                                    "location": "cache_invalidation_test.go:275"
                                },
                                "result": {
                                    "status": "passed",
                                    "duration": 1505680
                                }
                            }
                        ]
                    },
                    {
                        "id": "remove-an-obsolete-calculation-chain-with-dependent-cache-invalidation;unknown-or-shared-chain-ownership-refuses-without-editing;;4",
                        "keyword": "Scenario Outline",
                        "name": "Unknown or shared chain ownership refuses without editing",
                        "description": "",
                        "line": 37,
                        "type": "scenario",
                        "tags": [
                            {
                                "name": "@implemented",
                                "line": 1
                            },
                            {
                                "name": "@go",
                                "line": 1
                            },
                            {
                                "name": "@spreadsheet",
                                "line": 1
                            },
                            {
                                "name": "@CHAIN-004",
                                "line": 27
                            }
                        ],
                        "steps": [
                            {
                                "keyword": "Given ",
                                "name": "a formula workbook containing \"external calculation chain\"",
                                "line": 29,
                                "match": {
                                    "location": "cache_invalidation_test.go:129"
                                },
                                "result": {
                                    "status": "passed",
                                    "duration": 711693
                                }
                            },
                            {
                                "keyword": "When ",
                                "name": "I attempt an explicit invalidating input edit",
                                "line": 30,
                                "match": {
                                    "location": "cache_invalidation_test.go:207"
                                },
                                "result": {
                                    "status": "passed",
                                    "duration": 388872
                                }
                            },
                            {
                                "keyword": "Then ",
                                "name": "invalidation returns a typed refusal without any package mutation",
                                "line": 31,
                                "match": {
                                    "location": "cache_invalidation_test.go:275"
                                },
                                "result": {
                                    "status": "passed",
                                    "duration": 2012102
                                }
                            }
                        ]
                    },
                    {
                        "id": "remove-an-obsolete-calculation-chain-with-dependent-cache-invalidation;unknown-or-shared-chain-ownership-refuses-without-editing;;5",
                        "keyword": "Scenario Outline",
                        "name": "Unknown or shared chain ownership refuses without editing",
                        "description": "",
                        "line": 38,
                        "type": "scenario",
                        "tags": [
                            {
                                "name": "@implemented",
                                "line": 1
                            },
                            {
                                "name": "@go",
                                "line": 1
                            },
                            {
                                "name": "@spreadsheet",
                                "line": 1
                            },
                            {
                                "name": "@CHAIN-004",
                                "line": 27
                            }
                        ],
                        "steps": [
                            {
                                "keyword": "Given ",
                                "name": "a formula workbook containing \"chain with outgoing relationships\"",
                                "line": 29,
                                "match": {
                                    "location": "cache_invalidation_test.go:129"
                                },
                                "result": {
                                    "status": "passed",
                                    "duration": 866274
                                }
                            },
                            {
                                "keyword": "When ",
                                "name": "I attempt an explicit invalidating input edit",
                                "line": 30,
                                "match": {
                                    "location": "cache_invalidation_test.go:207"
                                },
                                "result": {
                                    "status": "passed",
                                    "duration": 213630
                                }
                            },
                            {
                                "keyword": "Then ",
                                "name": "invalidation returns a typed refusal without any package mutation",
                                "line": 31,
                                "match": {
                                    "location": "cache_invalidation_test.go:275"
                                },
                                "result": {
                                    "status": "passed",
                                    "duration": 1550686
                                }
                            }
                        ]
                    }
                ]
            },
            {
                "uri": "../features/implemented/spreadsheet/image-replace.feature",
                "id": "replace-one-loaded-worksheet-picture-without-rewriting-drawing-xml",
                "keyword": "Feature",
                "name": "Replace one loaded worksheet picture without rewriting drawing XML",
                "description": "  Image bytes are added to a fresh part; old shared media and other consumers remain.",
                "line": 2,
                "tags": [
                    {
                        "name": "@implemented",
                        "line": 1
                    },
                    {
                        "name": "@go",
                        "line": 1
                    },
                    {
                        "name": "@spreadsheet",
                        "line": 1
                    }
                ],
                "elements": [
                    {
                        "id": "replace-one-loaded-worksheet-picture-without-rewriting-drawing-xml;retarget-a-selected-picture-while-another-picture-shares-its-old-media",
                        "keyword": "Scenario",
                        "name": "Retarget a selected picture while another picture shares its old media",
                        "description": "",
                        "line": 6,
                        "type": "scenario",
                        "tags": [
                            {
                                "name": "@implemented",
                                "line": 1
                            },
                            {
                                "name": "@go",
                                "line": 1
                            },
                            {
                                "name": "@spreadsheet",
                                "line": 1
                            },
                            {
                                "name": "@IMAGE-001",
                                "line": 5
                            }
                        ],
                        "steps": [
                            {
                                "keyword": "Given ",
                                "name": "a worksheet with two pictures sharing old image bytes",
                                "line": 7,
                                "match": {
                                    "location": "image_replace_test.go:107"
                                },
                                "result": {
                                    "status": "passed",
                                    "duration": 1112774
                                }
                            },
                            {
                                "keyword": "When ",
                                "name": "I replace picture one with a valid PNG",
                                "line": 8,
                                "match": {
                                    "location": "image_replace_test.go:109"
                                },
                                "result": {
                                    "status": "passed",
                                    "duration": 3090724
                                }
                            },
                            {
                                "keyword": "Then ",
                                "name": "drawing geometry and the other picture remain byte-identical",
                                "line": 9,
                                "match": {
                                    "location": "image_replace_test.go:120"
                                },
                                "result": {
                                    "status": "passed",
                                    "duration": 151174
                                }
                            },
                            {
                                "keyword": "And ",
                                "name": "the selected image uses fresh media while original media is retained",
                                "line": 10,
                                "match": {
                                    "location": "image_replace_test.go:136"
                                },
                                "result": {
                                    "status": "passed",
                                    "duration": 209090
                                }
                            },
                            {
                                "keyword": "And ",
                                "name": "the consumed image target refuses reuse",
                                "line": 11,
                                "match": {
                                    "location": "image_replace_test.go:169"
                                },
                                "result": {
                                    "status": "passed",
                                    "duration": 31928
                                }
                            }
                        ]
                    },
                    {
                        "id": "replace-one-loaded-worksheet-picture-without-rewriting-drawing-xml;ambiguous-or-protected-image-replacement-refuses-unchanged;;2",
                        "keyword": "Scenario Outline",
                        "name": "Ambiguous or protected image replacement refuses unchanged",
                        "description": "",
                        "line": 21,
                        "type": "scenario",
                        "tags": [
                            {
                                "name": "@implemented",
                                "line": 1
                            },
                            {
                                "name": "@go",
                                "line": 1
                            },
                            {
                                "name": "@spreadsheet",
                                "line": 1
                            },
                            {
                                "name": "@IMAGE-002",
                                "line": 13
                            }
                        ],
                        "steps": [
                            {
                                "keyword": "Given ",
                                "name": "an image workbook with \"shared relationship ID\"",
                                "line": 15,
                                "match": {
                                    "location": "image_replace_test.go:108"
                                },
                                "result": {
                                    "status": "passed",
                                    "duration": 2202012
                                }
                            },
                            {
                                "keyword": "When ",
                                "name": "I attempt to replace its selected picture",
                                "line": 16,
                                "match": {
                                    "location": "image_replace_test.go:177"
                                },
                                "result": {
                                    "status": "passed",
                                    "duration": 373256
                                }
                            },
                            {
                                "keyword": "Then ",
                                "name": "image replacement refuses without package mutation",
                                "line": 17,
                                "match": {
                                    "location": "image_replace_test.go:184"
                                },
                                "result": {
                                    "status": "passed",
                                    "duration": 2042261
                                }
                            }
                        ]
                    },
                    {
                        "id": "replace-one-loaded-worksheet-picture-without-rewriting-drawing-xml;ambiguous-or-protected-image-replacement-refuses-unchanged;;3",
                        "keyword": "Scenario Outline",
                        "name": "Ambiguous or protected image replacement refuses unchanged",
                        "description": "",
                        "line": 22,
                        "type": "scenario",
                        "tags": [
                            {
                                "name": "@implemented",
                                "line": 1
                            },
                            {
                                "name": "@go",
                                "line": 1
                            },
                            {
                                "name": "@spreadsheet",
                                "line": 1
                            },
                            {
                                "name": "@IMAGE-002",
                                "line": 13
                            }
                        ],
                        "steps": [
                            {
                                "keyword": "Given ",
                                "name": "an image workbook with \"shared drawing part\"",
                                "line": 15,
                                "match": {
                                    "location": "image_replace_test.go:108"
                                },
                                "result": {
                                    "status": "passed",
                                    "duration": 2024078
                                }
                            },
                            {
                                "keyword": "When ",
                                "name": "I attempt to replace its selected picture",
                                "line": 16,
                                "match": {
                                    "location": "image_replace_test.go:177"
                                },
                                "result": {
                                    "status": "passed",
                                    "duration": 192799
                                }
                            },
                            {
                                "keyword": "Then ",
                                "name": "image replacement refuses without package mutation",
                                "line": 17,
                                "match": {
                                    "location": "image_replace_test.go:184"
                                },
                                "result": {
                                    "status": "passed",
                                    "duration": 1677472
                                }
                            }
                        ]
                    },
                    {
                        "id": "replace-one-loaded-worksheet-picture-without-rewriting-drawing-xml;ambiguous-or-protected-image-replacement-refuses-unchanged;;4",
                        "keyword": "Scenario Outline",
                        "name": "Ambiguous or protected image replacement refuses unchanged",
                        "description": "",
                        "line": 23,
                        "type": "scenario",
                        "tags": [
                            {
                                "name": "@implemented",
                                "line": 1
                            },
                            {
                                "name": "@go",
                                "line": 1
                            },
                            {
                                "name": "@spreadsheet",
                                "line": 1
                            },
                            {
                                "name": "@IMAGE-002",
                                "line": 13
                            }
                        ],
                        "steps": [
                            {
                                "keyword": "Given ",
                                "name": "an image workbook with \"shared worksheet part\"",
                                "line": 15,
                                "match": {
                                    "location": "image_replace_test.go:108"
                                },
                                "result": {
                                    "status": "passed",
                                    "duration": 1684885
                                }
                            },
                            {
                                "keyword": "When ",
                                "name": "I attempt to replace its selected picture",
                                "line": 16,
                                "match": {
                                    "location": "image_replace_test.go:177"
                                },
                                "result": {
                                    "status": "passed",
                                    "duration": 156332
                                }
                            },
                            {
                                "keyword": "Then ",
                                "name": "image replacement refuses without package mutation",
                                "line": 17,
                                "match": {
                                    "location": "image_replace_test.go:184"
                                },
                                "result": {
                                    "status": "passed",
                                    "duration": 2159862
                                }
                            }
                        ]
                    },
                    {
                        "id": "replace-one-loaded-worksheet-picture-without-rewriting-drawing-xml;ambiguous-or-protected-image-replacement-refuses-unchanged;;5",
                        "keyword": "Scenario Outline",
                        "name": "Ambiguous or protected image replacement refuses unchanged",
                        "description": "",
                        "line": 24,
                        "type": "scenario",
                        "tags": [
                            {
                                "name": "@implemented",
                                "line": 1
                            },
                            {
                                "name": "@go",
                                "line": 1
                            },
                            {
                                "name": "@spreadsheet",
                                "line": 1
                            },
                            {
                                "name": "@IMAGE-002",
                                "line": 13
                            }
                        ],
                        "steps": [
                            {
                                "keyword": "Given ",
                                "name": "an image workbook with \"protected worksheet\"",
                                "line": 15,
                                "match": {
                                    "location": "image_replace_test.go:108"
                                },
                                "result": {
                                    "status": "passed",
                                    "duration": 660738
                                }
                            },
                            {
                                "keyword": "When ",
                                "name": "I attempt to replace its selected picture",
                                "line": 16,
                                "match": {
                                    "location": "image_replace_test.go:177"
                                },
                                "result": {
                                    "status": "passed",
                                    "duration": 113553
                                }
                            },
                            {
                                "keyword": "Then ",
                                "name": "image replacement refuses without package mutation",
                                "line": 17,
                                "match": {
                                    "location": "image_replace_test.go:184"
                                },
                                "result": {
                                    "status": "passed",
                                    "duration": 1605085
                                }
                            }
                        ]
                    },
                    {
                        "id": "replace-one-loaded-worksheet-picture-without-rewriting-drawing-xml;ambiguous-or-protected-image-replacement-refuses-unchanged;;6",
                        "keyword": "Scenario Outline",
                        "name": "Ambiguous or protected image replacement refuses unchanged",
                        "description": "",
                        "line": 25,
                        "type": "scenario",
                        "tags": [
                            {
                                "name": "@implemented",
                                "line": 1
                            },
                            {
                                "name": "@go",
                                "line": 1
                            },
                            {
                                "name": "@spreadsheet",
                                "line": 1
                            },
                            {
                                "name": "@IMAGE-002",
                                "line": 13
                            }
                        ],
                        "steps": [
                            {
                                "keyword": "Given ",
                                "name": "an image workbook with \"malformed image data\"",
                                "line": 15,
                                "match": {
                                    "location": "image_replace_test.go:108"
                                },
                                "result": {
                                    "status": "passed",
                                    "duration": 1578530
                                }
                            },
                            {
                                "keyword": "When ",
                                "name": "I attempt to replace its selected picture",
                                "line": 16,
                                "match": {
                                    "location": "image_replace_test.go:177"
                                },
                                "result": {
                                    "status": "passed",
                                    "duration": 404904
                                }
                            },
                            {
                                "keyword": "Then ",
                                "name": "image replacement refuses without package mutation",
                                "line": 17,
                                "match": {
                                    "location": "image_replace_test.go:184"
                                },
                                "result": {
                                    "status": "passed",
                                    "duration": 1394350
                                }
                            }
                        ]
                    },
                    {
                        "id": "replace-one-loaded-worksheet-picture-without-rewriting-drawing-xml;ambiguous-or-protected-image-replacement-refuses-unchanged;;7",
                        "keyword": "Scenario Outline",
                        "name": "Ambiguous or protected image replacement refuses unchanged",
                        "description": "",
                        "line": 26,
                        "type": "scenario",
                        "tags": [
                            {
                                "name": "@implemented",
                                "line": 1
                            },
                            {
                                "name": "@go",
                                "line": 1
                            },
                            {
                                "name": "@spreadsheet",
                                "line": 1
                            },
                            {
                                "name": "@IMAGE-002",
                                "line": 13
                            }
                        ],
                        "steps": [
                            {
                                "keyword": "Given ",
                                "name": "an image workbook with \"external picture\"",
                                "line": 15,
                                "match": {
                                    "location": "image_replace_test.go:108"
                                },
                                "result": {
                                    "status": "passed",
                                    "duration": 710117
                                }
                            },
                            {
                                "keyword": "When ",
                                "name": "I attempt to replace its selected picture",
                                "line": 16,
                                "match": {
                                    "location": "image_replace_test.go:177"
                                },
                                "result": {
                                    "status": "passed",
                                    "duration": 177501
                                }
                            },
                            {
                                "keyword": "Then ",
                                "name": "image replacement refuses without package mutation",
                                "line": 17,
                                "match": {
                                    "location": "image_replace_test.go:184"
                                },
                                "result": {
                                    "status": "passed",
                                    "duration": 1539495
                                }
                            }
                        ]
                    }
                ]
            },
            {
                "uri": "../features/implemented/package/receipts.feature",
                "id": "retained-source-delivery-receipts",
                "keyword": "Feature",
                "name": "Retained-source delivery receipts",
                "description": "  Receipts describe observed payload changes and failed delivery preserves prior output.",
                "line": 2,
                "tags": [
                    {
                        "name": "@implemented",
                        "line": 1
                    },
                    {
                        "name": "@go",
                        "line": 1
                    },
                    {
                        "name": "@package",
                        "line": 1
                    }
                ],
                "elements": [
                    {
                        "id": "retained-source-delivery-receipts;a-saved-receipt-agrees-with-independent-package-hashes",
                        "keyword": "Scenario",
                        "name": "A saved receipt agrees with independent package hashes",
                        "description": "",
                        "line": 6,
                        "type": "scenario",
                        "tags": [
                            {
                                "name": "@implemented",
                                "line": 1
                            },
                            {
                                "name": "@go",
                                "line": 1
                            },
                            {
                                "name": "@package",
                                "line": 1
                            },
                            {
                                "name": "@RECEIPT-001",
                                "line": 5
                            }
                        ],
                        "steps": [
                            {
                                "keyword": "Given ",
                                "name": "a staged main-part edit with an opaque custom part",
                                "line": 7,
                                "match": {
                                    "location": "receipts_test.go:56"
                                },
                                "result": {
                                    "status": "passed",
                                    "duration": 475040
                                }
                            },
                            {
                                "keyword": "When ",
                                "name": "I save a main-part replacement with a delivery receipt",
                                "line": 8,
                                "match": {
                                    "location": "receipts_test.go:57"
                                },
                                "result": {
                                    "status": "passed",
                                    "duration": 3203925
                                }
                            },
                            {
                                "keyword": "Then ",
                                "name": "the receipt identifies exactly the changed member and both hashes",
                                "line": 9,
                                "match": {
                                    "location": "receipts_test.go:67"
                                },
                                "result": {
                                    "status": "passed",
                                    "duration": 66983
                                }
                            },
                            {
                                "keyword": "And ",
                                "name": "the delivered archive reopens with unchanged opaque bytes",
                                "line": 10,
                                "match": {
                                    "location": "receipts_test.go:90"
                                },
                                "result": {
                                    "status": "passed",
                                    "duration": 87017
                                }
                            }
                        ]
                    },
                    {
                        "id": "retained-source-delivery-receipts;a-directory-destination-refuses-without-consuming-staged-changes",
                        "keyword": "Scenario",
                        "name": "A directory destination refuses without consuming staged changes",
                        "description": "",
                        "line": 13,
                        "type": "scenario",
                        "tags": [
                            {
                                "name": "@implemented",
                                "line": 1
                            },
                            {
                                "name": "@go",
                                "line": 1
                            },
                            {
                                "name": "@package",
                                "line": 1
                            },
                            {
                                "name": "@RECEIPT-002",
                                "line": 12
                            }
                        ],
                        "steps": [
                            {
                                "keyword": "Given ",
                                "name": "a staged main-part edit with an opaque custom part",
                                "line": 14,
                                "match": {
                                    "location": "receipts_test.go:56"
                                },
                                "result": {
                                    "status": "passed",
                                    "duration": 398992
                                }
                            },
                            {
                                "keyword": "When ",
                                "name": "I deliver staged changes to a directory destination",
                                "line": 15,
                                "match": {
                                    "location": "receipts_test.go:109"
                                },
                                "result": {
                                    "status": "passed",
                                    "duration": 96343
                                }
                            },
                            {
                                "keyword": "Then ",
                                "name": "delivery fails without changing the directory",
                                "line": 16,
                                "match": {
                                    "location": "receipts_test.go:118"
                                },
                                "result": {
                                    "status": "passed",
                                    "duration": 65329
                                }
                            },
                            {
                                "keyword": "And ",
                                "name": "the staged change remains available for another save",
                                "line": 17,
                                "match": {
                                    "location": "receipts_test.go:131"
                                },
                                "result": {
                                    "status": "passed",
                                    "duration": 2005901
                                }
                            }
                        ]
                    }
                ]
            },
            {
                "uri": "../features/implemented/package/preservation.feature",
                "id": "retained-source-package-editing",
                "keyword": "Feature",
                "name": "Retained-source package editing",
                "description": "  A bounded part replacement preserves every other source payload.",
                "line": 2,
                "tags": [
                    {
                        "name": "@implemented",
                        "line": 1
                    },
                    {
                        "name": "@go",
                        "line": 1
                    },
                    {
                        "name": "@package",
                        "line": 1
                    }
                ],
                "elements": [
                    {
                        "id": "retained-source-package-editing;a-no-op-save-preserves-the-exact-source-archive",
                        "keyword": "Scenario",
                        "name": "A no-op save preserves the exact source archive",
                        "description": "",
                        "line": 6,
                        "type": "scenario",
                        "tags": [
                            {
                                "name": "@implemented",
                                "line": 1
                            },
                            {
                                "name": "@go",
                                "line": 1
                            },
                            {
                                "name": "@package",
                                "line": 1
                            },
                            {
                                "name": "@SOURCE-001",
                                "line": 5
                            }
                        ],
                        "steps": [
                            {
                                "keyword": "Given ",
                                "name": "an Office source archive with an opaque custom part",
                                "line": 7,
                                "match": {
                                    "location": "preserved_test.go:54"
                                },
                                "result": {
                                    "status": "passed",
                                    "duration": 196963
                                }
                            },
                            {
                                "keyword": "When ",
                                "name": "I open a retained-source editing session and save without edits",
                                "line": 8,
                                "match": {
                                    "location": "preserved_test.go:55"
                                },
                                "result": {
                                    "status": "passed",
                                    "duration": 41252
                                }
                            },
                            {
                                "keyword": "Then ",
                                "name": "the output archive is byte-identical to the source",
                                "line": 9,
                                "match": {
                                    "location": "preserved_test.go:56"
                                },
                                "result": {
                                    "status": "passed",
                                    "duration": 26001
                                }
                            }
                        ]
                    },
                    {
                        "id": "retained-source-package-editing;replacing-one-part-leaves-all-other-member-payloads-unchanged",
                        "keyword": "Scenario",
                        "name": "Replacing one part leaves all other member payloads unchanged",
                        "description": "",
                        "line": 12,
                        "type": "scenario",
                        "tags": [
                            {
                                "name": "@implemented",
                                "line": 1
                            },
                            {
                                "name": "@go",
                                "line": 1
                            },
                            {
                                "name": "@package",
                                "line": 1
                            },
                            {
                                "name": "@SOURCE-002",
                                "line": 11
                            }
                        ],
                        "steps": [
                            {
                                "keyword": "Given ",
                                "name": "an Office source archive with an opaque custom part",
                                "line": 13,
                                "match": {
                                    "location": "preserved_test.go:54"
                                },
                                "result": {
                                    "status": "passed",
                                    "duration": 154502
                                }
                            },
                            {
                                "keyword": "When ",
                                "name": "I replace the main XML part using its current fingerprint",
                                "line": 14,
                                "match": {
                                    "location": "preserved_test.go:62"
                                },
                                "result": {
                                    "status": "passed",
                                    "duration": 67326
                                }
                            },
                            {
                                "keyword": "Then ",
                                "name": "only that member payload changes after saving",
                                "line": 15,
                                "match": {
                                    "location": "preserved_test.go:73"
                                },
                                "result": {
                                    "status": "passed",
                                    "duration": 47751
                                }
                            },
                            {
                                "keyword": "And ",
                                "name": "the retained source bytes remain unchanged",
                                "line": 16,
                                "match": {
                                    "location": "preserved_test.go:100"
                                },
                                "result": {
                                    "status": "passed",
                                    "duration": 28594
                                }
                            }
                        ]
                    },
                    {
                        "id": "retained-source-package-editing;a-stale-replacement-batch-leaves-all-parts-unchanged",
                        "keyword": "Scenario",
                        "name": "A stale replacement batch leaves all parts unchanged",
                        "description": "",
                        "line": 19,
                        "type": "scenario",
                        "tags": [
                            {
                                "name": "@implemented",
                                "line": 1
                            },
                            {
                                "name": "@go",
                                "line": 1
                            },
                            {
                                "name": "@package",
                                "line": 1
                            },
                            {
                                "name": "@SOURCE-003",
                                "line": 18
                            }
                        ],
                        "steps": [
                            {
                                "keyword": "Given ",
                                "name": "an Office source archive with an opaque custom part",
                                "line": 20,
                                "match": {
                                    "location": "preserved_test.go:54"
                                },
                                "result": {
                                    "status": "passed",
                                    "duration": 175819
                                }
                            },
                            {
                                "keyword": "When ",
                                "name": "I request two replacements with one stale fingerprint",
                                "line": 21,
                                "match": {
                                    "location": "preserved_test.go:106"
                                },
                                "result": {
                                    "status": "passed",
                                    "duration": 38197
                                }
                            },
                            {
                                "keyword": "Then ",
                                "name": "the batch returns a stale-target refusal",
                                "line": 22,
                                "match": {
                                    "location": "preserved_test.go:114"
                                },
                                "result": {
                                    "status": "passed",
                                    "duration": 22614
                                }
                            },
                            {
                                "keyword": "And ",
                                "name": "the session still saves the exact original archive",
                                "line": 23,
                                "match": {
                                    "location": "preserved_test.go:121"
                                },
                                "result": {
                                    "status": "passed",
                                    "duration": 25792
                                }
                            }
                        ]
                    }
                ]
            },
            {
                "uri": "../features/implemented/package/graph-target-form.feature",
                "id": "retargeting-preserves-the-package-relative-or-absolute-target-form",
                "keyword": "Feature",
                "name": "Retargeting preserves the package-relative or absolute target form",
                "description": "  A new target must resolve from its actual source while retaining the input path form.",
                "line": 2,
                "tags": [
                    {
                        "name": "@implemented",
                        "line": 1
                    },
                    {
                        "name": "@go",
                        "line": 1
                    },
                    {
                        "name": "@package",
                        "line": 1
                    }
                ],
                "elements": [
                    {
                        "id": "retargeting-preserves-the-package-relative-or-absolute-target-form;retarget-paths-retain-their-original-form;;2",
                        "keyword": "Scenario Outline",
                        "name": "Retarget paths retain their original form",
                        "description": "",
                        "line": 14,
                        "type": "scenario",
                        "tags": [
                            {
                                "name": "@implemented",
                                "line": 1
                            },
                            {
                                "name": "@go",
                                "line": 1
                            },
                            {
                                "name": "@package",
                                "line": 1
                            },
                            {
                                "name": "@TARGETFORM-001",
                                "line": 5
                            }
                        ],
                        "steps": [
                            {
                                "keyword": "Given ",
                                "name": "a graph edge using \"relative\" target form",
                                "line": 7,
                                "match": {
                                    "location": "graph_target_form_test.go:23"
                                },
                                "result": {
                                    "status": "passed",
                                    "duration": 381107
                                }
                            },
                            {
                                "keyword": "When ",
                                "name": "I retarget it to media containing escaped characters",
                                "line": 8,
                                "match": {
                                    "location": "graph_target_form_test.go:44"
                                },
                                "result": {
                                    "status": "passed",
                                    "duration": 358435
                                }
                            },
                            {
                                "keyword": "Then ",
                                "name": "its new target has \"relative\" form and resolves to the exact added member",
                                "line": 9,
                                "match": {
                                    "location": "graph_target_form_test.go:59"
                                },
                                "result": {
                                    "status": "passed",
                                    "duration": 225213
                                }
                            },
                            {
                                "keyword": "And ",
                                "name": "the old media and all unrelated payloads remain unchanged",
                                "line": 10,
                                "match": {
                                    "location": "graph_target_form_test.go:79"
                                },
                                "result": {
                                    "status": "passed",
                                    "duration": 78232
                                }
                            }
                        ]
                    },
                    {
                        "id": "retargeting-preserves-the-package-relative-or-absolute-target-form;retarget-paths-retain-their-original-form;;3",
                        "keyword": "Scenario Outline",
                        "name": "Retarget paths retain their original form",
                        "description": "",
                        "line": 15,
                        "type": "scenario",
                        "tags": [
                            {
                                "name": "@implemented",
                                "line": 1
                            },
                            {
                                "name": "@go",
                                "line": 1
                            },
                            {
                                "name": "@package",
                                "line": 1
                            },
                            {
                                "name": "@TARGETFORM-001",
                                "line": 5
                            }
                        ],
                        "steps": [
                            {
                                "keyword": "Given ",
                                "name": "a graph edge using \"absolute\" target form",
                                "line": 7,
                                "match": {
                                    "location": "graph_target_form_test.go:23"
                                },
                                "result": {
                                    "status": "passed",
                                    "duration": 1399785
                                }
                            },
                            {
                                "keyword": "When ",
                                "name": "I retarget it to media containing escaped characters",
                                "line": 8,
                                "match": {
                                    "location": "graph_target_form_test.go:44"
                                },
                                "result": {
                                    "status": "passed",
                                    "duration": 410275
                                }
                            },
                            {
                                "keyword": "Then ",
                                "name": "its new target has \"absolute\" form and resolves to the exact added member",
                                "line": 9,
                                "match": {
                                    "location": "graph_target_form_test.go:59"
                                },
                                "result": {
                                    "status": "passed",
                                    "duration": 223992
                                }
                            },
                            {
                                "keyword": "And ",
                                "name": "the old media and all unrelated payloads remain unchanged",
                                "line": 10,
                                "match": {
                                    "location": "graph_target_form_test.go:79"
                                },
                                "result": {
                                    "status": "passed",
                                    "duration": 97116
                                }
                            }
                        ]
                    }
                ]
            },
            {
                "uri": "../features/implemented/spreadsheet/cache-invalidation.feature",
                "id": "static-dependency-cache-invalidation-without-calculation",
                "keyword": "Feature",
                "name": "Static dependency cache invalidation without calculation",
                "description": "  A supported input edit removes affected cached results and preserves unrelated caches.",
                "line": 2,
                "tags": [
                    {
                        "name": "@implemented",
                        "line": 1
                    },
                    {
                        "name": "@go",
                        "line": 1
                    },
                    {
                        "name": "@spreadsheet",
                        "line": 1
                    }
                ],
                "elements": [
                    {
                        "id": "static-dependency-cache-invalidation-without-calculation;a-cross-sheet-chain-invalidates-transitively",
                        "keyword": "Scenario",
                        "name": "A cross-sheet chain invalidates transitively",
                        "description": "",
                        "line": 6,
                        "type": "scenario",
                        "tags": [
                            {
                                "name": "@implemented",
                                "line": 1
                            },
                            {
                                "name": "@go",
                                "line": 1
                            },
                            {
                                "name": "@spreadsheet",
                                "line": 1
                            },
                            {
                                "name": "@CACHE-001",
                                "line": 5
                            }
                        ],
                        "steps": [
                            {
                                "keyword": "Given ",
                                "name": "a workbook with input one and a static cross-sheet formula chain",
                                "line": 7,
                                "match": {
                                    "location": "cache_invalidation_test.go:128"
                                },
                                "result": {
                                    "status": "passed",
                                    "duration": 1187767
                                }
                            },
                            {
                                "keyword": "When ",
                                "name": "I set the input to ten with explicit invalidation",
                                "line": 8,
                                "match": {
                                    "location": "cache_invalidation_test.go:131"
                                },
                                "result": {
                                    "status": "passed",
                                    "duration": 3378484
                                }
                            },
                            {
                                "keyword": "Then ",
                                "name": "direct and transitive cached results are absent or empty",
                                "line": 9,
                                "match": {
                                    "location": "cache_invalidation_test.go:132"
                                },
                                "result": {
                                    "status": "passed",
                                    "duration": 160214
                                }
                            },
                            {
                                "keyword": "And ",
                                "name": "unrelated cached results and all formula text remain unchanged",
                                "line": 10,
                                "match": {
                                    "location": "cache_invalidation_test.go:155"
                                },
                                "result": {
                                    "status": "passed",
                                    "duration": 127823
                                }
                            },
                            {
                                "keyword": "And ",
                                "name": "the workbook requests full recalculation without computing an answer",
                                "line": 11,
                                "match": {
                                    "location": "cache_invalidation_test.go:168"
                                },
                                "result": {
                                    "status": "passed",
                                    "duration": 87116
                                }
                            }
                        ]
                    },
                    {
                        "id": "static-dependency-cache-invalidation-without-calculation;an-unrelated-input-edit-preserves-all-formula-caches",
                        "keyword": "Scenario",
                        "name": "An unrelated input edit preserves all formula caches",
                        "description": "",
                        "line": 14,
                        "type": "scenario",
                        "tags": [
                            {
                                "name": "@implemented",
                                "line": 1
                            },
                            {
                                "name": "@go",
                                "line": 1
                            },
                            {
                                "name": "@spreadsheet",
                                "line": 1
                            },
                            {
                                "name": "@CACHE-002",
                                "line": 13
                            }
                        ],
                        "steps": [
                            {
                                "keyword": "Given ",
                                "name": "a workbook with input one and a static cross-sheet formula chain",
                                "line": 15,
                                "match": {
                                    "location": "cache_invalidation_test.go:128"
                                },
                                "result": {
                                    "status": "passed",
                                    "duration": 535073
                                }
                            },
                            {
                                "keyword": "When ",
                                "name": "I change an unrelated numeric cell with explicit invalidation",
                                "line": 16,
                                "match": {
                                    "location": "cache_invalidation_test.go:190"
                                },
                                "result": {
                                    "status": "passed",
                                    "duration": 2968604
                                }
                            },
                            {
                                "keyword": "Then ",
                                "name": "cache payloads and workbook calculation metadata remain byte-identical",
                                "line": 17,
                                "match": {
                                    "location": "cache_invalidation_test.go:191"
                                },
                                "result": {
                                    "status": "passed",
                                    "duration": 152526
                                }
                            }
                        ]
                    },
                    {
                        "id": "static-dependency-cache-invalidation-without-calculation;unproved-dependent-structures-refuse-the-complete-edit;;2",
                        "keyword": "Scenario Outline",
                        "name": "Unproved dependent structures refuse the complete edit",
                        "description": "",
                        "line": 27,
                        "type": "scenario",
                        "tags": [
                            {
                                "name": "@implemented",
                                "line": 1
                            },
                            {
                                "name": "@go",
                                "line": 1
                            },
                            {
                                "name": "@spreadsheet",
                                "line": 1
                            },
                            {
                                "name": "@CACHE-003",
                                "line": 19
                            }
                        ],
                        "steps": [
                            {
                                "keyword": "Given ",
                                "name": "a formula workbook containing \"dynamic formula\"",
                                "line": 21,
                                "match": {
                                    "location": "cache_invalidation_test.go:129"
                                },
                                "result": {
                                    "status": "passed",
                                    "duration": 588794
                                }
                            },
                            {
                                "keyword": "When ",
                                "name": "I attempt an explicit invalidating input edit",
                                "line": 22,
                                "match": {
                                    "location": "cache_invalidation_test.go:207"
                                },
                                "result": {
                                    "status": "passed",
                                    "duration": 631003
                                }
                            },
                            {
                                "keyword": "Then ",
                                "name": "invalidation returns a typed refusal without any package mutation",
                                "line": 23,
                                "match": {
                                    "location": "cache_invalidation_test.go:275"
                                },
                                "result": {
                                    "status": "passed",
                                    "duration": 1741689
                                }
                            }
                        ]
                    },
                    {
                        "id": "static-dependency-cache-invalidation-without-calculation;unproved-dependent-structures-refuse-the-complete-edit;;3",
                        "keyword": "Scenario Outline",
                        "name": "Unproved dependent structures refuse the complete edit",
                        "description": "",
                        "line": 28,
                        "type": "scenario",
                        "tags": [
                            {
                                "name": "@implemented",
                                "line": 1
                            },
                            {
                                "name": "@go",
                                "line": 1
                            },
                            {
                                "name": "@spreadsheet",
                                "line": 1
                            },
                            {
                                "name": "@CACHE-003",
                                "line": 19
                            }
                        ],
                        "steps": [
                            {
                                "keyword": "Given ",
                                "name": "a formula workbook containing \"shared formula\"",
                                "line": 21,
                                "match": {
                                    "location": "cache_invalidation_test.go:129"
                                },
                                "result": {
                                    "status": "passed",
                                    "duration": 479013
                                }
                            },
                            {
                                "keyword": "When ",
                                "name": "I attempt an explicit invalidating input edit",
                                "line": 22,
                                "match": {
                                    "location": "cache_invalidation_test.go:207"
                                },
                                "result": {
                                    "status": "passed",
                                    "duration": 290222
                                }
                            },
                            {
                                "keyword": "Then ",
                                "name": "invalidation returns a typed refusal without any package mutation",
                                "line": 23,
                                "match": {
                                    "location": "cache_invalidation_test.go:275"
                                },
                                "result": {
                                    "status": "passed",
                                    "duration": 1557784
                                }
                            }
                        ]
                    },
                    {
                        "id": "static-dependency-cache-invalidation-without-calculation;unproved-dependent-structures-refuse-the-complete-edit;;4",
                        "keyword": "Scenario Outline",
                        "name": "Unproved dependent structures refuse the complete edit",
                        "description": "",
                        "line": 29,
                        "type": "scenario",
                        "tags": [
                            {
                                "name": "@implemented",
                                "line": 1
                            },
                            {
                                "name": "@go",
                                "line": 1
                            },
                            {
                                "name": "@spreadsheet",
                                "line": 1
                            },
                            {
                                "name": "@CACHE-003",
                                "line": 19
                            }
                        ],
                        "steps": [
                            {
                                "keyword": "Given ",
                                "name": "a formula workbook containing \"unknown sheet\"",
                                "line": 21,
                                "match": {
                                    "location": "cache_invalidation_test.go:129"
                                },
                                "result": {
                                    "status": "passed",
                                    "duration": 906325
                                }
                            },
                            {
                                "keyword": "When ",
                                "name": "I attempt an explicit invalidating input edit",
                                "line": 22,
                                "match": {
                                    "location": "cache_invalidation_test.go:207"
                                },
                                "result": {
                                    "status": "passed",
                                    "duration": 434931
                                }
                            },
                            {
                                "keyword": "Then ",
                                "name": "invalidation returns a typed refusal without any package mutation",
                                "line": 23,
                                "match": {
                                    "location": "cache_invalidation_test.go:275"
                                },
                                "result": {
                                    "status": "passed",
                                    "duration": 2545913
                                }
                            }
                        ]
                    },
                    {
                        "id": "static-dependency-cache-invalidation-without-calculation;unproved-dependent-structures-refuse-the-complete-edit;;5",
                        "keyword": "Scenario Outline",
                        "name": "Unproved dependent structures refuse the complete edit",
                        "description": "",
                        "line": 30,
                        "type": "scenario",
                        "tags": [
                            {
                                "name": "@implemented",
                                "line": 1
                            },
                            {
                                "name": "@go",
                                "line": 1
                            },
                            {
                                "name": "@spreadsheet",
                                "line": 1
                            },
                            {
                                "name": "@CACHE-003",
                                "line": 19
                            }
                        ],
                        "steps": [
                            {
                                "keyword": "Given ",
                                "name": "a formula workbook containing \"existing calculation chain\"",
                                "line": 21,
                                "match": {
                                    "location": "cache_invalidation_test.go:129"
                                },
                                "result": {
                                    "status": "passed",
                                    "duration": 502073
                                }
                            },
                            {
                                "keyword": "When ",
                                "name": "I attempt an explicit invalidating input edit",
                                "line": 22,
                                "match": {
                                    "location": "cache_invalidation_test.go:207"
                                },
                                "result": {
                                    "status": "passed",
                                    "duration": 169502
                                }
                            },
                            {
                                "keyword": "Then ",
                                "name": "invalidation returns a typed refusal without any package mutation",
                                "line": 23,
                                "match": {
                                    "location": "cache_invalidation_test.go:275"
                                },
                                "result": {
                                    "status": "passed",
                                    "duration": 1987391
                                }
                            }
                        ]
                    },
                    {
                        "id": "static-dependency-cache-invalidation-without-calculation;unproved-dependent-structures-refuse-the-complete-edit;;6",
                        "keyword": "Scenario Outline",
                        "name": "Unproved dependent structures refuse the complete edit",
                        "description": "",
                        "line": 31,
                        "type": "scenario",
                        "tags": [
                            {
                                "name": "@implemented",
                                "line": 1
                            },
                            {
                                "name": "@go",
                                "line": 1
                            },
                            {
                                "name": "@spreadsheet",
                                "line": 1
                            },
                            {
                                "name": "@CACHE-003",
                                "line": 19
                            }
                        ],
                        "steps": [
                            {
                                "keyword": "Given ",
                                "name": "a formula workbook containing \"manual calculation mode\"",
                                "line": 21,
                                "match": {
                                    "location": "cache_invalidation_test.go:129"
                                },
                                "result": {
                                    "status": "passed",
                                    "duration": 643535
                                }
                            },
                            {
                                "keyword": "When ",
                                "name": "I attempt an explicit invalidating input edit",
                                "line": 22,
                                "match": {
                                    "location": "cache_invalidation_test.go:207"
                                },
                                "result": {
                                    "status": "passed",
                                    "duration": 550204
                                }
                            },
                            {
                                "keyword": "Then ",
                                "name": "invalidation returns a typed refusal without any package mutation",
                                "line": 23,
                                "match": {
                                    "location": "cache_invalidation_test.go:275"
                                },
                                "result": {
                                    "status": "passed",
                                    "duration": 2077970
                                }
                            }
                        ]
                    },
                    {
                        "id": "static-dependency-cache-invalidation-without-calculation;unproved-dependent-structures-refuse-the-complete-edit;;7",
                        "keyword": "Scenario Outline",
                        "name": "Unproved dependent structures refuse the complete edit",
                        "description": "",
                        "line": 32,
                        "type": "scenario",
                        "tags": [
                            {
                                "name": "@implemented",
                                "line": 1
                            },
                            {
                                "name": "@go",
                                "line": 1
                            },
                            {
                                "name": "@spreadsheet",
                                "line": 1
                            },
                            {
                                "name": "@CACHE-003",
                                "line": 19
                            }
                        ],
                        "steps": [
                            {
                                "keyword": "Given ",
                                "name": "a formula workbook containing \"locked workbook\"",
                                "line": 21,
                                "match": {
                                    "location": "cache_invalidation_test.go:129"
                                },
                                "result": {
                                    "status": "passed",
                                    "duration": 531530
                                }
                            },
                            {
                                "keyword": "When ",
                                "name": "I attempt an explicit invalidating input edit",
                                "line": 22,
                                "match": {
                                    "location": "cache_invalidation_test.go:207"
                                },
                                "result": {
                                    "status": "passed",
                                    "duration": 209846
                                }
                            },
                            {
                                "keyword": "Then ",
                                "name": "invalidation returns a typed refusal without any package mutation",
                                "line": 23,
                                "match": {
                                    "location": "cache_invalidation_test.go:275"
                                },
                                "result": {
                                    "status": "passed",
                                    "duration": 1952847
                                }
                            }
                        ]
                    },
                    {
                        "id": "static-dependency-cache-invalidation-without-calculation;an-empty-inactive-workbook-protection-marker-permits-invalidation",
                        "keyword": "Scenario",
                        "name": "An empty inactive workbook protection marker permits invalidation",
                        "description": "",
                        "line": 35,
                        "type": "scenario",
                        "tags": [
                            {
                                "name": "@implemented",
                                "line": 1
                            },
                            {
                                "name": "@go",
                                "line": 1
                            },
                            {
                                "name": "@spreadsheet",
                                "line": 1
                            },
                            {
                                "name": "@CACHE-004",
                                "line": 34
                            }
                        ],
                        "steps": [
                            {
                                "keyword": "Given ",
                                "name": "a formula workbook containing \"inactive workbook protection\"",
                                "line": 36,
                                "match": {
                                    "location": "cache_invalidation_test.go:129"
                                },
                                "result": {
                                    "status": "passed",
                                    "duration": 773044
                                }
                            },
                            {
                                "keyword": "When ",
                                "name": "I set the input to ten with explicit invalidation",
                                "line": 37,
                                "match": {
                                    "location": "cache_invalidation_test.go:131"
                                },
                                "result": {
                                    "status": "passed",
                                    "duration": 2173351
                                }
                            },
                            {
                                "keyword": "Then ",
                                "name": "direct and transitive cached results are absent or empty",
                                "line": 38,
                                "match": {
                                    "location": "cache_invalidation_test.go:132"
                                },
                                "result": {
                                    "status": "passed",
                                    "duration": 120018
                                }
                            },
                            {
                                "keyword": "And ",
                                "name": "the workbook requests full recalculation without computing an answer",
                                "line": 39,
                                "match": {
                                    "location": "cache_invalidation_test.go:168"
                                },
                                "result": {
                                    "status": "passed",
                                    "duration": 84036
                                }
                            }
                        ]
                    }
                ]
            },
            {
                "uri": "../features/implemented/spreadsheet/formula-analysis.feature",
                "id": "static-formula-dependency-analysis",
                "keyword": "Feature",
                "name": "Static formula dependency analysis",
                "description": "  Reference analysis distinguishes literal strings from actual A1 references and refuses unknown dependencies.",
                "line": 2,
                "tags": [
                    {
                        "name": "@implemented",
                        "line": 1
                    },
                    {
                        "name": "@go",
                        "line": 1
                    },
                    {
                        "name": "@spreadsheet",
                        "line": 1
                    }
                ],
                "elements": [
                    {
                        "id": "static-formula-dependency-analysis;static-expressions-expose-exact-reference-ranges;;2",
                        "keyword": "Scenario Outline",
                        "name": "Static expressions expose exact reference ranges",
                        "description": "",
                        "line": 13,
                        "type": "scenario",
                        "tags": [
                            {
                                "name": "@implemented",
                                "line": 1
                            },
                            {
                                "name": "@go",
                                "line": 1
                            },
                            {
                                "name": "@spreadsheet",
                                "line": 1
                            },
                            {
                                "name": "@FORMULA-001",
                                "line": 5
                            }
                        ],
                        "steps": [
                            {
                                "keyword": "Given ",
                                "name": "the formula expression \"Input!A1*2\"",
                                "line": 7,
                                "match": {
                                    "location": "formula_analysis_test.go:20"
                                },
                                "result": {
                                    "status": "passed",
                                    "duration": 47717
                                }
                            },
                            {
                                "keyword": "When ",
                                "name": "I analyse its static references",
                                "line": 8,
                                "match": {
                                    "location": "formula_analysis_test.go:29"
                                },
                                "result": {
                                    "status": "passed",
                                    "duration": 26143
                                }
                            },
                            {
                                "keyword": "Then ",
                                "name": "exactly 1 reference ranges are reported",
                                "line": 9,
                                "match": {
                                    "location": "formula_analysis_test.go:30"
                                },
                                "result": {
                                    "status": "passed",
                                    "duration": 26248
                                }
                            }
                        ]
                    },
                    {
                        "id": "static-formula-dependency-analysis;static-expressions-expose-exact-reference-ranges;;3",
                        "keyword": "Scenario Outline",
                        "name": "Static expressions expose exact reference ranges",
                        "description": "",
                        "line": 14,
                        "type": "scenario",
                        "tags": [
                            {
                                "name": "@implemented",
                                "line": 1
                            },
                            {
                                "name": "@go",
                                "line": 1
                            },
                            {
                                "name": "@spreadsheet",
                                "line": 1
                            },
                            {
                                "name": "@FORMULA-001",
                                "line": 5
                            }
                        ],
                        "steps": [
                            {
                                "keyword": "Given ",
                                "name": "the formula expression \"SUM($A$1:B3)+C$4\"",
                                "line": 7,
                                "match": {
                                    "location": "formula_analysis_test.go:20"
                                },
                                "result": {
                                    "status": "passed",
                                    "duration": 81234
                                }
                            },
                            {
                                "keyword": "When ",
                                "name": "I analyse its static references",
                                "line": 8,
                                "match": {
                                    "location": "formula_analysis_test.go:29"
                                },
                                "result": {
                                    "status": "passed",
                                    "duration": 30981
                                }
                            },
                            {
                                "keyword": "Then ",
                                "name": "exactly 2 reference ranges are reported",
                                "line": 9,
                                "match": {
                                    "location": "formula_analysis_test.go:30"
                                },
                                "result": {
                                    "status": "passed",
                                    "duration": 25877
                                }
                            }
                        ]
                    },
                    {
                        "id": "static-formula-dependency-analysis;static-expressions-expose-exact-reference-ranges;;4",
                        "keyword": "Scenario Outline",
                        "name": "Static expressions expose exact reference ranges",
                        "description": "",
                        "line": 15,
                        "type": "scenario",
                        "tags": [
                            {
                                "name": "@implemented",
                                "line": 1
                            },
                            {
                                "name": "@go",
                                "line": 1
                            },
                            {
                                "name": "@spreadsheet",
                                "line": 1
                            },
                            {
                                "name": "@FORMULA-001",
                                "line": 5
                            }
                        ],
                        "steps": [
                            {
                                "keyword": "Given ",
                                "name": "the formula expression \"'Input Data'!$B2+Sheet2!C3\"",
                                "line": 7,
                                "match": {
                                    "location": "formula_analysis_test.go:20"
                                },
                                "result": {
                                    "status": "passed",
                                    "duration": 87927
                                }
                            },
                            {
                                "keyword": "When ",
                                "name": "I analyse its static references",
                                "line": 8,
                                "match": {
                                    "location": "formula_analysis_test.go:29"
                                },
                                "result": {
                                    "status": "passed",
                                    "duration": 27755
                                }
                            },
                            {
                                "keyword": "Then ",
                                "name": "exactly 2 reference ranges are reported",
                                "line": 9,
                                "match": {
                                    "location": "formula_analysis_test.go:30"
                                },
                                "result": {
                                    "status": "passed",
                                    "duration": 23544
                                }
                            }
                        ]
                    },
                    {
                        "id": "static-formula-dependency-analysis;static-expressions-expose-exact-reference-ranges;;5",
                        "keyword": "Scenario Outline",
                        "name": "Static expressions expose exact reference ranges",
                        "description": "",
                        "line": 16,
                        "type": "scenario",
                        "tags": [
                            {
                                "name": "@implemented",
                                "line": 1
                            },
                            {
                                "name": "@go",
                                "line": 1
                            },
                            {
                                "name": "@spreadsheet",
                                "line": 1
                            },
                            {
                                "name": "@FORMULA-001",
                                "line": 5
                            }
                        ],
                        "steps": [
                            {
                                "keyword": "Given ",
                                "name": "the formula expression \"1+2*3\"",
                                "line": 7,
                                "match": {
                                    "location": "formula_analysis_test.go:20"
                                },
                                "result": {
                                    "status": "passed",
                                    "duration": 40623
                                }
                            },
                            {
                                "keyword": "When ",
                                "name": "I analyse its static references",
                                "line": 8,
                                "match": {
                                    "location": "formula_analysis_test.go:29"
                                },
                                "result": {
                                    "status": "passed",
                                    "duration": 24970
                                }
                            },
                            {
                                "keyword": "Then ",
                                "name": "exactly 0 reference ranges are reported",
                                "line": 9,
                                "match": {
                                    "location": "formula_analysis_test.go:30"
                                },
                                "result": {
                                    "status": "passed",
                                    "duration": 27595
                                }
                            }
                        ]
                    },
                    {
                        "id": "static-formula-dependency-analysis;unproved-dynamic-or-extended-syntax-refuses-analysis;;2",
                        "keyword": "Scenario Outline",
                        "name": "Unproved dynamic or extended syntax refuses analysis",
                        "description": "",
                        "line": 26,
                        "type": "scenario",
                        "tags": [
                            {
                                "name": "@implemented",
                                "line": 1
                            },
                            {
                                "name": "@go",
                                "line": 1
                            },
                            {
                                "name": "@spreadsheet",
                                "line": 1
                            },
                            {
                                "name": "@FORMULA-002",
                                "line": 18
                            }
                        ],
                        "steps": [
                            {
                                "keyword": "Given ",
                                "name": "the formula expression \"INDIRECT(A1)\"",
                                "line": 20,
                                "match": {
                                    "location": "formula_analysis_test.go:20"
                                },
                                "result": {
                                    "status": "passed",
                                    "duration": 65139
                                }
                            },
                            {
                                "keyword": "When ",
                                "name": "I analyse its static references",
                                "line": 21,
                                "match": {
                                    "location": "formula_analysis_test.go:29"
                                },
                                "result": {
                                    "status": "passed",
                                    "duration": 41722
                                }
                            },
                            {
                                "keyword": "Then ",
                                "name": "dependency analysis refuses instead of returning a partial answer",
                                "line": 22,
                                "match": {
                                    "location": "formula_analysis_test.go:39"
                                },
                                "result": {
                                    "status": "passed",
                                    "duration": 150409
                                }
                            }
                        ]
                    },
                    {
                        "id": "static-formula-dependency-analysis;unproved-dynamic-or-extended-syntax-refuses-analysis;;3",
                        "keyword": "Scenario Outline",
                        "name": "Unproved dynamic or extended syntax refuses analysis",
                        "description": "",
                        "line": 27,
                        "type": "scenario",
                        "tags": [
                            {
                                "name": "@implemented",
                                "line": 1
                            },
                            {
                                "name": "@go",
                                "line": 1
                            },
                            {
                                "name": "@spreadsheet",
                                "line": 1
                            },
                            {
                                "name": "@FORMULA-002",
                                "line": 18
                            }
                        ],
                        "steps": [
                            {
                                "keyword": "Given ",
                                "name": "the formula expression \"OFFSET(A1,1,1)\"",
                                "line": 20,
                                "match": {
                                    "location": "formula_analysis_test.go:20"
                                },
                                "result": {
                                    "status": "passed",
                                    "duration": 47777
                                }
                            },
                            {
                                "keyword": "When ",
                                "name": "I analyse its static references",
                                "line": 21,
                                "match": {
                                    "location": "formula_analysis_test.go:29"
                                },
                                "result": {
                                    "status": "passed",
                                    "duration": 25475
                                }
                            },
                            {
                                "keyword": "Then ",
                                "name": "dependency analysis refuses instead of returning a partial answer",
                                "line": 22,
                                "match": {
                                    "location": "formula_analysis_test.go:39"
                                },
                                "result": {
                                    "status": "passed",
                                    "duration": 42468
                                }
                            }
                        ]
                    },
                    {
                        "id": "static-formula-dependency-analysis;unproved-dynamic-or-extended-syntax-refuses-analysis;;4",
                        "keyword": "Scenario Outline",
                        "name": "Unproved dynamic or extended syntax refuses analysis",
                        "description": "",
                        "line": 28,
                        "type": "scenario",
                        "tags": [
                            {
                                "name": "@implemented",
                                "line": 1
                            },
                            {
                                "name": "@go",
                                "line": 1
                            },
                            {
                                "name": "@spreadsheet",
                                "line": 1
                            },
                            {
                                "name": "@FORMULA-002",
                                "line": 18
                            }
                        ],
                        "steps": [
                            {
                                "keyword": "Given ",
                                "name": "the formula expression \"Sheet1:Sheet3!A1\"",
                                "line": 20,
                                "match": {
                                    "location": "formula_analysis_test.go:20"
                                },
                                "result": {
                                    "status": "passed",
                                    "duration": 48735
                                }
                            },
                            {
                                "keyword": "When ",
                                "name": "I analyse its static references",
                                "line": 21,
                                "match": {
                                    "location": "formula_analysis_test.go:29"
                                },
                                "result": {
                                    "status": "passed",
                                    "duration": 23686
                                }
                            },
                            {
                                "keyword": "Then ",
                                "name": "dependency analysis refuses instead of returning a partial answer",
                                "line": 22,
                                "match": {
                                    "location": "formula_analysis_test.go:39"
                                },
                                "result": {
                                    "status": "passed",
                                    "duration": 173217
                                }
                            }
                        ]
                    },
                    {
                        "id": "static-formula-dependency-analysis;unproved-dynamic-or-extended-syntax-refuses-analysis;;5",
                        "keyword": "Scenario Outline",
                        "name": "Unproved dynamic or extended syntax refuses analysis",
                        "description": "",
                        "line": 29,
                        "type": "scenario",
                        "tags": [
                            {
                                "name": "@implemented",
                                "line": 1
                            },
                            {
                                "name": "@go",
                                "line": 1
                            },
                            {
                                "name": "@spreadsheet",
                                "line": 1
                            },
                            {
                                "name": "@FORMULA-002",
                                "line": 18
                            }
                        ],
                        "steps": [
                            {
                                "keyword": "Given ",
                                "name": "the formula expression \"Table1[Column]\"",
                                "line": 20,
                                "match": {
                                    "location": "formula_analysis_test.go:20"
                                },
                                "result": {
                                    "status": "passed",
                                    "duration": 71538
                                }
                            },
                            {
                                "keyword": "When ",
                                "name": "I analyse its static references",
                                "line": 21,
                                "match": {
                                    "location": "formula_analysis_test.go:29"
                                },
                                "result": {
                                    "status": "passed",
                                    "duration": 31388
                                }
                            },
                            {
                                "keyword": "Then ",
                                "name": "dependency analysis refuses instead of returning a partial answer",
                                "line": 22,
                                "match": {
                                    "location": "formula_analysis_test.go:39"
                                },
                                "result": {
                                    "status": "passed",
                                    "duration": 44423
                                }
                            }
                        ]
                    },
                    {
                        "id": "static-formula-dependency-analysis;unproved-dynamic-or-extended-syntax-refuses-analysis;;6",
                        "keyword": "Scenario Outline",
                        "name": "Unproved dynamic or extended syntax refuses analysis",
                        "description": "",
                        "line": 30,
                        "type": "scenario",
                        "tags": [
                            {
                                "name": "@implemented",
                                "line": 1
                            },
                            {
                                "name": "@go",
                                "line": 1
                            },
                            {
                                "name": "@spreadsheet",
                                "line": 1
                            },
                            {
                                "name": "@FORMULA-002",
                                "line": 18
                            }
                        ],
                        "steps": [
                            {
                                "keyword": "Given ",
                                "name": "the formula expression \"[Book.xlsx]Sheet1!A1\"",
                                "line": 20,
                                "match": {
                                    "location": "formula_analysis_test.go:20"
                                },
                                "result": {
                                    "status": "passed",
                                    "duration": 73175
                                }
                            },
                            {
                                "keyword": "When ",
                                "name": "I analyse its static references",
                                "line": 21,
                                "match": {
                                    "location": "formula_analysis_test.go:29"
                                },
                                "result": {
                                    "status": "passed",
                                    "duration": 30135
                                }
                            },
                            {
                                "keyword": "Then ",
                                "name": "dependency analysis refuses instead of returning a partial answer",
                                "line": 22,
                                "match": {
                                    "location": "formula_analysis_test.go:39"
                                },
                                "result": {
                                    "status": "passed",
                                    "duration": 51457
                                }
                            }
                        ]
                    },
                    {
                        "id": "static-formula-dependency-analysis;unproved-dynamic-or-extended-syntax-refuses-analysis;;7",
                        "keyword": "Scenario Outline",
                        "name": "Unproved dynamic or extended syntax refuses analysis",
                        "description": "",
                        "line": 31,
                        "type": "scenario",
                        "tags": [
                            {
                                "name": "@implemented",
                                "line": 1
                            },
                            {
                                "name": "@go",
                                "line": 1
                            },
                            {
                                "name": "@spreadsheet",
                                "line": 1
                            },
                            {
                                "name": "@FORMULA-002",
                                "line": 18
                            }
                        ],
                        "steps": [
                            {
                                "keyword": "Given ",
                                "name": "the formula expression \"A1#\"",
                                "line": 20,
                                "match": {
                                    "location": "formula_analysis_test.go:20"
                                },
                                "result": {
                                    "status": "passed",
                                    "duration": 60270
                                }
                            },
                            {
                                "keyword": "When ",
                                "name": "I analyse its static references",
                                "line": 21,
                                "match": {
                                    "location": "formula_analysis_test.go:29"
                                },
                                "result": {
                                    "status": "passed",
                                    "duration": 44695
                                }
                            },
                            {
                                "keyword": "Then ",
                                "name": "dependency analysis refuses instead of returning a partial answer",
                                "line": 22,
                                "match": {
                                    "location": "formula_analysis_test.go:39"
                                },
                                "result": {
                                    "status": "passed",
                                    "duration": 90376
                                }
                            }
                        ]
                    },
                    {
                        "id": "static-formula-dependency-analysis;unproved-dynamic-or-extended-syntax-refuses-analysis;;8",
                        "keyword": "Scenario Outline",
                        "name": "Unproved dynamic or extended syntax refuses analysis",
                        "description": "",
                        "line": 32,
                        "type": "scenario",
                        "tags": [
                            {
                                "name": "@implemented",
                                "line": 1
                            },
                            {
                                "name": "@go",
                                "line": 1
                            },
                            {
                                "name": "@spreadsheet",
                                "line": 1
                            },
                            {
                                "name": "@FORMULA-002",
                                "line": 18
                            }
                        ],
                        "steps": [
                            {
                                "keyword": "Given ",
                                "name": "the formula expression \"A1 B2\"",
                                "line": 20,
                                "match": {
                                    "location": "formula_analysis_test.go:20"
                                },
                                "result": {
                                    "status": "passed",
                                    "duration": 39138
                                }
                            },
                            {
                                "keyword": "When ",
                                "name": "I analyse its static references",
                                "line": 21,
                                "match": {
                                    "location": "formula_analysis_test.go:29"
                                },
                                "result": {
                                    "status": "passed",
                                    "duration": 25831
                                }
                            },
                            {
                                "keyword": "Then ",
                                "name": "dependency analysis refuses instead of returning a partial answer",
                                "line": 22,
                                "match": {
                                    "location": "formula_analysis_test.go:39"
                                },
                                "result": {
                                    "status": "passed",
                                    "duration": 42049
                                }
                            }
                        ]
                    },
                    {
                        "id": "static-formula-dependency-analysis;unproved-dynamic-or-extended-syntax-refuses-analysis;;9",
                        "keyword": "Scenario Outline",
                        "name": "Unproved dynamic or extended syntax refuses analysis",
                        "description": "",
                        "line": 33,
                        "type": "scenario",
                        "tags": [
                            {
                                "name": "@implemented",
                                "line": 1
                            },
                            {
                                "name": "@go",
                                "line": 1
                            },
                            {
                                "name": "@spreadsheet",
                                "line": 1
                            },
                            {
                                "name": "@FORMULA-002",
                                "line": 18
                            }
                        ],
                        "steps": [
                            {
                                "keyword": "Given ",
                                "name": "the formula expression \"A1+\"",
                                "line": 20,
                                "match": {
                                    "location": "formula_analysis_test.go:20"
                                },
                                "result": {
                                    "status": "passed",
                                    "duration": 45419
                                }
                            },
                            {
                                "keyword": "When ",
                                "name": "I analyse its static references",
                                "line": 21,
                                "match": {
                                    "location": "formula_analysis_test.go:29"
                                },
                                "result": {
                                    "status": "passed",
                                    "duration": 32545
                                }
                            },
                            {
                                "keyword": "Then ",
                                "name": "dependency analysis refuses instead of returning a partial answer",
                                "line": 22,
                                "match": {
                                    "location": "formula_analysis_test.go:39"
                                },
                                "result": {
                                    "status": "passed",
                                    "duration": 43836
                                }
                            }
                        ]
                    }
                ]
            },
            {
                "uri": "../features/implemented/spreadsheet/formula-remap.feature",
                "id": "structural-reference-remapping-uses-parsed-formula-tokens",
                "keyword": "Feature",
                "name": "Structural reference remapping uses parsed formula tokens",
                "description": "  Static reference edits preserve quoted literals and unrelated sheet references.",
                "line": 2,
                "tags": [
                    {
                        "name": "@implemented",
                        "line": 1
                    },
                    {
                        "name": "@go",
                        "line": 1
                    },
                    {
                        "name": "@spreadsheet",
                        "line": 1
                    }
                ],
                "elements": [
                    {
                        "id": "structural-reference-remapping-uses-parsed-formula-tokens;row-and-column-insertion-follows-structural-coordinates;;2",
                        "keyword": "Scenario Outline",
                        "name": "Row and column insertion follows structural coordinates",
                        "description": "",
                        "line": 13,
                        "type": "scenario",
                        "tags": [
                            {
                                "name": "@implemented",
                                "line": 1
                            },
                            {
                                "name": "@go",
                                "line": 1
                            },
                            {
                                "name": "@spreadsheet",
                                "line": 1
                            },
                            {
                                "name": "@REMAP-001",
                                "line": 5
                            }
                        ],
                        "steps": [
                            {
                                "keyword": "Given ",
                                "name": "a formula \"$A$1+A2+Other!A2\" located on \"Main\"",
                                "line": 7,
                                "match": {
                                    "location": "formula_remap_test.go:20"
                                },
                                "result": {
                                    "status": "passed",
                                    "duration": 59030
                                }
                            },
                            {
                                "keyword": "When ",
                                "name": "I insert 2 \"row\" before coordinate 2 on \"Main\"",
                                "line": 8,
                                "match": {
                                    "location": "formula_remap_test.go:21"
                                },
                                "result": {
                                    "status": "passed",
                                    "duration": 47407
                                }
                            },
                            {
                                "keyword": "Then ",
                                "name": "the remapped formula is \"$A$1+A4+Other!A2\"",
                                "line": 9,
                                "match": {
                                    "location": "formula_remap_test.go:26"
                                },
                                "result": {
                                    "status": "passed",
                                    "duration": 26467
                                }
                            }
                        ]
                    },
                    {
                        "id": "structural-reference-remapping-uses-parsed-formula-tokens;row-and-column-insertion-follows-structural-coordinates;;3",
                        "keyword": "Scenario Outline",
                        "name": "Row and column insertion follows structural coordinates",
                        "description": "",
                        "line": 14,
                        "type": "scenario",
                        "tags": [
                            {
                                "name": "@implemented",
                                "line": 1
                            },
                            {
                                "name": "@go",
                                "line": 1
                            },
                            {
                                "name": "@spreadsheet",
                                "line": 1
                            },
                            {
                                "name": "@REMAP-001",
                                "line": 5
                            }
                        ],
                        "steps": [
                            {
                                "keyword": "Given ",
                                "name": "a formula \"SUM(Main!A1:B3)\" located on \"Other\"",
                                "line": 7,
                                "match": {
                                    "location": "formula_remap_test.go:20"
                                },
                                "result": {
                                    "status": "passed",
                                    "duration": 58573
                                }
                            },
                            {
                                "keyword": "When ",
                                "name": "I insert 1 \"row\" before coordinate 2 on \"Main\"",
                                "line": 8,
                                "match": {
                                    "location": "formula_remap_test.go:21"
                                },
                                "result": {
                                    "status": "passed",
                                    "duration": 35137
                                }
                            },
                            {
                                "keyword": "Then ",
                                "name": "the remapped formula is \"SUM(Main!A1:B4)\"",
                                "line": 9,
                                "match": {
                                    "location": "formula_remap_test.go:26"
                                },
                                "result": {
                                    "status": "passed",
                                    "duration": 32452
                                }
                            }
                        ]
                    },
                    {
                        "id": "structural-reference-remapping-uses-parsed-formula-tokens;row-and-column-insertion-follows-structural-coordinates;;4",
                        "keyword": "Scenario Outline",
                        "name": "Row and column insertion follows structural coordinates",
                        "description": "",
                        "line": 15,
                        "type": "scenario",
                        "tags": [
                            {
                                "name": "@implemented",
                                "line": 1
                            },
                            {
                                "name": "@go",
                                "line": 1
                            },
                            {
                                "name": "@spreadsheet",
                                "line": 1
                            },
                            {
                                "name": "@REMAP-001",
                                "line": 5
                            }
                        ],
                        "steps": [
                            {
                                "keyword": "Given ",
                                "name": "a formula \"Main!$B2+C$4\" located on \"Main\"",
                                "line": 7,
                                "match": {
                                    "location": "formula_remap_test.go:20"
                                },
                                "result": {
                                    "status": "passed",
                                    "duration": 69549
                                }
                            },
                            {
                                "keyword": "When ",
                                "name": "I insert 2 \"column\" before coordinate 2 on \"Main\"",
                                "line": 8,
                                "match": {
                                    "location": "formula_remap_test.go:21"
                                },
                                "result": {
                                    "status": "passed",
                                    "duration": 59867
                                }
                            },
                            {
                                "keyword": "Then ",
                                "name": "the remapped formula is \"Main!$D2+E$4\"",
                                "line": 9,
                                "match": {
                                    "location": "formula_remap_test.go:26"
                                },
                                "result": {
                                    "status": "passed",
                                    "duration": 39296
                                }
                            }
                        ]
                    },
                    {
                        "id": "structural-reference-remapping-uses-parsed-formula-tokens;row-and-column-insertion-follows-structural-coordinates;;5",
                        "keyword": "Scenario Outline",
                        "name": "Row and column insertion follows structural coordinates",
                        "description": "",
                        "line": 16,
                        "type": "scenario",
                        "tags": [
                            {
                                "name": "@implemented",
                                "line": 1
                            },
                            {
                                "name": "@go",
                                "line": 1
                            },
                            {
                                "name": "@spreadsheet",
                                "line": 1
                            },
                            {
                                "name": "@REMAP-001",
                                "line": 5
                            }
                        ],
                        "steps": [
                            {
                                "keyword": "Given ",
                                "name": "a formula \"'Input Data'!A2+1\" located on \"Main\"",
                                "line": 7,
                                "match": {
                                    "location": "formula_remap_test.go:20"
                                },
                                "result": {
                                    "status": "passed",
                                    "duration": 53796
                                }
                            },
                            {
                                "keyword": "When ",
                                "name": "I insert 3 \"row\" before coordinate 2 on \"Input Data\"",
                                "line": 8,
                                "match": {
                                    "location": "formula_remap_test.go:21"
                                },
                                "result": {
                                    "status": "passed",
                                    "duration": 37334
                                }
                            },
                            {
                                "keyword": "Then ",
                                "name": "the remapped formula is \"'Input Data'!A5+1\"",
                                "line": 9,
                                "match": {
                                    "location": "formula_remap_test.go:26"
                                },
                                "result": {
                                    "status": "passed",
                                    "duration": 25978
                                }
                            }
                        ]
                    },
                    {
                        "id": "structural-reference-remapping-uses-parsed-formula-tokens;a-remap-beyond-the-worksheet-grid-refuses-without-a-partial-formula",
                        "keyword": "Scenario",
                        "name": "A remap beyond the worksheet grid refuses without a partial formula",
                        "description": "",
                        "line": 19,
                        "type": "scenario",
                        "tags": [
                            {
                                "name": "@implemented",
                                "line": 1
                            },
                            {
                                "name": "@go",
                                "line": 1
                            },
                            {
                                "name": "@spreadsheet",
                                "line": 1
                            },
                            {
                                "name": "@REMAP-002",
                                "line": 18
                            }
                        ],
                        "steps": [
                            {
                                "keyword": "Given ",
                                "name": "a formula \"A1048576+B1\" located on \"Main\"",
                                "line": 20,
                                "match": {
                                    "location": "formula_remap_test.go:20"
                                },
                                "result": {
                                    "status": "passed",
                                    "duration": 44232
                                }
                            },
                            {
                                "keyword": "When ",
                                "name": "I attempt a row insertion that shifts it beyond the grid",
                                "line": 21,
                                "match": {
                                    "location": "formula_remap_test.go:32"
                                },
                                "result": {
                                    "status": "passed",
                                    "duration": 43765
                                }
                            },
                            {
                                "keyword": "Then ",
                                "name": "remapping refuses and returns no partial expression",
                                "line": 22,
                                "match": {
                                    "location": "formula_remap_test.go:36"
                                },
                                "result": {
                                    "status": "passed",
                                    "duration": 29418
                                }
                            }
                        ]
                    }
                ]
            },
            {
                "uri": "../features/implemented/package/xml-insert.feature",
                "id": "structured-xml-insertion-preserves-namespace-meaning",
                "keyword": "Feature",
                "name": "Structured XML insertion preserves namespace meaning",
                "description": "  New elements use expanded names and cannot silently inherit the wrong default namespace.",
                "line": 2,
                "tags": [
                    {
                        "name": "@implemented",
                        "line": 1
                    },
                    {
                        "name": "@go",
                        "line": 1
                    },
                    {
                        "name": "@package",
                        "line": 1
                    }
                ],
                "elements": [
                    {
                        "id": "structured-xml-insertion-preserves-namespace-meaning;a-new-child-reuses-the-existing-prefix-for-its-namespace",
                        "keyword": "Scenario",
                        "name": "A new child reuses the existing prefix for its namespace",
                        "description": "",
                        "line": 6,
                        "type": "scenario",
                        "tags": [
                            {
                                "name": "@implemented",
                                "line": 1
                            },
                            {
                                "name": "@go",
                                "line": 1
                            },
                            {
                                "name": "@package",
                                "line": 1
                            },
                            {
                                "name": "@NODE-001",
                                "line": 5
                            }
                        ],
                        "steps": [
                            {
                                "keyword": "Given ",
                                "name": "a prefixed XML parent with opaque surrounding markup",
                                "line": 7,
                                "match": {
                                    "location": "xml_insert_test.go:37"
                                },
                                "result": {
                                    "status": "passed",
                                    "duration": 179614
                                }
                            },
                            {
                                "keyword": "When ",
                                "name": "I append a same-namespace child with a namespaced attribute",
                                "line": 8,
                                "match": {
                                    "location": "xml_insert_test.go:42"
                                },
                                "result": {
                                    "status": "passed",
                                    "duration": 62730
                                }
                            },
                            {
                                "keyword": "Then ",
                                "name": "the new child and attribute have the requested expanded names",
                                "line": 9,
                                "match": {
                                    "location": "xml_insert_test.go:47"
                                },
                                "result": {
                                    "status": "passed",
                                    "duration": 39636
                                }
                            },
                            {
                                "keyword": "And ",
                                "name": "every original byte outside the insertion remains identical",
                                "line": 10,
                                "match": {
                                    "location": "xml_insert_test.go:71"
                                },
                                "result": {
                                    "status": "passed",
                                    "duration": 39599
                                }
                            }
                        ]
                    },
                    {
                        "id": "structured-xml-insertion-preserves-namespace-meaning;an-unqualified-child-resets-an-inherited-default-namespace",
                        "keyword": "Scenario",
                        "name": "An unqualified child resets an inherited default namespace",
                        "description": "",
                        "line": 13,
                        "type": "scenario",
                        "tags": [
                            {
                                "name": "@implemented",
                                "line": 1
                            },
                            {
                                "name": "@go",
                                "line": 1
                            },
                            {
                                "name": "@package",
                                "line": 1
                            },
                            {
                                "name": "@NODE-002",
                                "line": 12
                            }
                        ],
                        "steps": [
                            {
                                "keyword": "Given ",
                                "name": "an XML parent in a default namespace",
                                "line": 14,
                                "match": {
                                    "location": "xml_insert_test.go:40"
                                },
                                "result": {
                                    "status": "passed",
                                    "duration": 53232
                                }
                            },
                            {
                                "keyword": "When ",
                                "name": "I append an explicitly no-namespace child",
                                "line": 15,
                                "match": {
                                    "location": "xml_insert_test.go:79"
                                },
                                "result": {
                                    "status": "passed",
                                    "duration": 37865
                                }
                            },
                            {
                                "keyword": "Then ",
                                "name": "the child has no namespace and the parent keeps its namespace",
                                "line": 16,
                                "match": {
                                    "location": "xml_insert_test.go:84"
                                },
                                "result": {
                                    "status": "passed",
                                    "duration": 42314
                                }
                            }
                        ]
                    },
                    {
                        "id": "structured-xml-insertion-preserves-namespace-meaning;a-self-closing-parent-expands-without-rewriting-its-attributes",
                        "keyword": "Scenario",
                        "name": "A self-closing parent expands without rewriting its attributes",
                        "description": "",
                        "line": 19,
                        "type": "scenario",
                        "tags": [
                            {
                                "name": "@implemented",
                                "line": 1
                            },
                            {
                                "name": "@go",
                                "line": 1
                            },
                            {
                                "name": "@package",
                                "line": 1
                            },
                            {
                                "name": "@NODE-003",
                                "line": 18
                            }
                        ],
                        "steps": [
                            {
                                "keyword": "Given ",
                                "name": "a self-closing prefixed parent with unusual attribute spacing",
                                "line": 20,
                                "match": {
                                    "location": "xml_insert_test.go:41"
                                },
                                "result": {
                                    "status": "passed",
                                    "duration": 68085
                                }
                            },
                            {
                                "keyword": "When ",
                                "name": "I append a same-namespace child with a namespaced attribute",
                                "line": 21,
                                "match": {
                                    "location": "xml_insert_test.go:42"
                                },
                                "result": {
                                    "status": "passed",
                                    "duration": 42200
                                }
                            },
                            {
                                "keyword": "Then ",
                                "name": "the new child and attribute have the requested expanded names",
                                "line": 22,
                                "match": {
                                    "location": "xml_insert_test.go:47"
                                },
                                "result": {
                                    "status": "passed",
                                    "duration": 34448
                                }
                            },
                            {
                                "keyword": "And ",
                                "name": "the parent attributes retain their original lexical bytes",
                                "line": 23,
                                "match": {
                                    "location": "xml_insert_test.go:95"
                                },
                                "result": {
                                    "status": "passed",
                                    "duration": 31966
                                }
                            }
                        ]
                    },
                    {
                        "id": "structured-xml-insertion-preserves-namespace-meaning;an-invalid-insertion-refuses-the-complete-batch",
                        "keyword": "Scenario",
                        "name": "An invalid insertion refuses the complete batch",
                        "description": "",
                        "line": 26,
                        "type": "scenario",
                        "tags": [
                            {
                                "name": "@implemented",
                                "line": 1
                            },
                            {
                                "name": "@go",
                                "line": 1
                            },
                            {
                                "name": "@package",
                                "line": 1
                            },
                            {
                                "name": "@NODE-004",
                                "line": 25
                            }
                        ],
                        "steps": [
                            {
                                "keyword": "Given ",
                                "name": "a prefixed XML parent with opaque surrounding markup",
                                "line": 27,
                                "match": {
                                    "location": "xml_insert_test.go:37"
                                },
                                "result": {
                                    "status": "passed",
                                    "duration": 56937
                                }
                            },
                            {
                                "keyword": "When ",
                                "name": "one insertion attempts to supply a namespace declaration",
                                "line": 28,
                                "match": {
                                    "location": "xml_insert_test.go:101"
                                },
                                "result": {
                                    "status": "passed",
                                    "duration": 38663
                                }
                            },
                            {
                                "keyword": "Then ",
                                "name": "the insertion batch refuses with a reusable unchanged snapshot",
                                "line": 29,
                                "match": {
                                    "location": "xml_insert_test.go:107"
                                },
                                "result": {
                                    "status": "passed",
                                    "duration": 52062
                                }
                            }
                        ]
                    }
                ]
            },
            {
                "uri": "../features/implemented/package/xml-subtree.feature",
                "id": "structured-subtree-replacements-preserve-surrounding-source-bytes",
                "keyword": "Feature",
                "name": "Structured subtree replacements preserve surrounding source bytes",
                "description": "  Replacement nodes resolve names using the surviving parent's bindings.",
                "line": 2,
                "tags": [
                    {
                        "name": "@implemented",
                        "line": 1
                    },
                    {
                        "name": "@go",
                        "line": 1
                    },
                    {
                        "name": "@package",
                        "line": 1
                    }
                ],
                "elements": [
                    {
                        "id": "structured-subtree-replacements-preserve-surrounding-source-bytes;replace-a-shadowing-subtree-with-two-siblings-under-parent-bindings",
                        "keyword": "Scenario",
                        "name": "Replace a shadowing subtree with two siblings under parent bindings",
                        "description": "",
                        "line": 6,
                        "type": "scenario",
                        "tags": [
                            {
                                "name": "@implemented",
                                "line": 1
                            },
                            {
                                "name": "@go",
                                "line": 1
                            },
                            {
                                "name": "@package",
                                "line": 1
                            },
                            {
                                "name": "@SUBTREE-001",
                                "line": 5
                            }
                        ],
                        "steps": [
                            {
                                "keyword": "Given ",
                                "name": "an XML subtree that shadows its parent's prefix",
                                "line": 7,
                                "match": {
                                    "location": "xml_subtree_test.go:26"
                                },
                                "result": {
                                    "status": "passed",
                                    "duration": 69824
                                }
                            },
                            {
                                "keyword": "When ",
                                "name": "I replace it with structured sibling nodes",
                                "line": 8,
                                "match": {
                                    "location": "xml_subtree_test.go:32"
                                },
                                "result": {
                                    "status": "passed",
                                    "duration": 35877
                                }
                            },
                            {
                                "keyword": "Then ",
                                "name": "inserted names use the parent scope and surrounding bytes stay exact",
                                "line": 9,
                                "match": {
                                    "location": "xml_subtree_test.go:37"
                                },
                                "result": {
                                    "status": "passed",
                                    "duration": 42821
                                }
                            }
                        ]
                    },
                    {
                        "id": "structured-subtree-replacements-preserve-surrounding-source-bytes;a-later-invalid-subtree-replacement-leaves-the-snapshot-unchanged",
                        "keyword": "Scenario",
                        "name": "A later invalid subtree replacement leaves the snapshot unchanged",
                        "description": "",
                        "line": 12,
                        "type": "scenario",
                        "tags": [
                            {
                                "name": "@implemented",
                                "line": 1
                            },
                            {
                                "name": "@go",
                                "line": 1
                            },
                            {
                                "name": "@package",
                                "line": 1
                            },
                            {
                                "name": "@SUBTREE-002",
                                "line": 11
                            }
                        ],
                        "steps": [
                            {
                                "keyword": "Given ",
                                "name": "an XML subtree that shadows its parent's prefix",
                                "line": 13,
                                "match": {
                                    "location": "xml_subtree_test.go:26"
                                },
                                "result": {
                                    "status": "passed",
                                    "duration": 87625
                                }
                            },
                            {
                                "keyword": "When ",
                                "name": "one of the structured sibling replacements contains invalid XML text",
                                "line": 14,
                                "match": {
                                    "location": "xml_subtree_test.go:51"
                                },
                                "result": {
                                    "status": "passed",
                                    "duration": 72834
                                }
                            },
                            {
                                "keyword": "Then ",
                                "name": "subtree replacement refuses without publishing partial output",
                                "line": 15,
                                "match": {
                                    "location": "xml_subtree_test.go:57"
                                },
                                "result": {
                                    "status": "passed",
                                    "duration": 69202
                                }
                            }
                        ]
                    }
                ]
            },
            {
                "uri": "../features/implemented/document/comment-mime-preservation.feature",
                "id": "unrelated-edits-preserve-differing-extended-comment-content-types",
                "keyword": "Feature",
                "name": "Unrelated edits preserve differing extended-comment content types",
                "description": "  Observed source-library disagreement does not authorise silent content-type normalization.",
                "line": 2,
                "tags": [
                    {
                        "name": "@implemented",
                        "line": 1
                    },
                    {
                        "name": "@go",
                        "line": 1
                    },
                    {
                        "name": "@document",
                        "line": 1
                    }
                ],
                "elements": [
                    {
                        "id": "unrelated-edits-preserve-differing-extended-comment-content-types;preserve-the-input-spelling-without-claiming-office-certification;;2",
                        "keyword": "Scenario Outline",
                        "name": "Preserve the input spelling without claiming Office certification",
                        "description": "",
                        "line": 14,
                        "type": "scenario",
                        "tags": [
                            {
                                "name": "@implemented",
                                "line": 1
                            },
                            {
                                "name": "@go",
                                "line": 1
                            },
                            {
                                "name": "@document",
                                "line": 1
                            },
                            {
                                "name": "@MIME-001",
                                "line": 5
                            }
                        ],
                        "steps": [
                            {
                                "keyword": "Given ",
                                "name": "a Word package with extended-comment MIME spelling \"pinned-go\"",
                                "line": 7,
                                "match": {
                                    "location": "comment_mime_test.go:30"
                                },
                                "result": {
                                    "status": "passed",
                                    "duration": 438823
                                }
                            },
                            {
                                "keyword": "When ",
                                "name": "I make an unrelated guarded body text correction",
                                "line": 8,
                                "match": {
                                    "location": "comment_mime_test.go:55"
                                },
                                "result": {
                                    "status": "passed",
                                    "duration": 2056270
                                }
                            },
                            {
                                "keyword": "Then ",
                                "name": "the delivered package retains the exact extended-comment MIME spelling",
                                "line": 9,
                                "match": {
                                    "location": "comment_mime_test.go:75"
                                },
                                "result": {
                                    "status": "passed",
                                    "duration": 174693
                                }
                            },
                            {
                                "keyword": "And ",
                                "name": "extended comments and relationship payloads remain byte-identical",
                                "line": 10,
                                "match": {
                                    "location": "comment_mime_test.go:97"
                                },
                                "result": {
                                    "status": "passed",
                                    "duration": 83197
                                }
                            }
                        ]
                    },
                    {
                        "id": "unrelated-edits-preserve-differing-extended-comment-content-types;preserve-the-input-spelling-without-claiming-office-certification;;3",
                        "keyword": "Scenario Outline",
                        "name": "Preserve the input spelling without claiming Office certification",
                        "description": "",
                        "line": 15,
                        "type": "scenario",
                        "tags": [
                            {
                                "name": "@implemented",
                                "line": 1
                            },
                            {
                                "name": "@go",
                                "line": 1
                            },
                            {
                                "name": "@document",
                                "line": 1
                            },
                            {
                                "name": "@MIME-001",
                                "line": 5
                            }
                        ],
                        "steps": [
                            {
                                "keyword": "Given ",
                                "name": "a Word package with extended-comment MIME spelling \"specified-metadata\"",
                                "line": 7,
                                "match": {
                                    "location": "comment_mime_test.go:30"
                                },
                                "result": {
                                    "status": "passed",
                                    "duration": 1545194
                                }
                            },
                            {
                                "keyword": "When ",
                                "name": "I make an unrelated guarded body text correction",
                                "line": 8,
                                "match": {
                                    "location": "comment_mime_test.go:55"
                                },
                                "result": {
                                    "status": "passed",
                                    "duration": 2076707
                                }
                            },
                            {
                                "keyword": "Then ",
                                "name": "the delivered package retains the exact extended-comment MIME spelling",
                                "line": 9,
                                "match": {
                                    "location": "comment_mime_test.go:75"
                                },
                                "result": {
                                    "status": "passed",
                                    "duration": 217786
                                }
                            },
                            {
                                "keyword": "And ",
                                "name": "extended comments and relationship payloads remain byte-identical",
                                "line": 10,
                                "match": {
                                    "location": "comment_mime_test.go:97"
                                },
                                "result": {
                                    "status": "passed",
                                    "duration": 88029
                                }
                            }
                        ]
                    }
                ]
            },
            {
                "uri": "../features/implemented/document/run-boundary.feature",
                "id": "word-insertion-at-run-boundaries",
                "keyword": "Feature",
                "name": "Word insertion at run boundaries",
                "description": "  Insertion needs identical complete direct formatting and a proved shared owner.",
                "line": 2,
                "tags": [
                    {
                        "name": "@implemented",
                        "line": 1
                    },
                    {
                        "name": "@go",
                        "line": 1
                    },
                    {
                        "name": "@document",
                        "line": 1
                    }
                ],
                "elements": [
                    {
                        "id": "word-insertion-at-run-boundaries;identically-formatted-adjacent-runs-allow-a-boundary-insertion",
                        "keyword": "Scenario",
                        "name": "Identically formatted adjacent runs allow a boundary insertion",
                        "description": "",
                        "line": 6,
                        "type": "scenario",
                        "tags": [
                            {
                                "name": "@implemented",
                                "line": 1
                            },
                            {
                                "name": "@go",
                                "line": 1
                            },
                            {
                                "name": "@document",
                                "line": 1
                            },
                            {
                                "name": "@INSERT-001",
                                "line": 5
                            }
                        ],
                        "steps": [
                            {
                                "keyword": "Given ",
                                "name": "adjacent Word runs with identical direct formatting",
                                "line": 7,
                                "match": {
                                    "location": "run_boundary_test.go:55"
                                },
                                "result": {
                                    "status": "passed",
                                    "duration": 1053771
                                }
                            },
                            {
                                "keyword": "When ",
                                "name": "I insert a character at their shared text boundary",
                                "line": 8,
                                "match": {
                                    "location": "run_boundary_test.go:57"
                                },
                                "result": {
                                    "status": "passed",
                                    "duration": 144502
                                }
                            },
                            {
                                "keyword": "Then ",
                                "name": "the combined text includes the insertion with unchanged run properties",
                                "line": 9,
                                "match": {
                                    "location": "run_boundary_test.go:58"
                                },
                                "result": {
                                    "status": "passed",
                                    "duration": 70510
                                }
                            }
                        ]
                    },
                    {
                        "id": "word-insertion-at-run-boundaries;differing-or-interrupted-boundary-ownership-refuses;;2",
                        "keyword": "Scenario Outline",
                        "name": "Differing or interrupted boundary ownership refuses",
                        "description": "",
                        "line": 19,
                        "type": "scenario",
                        "tags": [
                            {
                                "name": "@implemented",
                                "line": 1
                            },
                            {
                                "name": "@go",
                                "line": 1
                            },
                            {
                                "name": "@document",
                                "line": 1
                            },
                            {
                                "name": "@INSERT-002",
                                "line": 11
                            }
                        ],
                        "steps": [
                            {
                                "keyword": "Given ",
                                "name": "adjacent Word runs with \"different direct formatting\"",
                                "line": 13,
                                "match": {
                                    "location": "run_boundary_test.go:56"
                                },
                                "result": {
                                    "status": "passed",
                                    "duration": 340890
                                }
                            },
                            {
                                "keyword": "When ",
                                "name": "I attempt an insertion at their shared text boundary",
                                "line": 14,
                                "match": {
                                    "location": "run_boundary_test.go:68"
                                },
                                "result": {
                                    "status": "passed",
                                    "duration": 42968
                                }
                            },
                            {
                                "keyword": "Then ",
                                "name": "the insertion refuses and retains the original archive",
                                "line": 15,
                                "match": {
                                    "location": "run_boundary_test.go:69"
                                },
                                "result": {
                                    "status": "passed",
                                    "duration": 1389948
                                }
                            }
                        ]
                    },
                    {
                        "id": "word-insertion-at-run-boundaries;differing-or-interrupted-boundary-ownership-refuses;;3",
                        "keyword": "Scenario Outline",
                        "name": "Differing or interrupted boundary ownership refuses",
                        "description": "",
                        "line": 20,
                        "type": "scenario",
                        "tags": [
                            {
                                "name": "@implemented",
                                "line": 1
                            },
                            {
                                "name": "@go",
                                "line": 1
                            },
                            {
                                "name": "@document",
                                "line": 1
                            },
                            {
                                "name": "@INSERT-002",
                                "line": 11
                            }
                        ],
                        "steps": [
                            {
                                "keyword": "Given ",
                                "name": "adjacent Word runs with \"an intervening bookmark\"",
                                "line": 13,
                                "match": {
                                    "location": "run_boundary_test.go:56"
                                },
                                "result": {
                                    "status": "passed",
                                    "duration": 276632
                                }
                            },
                            {
                                "keyword": "When ",
                                "name": "I attempt an insertion at their shared text boundary",
                                "line": 14,
                                "match": {
                                    "location": "run_boundary_test.go:68"
                                },
                                "result": {
                                    "status": "passed",
                                    "duration": 85377
                                }
                            },
                            {
                                "keyword": "Then ",
                                "name": "the insertion refuses and retains the original archive",
                                "line": 15,
                                "match": {
                                    "location": "run_boundary_test.go:69"
                                },
                                "result": {
                                    "status": "passed",
                                    "duration": 1390336
                                }
                            }
                        ]
                    },
                    {
                        "id": "word-insertion-at-run-boundaries;differing-or-interrupted-boundary-ownership-refuses;;4",
                        "keyword": "Scenario Outline",
                        "name": "Differing or interrupted boundary ownership refuses",
                        "description": "",
                        "line": 21,
                        "type": "scenario",
                        "tags": [
                            {
                                "name": "@implemented",
                                "line": 1
                            },
                            {
                                "name": "@go",
                                "line": 1
                            },
                            {
                                "name": "@document",
                                "line": 1
                            },
                            {
                                "name": "@INSERT-002",
                                "line": 11
                            }
                        ],
                        "steps": [
                            {
                                "keyword": "Given ",
                                "name": "adjacent Word runs with \"different run attributes\"",
                                "line": 13,
                                "match": {
                                    "location": "run_boundary_test.go:56"
                                },
                                "result": {
                                    "status": "passed",
                                    "duration": 626857
                                }
                            },
                            {
                                "keyword": "When ",
                                "name": "I attempt an insertion at their shared text boundary",
                                "line": 14,
                                "match": {
                                    "location": "run_boundary_test.go:68"
                                },
                                "result": {
                                    "status": "passed",
                                    "duration": 64666
                                }
                            },
                            {
                                "keyword": "Then ",
                                "name": "the insertion refuses and retains the original archive",
                                "line": 15,
                                "match": {
                                    "location": "run_boundary_test.go:69"
                                },
                                "result": {
                                    "status": "passed",
                                    "duration": 1435869
                                }
                            }
                        ]
                    }
                ]
            },
            {
                "uri": "../features/implemented/document/search-boundaries.feature",
                "id": "word-normalised-and-paragraph-boundary-edge-cases",
                "keyword": "Feature",
                "name": "Word normalised and paragraph-boundary edge cases",
                "description": "  Failed folded candidates cannot hide later whole-character matches.",
                "line": 2,
                "tags": [
                    {
                        "name": "@implemented",
                        "line": 1
                    },
                    {
                        "name": "@go",
                        "line": 1
                    },
                    {
                        "name": "@document",
                        "line": 1
                    }
                ],
                "elements": [
                    {
                        "id": "word-normalised-and-paragraph-boundary-edge-cases;a-partial-folded-candidate-does-not-consume-a-later-valid-character-match",
                        "keyword": "Scenario",
                        "name": "A partial folded candidate does not consume a later valid character match",
                        "description": "",
                        "line": 6,
                        "type": "scenario",
                        "tags": [
                            {
                                "name": "@implemented",
                                "line": 1
                            },
                            {
                                "name": "@go",
                                "line": 1
                            },
                            {
                                "name": "@document",
                                "line": 1
                            },
                            {
                                "name": "@EDGE-001",
                                "line": 5
                            }
                        ],
                        "steps": [
                            {
                                "keyword": "Given ",
                                "name": "a Word paragraph containing \"sß\"",
                                "line": 7,
                                "match": {
                                    "location": "search_policy_test.go:41"
                                },
                                "result": {
                                    "status": "passed",
                                    "duration": 261651
                                }
                            },
                            {
                                "keyword": "When ",
                                "name": "I search with normalisation for \"ss\"",
                                "line": 8,
                                "match": {
                                    "location": "search_policy_test.go:43"
                                },
                                "result": {
                                    "status": "passed",
                                    "duration": 36840
                                }
                            },
                            {
                                "keyword": "Then ",
                                "name": "the search evidence is exactly \"ß\"",
                                "line": 9,
                                "match": {
                                    "location": "search_policy_test.go:48"
                                },
                                "result": {
                                    "status": "passed",
                                    "duration": 18823
                                }
                            }
                        ]
                    },
                    {
                        "id": "word-normalised-and-paragraph-boundary-edge-cases;a-span-ending-in-a-paragraph-separator-remains-inspection-only",
                        "keyword": "Scenario",
                        "name": "A span ending in a paragraph separator remains inspection-only",
                        "description": "",
                        "line": 12,
                        "type": "scenario",
                        "tags": [
                            {
                                "name": "@implemented",
                                "line": 1
                            },
                            {
                                "name": "@go",
                                "line": 1
                            },
                            {
                                "name": "@document",
                                "line": 1
                            },
                            {
                                "name": "@EDGE-002",
                                "line": 11
                            }
                        ],
                        "steps": [
                            {
                                "keyword": "Given ",
                                "name": "two scoped Word paragraphs containing \"first\" and \"second\"",
                                "line": 13,
                                "match": {
                                    "location": "search_scope_test.go:69"
                                },
                                "result": {
                                    "status": "passed",
                                    "duration": 345561
                                }
                            },
                            {
                                "keyword": "When ",
                                "name": "I search for text ending at the paragraph separator",
                                "line": 14,
                                "match": {
                                    "location": "search_scope_test.go:77"
                                },
                                "result": {
                                    "status": "passed",
                                    "duration": 52519
                                }
                            },
                            {
                                "keyword": "Then ",
                                "name": "attempting to edit that cross-paragraph match refuses",
                                "line": 15,
                                "match": {
                                    "location": "search_scope_test.go:84"
                                },
                                "result": {
                                    "status": "passed",
                                    "duration": 1715814
                                }
                            }
                        ]
                    }
                ]
            },
            {
                "uri": "../features/implemented/document/replace-all.feature",
                "id": "word-replace-all-reports-independent-refusals",
                "keyword": "Feature",
                "name": "Word replace-all reports independent refusals",
                "description": "  Supported matches commit together while unsupported matches remain unchanged and reported.",
                "line": 2,
                "tags": [
                    {
                        "name": "@implemented",
                        "line": 1
                    },
                    {
                        "name": "@go",
                        "line": 1
                    },
                    {
                        "name": "@document",
                        "line": 1
                    }
                ],
                "elements": [
                    {
                        "id": "word-replace-all-reports-independent-refusals;a-wrapper-refusal-does-not-discard-independent-supported-matches",
                        "keyword": "Scenario",
                        "name": "A wrapper refusal does not discard independent supported matches",
                        "description": "",
                        "line": 6,
                        "type": "scenario",
                        "tags": [
                            {
                                "name": "@implemented",
                                "line": 1
                            },
                            {
                                "name": "@go",
                                "line": 1
                            },
                            {
                                "name": "@document",
                                "line": 1
                            },
                            {
                                "name": "@ALL-001",
                                "line": 5
                            }
                        ],
                        "steps": [
                            {
                                "keyword": "Given ",
                                "name": "two plain Word matches and one hyperlink-owned match",
                                "line": 7,
                                "match": {
                                    "location": "replace_all_test.go:56"
                                },
                                "result": {
                                    "status": "passed",
                                    "duration": 598334
                                }
                            },
                            {
                                "keyword": "When ",
                                "name": "I replace all occurrences of \"red\" with \"blue\"",
                                "line": 8,
                                "match": {
                                    "location": "replace_all_test.go:57"
                                },
                                "result": {
                                    "status": "passed",
                                    "duration": 294768
                                }
                            },
                            {
                                "keyword": "Then ",
                                "name": "two matches change and one unsupported match is reported",
                                "line": 9,
                                "match": {
                                    "location": "replace_all_test.go:62"
                                },
                                "result": {
                                    "status": "passed",
                                    "duration": 33236
                                }
                            },
                            {
                                "keyword": "And ",
                                "name": "the hyperlink-owned text remains unchanged",
                                "line": 10,
                                "match": {
                                    "location": "replace_all_test.go:68"
                                },
                                "result": {
                                    "status": "passed",
                                    "duration": 56239
                                }
                            }
                        ]
                    },
                    {
                        "id": "word-replace-all-reports-independent-refusals;replace-all-skips-matches-already-equal-to-the-replacement",
                        "keyword": "Scenario",
                        "name": "Replace-all skips matches already equal to the replacement",
                        "description": "",
                        "line": 13,
                        "type": "scenario",
                        "tags": [
                            {
                                "name": "@implemented",
                                "line": 1
                            },
                            {
                                "name": "@go",
                                "line": 1
                            },
                            {
                                "name": "@document",
                                "line": 1
                            },
                            {
                                "name": "@ALL-002",
                                "line": 12
                            }
                        ],
                        "steps": [
                            {
                                "keyword": "Given ",
                                "name": "two plain Word matches and one hyperlink-owned match",
                                "line": 14,
                                "match": {
                                    "location": "replace_all_test.go:56"
                                },
                                "result": {
                                    "status": "passed",
                                    "duration": 291064
                                }
                            },
                            {
                                "keyword": "When ",
                                "name": "I replace all occurrences of \"red\" with \"red\"",
                                "line": 15,
                                "match": {
                                    "location": "replace_all_test.go:57"
                                },
                                "result": {
                                    "status": "passed",
                                    "duration": 50224
                                }
                            },
                            {
                                "keyword": "Then ",
                                "name": "all three matches are skipped without refusals or mutation",
                                "line": 16,
                                "match": {
                                    "location": "replace_all_test.go:78"
                                },
                                "result": {
                                    "status": "passed",
                                    "duration": 1493625
                                }
                            }
                        ]
                    },
                    {
                        "id": "word-replace-all-reports-independent-refusals;invalid-xml-replacement-cannot-commit-any-selected-match",
                        "keyword": "Scenario",
                        "name": "Invalid XML replacement cannot commit any selected match",
                        "description": "",
                        "line": 19,
                        "type": "scenario",
                        "tags": [
                            {
                                "name": "@implemented",
                                "line": 1
                            },
                            {
                                "name": "@go",
                                "line": 1
                            },
                            {
                                "name": "@document",
                                "line": 1
                            },
                            {
                                "name": "@ALL-003",
                                "line": 18
                            }
                        ],
                        "steps": [
                            {
                                "keyword": "Given ",
                                "name": "two plain Word matches and one hyperlink-owned match",
                                "line": 20,
                                "match": {
                                    "location": "replace_all_test.go:56"
                                },
                                "result": {
                                    "status": "passed",
                                    "duration": 296134
                                }
                            },
                            {
                                "keyword": "When ",
                                "name": "I replace all occurrences with an XML-illegal value",
                                "line": 21,
                                "match": {
                                    "location": "replace_all_test.go:84"
                                },
                                "result": {
                                    "status": "passed",
                                    "duration": 156258
                                }
                            },
                            {
                                "keyword": "Then ",
                                "name": "no match changes and the original package bytes remain exact",
                                "line": 22,
                                "match": {
                                    "location": "replace_all_test.go:85"
                                },
                                "result": {
                                    "status": "passed",
                                    "duration": 1402756
                                }
                            }
                        ]
                    }
                ]
            },
            {
                "uri": "../features/implemented/document/search-scope.feature",
                "id": "word-search-story-and-view-scope",
                "keyword": "Feature",
                "name": "Word search story and view scope",
                "description": "  Paragraph boundaries are explicit characters and historical evidence cannot authorise current edits.",
                "line": 2,
                "tags": [
                    {
                        "name": "@implemented",
                        "line": 1
                    },
                    {
                        "name": "@go",
                        "line": 1
                    },
                    {
                        "name": "@document",
                        "line": 1
                    }
                ],
                "elements": [
                    {
                        "id": "word-search-story-and-view-scope;search-sees-exactly-one-newline-between-paragraphs",
                        "keyword": "Scenario",
                        "name": "Search sees exactly one newline between paragraphs",
                        "description": "",
                        "line": 6,
                        "type": "scenario",
                        "tags": [
                            {
                                "name": "@implemented",
                                "line": 1
                            },
                            {
                                "name": "@go",
                                "line": 1
                            },
                            {
                                "name": "@document",
                                "line": 1
                            },
                            {
                                "name": "@SCOPE-001",
                                "line": 5
                            }
                        ],
                        "steps": [
                            {
                                "keyword": "Given ",
                                "name": "two scoped Word paragraphs containing \"first\" and \"second\"",
                                "line": 7,
                                "match": {
                                    "location": "search_scope_test.go:69"
                                },
                                "result": {
                                    "status": "passed",
                                    "duration": 341669
                                }
                            },
                            {
                                "keyword": "When ",
                                "name": "I search for their text with an explicit paragraph separator",
                                "line": 8,
                                "match": {
                                    "location": "search_scope_test.go:72"
                                },
                                "result": {
                                    "status": "passed",
                                    "duration": 55527
                                }
                            },
                            {
                                "keyword": "Then ",
                                "name": "one cross-paragraph match reports the exact combined text",
                                "line": 9,
                                "match": {
                                    "location": "search_scope_test.go:78"
                                },
                                "result": {
                                    "status": "passed",
                                    "duration": 28160
                                }
                            },
                            {
                                "keyword": "And ",
                                "name": "attempting to edit that cross-paragraph match refuses",
                                "line": 10,
                                "match": {
                                    "location": "search_scope_test.go:84"
                                },
                                "result": {
                                    "status": "passed",
                                    "duration": 2195390
                                }
                            }
                        ]
                    },
                    {
                        "id": "word-search-story-and-view-scope;historical-view-matches-are-read-only",
                        "keyword": "Scenario",
                        "name": "Historical-view matches are read-only",
                        "description": "",
                        "line": 13,
                        "type": "scenario",
                        "tags": [
                            {
                                "name": "@implemented",
                                "line": 1
                            },
                            {
                                "name": "@go",
                                "line": 1
                            },
                            {
                                "name": "@document",
                                "line": 1
                            },
                            {
                                "name": "@SCOPE-002",
                                "line": 12
                            }
                        ],
                        "steps": [
                            {
                                "keyword": "Given ",
                                "name": "scoped Word text with a tracked deletion",
                                "line": 14,
                                "match": {
                                    "location": "search_scope_test.go:85"
                                },
                                "result": {
                                    "status": "passed",
                                    "duration": 551002
                                }
                            },
                            {
                                "keyword": "When ",
                                "name": "I search original-view text for \"removed\"",
                                "line": 15,
                                "match": {
                                    "location": "search_scope_test.go:88"
                                },
                                "result": {
                                    "status": "passed",
                                    "duration": 45778
                                }
                            },
                            {
                                "keyword": "Then ",
                                "name": "the historical match reports \"removed\"",
                                "line": 16,
                                "match": {
                                    "location": "search_scope_test.go:93"
                                },
                                "result": {
                                    "status": "passed",
                                    "duration": 19691
                                }
                            },
                            {
                                "keyword": "And ",
                                "name": "editing the historical match refuses without mutation",
                                "line": 17,
                                "match": {
                                    "location": "search_scope_test.go:99"
                                },
                                "result": {
                                    "status": "passed",
                                    "duration": 1520245
                                }
                            }
                        ]
                    },
                    {
                        "id": "word-search-story-and-view-scope;an-explicit-related-story-does-not-search-the-body-instead",
                        "keyword": "Scenario",
                        "name": "An explicit related story does not search the body instead",
                        "description": "",
                        "line": 20,
                        "type": "scenario",
                        "tags": [
                            {
                                "name": "@implemented",
                                "line": 1
                            },
                            {
                                "name": "@go",
                                "line": 1
                            },
                            {
                                "name": "@document",
                                "line": 1
                            },
                            {
                                "name": "@SCOPE-003",
                                "line": 19
                            }
                        ],
                        "steps": [
                            {
                                "keyword": "Given ",
                                "name": "scoped Word body and header text both equal to \"repeat\"",
                                "line": 21,
                                "match": {
                                    "location": "search_scope_test.go:100"
                                },
                                "result": {
                                    "status": "passed",
                                    "duration": 1198043
                                }
                            },
                            {
                                "keyword": "When ",
                                "name": "I search only the header story for \"repeat\"",
                                "line": 22,
                                "match": {
                                    "location": "search_scope_test.go:101"
                                },
                                "result": {
                                    "status": "passed",
                                    "duration": 95042
                                }
                            },
                            {
                                "keyword": "Then ",
                                "name": "exactly one match identifies the header story",
                                "line": 23,
                                "match": {
                                    "location": "search_scope_test.go:106"
                                },
                                "result": {
                                    "status": "passed",
                                    "duration": 24661
                                }
                            }
                        ]
                    }
                ]
            },
            {
                "uri": "../features/implemented/document/span-replace.feature",
                "id": "word-span-replacement-with-exact-affix-alignment",
                "keyword": "Feature",
                "name": "Word span replacement with exact affix alignment",
                "description": "  A replacement changes one proved interval and leaves surrounding run markup intact.",
                "line": 2,
                "tags": [
                    {
                        "name": "@implemented",
                        "line": 1
                    },
                    {
                        "name": "@go",
                        "line": 1
                    },
                    {
                        "name": "@document",
                        "line": 1
                    }
                ],
                "elements": [
                    {
                        "id": "word-span-replacement-with-exact-affix-alignment;replacement-keeps-unchanged-fragments-in-their-source-runs;;2",
                        "keyword": "Scenario Outline",
                        "name": "Replacement keeps unchanged fragments in their source runs",
                        "description": "",
                        "line": 14,
                        "type": "scenario",
                        "tags": [
                            {
                                "name": "@implemented",
                                "line": 1
                            },
                            {
                                "name": "@go",
                                "line": 1
                            },
                            {
                                "name": "@document",
                                "line": 1
                            },
                            {
                                "name": "@REPLACE-001",
                                "line": 5
                            }
                        ],
                        "steps": [
                            {
                                "keyword": "Given ",
                                "name": "editable Word runs \"pre Al\" and \"pha post\"",
                                "line": 7,
                                "match": {
                                    "location": "span_replace_test.go:82"
                                },
                                "result": {
                                    "status": "passed",
                                    "duration": 284311
                                }
                            },
                            {
                                "keyword": "When ",
                                "name": "I replace the exact span \"Alpha\" with \"Omega\"",
                                "line": 8,
                                "match": {
                                    "location": "span_replace_test.go:84"
                                },
                                "result": {
                                    "status": "passed",
                                    "duration": 1769806
                                }
                            },
                            {
                                "keyword": "Then ",
                                "name": "the resulting run texts are \"pre Omeg\" and \"a post\"",
                                "line": 9,
                                "match": {
                                    "location": "span_replace_test.go:104"
                                },
                                "result": {
                                    "status": "passed",
                                    "duration": 40439
                                }
                            },
                            {
                                "keyword": "And ",
                                "name": "all run properties and surrounding XML are byte-preserved",
                                "line": 10,
                                "match": {
                                    "location": "span_replace_test.go:105"
                                },
                                "result": {
                                    "status": "passed",
                                    "duration": 32080
                                }
                            }
                        ]
                    },
                    {
                        "id": "word-span-replacement-with-exact-affix-alignment;replacement-keeps-unchanged-fragments-in-their-source-runs;;3",
                        "keyword": "Scenario Outline",
                        "name": "Replacement keeps unchanged fragments in their source runs",
                        "description": "",
                        "line": 15,
                        "type": "scenario",
                        "tags": [
                            {
                                "name": "@implemented",
                                "line": 1
                            },
                            {
                                "name": "@go",
                                "line": 1
                            },
                            {
                                "name": "@document",
                                "line": 1
                            },
                            {
                                "name": "@REPLACE-001",
                                "line": 5
                            }
                        ],
                        "steps": [
                            {
                                "keyword": "Given ",
                                "name": "editable Word runs \"Al\" and \"pha\"",
                                "line": 7,
                                "match": {
                                    "location": "span_replace_test.go:82"
                                },
                                "result": {
                                    "status": "passed",
                                    "duration": 439323
                                }
                            },
                            {
                                "keyword": "When ",
                                "name": "I replace the exact span \"Alpha\" with \"Beta\"",
                                "line": 8,
                                "match": {
                                    "location": "span_replace_test.go:84"
                                },
                                "result": {
                                    "status": "passed",
                                    "duration": 2853157
                                }
                            },
                            {
                                "keyword": "Then ",
                                "name": "the resulting run texts are \"Bet\" and \"a\"",
                                "line": 9,
                                "match": {
                                    "location": "span_replace_test.go:104"
                                },
                                "result": {
                                    "status": "passed",
                                    "duration": 41009
                                }
                            },
                            {
                                "keyword": "And ",
                                "name": "all run properties and surrounding XML are byte-preserved",
                                "line": 10,
                                "match": {
                                    "location": "span_replace_test.go:105"
                                },
                                "result": {
                                    "status": "passed",
                                    "duration": 38859
                                }
                            }
                        ]
                    },
                    {
                        "id": "word-span-replacement-with-exact-affix-alignment;replacement-keeps-unchanged-fragments-in-their-source-runs;;4",
                        "keyword": "Scenario Outline",
                        "name": "Replacement keeps unchanged fragments in their source runs",
                        "description": "",
                        "line": 16,
                        "type": "scenario",
                        "tags": [
                            {
                                "name": "@implemented",
                                "line": 1
                            },
                            {
                                "name": "@go",
                                "line": 1
                            },
                            {
                                "name": "@document",
                                "line": 1
                            },
                            {
                                "name": "@REPLACE-001",
                                "line": 5
                            }
                        ],
                        "steps": [
                            {
                                "keyword": "Given ",
                                "name": "editable Word runs \"fee😀\" and \"caféEnd\"",
                                "line": 7,
                                "match": {
                                    "location": "span_replace_test.go:82"
                                },
                                "result": {
                                    "status": "passed",
                                    "duration": 316981
                                }
                            },
                            {
                                "keyword": "When ",
                                "name": "I replace the exact span \"😀café\" with \"tea\"",
                                "line": 8,
                                "match": {
                                    "location": "span_replace_test.go:84"
                                },
                                "result": {
                                    "status": "passed",
                                    "duration": 5711951
                                }
                            },
                            {
                                "keyword": "Then ",
                                "name": "the resulting run texts are \"feetea\" and \"End\"",
                                "line": 9,
                                "match": {
                                    "location": "span_replace_test.go:104"
                                },
                                "result": {
                                    "status": "passed",
                                    "duration": 100665
                                }
                            },
                            {
                                "keyword": "And ",
                                "name": "all run properties and surrounding XML are byte-preserved",
                                "line": 10,
                                "match": {
                                    "location": "span_replace_test.go:105"
                                },
                                "result": {
                                    "status": "passed",
                                    "duration": 47247
                                }
                            }
                        ]
                    },
                    {
                        "id": "word-span-replacement-with-exact-affix-alignment;repeated-affix-ambiguity-refuses-without-consuming-the-target",
                        "keyword": "Scenario",
                        "name": "Repeated affix ambiguity refuses without consuming the target",
                        "description": "",
                        "line": 19,
                        "type": "scenario",
                        "tags": [
                            {
                                "name": "@implemented",
                                "line": 1
                            },
                            {
                                "name": "@go",
                                "line": 1
                            },
                            {
                                "name": "@document",
                                "line": 1
                            },
                            {
                                "name": "@REPLACE-002",
                                "line": 18
                            }
                        ],
                        "steps": [
                            {
                                "keyword": "Given ",
                                "name": "editable Word runs \"Term\" and \"Term\"",
                                "line": 20,
                                "match": {
                                    "location": "span_replace_test.go:82"
                                },
                                "result": {
                                    "status": "passed",
                                    "duration": 347627
                                }
                            },
                            {
                                "keyword": "When ",
                                "name": "I attempt to replace \"TermTerm\" with \"Term\"",
                                "line": 21,
                                "match": {
                                    "location": "span_replace_test.go:112"
                                },
                                "result": {
                                    "status": "passed",
                                    "duration": 56105
                                }
                            },
                            {
                                "keyword": "Then ",
                                "name": "ambiguous alignment refuses with the original archive intact",
                                "line": 22,
                                "match": {
                                    "location": "span_replace_test.go:121"
                                },
                                "result": {
                                    "status": "passed",
                                    "duration": 1609684
                                }
                            },
                            {
                                "keyword": "And ",
                                "name": "the same span remains reusable for a different replacement",
                                "line": 23,
                                "match": {
                                    "location": "span_replace_test.go:123"
                                },
                                "result": {
                                    "status": "passed",
                                    "duration": 160625
                                }
                            }
                        ]
                    },
                    {
                        "id": "word-span-replacement-with-exact-affix-alignment;a-visible-span-across-a-hyperlink-boundary-cannot-authorise-an-edit",
                        "keyword": "Scenario",
                        "name": "A visible span across a hyperlink boundary cannot authorise an edit",
                        "description": "",
                        "line": 26,
                        "type": "scenario",
                        "tags": [
                            {
                                "name": "@implemented",
                                "line": 1
                            },
                            {
                                "name": "@go",
                                "line": 1
                            },
                            {
                                "name": "@document",
                                "line": 1
                            },
                            {
                                "name": "@REPLACE-003",
                                "line": 25
                            }
                        ],
                        "steps": [
                            {
                                "keyword": "Given ",
                                "name": "text split across a plain run and a hyperlink wrapper",
                                "line": 27,
                                "match": {
                                    "location": "span_replace_test.go:83"
                                },
                                "result": {
                                    "status": "passed",
                                    "duration": 293683
                                }
                            },
                            {
                                "keyword": "When ",
                                "name": "I attempt to replace \"Alpha\" with \"Omega\"",
                                "line": 28,
                                "match": {
                                    "location": "span_replace_test.go:112"
                                },
                                "result": {
                                    "status": "passed",
                                    "duration": 98057
                                }
                            },
                            {
                                "keyword": "Then ",
                                "name": "wrapper-crossing replacement refuses with the original archive intact",
                                "line": 29,
                                "match": {
                                    "location": "span_replace_test.go:122"
                                },
                                "result": {
                                    "status": "passed",
                                    "duration": 1487244
                                }
                            }
                        ]
                    }
                ]
            },
            {
                "uri": "../features/implemented/document/whitespace.feature",
                "id": "word-whitespace-preservation-on-successful-edits",
                "keyword": "Feature",
                "name": "Word whitespace preservation on successful edits",
                "description": "  Changed text receives explicit XML space preservation without altering unrelated attributes.",
                "line": 2,
                "tags": [
                    {
                        "name": "@implemented",
                        "line": 1
                    },
                    {
                        "name": "@go",
                        "line": 1
                    },
                    {
                        "name": "@document",
                        "line": 1
                    }
                ],
                "elements": [
                    {
                        "id": "word-whitespace-preservation-on-successful-edits;a-single-replacement-adds-the-required-preservation-attribute",
                        "keyword": "Scenario",
                        "name": "A single replacement adds the required preservation attribute",
                        "description": "",
                        "line": 6,
                        "type": "scenario",
                        "tags": [
                            {
                                "name": "@implemented",
                                "line": 1
                            },
                            {
                                "name": "@go",
                                "line": 1
                            },
                            {
                                "name": "@document",
                                "line": 1
                            },
                            {
                                "name": "@SPACE-001",
                                "line": 5
                            }
                        ],
                        "steps": [
                            {
                                "keyword": "Given ",
                                "name": "a Word text leaf without XML space preservation",
                                "line": 7,
                                "match": {
                                    "location": "whitespace_test.go:83"
                                },
                                "result": {
                                    "status": "passed",
                                    "duration": 271280
                                }
                            },
                            {
                                "keyword": "When ",
                                "name": "I replace its text with leading and trailing spaces",
                                "line": 8,
                                "match": {
                                    "location": "whitespace_test.go:85"
                                },
                                "result": {
                                    "status": "passed",
                                    "duration": 1497012
                                }
                            },
                            {
                                "keyword": "Then ",
                                "name": "the changed leaf has XML space preserve and exact new text",
                                "line": 9,
                                "match": {
                                    "location": "whitespace_test.go:95"
                                },
                                "result": {
                                    "status": "passed",
                                    "duration": 51287
                                }
                            },
                            {
                                "keyword": "And ",
                                "name": "its unrelated attribute bytes remain unchanged",
                                "line": 10,
                                "match": {
                                    "location": "whitespace_test.go:96"
                                },
                                "result": {
                                    "status": "passed",
                                    "duration": 26700
                                }
                            }
                        ]
                    },
                    {
                        "id": "word-whitespace-preservation-on-successful-edits;a-selected-batch-adds-one-preservation-attribute-to-a-shared-leaf",
                        "keyword": "Scenario",
                        "name": "A selected batch adds one preservation attribute to a shared leaf",
                        "description": "",
                        "line": 13,
                        "type": "scenario",
                        "tags": [
                            {
                                "name": "@implemented",
                                "line": 1
                            },
                            {
                                "name": "@go",
                                "line": 1
                            },
                            {
                                "name": "@document",
                                "line": 1
                            },
                            {
                                "name": "@SPACE-002",
                                "line": 12
                            }
                        ],
                        "steps": [
                            {
                                "keyword": "Given ",
                                "name": "two Word matches in a leaf without XML space preservation",
                                "line": 14,
                                "match": {
                                    "location": "whitespace_test.go:84"
                                },
                                "result": {
                                    "status": "passed",
                                    "duration": 272370
                                }
                            },
                            {
                                "keyword": "When ",
                                "name": "a selected batch adds significant spaces to both matches",
                                "line": 15,
                                "match": {
                                    "location": "whitespace_test.go:102"
                                },
                                "result": {
                                    "status": "passed",
                                    "duration": 1507679
                                }
                            },
                            {
                                "keyword": "Then ",
                                "name": "the saved leaf has one XML space preserve attribute",
                                "line": 16,
                                "match": {
                                    "location": "whitespace_test.go:116"
                                },
                                "result": {
                                    "status": "passed",
                                    "duration": 38893
                                }
                            },
                            {
                                "keyword": "And ",
                                "name": "both replacements retain their significant spaces",
                                "line": 17,
                                "match": {
                                    "location": "whitespace_test.go:122"
                                },
                                "result": {
                                    "status": "passed",
                                    "duration": 33638
                                }
                            }
                        ]
                    }
                ]
            },
            {
                "uri": "../features/implemented/package/xml-normalization.feature",
                "id": "xml-line-endings-and-attribute-values-retain-original-edit-offsets",
                "keyword": "Feature",
                "name": "XML line endings and attribute values retain original edit offsets",
                "description": "  Decoded values follow XML normalization without reserializing untouched source bytes.",
                "line": 2,
                "tags": [
                    {
                        "name": "@implemented",
                        "line": 1
                    },
                    {
                        "name": "@go",
                        "line": 1
                    },
                    {
                        "name": "@package",
                        "line": 1
                    }
                ],
                "elements": [
                    {
                        "id": "xml-line-endings-and-attribute-values-retain-original-edit-offsets;literal-line-endings-normalize-but-no-op-and-edits-use-original-offsets",
                        "keyword": "Scenario",
                        "name": "Literal line endings normalize but no-op and edits use original offsets",
                        "description": "",
                        "line": 6,
                        "type": "scenario",
                        "tags": [
                            {
                                "name": "@implemented",
                                "line": 1
                            },
                            {
                                "name": "@go",
                                "line": 1
                            },
                            {
                                "name": "@package",
                                "line": 1
                            },
                            {
                                "name": "@NORM-001",
                                "line": 5
                            }
                        ],
                        "steps": [
                            {
                                "keyword": "Given ",
                                "name": "XML text containing mixed CRLF and CR line endings",
                                "line": 7,
                                "match": {
                                    "location": "xml_normalization_test.go:33"
                                },
                                "result": {
                                    "status": "passed",
                                    "duration": 69052
                                }
                            },
                            {
                                "keyword": "When ",
                                "name": "I inspect its decoded character data",
                                "line": 8,
                                "match": {
                                    "location": "xml_normalization_test.go:42"
                                },
                                "result": {
                                    "status": "passed",
                                    "duration": 22359
                                }
                            },
                            {
                                "keyword": "Then ",
                                "name": "literal line endings are LF while numeric CR remains CR",
                                "line": 9,
                                "match": {
                                    "location": "xml_normalization_test.go:50"
                                },
                                "result": {
                                    "status": "passed",
                                    "duration": 31505
                                }
                            },
                            {
                                "keyword": "And ",
                                "name": "a decoded-text no-op preserves the original bytes",
                                "line": 10,
                                "match": {
                                    "location": "xml_normalization_test.go:56"
                                },
                                "result": {
                                    "status": "passed",
                                    "duration": 28253
                                }
                            },
                            {
                                "keyword": "And ",
                                "name": "a changed text leaf preserves surrounding original line endings",
                                "line": 11,
                                "match": {
                                    "location": "xml_normalization_test.go:66"
                                },
                                "result": {
                                    "status": "passed",
                                    "duration": 39682
                                }
                            }
                        ]
                    },
                    {
                        "id": "xml-line-endings-and-attribute-values-retain-original-edit-offsets;literal-attribute-whitespace-differs-from-numeric-character-references",
                        "keyword": "Scenario",
                        "name": "Literal attribute whitespace differs from numeric character references",
                        "description": "",
                        "line": 14,
                        "type": "scenario",
                        "tags": [
                            {
                                "name": "@implemented",
                                "line": 1
                            },
                            {
                                "name": "@go",
                                "line": 1
                            },
                            {
                                "name": "@package",
                                "line": 1
                            },
                            {
                                "name": "@NORM-002",
                                "line": 13
                            }
                        ],
                        "steps": [
                            {
                                "keyword": "Given ",
                                "name": "an XML attribute with literal whitespace and numeric whitespace references",
                                "line": 15,
                                "match": {
                                    "location": "xml_normalization_test.go:77"
                                },
                                "result": {
                                    "status": "passed",
                                    "duration": 80758
                                }
                            },
                            {
                                "keyword": "When ",
                                "name": "I inspect its decoded attribute value",
                                "line": 16,
                                "match": {
                                    "location": "xml_normalization_test.go:86"
                                },
                                "result": {
                                    "status": "passed",
                                    "duration": 24514
                                }
                            },
                            {
                                "keyword": "Then ",
                                "name": "literal attribute whitespace is spaces and numeric references retain their characters",
                                "line": 17,
                                "match": {
                                    "location": "xml_normalization_test.go:87"
                                },
                                "result": {
                                    "status": "passed",
                                    "duration": 31181
                                }
                            },
                            {
                                "keyword": "And ",
                                "name": "a decoded-attribute no-op preserves its original lexical bytes",
                                "line": 18,
                                "match": {
                                    "location": "xml_normalization_test.go:93"
                                },
                                "result": {
                                    "status": "passed",
                                    "duration": 37287
                                }
                            }
                        ]
                    },
                    {
                        "id": "xml-line-endings-and-attribute-values-retain-original-edit-offsets;changed-attribute-whitespace-round-trips-without-losing-numeric-characters",
                        "keyword": "Scenario",
                        "name": "Changed attribute whitespace round-trips without losing numeric characters",
                        "description": "",
                        "line": 21,
                        "type": "scenario",
                        "tags": [
                            {
                                "name": "@implemented",
                                "line": 1
                            },
                            {
                                "name": "@go",
                                "line": 1
                            },
                            {
                                "name": "@package",
                                "line": 1
                            },
                            {
                                "name": "@NORM-003",
                                "line": 20
                            }
                        ],
                        "steps": [
                            {
                                "keyword": "Given ",
                                "name": "an XML attribute with literal whitespace and numeric whitespace references",
                                "line": 22,
                                "match": {
                                    "location": "xml_normalization_test.go:77"
                                },
                                "result": {
                                    "status": "passed",
                                    "duration": 69613
                                }
                            },
                            {
                                "keyword": "When ",
                                "name": "I replace the attribute with tab CR and LF characters",
                                "line": 23,
                                "match": {
                                    "location": "xml_normalization_test.go:103"
                                },
                                "result": {
                                    "status": "passed",
                                    "duration": 35490
                                }
                            },
                            {
                                "keyword": "Then ",
                                "name": "the changed attribute decodes to the requested characters",
                                "line": 24,
                                "match": {
                                    "location": "xml_normalization_test.go:109"
                                },
                                "result": {
                                    "status": "passed",
                                    "duration": 32246
                                }
                            },
                            {
                                "keyword": "And ",
                                "name": "unrelated attributes and start-tag spacing remain byte-identical",
                                "line": 25,
                                "match": {
                                    "location": "xml_normalization_test.go:123"
                                },
                                "result": {
                                    "status": "passed",
                                    "duration": 30941
                                }
                            }
                        ]
                    }
                ]
            }
        ]
    acceptance_test.go:171: {File:../features/implemented/presentation/notes-edit.feature ID:@NOTES-005 Line:23} step "I replace that notes body with \"Updated notes\"": failed
FAIL
FAIL	github.com/rcarmo/go-ooxml/acceptance	1.229s
FAIL
